[0s] 🔍 BBB search: category=roofing-contractors, cities=1
[0s] 🔍 Searching BBB: roofing in Miami, FL
[0s] ℹ Page 1 — https://www.bbb.org/us/fl/miami/category/roofing-contractors
[7s] ✓ Found 2,754 results for Miami, FL (est. 184 pages)
[7s] ℹ Page 1: 15 listings (15 total from Miami)
[7s] ℹ Page 2 — https://www.bbb.org/us/fl/miami/category/roofing-contractors?page=2
[951s] ℹ Page 2: 15 listings (30 total from Miami)
[951s] ℹ Page 3 — https://www.bbb.org/us/fl/miami/category/roofing-contractors?page=3
[957s] ℹ Page 3: 15 listings (45 total from Miami)
[957s] ℹ Page 4 — https://www.bbb.org/us/fl/miami/category/roofing-contractors?page=4
[967s] ℹ Page 4: 15 listings (60 total from Miami)
[967s] ℹ Page 5 — https://www.bbb.org/us/fl/miami/category/roofing-contractors?page=5
[975s] ℹ Page 5: 14 listings (74 total from Miami)
[975s] ℹ Reached max pages limit (5) for Miami, FL
[975s] ✓ BBB scrape complete — 74 total leads from 74 unique businesses
[975s] roofing | Miami, FL: 74 total leads
[975s] 🔍 BBB search: category=roofing-contractors, cities=1
[975s] 🔍 Searching BBB: roofing in Houston, TX
[975s] ℹ Page 1 — https://www.bbb.org/us/tx/houston/category/roofing-contractors
[984s] ✓ Found 4,373 results for Houston, TX (est. 292 pages)
[984s] ℹ Page 1: 15 listings (15 total from Houston)
[984s] ℹ Page 2 — https://www.bbb.org/us/tx/houston/category/roofing-contractors?page=2
[994s] ℹ Page 2: 15 listings (30 total from Houston)
[994s] ℹ Page 3 — https://www.bbb.org/us/tx/houston/category/roofing-contractors?page=3
[1747s] ℹ Page 3: 15 listings (45 total from Houston)
[1747s] ℹ Page 4 — https://www.bbb.org/us/tx/houston/category/roofing-contractors?page=4
[1757s] ℹ Page 4: 15 listings (60 total from Houston)
[1757s] ℹ Page 5 — https://www.bbb.org/us/tx/houston/category/roofing-contractors?page=5
[1764s] ℹ Page 5: 15 listings (75 total from Houston)
[1764s] ℹ Reached max pages limit (5) for Houston, TX
[1764s] ✓ BBB scrape complete — 75 total leads from 75 unique businesses
[1764s] roofing | Houston, TX: 149 total leads
[1764s] 🔍 BBB search: category=roofing-contractors, cities=1
[1764s] 🔍 Searching BBB: roofing in Dallas, TX
[1764s] ℹ Page 1 — https://www.bbb.org/us/tx/dallas/category/roofing-contractors
[1771s] ✓ Found 6,830 results for Dallas, TX (est. 456 pages)
[1771s] ℹ Page 1: 15 listings (15 total from Dallas)
[1771s] ℹ Page 2 — https://www.bbb.org/us/tx/dallas/category/roofing-contractors?page=2
[1781s] ℹ Page 2: 15 listings (30 total from Dallas)
[1781s] ℹ Page 3 — https://www.bbb.org/us/tx/dallas/category/roofing-contractors?page=3
[1787s] ℹ Page 3: 14 listings (44 total from Dallas)
[1787s] ℹ Page 4 — https://www.bbb.org/us/tx/dallas/category/roofing-contractors?page=4
[1952s] ℹ Page 4: 15 listings (59 total from Dallas)
[1952s] ℹ Page 5 — https://www.bbb.org/us/tx/dallas/category/roofing-contractors?page=5
[1960s] ℹ Page 5: 13 listings (72 total from Dallas)
[1960s] ℹ Reached max pages limit (5) for Dallas, TX
[1960s] ✓ BBB scrape complete — 72 total leads from 72 unique businesses
[1960s] roofing | Dallas, TX: 221 total leads
[1960s] 🔍 BBB search: category=roofing-contractors, cities=1
[1960s] 🔍 Searching BBB: roofing in Atlanta, GA
[1960s] ℹ Page 1 — https://www.bbb.org/us/ga/atlanta/category/roofing-contractors
[1967s] ✓ Found 7,256 results for Atlanta, GA (est. 484 pages)
[1967s] ℹ Page 1: 14 listings (14 total from Atlanta)
[1967s] ℹ Page 2 — https://www.bbb.org/us/ga/atlanta/category/roofing-contractors?page=2
[1973s] ℹ Page 2: 15 listings (29 total from Atlanta)
[1973s] ℹ Page 3 — https://www.bbb.org/us/ga/atlanta/category/roofing-contractors?page=3
[1981s] ℹ Page 3: 13 listings (42 total from Atlanta)
[1981s] ℹ Page 4 — https://www.bbb.org/us/ga/atlanta/category/roofing-contractors?page=4
[1989s] ℹ Page 4: 14 listings (56 total from Atlanta)
[1989s] ℹ Page 5 — https://www.bbb.org/us/ga/atlanta/category/roofing-contractors?page=5
[1996s] ℹ Page 5: 15 listings (71 total from Atlanta)
[1996s] ℹ Reached max pages limit (5) for Atlanta, GA
[1996s] ✓ BBB scrape complete — 71 total leads from 71 unique businesses
[1995s] roofing | Atlanta, GA: 292 total leads
[1996s] 🔍 BBB search: category=roofing-contractors, cities=1
[1996s] 🔍 Searching BBB: roofing in Phoenix, AZ
[1996s] ℹ Page 1 — https://www.bbb.org/us/az/phoenix/category/roofing-contractors
[2001s] ✓ Found 1,812 results for Phoenix, AZ (est. 121 pages)
[2001s] ℹ Page 1: 15 listings (15 total from Phoenix)
[2001s] ℹ Page 2 — https://www.bbb.org/us/az/phoenix/category/roofing-contractors?page=2
[2009s] ℹ Page 2: 15 listings (30 total from Phoenix)
[2009s] ℹ Page 3 — https://www.bbb.org/us/az/phoenix/category/roofing-contractors?page=3
[2016s] ℹ Page 3: 15 listings (45 total from Phoenix)
[2016s] ℹ Page 4 — https://www.bbb.org/us/az/phoenix/category/roofing-contractors?page=4
[2025s] ℹ Page 4: 15 listings (60 total from Phoenix)
[2025s] ℹ Page 5 — https://www.bbb.org/us/az/phoenix/category/roofing-contractors?page=5
[2033s] ℹ Page 5: 15 listings (75 total from Phoenix)
[2033s] ℹ Reached max pages limit (5) for Phoenix, AZ
[2033s] ✓ BBB scrape complete — 75 total leads from 75 unique businesses
[2032s] roofing | Phoenix, AZ: 367 total leads
[2033s] 🔍 BBB search: category=roofing-contractors, cities=1
[2033s] 🔍 Searching BBB: roofing in Tampa, FL
[2033s] ℹ Page 1 — https://www.bbb.org/us/fl/tampa/category/roofing-contractors
[2040s] ✓ Found 4,990 results for Tampa, FL (est. 333 pages)
[2040s] ℹ Page 1: 15 listings (15 total from Tampa)
[2040s] ℹ Page 2 — https://www.bbb.org/us/fl/tampa/category/roofing-contractors?page=2
[2049s] ℹ Page 2: 15 listings (30 total from Tampa)
[2049s] ℹ Page 3 — https://www.bbb.org/us/fl/tampa/category/roofing-contractors?page=3
[2057s] ℹ Page 3: 15 listings (45 total from Tampa)
[2057s] ℹ Page 4 — https://www.bbb.org/us/fl/tampa/category/roofing-contractors?page=4
[2062s] ℹ Page 4: 15 listings (60 total from Tampa)
[2062s] ℹ Page 5 — https://www.bbb.org/us/fl/tampa/category/roofing-contractors?page=5
[2072s] ℹ Page 5: 15 listings (75 total from Tampa)
[2072s] ℹ Reached max pages limit (5) for Tampa, FL
[2072s] ✓ BBB scrape complete — 75 total leads from 75 unique businesses
[2071s] roofing | Tampa, FL: 442 total leads
[2072s] 🔍 BBB search: category=roofing-contractors, cities=1
[2072s] 🔍 Searching BBB: roofing in Orlando, FL
[2072s] ℹ Page 1 — https://www.bbb.org/us/fl/orlando/category/roofing-contractors
[2946s] ✓ Found 5,661 results for Orlando, FL (est. 378 pages)
[2946s] ℹ Page 1: 15 listings (15 total from Orlando)
[2946s] ℹ Page 2 — https://www.bbb.org/us/fl/orlando/category/roofing-contractors?page=2
[2953s] ℹ Page 2: 14 listings (29 total from Orlando)
[2953s] ℹ Page 3 — https://www.bbb.org/us/fl/orlando/category/roofing-contractors?page=3
[2959s] ℹ Page 3: 15 listings (44 total from Orlando)
[2959s] ℹ Page 4 — https://www.bbb.org/us/fl/orlando/category/roofing-contractors?page=4
[2967s] ℹ Page 4: 15 listings (59 total from Orlando)
[2967s] ℹ Page 5 — https://www.bbb.org/us/fl/orlando/category/roofing-contractors?page=5
[2977s] ℹ Page 5: 15 listings (74 total from Orlando)
[2977s] ℹ Reached max pages limit (5) for Orlando, FL
[2977s] ✓ BBB scrape complete — 74 total leads from 74 unique businesses
[2977s] roofing | Orlando, FL: 516 total leads
[2977s] 🔍 BBB search: category=roofing-contractors, cities=1
[2977s] 🔍 Searching BBB: roofing in Charlotte, NC
[2977s] ℹ Page 1 — https://www.bbb.org/us/nc/charlotte/category/roofing-contractors
[2986s] ✓ Found 5,217 results for Charlotte, NC (est. 348 pages)
[2986s] ℹ Page 1: 15 listings (15 total from Charlotte)
[2986s] ℹ Page 2 — https://www.bbb.org/us/nc/charlotte/category/roofing-contractors?page=2
[2994s] ℹ Page 2: 15 listings (30 total from Charlotte)
[2994s] ℹ Page 3 — https://www.bbb.org/us/nc/charlotte/category/roofing-contractors?page=3
[2999s] ℹ Page 3: 15 listings (45 total from Charlotte)
[2999s] ℹ Page 4 — https://www.bbb.org/us/nc/charlotte/category/roofing-contractors?page=4
[3005s] ℹ Page 4: 15 listings (60 total from Charlotte)
[3005s] ℹ Page 5 — https://www.bbb.org/us/nc/charlotte/category/roofing-contractors?page=5
[3015s] ℹ Page 5: 15 listings (75 total from Charlotte)
[3015s] ℹ Reached max pages limit (5) for Charlotte, NC
[3015s] ✓ BBB scrape complete — 75 total leads from 75 unique businesses
[3015s] roofing | Charlotte, NC: 591 total leads
[3015s] 🔍 BBB search: category=roofing-contractors, cities=1
[3015s] 🔍 Searching BBB: roofing in Denver, CO
[3015s] ℹ Page 1 — https://www.bbb.org/us/co/denver/category/roofing-contractors
[3022s] ✓ Found 2,764 results for Denver, CO (est. 185 pages)
[3022s] ℹ Page 1: 14 listings (14 total from Denver)
[3022s] ℹ Page 2 — https://www.bbb.org/us/co/denver/category/roofing-contractors?page=2
[3030s] ℹ Page 2: 15 listings (29 total from Denver)
[3030s] ℹ Page 3 — https://www.bbb.org/us/co/denver/category/roofing-contractors?page=3
[3038s] ℹ Page 3: 15 listings (44 total from Denver)
[3038s] ℹ Page 4 — https://www.bbb.org/us/co/denver/category/roofing-contractors?page=4
[3048s] ℹ Page 4: 15 listings (59 total from Denver)
[3048s] ℹ Page 5 — https://www.bbb.org/us/co/denver/category/roofing-contractors?page=5
[3056s] ℹ Page 5: 15 listings (74 total from Denver)
[3056s] ℹ Reached max pages limit (5) for Denver, CO
[3056s] ✓ BBB scrape complete — 74 total leads from 74 unique businesses
[3056s] roofing | Denver, CO: 665 total leads
[3056s] 🔍 BBB search: category=roofing-contractors, cities=1
[3056s] 🔍 Searching BBB: roofing in Nashville, TN
[3056s] ℹ Page 1 — https://www.bbb.org/us/tn/nashville/category/roofing-contractors
[3066s] ✓ Found 3,124 results for Nashville, TN (est. 209 pages)
[3066s] ℹ Page 1: 15 listings (15 total from Nashville)
[3066s] ℹ Page 2 — https://www.bbb.org/us/tn/nashville/category/roofing-contractors?page=2
[3075s] ℹ Page 2: 13 listings (28 total from Nashville)
[3075s] ℹ Page 3 — https://www.bbb.org/us/tn/nashville/category/roofing-contractors?page=3
[3081s] ℹ Page 3: 13 listings (41 total from Nashville)
[3081s] ℹ Page 4 — https://www.bbb.org/us/tn/nashville/category/roofing-contractors?page=4
[3088s] ℹ Page 4: 15 listings (56 total from Nashville)
[3088s] ℹ Page 5 — https://www.bbb.org/us/tn/nashville/category/roofing-contractors?page=5
[3096s] ℹ Page 5: 14 listings (70 total from Nashville)
[3096s] ℹ Reached max pages limit (5) for Nashville, TN
[3096s] ✓ BBB scrape complete — 70 total leads from 70 unique businesses
[3096s] roofing | Nashville, TN: 735 total leads
[3096s] 🔍 BBB search: category=roofing-contractors, cities=1
[3096s] 🔍 Searching BBB: roofing in San Antonio, TX
[3096s] ℹ Page 1 — https://www.bbb.org/us/tx/san-antonio/category/roofing-contractors
[3103s] ✓ Found 2,889 results for San Antonio, TX (est. 193 pages)
[3103s] ℹ Page 1: 15 listings (15 total from San Antonio)
[3103s] ℹ Page 2 — https://www.bbb.org/us/tx/san-antonio/category/roofing-contractors?page=2
[3132s] ℹ Page 2: 15 listings (30 total from San Antonio)
[3132s] ℹ Page 3 — https://www.bbb.org/us/tx/san-antonio/category/roofing-contractors?page=3
[3138s] ℹ Page 3: 15 listings (45 total from San Antonio)
[3138s] ℹ Page 4 — https://www.bbb.org/us/tx/san-antonio/category/roofing-contractors?page=4
[3145s] ℹ Page 4: 15 listings (60 total from San Antonio)
[3145s] ℹ Page 5 — https://www.bbb.org/us/tx/san-antonio/category/roofing-contractors?page=5
[3152s] ℹ Page 5: 15 listings (75 total from San Antonio)
[3152s] ℹ Reached max pages limit (5) for San Antonio, TX
[3152s] ✓ BBB scrape complete — 75 total leads from 75 unique businesses
[3152s] roofing | San Antonio, TX: 810 total leads
[3152s] 🔍 BBB search: category=roofing-contractors, cities=1
[3152s] 🔍 Searching BBB: roofing in Jacksonville, FL
[3152s] ℹ Page 1 — https://www.bbb.org/us/fl/jacksonville/category/roofing-contractors
[3159s] ✓ Found 3,706 results for Jacksonville, FL (est. 248 pages)
[3159s] ℹ Page 1: 15 listings (15 total from Jacksonville)
[3159s] ℹ Page 2 — https://www.bbb.org/us/fl/jacksonville/category/roofing-contractors?page=2
[3169s] ℹ Page 2: 15 listings (30 total from Jacksonville)
[3169s] ℹ Page 3 — https://www.bbb.org/us/fl/jacksonville/category/roofing-contractors?page=3
[3175s] ℹ Page 3: 14 listings (44 total from Jacksonville)
[3175s] ℹ Page 4 — https://www.bbb.org/us/fl/jacksonville/category/roofing-contractors?page=4
[3802s] ℹ Page 4: 14 listings (58 total from Jacksonville)
[3802s] ℹ Page 5 — https://www.bbb.org/us/fl/jacksonville/category/roofing-contractors?page=5
[3809s] ℹ Page 5: 15 listings (73 total from Jacksonville)
[3809s] ℹ Reached max pages limit (5) for Jacksonville, FL
[3809s] ✓ BBB scrape complete — 73 total leads from 73 unique businesses
[3809s] roofing | Jacksonville, FL: 883 total leads
[3809s] 🔍 BBB search: category=roofing-contractors, cities=1
[3809s] 🔍 Searching BBB: roofing in Austin, TX
[3809s] ℹ Page 1 — https://www.bbb.org/us/tx/austin/category/roofing-contractors
[3817s] ✓ Found 5,375 results for Austin, TX (est. 359 pages)
[3817s] ℹ Page 1: 15 listings (15 total from Austin)
[3817s] ℹ Page 2 — https://www.bbb.org/us/tx/austin/category/roofing-contractors?page=2
[3825s] ℹ Page 2: 15 listings (29 total from Austin)
[3825s] ℹ Page 3 — https://www.bbb.org/us/tx/austin/category/roofing-contractors?page=3
[3833s] ℹ Page 3: 15 listings (44 total from Austin)
[3833s] ℹ Page 4 — https://www.bbb.org/us/tx/austin/category/roofing-contractors?page=4
[3842s] ℹ Page 4: 15 listings (59 total from Austin)
[3842s] ℹ Page 5 — https://www.bbb.org/us/tx/austin/category/roofing-contractors?page=5
[3865s] ℹ Page 5: 15 listings (74 total from Austin)
[3865s] ℹ Reached max pages limit (5) for Austin, TX
[3865s] ✓ BBB scrape complete — 74 total leads from 74 unique businesses
[3865s] roofing | Austin, TX: 957 total leads
[3865s] 🔍 BBB search: category=roofing-contractors, cities=1
[3865s] 🔍 Searching BBB: roofing in Las Vegas, NV
[3865s] ℹ Page 1 — https://www.bbb.org/us/nv/las-vegas/category/roofing-contractors
[3873s] ✓ Found 254 results for Las Vegas, NV (est. 17 pages)
[3873s] ℹ Page 1: 14 listings (14 total from Las Vegas)
[3873s] ℹ Page 2 — https://www.bbb.org/us/nv/las-vegas/category/roofing-contractors?page=2
[3880s] ℹ Page 2: 14 listings (28 total from Las Vegas)
[3880s] ℹ Page 3 — https://www.bbb.org/us/nv/las-vegas/category/roofing-contractors?page=3
[3886s] ℹ Page 3: 15 listings (43 total from Las Vegas)
[3886s] ℹ Page 4 — https://www.bbb.org/us/nv/las-vegas/category/roofing-contractors?page=4
[3897s] ℹ Page 4: 14 listings (57 total from Las Vegas)
[3897s] ℹ Page 5 — https://www.bbb.org/us/nv/las-vegas/category/roofing-contractors?page=5
[3905s] ℹ Page 5: 14 listings (71 total from Las Vegas)
[3905s] ℹ Reached max pages limit (5) for Las Vegas, NV
[3905s] ✓ BBB scrape complete — 71 total leads from 71 unique businesses
[3905s] roofing | Las Vegas, NV: 1028 total leads
[3905s] 🔍 BBB search: category=roofing-contractors, cities=1
[3905s] 🔍 Searching BBB: roofing in Raleigh, NC
[3905s] ℹ Page 1 — https://www.bbb.org/us/nc/raleigh/category/roofing-contractors
[4786s] ✓ Found 5,177 results for Raleigh, NC (est. 346 pages)
[4786s] ℹ Page 1: 14 listings (14 total from Raleigh)
[4786s] ℹ Page 2 — https://www.bbb.org/us/nc/raleigh/category/roofing-contractors?page=2
[4794s] ℹ Page 2: 14 listings (27 total from Raleigh)
[4794s] ℹ Page 3 — https://www.bbb.org/us/nc/raleigh/category/roofing-contractors?page=3
[4800s] ℹ Page 3: 15 listings (42 total from Raleigh)
[4800s] ℹ Page 4 — https://www.bbb.org/us/nc/raleigh/category/roofing-contractors?page=4
[4806s] ℹ Page 4: 15 listings (57 total from Raleigh)
[4806s] ℹ Page 5 — https://www.bbb.org/us/nc/raleigh/category/roofing-contractors?page=5
[4814s] ℹ Page 5: 15 listings (72 total from Raleigh)
[4814s] ℹ Reached max pages limit (5) for Raleigh, NC
[4814s] ✓ BBB scrape complete — 72 total leads from 72 unique businesses
[4814s] roofing | Raleigh, NC: 1100 total leads
[4814s] 🔍 BBB search: category=painting-contractors, cities=1
[4814s] 🔍 Searching BBB: painting in Miami, FL
[4814s] ℹ Page 1 — https://www.bbb.org/us/fl/miami/category/painting-contractors
[4824s] ✓ Found 1,448 results for Miami, FL (est. 97 pages)
[4824s] ℹ Page 1: 15 listings (15 total from Miami)
[4824s] ℹ Page 2 — https://www.bbb.org/us/fl/miami/category/painting-contractors?page=2
[4831s] ℹ Page 2: 13 listings (28 total from Miami)
[4831s] ℹ Page 3 — https://www.bbb.org/us/fl/miami/category/painting-contractors?page=3
[4839s] ℹ Page 3: 14 listings (42 total from Miami)
[4839s] ℹ Page 4 — https://www.bbb.org/us/fl/miami/category/painting-contractors?page=4
[4844s] ℹ Page 4: 14 listings (56 total from Miami)
[4844s] ℹ Page 5 — https://www.bbb.org/us/fl/miami/category/painting-contractors?page=5
[5804s] ℹ Page 5: 14 listings (70 total from Miami)
[5804s] ℹ Reached max pages limit (5) for Miami, FL
[5804s] ✓ BBB scrape complete — 70 total leads from 70 unique businesses
[5804s] painting | Miami, FL: 1170 total leads
[5804s] 🔍 BBB search: category=painting-contractors, cities=1
[5804s] 🔍 Searching BBB: painting in Houston, TX
[5804s] ℹ Page 1 — https://www.bbb.org/us/tx/houston/category/painting-contractors
[5810s] ✓ Found 1,834 results for Houston, TX (est. 123 pages)
[5810s] ℹ Page 1: 13 listings (13 total from Houston)
[5810s] ℹ Page 2 — https://www.bbb.org/us/tx/houston/category/painting-contractors?page=2
[5818s] ℹ Page 2: 15 listings (28 total from Houston)
[5818s] ℹ Page 3 — https://www.bbb.org/us/tx/houston/category/painting-contractors?page=3
[5824s] ℹ Page 3: 15 listings (43 total from Houston)
[5824s] ℹ Page 4 — https://www.bbb.org/us/tx/houston/category/painting-contractors?page=4
[5831s] ℹ Page 4: 14 listings (57 total from Houston)
[5831s] ℹ Page 5 — https://www.bbb.org/us/tx/houston/category/painting-contractors?page=5
[5840s] ℹ Page 5: 15 listings (72 total from Houston)
[5840s] ℹ Reached max pages limit (5) for Houston, TX
[5840s] ✓ BBB scrape complete — 72 total leads from 72 unique businesses
[5840s] painting | Houston, TX: 1242 total leads
[5840s] 🔍 BBB search: category=painting-contractors, cities=1
[5840s] 🔍 Searching BBB: painting in Dallas, TX
[5840s] ℹ Page 1 — https://www.bbb.org/us/tx/dallas/category/painting-contractors
[5850s] ✓ Found 2,682 results for Dallas, TX (est. 179 pages)
[5850s] ℹ Page 1: 15 listings (15 total from Dallas)
[5850s] ℹ Page 2 — https://www.bbb.org/us/tx/dallas/category/painting-contractors?page=2
[6300s] ℹ Page 2: 14 listings (29 total from Dallas)
[6300s] ℹ Page 3 — https://www.bbb.org/us/tx/dallas/category/painting-contractors?page=3
[6307s] ℹ Page 3: 15 listings (44 total from Dallas)
[6307s] ℹ Page 4 — https://www.bbb.org/us/tx/dallas/category/painting-contractors?page=4
[6317s] ℹ Page 4: 15 listings (59 total from Dallas)
[6317s] ℹ Page 5 — https://www.bbb.org/us/tx/dallas/category/painting-contractors?page=5
[6327s] ℹ Page 5: 14 listings (73 total from Dallas)
[6327s] ℹ Reached max pages limit (5) for Dallas, TX
[6327s] ✓ BBB scrape complete — 73 total leads from 73 unique businesses
[6327s] painting | Dallas, TX: 1315 total leads
[6327s] 🔍 BBB search: category=painting-contractors, cities=1
[6327s] 🔍 Searching BBB: painting in Atlanta, GA
[6327s] ℹ Page 1 — https://www.bbb.org/us/ga/atlanta/category/painting-contractors
[6337s] ✓ Found 5,092 results for Atlanta, GA (est. 340 pages)
[6337s] ℹ Page 1: 14 listings (14 total from Atlanta)
[6337s] ℹ Page 2 — https://www.bbb.org/us/ga/atlanta/category/painting-contractors?page=2
[6344s] ℹ Page 2: 14 listings (28 total from Atlanta)
[6344s] ℹ Page 3 — https://www.bbb.org/us/ga/atlanta/category/painting-contractors?page=3
[6607s] ℹ Page 3: 14 listings (42 total from Atlanta)
[6607s] ℹ Page 4 — https://www.bbb.org/us/ga/atlanta/category/painting-contractors?page=4
[6615s] ℹ Page 4: 15 listings (57 total from Atlanta)
[6615s] ℹ Page 5 — https://www.bbb.org/us/ga/atlanta/category/painting-contractors?page=5
[6621s] ℹ Page 5: 14 listings (71 total from Atlanta)
[6621s] ℹ Reached max pages limit (5) for Atlanta, GA
[6621s] ✓ BBB scrape complete — 71 total leads from 71 unique businesses
[6621s] painting | Atlanta, GA: 1386 total leads
[6621s] 🔍 BBB search: category=painting-contractors, cities=1
[6621s] 🔍 Searching BBB: painting in Phoenix, AZ
[6621s] ℹ Page 1 — https://www.bbb.org/us/az/phoenix/category/painting-contractors
[6629s] ✓ Found 1,947 results for Phoenix, AZ (est. 130 pages)
[6629s] ℹ Page 1: 15 listings (15 total from Phoenix)
[6629s] ℹ Page 2 — https://www.bbb.org/us/az/phoenix/category/painting-contractors?page=2
[6636s] ℹ Page 2: 15 listings (30 total from Phoenix)
[6636s] ℹ Page 3 — https://www.bbb.org/us/az/phoenix/category/painting-contractors?page=3
[6645s] ℹ Page 3: 15 listings (45 total from Phoenix)
[6645s] ℹ Page 4 — https://www.bbb.org/us/az/phoenix/category/painting-contractors?page=4
[7572s] ℹ Page 4: 15 listings (60 total from Phoenix)
[7572s] ℹ Page 5 — https://www.bbb.org/us/az/phoenix/category/painting-contractors?page=5
[7577s] ℹ Page 5: 15 listings (75 total from Phoenix)
[7577s] ℹ Reached max pages limit (5) for Phoenix, AZ
[7577s] ✓ BBB scrape complete — 75 total leads from 75 unique businesses
[7577s] painting | Phoenix, AZ: 1461 total leads
[7577s] 🔍 BBB search: category=painting-contractors, cities=1
[7577s] 🔍 Searching BBB: painting in Tampa, FL
[7577s] ℹ Page 1 — https://www.bbb.org/us/fl/tampa/category/painting-contractors
[7586s] ✓ Found 5,307 results for Tampa, FL (est. 354 pages)
[7586s] ℹ Page 1: 15 listings (15 total from Tampa)
[7586s] ℹ Page 2 — https://www.bbb.org/us/fl/tampa/category/painting-contractors?page=2
[7596s] ℹ Page 2: 15 listings (30 total from Tampa)
[7596s] ℹ Page 3 — https://www.bbb.org/us/fl/tampa/category/painting-contractors?page=3
[7604s] ℹ Page 3: 15 listings (45 total from Tampa)
[7604s] ℹ Page 4 — https://www.bbb.org/us/fl/tampa/category/painting-contractors?page=4
[7613s] ℹ Page 4: 15 listings (60 total from Tampa)
[7613s] ℹ Page 5 — https://www.bbb.org/us/fl/tampa/category/painting-contractors?page=5
[7619s] ℹ Page 5: 15 listings (75 total from Tampa)
[7619s] ℹ Reached max pages limit (5) for Tampa, FL
[7619s] ✓ BBB scrape complete — 75 total leads from 75 unique businesses
[7619s] painting | Tampa, FL: 1536 total leads
[7619s] 🔍 BBB search: category=painting-contractors, cities=1
[7619s] 🔍 Searching BBB: painting in Orlando, FL
[7619s] ℹ Page 1 — https://www.bbb.org/us/fl/orlando/category/painting-contractors
[7629s] ✓ Found 5,920 results for Orlando, FL (est. 395 pages)
[7629s] ℹ Page 1: 15 listings (15 total from Orlando)
[7629s] ℹ Page 2 — https://www.bbb.org/us/fl/orlando/category/painting-contractors?page=2
[7635s] ℹ Page 2: 15 listings (29 total from Orlando)
[7635s] ℹ Page 3 — https://www.bbb.org/us/fl/orlando/category/painting-contractors?page=3
[8683s] ℹ Page 3: 15 listings (44 total from Orlando)
[8683s] ℹ Page 4 — https://www.bbb.org/us/fl/orlando/category/painting-contractors?page=4
[8691s] ℹ Page 4: 13 listings (57 total from Orlando)
[8691s] ℹ Page 5 — https://www.bbb.org/us/fl/orlando/category/painting-contractors?page=5
[8700s] ℹ Page 5: 15 listings (72 total from Orlando)
[8700s] ℹ Reached max pages limit (5) for Orlando, FL
[8700s] ✓ BBB scrape complete — 72 total leads from 72 unique businesses
[8700s] painting | Orlando, FL: 1608 total leads
[8700s] 🔍 BBB search: category=painting-contractors, cities=1
[8700s] 🔍 Searching BBB: painting in Charlotte, NC
[8700s] ℹ Page 1 — https://www.bbb.org/us/nc/charlotte/category/painting-contractors
[8709s] ✓ Found 3,994 results for Charlotte, NC (est. 267 pages)
[8709s] ℹ Page 1: 15 listings (15 total from Charlotte)
[8709s] ℹ Page 2 — https://www.bbb.org/us/nc/charlotte/category/painting-contractors?page=2
[8715s] ℹ Page 2: 15 listings (30 total from Charlotte)
[8715s] ℹ Page 3 — https://www.bbb.org/us/nc/charlotte/category/painting-contractors?page=3
[8723s] ℹ Page 3: 15 listings (45 total from Charlotte)
[8723s] ℹ Page 4 — https://www.bbb.org/us/nc/charlotte/category/painting-contractors?page=4
[8730s] ℹ Page 4: 15 listings (60 total from Charlotte)
[8730s] ℹ Page 5 — https://www.bbb.org/us/nc/charlotte/category/painting-contractors?page=5
[8735s] ℹ Page 5: 15 listings (75 total from Charlotte)
[8735s] ℹ Reached max pages limit (5) for Charlotte, NC
[8735s] ✓ BBB scrape complete — 75 total leads from 75 unique businesses
[8735s] painting | Charlotte, NC: 1683 total leads
[8735s] 🔍 BBB search: category=painting-contractors, cities=1
[8735s] 🔍 Searching BBB: painting in Denver, CO
[8735s] ℹ Page 1 — https://www.bbb.org/us/co/denver/category/painting-contractors
[9564s] ✓ Found 2,710 results for Denver, CO (est. 181 pages)
[9564s] ℹ Page 1: 15 listings (15 total from Denver)
[9564s] ℹ Page 2 — https://www.bbb.org/us/co/denver/category/painting-contractors?page=2
[9574s] ℹ Page 2: 15 listings (30 total from Denver)
[9574s] ℹ Page 3 — https://www.bbb.org/us/co/denver/category/painting-contractors?page=3
[9582s] ℹ Page 3: 15 listings (45 total from Denver)
[9582s] ℹ Page 4 — https://www.bbb.org/us/co/denver/category/painting-contractors?page=4
[9590s] ℹ Page 4: 15 listings (60 total from Denver)
[9590s] ℹ Page 5 — https://www.bbb.org/us/co/denver/category/painting-contractors?page=5
[9597s] ℹ Page 5: 14 listings (74 total from Denver)
[9597s] ℹ Reached max pages limit (5) for Denver, CO
[9597s] ✓ BBB scrape complete — 74 total leads from 74 unique businesses
[9596s] painting | Denver, CO: 1757 total leads
[9597s] 🔍 BBB search: category=painting-contractors, cities=1
[9597s] 🔍 Searching BBB: painting in Nashville, TN
[9597s] ℹ Page 1 — https://www.bbb.org/us/tn/nashville/category/painting-contractors
[9605s] ✓ Found 2,182 results for Nashville, TN (est. 146 pages)
[9605s] ℹ Page 1: 14 listings (14 total from Nashville)
[9605s] ℹ Page 2 — https://www.bbb.org/us/tn/nashville/category/painting-contractors?page=2
[10266s] ℹ Page 2: 15 listings (29 total from Nashville)
[10266s] ℹ Page 3 — https://www.bbb.org/us/tn/nashville/category/painting-contractors?page=3
[10273s] ℹ Page 3: 15 listings (44 total from Nashville)
[10273s] ℹ Page 4 — https://www.bbb.org/us/tn/nashville/category/painting-contractors?page=4
[10282s] ℹ Page 4: 14 listings (58 total from Nashville)
[10282s] ℹ Page 5 — https://www.bbb.org/us/tn/nashville/category/painting-contractors?page=5
[10292s] ℹ Page 5: 15 listings (73 total from Nashville)
[10292s] ℹ Reached max pages limit (5) for Nashville, TN
[10292s] ✓ BBB scrape complete — 73 total leads from 73 unique businesses
[10292s] painting | Nashville, TN: 1830 total leads
[10292s] 🔍 BBB search: category=painting-contractors, cities=1
[10292s] 🔍 Searching BBB: painting in San Antonio, TX
[10292s] ℹ Page 1 — https://www.bbb.org/us/tx/san-antonio/category/painting-contractors
[10301s] ✓ Found 1,574 results for San Antonio, TX (est. 105 pages)
[10301s] ℹ Page 1: 14 listings (14 total from San Antonio)
[10301s] ℹ Page 2 — https://www.bbb.org/us/tx/san-antonio/category/painting-contractors?page=2
[10307s] ℹ Page 2: 14 listings (28 total from San Antonio)
[10307s] ℹ Page 3 — https://www.bbb.org/us/tx/san-antonio/category/painting-contractors?page=3
[11303s] ℹ Page 3: 15 listings (43 total from San Antonio)
[11303s] ℹ Page 4 — https://www.bbb.org/us/tx/san-antonio/category/painting-contractors?page=4
[11311s] ℹ Page 4: 15 listings (58 total from San Antonio)
[11311s] ℹ Page 5 — https://www.bbb.org/us/tx/san-antonio/category/painting-contractors?page=5
[11317s] ℹ Page 5: 15 listings (73 total from San Antonio)
[11317s] ℹ Reached max pages limit (5) for San Antonio, TX
[11317s] ✓ BBB scrape complete — 73 total leads from 73 unique businesses
[11317s] painting | San Antonio, TX: 1903 total leads
[11317s] 🔍 BBB search: category=painting-contractors, cities=1
[11317s] 🔍 Searching BBB: painting in Jacksonville, FL
[11317s] ℹ Page 1 — https://www.bbb.org/us/fl/jacksonville/category/painting-contractors
[11325s] ✓ Found 4,416 results for Jacksonville, FL (est. 295 pages)
[11325s] ℹ Page 1: 14 listings (14 total from Jacksonville)
[11325s] ℹ Page 2 — https://www.bbb.org/us/fl/jacksonville/category/painting-contractors?page=2
[11331s] ℹ Page 2: 13 listings (27 total from Jacksonville)
[11331s] ℹ Page 3 — https://www.bbb.org/us/fl/jacksonville/category/painting-contractors?page=3
[11339s] ℹ Page 3: 14 listings (41 total from Jacksonville)
[11339s] ℹ Page 4 — https://www.bbb.org/us/fl/jacksonville/category/painting-contractors?page=4
[12294s] ✗ BBB request failed for Jacksonville: Request timed out
[12294s] ⚠ Got 0 — backing off 30s (attempt 1/3)
[12324s] ℹ Page 4 — https://www.bbb.org/us/fl/jacksonville/category/painting-contractors?page=4
[12331s] ℹ Page 4: 15 listings (55 total from Jacksonville)
[12331s] ℹ Page 5 — https://www.bbb.org/us/fl/jacksonville/category/painting-contractors?page=5
[12337s] ℹ Page 5: 14 listings (69 total from Jacksonville)
[12337s] ℹ Reached max pages limit (5) for Jacksonville, FL
[12337s] ✓ BBB scrape complete — 69 total leads from 69 unique businesses
[12337s] painting | Jacksonville, FL: 1972 total leads
[12337s] 🔍 BBB search: category=painting-contractors, cities=1
[12337s] 🔍 Searching BBB: painting in Austin, TX
[12337s] ℹ Page 1 — https://www.bbb.org/us/tx/austin/category/painting-contractors
[12345s] ✓ Found 2,307 results for Austin, TX (est. 154 pages)
[12345s] ℹ Page 1: 14 listings (14 total from Austin)
[12345s] ℹ Page 2 — https://www.bbb.org/us/tx/austin/category/painting-contractors?page=2
[12354s] ℹ Page 2: 15 listings (29 total from Austin)
[12354s] ℹ Page 3 — https://www.bbb.org/us/tx/austin/category/painting-contractors?page=3
[13268s] ℹ Page 3: 15 listings (44 total from Austin)
[13268s] ℹ Page 4 — https://www.bbb.org/us/tx/austin/category/painting-contractors?page=4
[13278s] ℹ Page 4: 14 listings (58 total from Austin)
[13278s] ℹ Page 5 — https://www.bbb.org/us/tx/austin/category/painting-contractors?page=5
[13287s] ℹ Page 5: 15 listings (73 total from Austin)
[13287s] ℹ Reached max pages limit (5) for Austin, TX
[13287s] ✓ BBB scrape complete — 73 total leads from 73 unique businesses
[13286s] painting | Austin, TX: 2045 total leads
[13287s] 🔍 BBB search: category=painting-contractors, cities=1
[13287s] 🔍 Searching BBB: painting in Las Vegas, NV
[13287s] ℹ Page 1 — https://www.bbb.org/us/nv/las-vegas/category/painting-contractors
[13295s] ✓ Found 365 results for Las Vegas, NV (est. 25 pages)
[13295s] ℹ Page 1: 15 listings (15 total from Las Vegas)
[13295s] ℹ Page 2 — https://www.bbb.org/us/nv/las-vegas/category/painting-contractors?page=2
[13303s] ℹ Page 2: 15 listings (30 total from Las Vegas)
[13303s] ℹ Page 3 — https://www.bbb.org/us/nv/las-vegas/category/painting-contractors?page=3
[13310s] ℹ Page 3: 15 listings (44 total from Las Vegas)
[13310s] ℹ Page 4 — https://www.bbb.org/us/nv/las-vegas/category/painting-contractors?page=4
[13926s] ℹ Page 4: 12 listings (56 total from Las Vegas)
[13926s] ✓ Completed Las Vegas, NV: 56 leads
[13926s] ✓ BBB scrape complete — 56 total leads from 56 unique businesses
[13926s] painting | Las Vegas, NV: 2101 total leads
[13926s] 🔍 BBB search: category=painting-contractors, cities=1
[13926s] 🔍 Searching BBB: painting in Raleigh, NC
[13926s] ℹ Page 1 — https://www.bbb.org/us/nc/raleigh/category/painting-contractors
[13934s] ✓ Found 4,409 results for Raleigh, NC (est. 294 pages)
[13934s] ℹ Page 1: 15 listings (15 total from Raleigh)
[13934s] ℹ Page 2 — https://www.bbb.org/us/nc/raleigh/category/painting-contractors?page=2
[13944s] ℹ Page 2: 13 listings (28 total from Raleigh)
[13944s] ℹ Page 3 — https://www.bbb.org/us/nc/raleigh/category/painting-contractors?page=3
[13952s] ℹ Page 3: 14 listings (42 total from Raleigh)
[13952s] ℹ Page 4 — https://www.bbb.org/us/nc/raleigh/category/painting-contractors?page=4
[13961s] ℹ Page 4: 13 listings (55 total from Raleigh)
[13961s] ℹ Page 5 — https://www.bbb.org/us/nc/raleigh/category/painting-contractors?page=5
[13971s] ℹ Page 5: 15 listings (70 total from Raleigh)
[13971s] ℹ Reached max pages limit (5) for Raleigh, NC
[13971s] ✓ BBB scrape complete — 70 total leads from 70 unique businesses
[13971s] painting | Raleigh, NC: 2171 total leads
[13971s] 🔍 BBB search: category=plumber, cities=1
[13971s] 🔍 Searching BBB: plumbing in Miami, FL
[13971s] ℹ Page 1 — https://www.bbb.org/us/fl/miami/category/plumber
[14935s] ✓ Found 1,547 results for Miami, FL (est. 104 pages)
[14935s] ℹ Page 1: 15 listings (15 total from Miami)
[14935s] ℹ Page 2 — https://www.bbb.org/us/fl/miami/category/plumber?page=2
[14943s] ℹ Page 2: 15 listings (30 total from Miami)
[14943s] ℹ Page 3 — https://www.bbb.org/us/fl/miami/category/plumber?page=3
[14954s] ℹ Page 3: 14 listings (44 total from Miami)
[14954s] ℹ Page 4 — https://www.bbb.org/us/fl/miami/category/plumber?page=4
[14963s] ℹ Page 4: 14 listings (58 total from Miami)
[14963s] ℹ Page 5 — https://www.bbb.org/us/fl/miami/category/plumber?page=5
[14970s] ℹ Page 5: 15 listings (73 total from Miami)
[14970s] ℹ Reached max pages limit (5) for Miami, FL
[14970s] ✓ BBB scrape complete — 73 total leads from 73 unique businesses
[14970s] plumbing | Miami, FL: 2244 total leads
[14970s] 🔍 BBB search: category=plumber, cities=1
[14970s] 🔍 Searching BBB: plumbing in Houston, TX
[14970s] ℹ Page 1 — https://www.bbb.org/us/tx/houston/category/plumber
[14979s] ✓ Found 1,912 results for Houston, TX (est. 128 pages)
[14979s] ℹ Page 1: 13 listings (13 total from Houston)
[14979s] ℹ Page 2 — https://www.bbb.org/us/tx/houston/category/plumber?page=2
[15893s] ℹ Page 2: 13 listings (26 total from Houston)
[15893s] ℹ Page 3 — https://www.bbb.org/us/tx/houston/category/plumber?page=3
[15900s] ℹ Page 3: 15 listings (41 total from Houston)
[15900s] ℹ Page 4 — https://www.bbb.org/us/tx/houston/category/plumber?page=4
[15909s] ℹ Page 4: 15 listings (56 total from Houston)
[15909s] ℹ Page 5 — https://www.bbb.org/us/tx/houston/category/plumber?page=5
[15918s] ℹ Page 5: 14 listings (70 total from Houston)
[15918s] ℹ Reached max pages limit (5) for Houston, TX
[15918s] ✓ BBB scrape complete — 70 total leads from 70 unique businesses
[15918s] plumbing | Houston, TX: 2314 total leads
[15918s] 🔍 BBB search: category=plumber, cities=1
[15918s] 🔍 Searching BBB: plumbing in Dallas, TX
[15918s] ℹ Page 1 — https://www.bbb.org/us/tx/dallas/category/plumber
[15924s] ✓ Found 2,543 results for Dallas, TX (est. 170 pages)
[15924s] ℹ Page 1: 15 listings (15 total from Dallas)
[15924s] ℹ Page 2 — https://www.bbb.org/us/tx/dallas/category/plumber?page=2
[15933s] ℹ Page 2: 15 listings (30 total from Dallas)
[15933s] ℹ Page 3 — https://www.bbb.org/us/tx/dallas/category/plumber?page=3
[15941s] ℹ Page 3: 14 listings (44 total from Dallas)
[15941s] ℹ Page 4 — https://www.bbb.org/us/tx/dallas/category/plumber?page=4
[16844s] ℹ Page 4: 15 listings (59 total from Dallas)
[16844s] ℹ Page 5 — https://www.bbb.org/us/tx/dallas/category/plumber?page=5
[16853s] ℹ Page 5: 15 listings (74 total from Dallas)
[16853s] ℹ Reached max pages limit (5) for Dallas, TX
[16853s] ✓ BBB scrape complete — 74 total leads from 74 unique businesses
[16853s] plumbing | Dallas, TX: 2388 total leads
[16853s] 🔍 BBB search: category=plumber, cities=1
[16853s] 🔍 Searching BBB: plumbing in Atlanta, GA
[16853s] ℹ Page 1 — https://www.bbb.org/us/ga/atlanta/category/plumber
[16858s] ✓ Found 3,579 results for Atlanta, GA (est. 239 pages)
[16858s] ℹ Page 1: 12 listings (12 total from Atlanta)
[16858s] ✓ Completed Atlanta, GA: 12 leads
[16858s] ✓ BBB scrape complete — 12 total leads from 12 unique businesses
[16858s] plumbing | Atlanta, GA: 2400 total leads
[16858s] 🔍 BBB search: category=plumber, cities=1
[16858s] 🔍 Searching BBB: plumbing in Phoenix, AZ
[16858s] ℹ Page 1 — https://www.bbb.org/us/az/phoenix/category/plumber
[16868s] ✓ Found 2,055 results for Phoenix, AZ (est. 137 pages)
[16868s] ℹ Page 1: 14 listings (14 total from Phoenix)
[16868s] ℹ Page 2 — https://www.bbb.org/us/az/phoenix/category/plumber?page=2
[16875s] ℹ Page 2: 14 listings (28 total from Phoenix)
[16875s] ℹ Page 3 — https://www.bbb.org/us/az/phoenix/category/plumber?page=3
[16885s] ℹ Page 3: 15 listings (43 total from Phoenix)
[16885s] ℹ Page 4 — https://www.bbb.org/us/az/phoenix/category/plumber?page=4
[17586s] ℹ Page 4: 14 listings (57 total from Phoenix)
[17586s] ℹ Page 5 — https://www.bbb.org/us/az/phoenix/category/plumber?page=5
[17597s] ℹ Page 5: 15 listings (72 total from Phoenix)
[17597s] ℹ Reached max pages limit (5) for Phoenix, AZ
[17597s] ✓ BBB scrape complete — 72 total leads from 72 unique businesses
[17597s] plumbing | Phoenix, AZ: 2472 total leads
[17597s] 🔍 BBB search: category=plumber, cities=1
[17597s] 🔍 Searching BBB: plumbing in Tampa, FL
[17597s] ℹ Page 1 — https://www.bbb.org/us/fl/tampa/category/plumber
[17603s] ✓ Found 2,947 results for Tampa, FL (est. 197 pages)
[17603s] ℹ Page 1: 13 listings (13 total from Tampa)
[17603s] ℹ Page 2 — https://www.bbb.org/us/fl/tampa/category/plumber?page=2
[17611s] ℹ Page 2: 14 listings (27 total from Tampa)
[17611s] ℹ Page 3 — https://www.bbb.org/us/fl/tampa/category/plumber?page=3
[17617s] ℹ Page 3: 15 listings (42 total from Tampa)
[17617s] ℹ Page 4 — https://www.bbb.org/us/fl/tampa/category/plumber?page=4
[17623s] ℹ Page 4: 15 listings (57 total from Tampa)
[17623s] ℹ Page 5 — https://www.bbb.org/us/fl/tampa/category/plumber?page=5
[18605s] ✗ BBB request failed for Tampa: Request timed out
[18605s] ⚠ Got 0 — backing off 30s (attempt 1/3)
[18635s] ℹ Page 5 — https://www.bbb.org/us/fl/tampa/category/plumber?page=5
[18645s] ℹ Page 5: 14 listings (71 total from Tampa)
[18645s] ℹ Reached max pages limit (5) for Tampa, FL
[18645s] ✓ BBB scrape complete — 71 total leads from 71 unique businesses
[18644s] plumbing | Tampa, FL: 2543 total leads
[18645s] 🔍 BBB search: category=plumber, cities=1
[18645s] 🔍 Searching BBB: plumbing in Orlando, FL
[18645s] ℹ Page 1 — https://www.bbb.org/us/fl/orlando/category/plumber
[19591s] ✓ Found 3,300 results for Orlando, FL (est. 220 pages)
[19591s] ℹ Page 1: 14 listings (14 total from Orlando)
[19591s] ℹ Page 2 — https://www.bbb.org/us/fl/orlando/category/plumber?page=2
[19599s] ℹ Page 2: 15 listings (29 total from Orlando)
[19599s] ℹ Page 3 — https://www.bbb.org/us/fl/orlando/category/plumber?page=3
[19607s] ℹ Page 3: 14 listings (43 total from Orlando)
[19607s] ℹ Page 4 — https://www.bbb.org/us/fl/orlando/category/plumber?page=4
[19617s] ℹ Page 4: 14 listings (57 total from Orlando)
[19617s] ℹ Page 5 — https://www.bbb.org/us/fl/orlando/category/plumber?page=5
[19624s] ℹ Page 5: 14 listings (71 total from Orlando)
[19624s] ℹ Reached max pages limit (5) for Orlando, FL
[19624s] ✓ BBB scrape complete — 71 total leads from 71 unique businesses
[19624s] plumbing | Orlando, FL: 2614 total leads
[19624s] 🔍 BBB search: category=plumber, cities=1
[19624s] 🔍 Searching BBB: plumbing in Charlotte, NC
[19624s] ℹ Page 1 — https://www.bbb.org/us/nc/charlotte/category/plumber
[19631s] ✓ Found 3,227 results for Charlotte, NC (est. 216 pages)
[19631s] ℹ Page 1: 14 listings (14 total from Charlotte)
[19631s] ℹ Page 2 — https://www.bbb.org/us/nc/charlotte/category/plumber?page=2
[19639s] ℹ Page 2: 15 listings (29 total from Charlotte)
[19639s] ℹ Page 3 — https://www.bbb.org/us/nc/charlotte/category/plumber?page=3
[19647s] ℹ Page 3: 14 listings (43 total from Charlotte)
[19647s] ℹ Page 4 — https://www.bbb.org/us/nc/charlotte/category/plumber?page=4
[20564s] ℹ Page 4: 15 listings (57 total from Charlotte)
[20564s] ℹ Page 5 — https://www.bbb.org/us/nc/charlotte/category/plumber?page=5
[20572s] ℹ Page 5: 14 listings (71 total from Charlotte)
[20572s] ℹ Reached max pages limit (5) for Charlotte, NC
[20572s] ✓ BBB scrape complete — 71 total leads from 71 unique businesses
[20572s] plumbing | Charlotte, NC: 2685 total leads
[20572s] 🔍 BBB search: category=plumber, cities=1
[20572s] 🔍 Searching BBB: plumbing in Denver, CO
[20572s] ℹ Page 1 — https://www.bbb.org/us/co/denver/category/plumber
[20581s] ✓ Found 1,737 results for Denver, CO (est. 116 pages)
[20581s] ℹ Page 1: 14 listings (14 total from Denver)
[20581s] ℹ Page 2 — https://www.bbb.org/us/co/denver/category/plumber?page=2
[20591s] ℹ Page 2: 15 listings (29 total from Denver)
[20591s] ℹ Page 3 — https://www.bbb.org/us/co/denver/category/plumber?page=3
[20600s] ℹ Page 3: 15 listings (44 total from Denver)
[20600s] ℹ Page 4 — https://www.bbb.org/us/co/denver/category/plumber?page=4
[20609s] ℹ Page 4: 14 listings (58 total from Denver)
[20609s] ℹ Page 5 — https://www.bbb.org/us/co/denver/category/plumber?page=5
[21246s] ℹ Page 5: 14 listings (72 total from Denver)
[21246s] ℹ Reached max pages limit (5) for Denver, CO
[21246s] ✓ BBB scrape complete — 72 total leads from 72 unique businesses
[21246s] plumbing | Denver, CO: 2757 total leads
[21246s] 🔍 BBB search: category=plumber, cities=1
[21246s] 🔍 Searching BBB: plumbing in Nashville, TN
[21246s] ℹ Page 1 — https://www.bbb.org/us/tn/nashville/category/plumber
[21255s] ✓ Found 2,081 results for Nashville, TN (est. 139 pages)
[21255s] ℹ Page 1: 13 listings (13 total from Nashville)
[21255s] ℹ Page 2 — https://www.bbb.org/us/tn/nashville/category/plumber?page=2
[21261s] ℹ Page 2: 14 listings (27 total from Nashville)
[21261s] ℹ Page 3 — https://www.bbb.org/us/tn/nashville/category/plumber?page=3
[21269s] ℹ Page 3: 14 listings (41 total from Nashville)
[21269s] ℹ Page 4 — https://www.bbb.org/us/tn/nashville/category/plumber?page=4
[21278s] ℹ Page 4: 14 listings (55 total from Nashville)
[21278s] ℹ Page 5 — https://www.bbb.org/us/tn/nashville/category/plumber?page=5
[21288s] ℹ Page 5: 13 listings (67 total from Nashville)
[21288s] ℹ Reached max pages limit (5) for Nashville, TN
[21288s] ✓ BBB scrape complete — 67 total leads from 67 unique businesses
[21288s] plumbing | Nashville, TN: 2824 total leads
[21288s] 🔍 BBB search: category=plumber, cities=1
[21288s] 🔍 Searching BBB: plumbing in San Antonio, TX
[21288s] ℹ Page 1 — https://www.bbb.org/us/tx/san-antonio/category/plumber
[22224s] ✓ Found 1,470 results for San Antonio, TX (est. 98 pages)
[22224s] ℹ Page 1: 13 listings (13 total from San Antonio)
[22224s] ℹ Page 2 — https://www.bbb.org/us/tx/san-antonio/category/plumber?page=2
[22232s] ℹ Page 2: 14 listings (27 total from San Antonio)
[22232s] ℹ Page 3 — https://www.bbb.org/us/tx/san-antonio/category/plumber?page=3
[22239s] ℹ Page 3: 15 listings (42 total from San Antonio)
[22239s] ℹ Page 4 — https://www.bbb.org/us/tx/san-antonio/category/plumber?page=4
[22246s] ℹ Page 4: 14 listings (56 total from San Antonio)
[22246s] ℹ Page 5 — https://www.bbb.org/us/tx/san-antonio/category/plumber?page=5
[22256s] ℹ Page 5: 15 listings (71 total from San Antonio)
[22256s] ℹ Reached max pages limit (5) for San Antonio, TX
[22256s] ✓ BBB scrape complete — 71 total leads from 71 unique businesses
[22256s] plumbing | San Antonio, TX: 2895 total leads
[22256s] 🔍 BBB search: category=plumber, cities=1
[22256s] 🔍 Searching BBB: plumbing in Jacksonville, FL
[22256s] ℹ Page 1 — https://www.bbb.org/us/fl/jacksonville/category/plumber
[22265s] ✓ Found 1,876 results for Jacksonville, FL (est. 126 pages)
[22265s] ℹ Page 1: 12 listings (12 total from Jacksonville)
[22265s] ✓ Completed Jacksonville, FL: 12 leads
[22265s] ✓ BBB scrape complete — 12 total leads from 12 unique businesses
[22264s] plumbing | Jacksonville, FL: 2907 total leads
[22265s] 🔍 BBB search: category=plumber, cities=1
[22265s] 🔍 Searching BBB: plumbing in Austin, TX
[22265s] ℹ Page 1 — https://www.bbb.org/us/tx/austin/category/plumber
[22271s] ✓ Found 2,385 results for Austin, TX (est. 159 pages)
[22271s] ℹ Page 1: 14 listings (14 total from Austin)
[22271s] ℹ Page 2 — https://www.bbb.org/us/tx/austin/category/plumber?page=2
[23321s] ℹ Page 2: 15 listings (29 total from Austin)
[23321s] ℹ Page 3 — https://www.bbb.org/us/tx/austin/category/plumber?page=3
[23331s] ℹ Page 3: 14 listings (43 total from Austin)
[23331s] ℹ Page 4 — https://www.bbb.org/us/tx/austin/category/plumber?page=4
[23340s] ℹ Page 4: 15 listings (58 total from Austin)
[23340s] ℹ Page 5 — https://www.bbb.org/us/tx/austin/category/plumber?page=5
[23349s] ℹ Page 5: 14 listings (72 total from Austin)
[23349s] ℹ Reached max pages limit (5) for Austin, TX
[23349s] ✓ BBB scrape complete — 72 total leads from 72 unique businesses
[23349s] plumbing | Austin, TX: 2979 total leads
[23349s] 🔍 BBB search: category=plumber, cities=1
[23349s] 🔍 Searching BBB: plumbing in Las Vegas, NV
[23349s] ℹ Page 1 — https://www.bbb.org/us/nv/las-vegas/category/plumber
[23358s] ✓ Found 589 results for Las Vegas, NV (est. 40 pages)
[23358s] ℹ Page 1: 14 listings (14 total from Las Vegas)
[23358s] ℹ Page 2 — https://www.bbb.org/us/nv/las-vegas/category/plumber?page=2
[23367s] ℹ Page 2: 14 listings (28 total from Las Vegas)
[23367s] ℹ Page 3 — https://www.bbb.org/us/nv/las-vegas/category/plumber?page=3
[23376s] ℹ Page 3: 14 listings (42 total from Las Vegas)
[23376s] ℹ Page 4 — https://www.bbb.org/us/nv/las-vegas/category/plumber?page=4
[23381s] ℹ Page 4: 14 listings (56 total from Las Vegas)
[23381s] ℹ Page 5 — https://www.bbb.org/us/nv/las-vegas/category/plumber?page=5
[24318s] ℹ Page 5: 15 listings (71 total from Las Vegas)
[24318s] ℹ Reached max pages limit (5) for Las Vegas, NV
[24318s] ✓ BBB scrape complete — 71 total leads from 71 unique businesses
[24318s] plumbing | Las Vegas, NV: 3050 total leads
[24318s] 🔍 BBB search: category=plumber, cities=1
[24318s] 🔍 Searching BBB: plumbing in Raleigh, NC
[24318s] ℹ Page 1 — https://www.bbb.org/us/nc/raleigh/category/plumber
[24326s] ✓ Found 3,517 results for Raleigh, NC (est. 235 pages)
[24326s] ℹ Page 1: 15 listings (15 total from Raleigh)
[24326s] ℹ Page 2 — https://www.bbb.org/us/nc/raleigh/category/plumber?page=2
[24336s] ℹ Page 2: 15 listings (30 total from Raleigh)
[24336s] ℹ Page 3 — https://www.bbb.org/us/nc/raleigh/category/plumber?page=3
[24346s] ℹ Page 3: 15 listings (45 total from Raleigh)
[24346s] ℹ Page 4 — https://www.bbb.org/us/nc/raleigh/category/plumber?page=4
[24386s] ℹ Page 4: 13 listings (58 total from Raleigh)
[24386s] ℹ Page 5 — https://www.bbb.org/us/nc/raleigh/category/plumber?page=5
[24393s] ℹ Page 5: 13 listings (71 total from Raleigh)
[24393s] ℹ Reached max pages limit (5) for Raleigh, NC
[24393s] ✓ BBB scrape complete — 71 total leads from 71 unique businesses
[24393s] plumbing | Raleigh, NC: 3121 total leads
[24393s] 🔍 BBB search: category=heating-contractors, cities=1
[24393s] 🔍 Searching BBB: hvac in Miami, FL
[24393s] ℹ Page 1 — https://www.bbb.org/us/fl/miami/category/heating-contractors
[24400s] ✓ Found 451 results for Miami, FL (est. 31 pages)
[24400s] ℹ Page 1: 13 listings (13 total from Miami)
[24400s] ℹ Page 2 — https://www.bbb.org/us/fl/miami/category/heating-contractors?page=2
[24409s] ℹ Page 2: 15 listings (28 total from Miami)
[24409s] ℹ Page 3 — https://www.bbb.org/us/fl/miami/category/heating-contractors?page=3
[24419s] ℹ Page 3: 15 listings (43 total from Miami)
[24419s] ℹ Page 4 — https://www.bbb.org/us/fl/miami/category/heating-contractors?page=4
[24427s] ℹ Page 4: 15 listings (58 total from Miami)
[24427s] ℹ Page 5 — https://www.bbb.org/us/fl/miami/category/heating-contractors?page=5
[24913s] ℹ Page 5: 15 listings (73 total from Miami)
[24913s] ℹ Reached max pages limit (5) for Miami, FL
[24913s] ✓ BBB scrape complete — 73 total leads from 73 unique businesses
[24913s] hvac | Miami, FL: 3194 total leads
[24913s] 🔍 BBB search: category=heating-contractors, cities=1
[24913s] 🔍 Searching BBB: hvac in Houston, TX
[24913s] ℹ Page 1 — https://www.bbb.org/us/tx/houston/category/heating-contractors
[24921s] ✓ Found 321 results for Houston, TX (est. 22 pages)
[24921s] ℹ Page 1: 15 listings (15 total from Houston)
[24921s] ℹ Page 2 — https://www.bbb.org/us/tx/houston/category/heating-contractors?page=2
[24930s] ℹ Page 2: 14 listings (29 total from Houston)
[24930s] ℹ Page 3 — https://www.bbb.org/us/tx/houston/category/heating-contractors?page=3
[24938s] ℹ Page 3: 11 listings (40 total from Houston)
[24938s] ✓ Completed Houston, TX: 40 leads
[24938s] ✓ BBB scrape complete — 40 total leads from 40 unique businesses
[24938s] hvac | Houston, TX: 3234 total leads
[24938s] 🔍 BBB search: category=heating-contractors, cities=1
[24938s] 🔍 Searching BBB: hvac in Dallas, TX
[24938s] ℹ Page 1 — https://www.bbb.org/us/tx/dallas/category/heating-contractors
[24946s] ✓ Found 1,022 results for Dallas, TX (est. 69 pages)
[24946s] ℹ Page 1: 14 listings (14 total from Dallas)
[24946s] ℹ Page 2 — https://www.bbb.org/us/tx/dallas/category/heating-contractors?page=2
[25936s] ℹ Page 2: 14 listings (28 total from Dallas)
[25936s] ℹ Page 3 — https://www.bbb.org/us/tx/dallas/category/heating-contractors?page=3
[25945s] ℹ Page 3: 14 listings (42 total from Dallas)
[25945s] ℹ Page 4 — https://www.bbb.org/us/tx/dallas/category/heating-contractors?page=4
[25955s] ℹ Page 4: 14 listings (56 total from Dallas)
[25955s] ℹ Page 5 — https://www.bbb.org/us/tx/dallas/category/heating-contractors?page=5
[25965s] ℹ Page 5: 15 listings (71 total from Dallas)
[25965s] ℹ Reached max pages limit (5) for Dallas, TX
[25965s] ✓ BBB scrape complete — 71 total leads from 71 unique businesses
[25965s] hvac | Dallas, TX: 3305 total leads
[25965s] 🔍 BBB search: category=heating-contractors, cities=1
[25965s] 🔍 Searching BBB: hvac in Atlanta, GA
[25965s] ℹ Page 1 — https://www.bbb.org/us/ga/atlanta/category/heating-contractors
[26012s] ✓ Found 1,680 results for Atlanta, GA (est. 112 pages)
[26012s] ℹ Page 1: 12 listings (12 total from Atlanta)
[26012s] ✓ Completed Atlanta, GA: 12 leads
[26012s] ✓ BBB scrape complete — 12 total leads from 12 unique businesses
[26012s] hvac | Atlanta, GA: 3317 total leads
[26012s] 🔍 BBB search: category=heating-contractors, cities=1
[26012s] 🔍 Searching BBB: hvac in Phoenix, AZ
[26012s] ℹ Page 1 — https://www.bbb.org/us/az/phoenix/category/heating-contractors
[26027s] ✓ Found 1,169 results for Phoenix, AZ (est. 78 pages)
[26027s] ℹ Page 1: 15 listings (15 total from Phoenix)
[26027s] ℹ Page 2 — https://www.bbb.org/us/az/phoenix/category/heating-contractors?page=2
[26033s] ℹ Page 2: 15 listings (30 total from Phoenix)
[26033s] ℹ Page 3 — https://www.bbb.org/us/az/phoenix/category/heating-contractors?page=3
[26040s] ℹ Page 3: 14 listings (44 total from Phoenix)
[26040s] ℹ Page 4 — https://www.bbb.org/us/az/phoenix/category/heating-contractors?page=4
[26048s] ℹ Page 4: 15 listings (59 total from Phoenix)
[26048s] ℹ Page 5 — https://www.bbb.org/us/az/phoenix/category/heating-contractors?page=5
[26054s] ℹ Page 5: 15 listings (74 total from Phoenix)
[26054s] ℹ Reached max pages limit (5) for Phoenix, AZ
[26054s] ✓ BBB scrape complete — 74 total leads from 74 unique businesses
[26054s] hvac | Phoenix, AZ: 3391 total leads
[26054s] 🔍 BBB search: category=heating-contractors, cities=1
[26054s] 🔍 Searching BBB: hvac in Tampa, FL
[26054s] ℹ Page 1 — https://www.bbb.org/us/fl/tampa/category/heating-contractors
[26064s] ✓ Found 1,700 results for Tampa, FL (est. 114 pages)
[26064s] ℹ Page 1: 14 listings (14 total from Tampa)
[26064s] ℹ Page 2 — https://www.bbb.org/us/fl/tampa/category/heating-contractors?page=2
[26074s] ℹ Page 2: 15 listings (29 total from Tampa)
[26074s] ℹ Page 3 — https://www.bbb.org/us/fl/tampa/category/heating-contractors?page=3
[26083s] ℹ Page 3: 15 listings (44 total from Tampa)
[26083s] ℹ Page 4 — https://www.bbb.org/us/fl/tampa/category/heating-contractors?page=4
[26090s] ℹ Page 4: 15 listings (59 total from Tampa)
[26090s] ℹ Page 5 — https://www.bbb.org/us/fl/tampa/category/heating-contractors?page=5
[26096s] ℹ Page 5: 15 listings (74 total from Tampa)
[26096s] ℹ Reached max pages limit (5) for Tampa, FL
[26096s] ✓ BBB scrape complete — 74 total leads from 74 unique businesses
[26096s] hvac | Tampa, FL: 3465 total leads
[26096s] 🔍 BBB search: category=heating-contractors, cities=1
[26096s] 🔍 Searching BBB: hvac in Orlando, FL
[26096s] ℹ Page 1 — https://www.bbb.org/us/fl/orlando/category/heating-contractors
[26106s] ✓ Found 1,858 results for Orlando, FL (est. 124 pages)
[26106s] ℹ Page 1: 14 listings (14 total from Orlando)
[26106s] ℹ Page 2 — https://www.bbb.org/us/fl/orlando/category/heating-contractors?page=2
[26112s] ℹ Page 2: 15 listings (29 total from Orlando)
[26112s] ℹ Page 3 — https://www.bbb.org/us/fl/orlando/category/heating-contractors?page=3
[26118s] ℹ Page 3: 15 listings (44 total from Orlando)
[26118s] ℹ Page 4 — https://www.bbb.org/us/fl/orlando/category/heating-contractors?page=4
[26127s] ℹ Page 4: 15 listings (59 total from Orlando)
[26127s] ℹ Page 5 — https://www.bbb.org/us/fl/orlando/category/heating-contractors?page=5
[26134s] ℹ Page 5: 15 listings (74 total from Orlando)
[26134s] ℹ Reached max pages limit (5) for Orlando, FL
[26134s] ✓ BBB scrape complete — 74 total leads from 74 unique businesses
[26133s] hvac | Orlando, FL: 3539 total leads
[26134s] 🔍 BBB search: category=heating-contractors, cities=1
[26134s] 🔍 Searching BBB: hvac in Charlotte, NC
[26134s] ℹ Page 1 — https://www.bbb.org/us/nc/charlotte/category/heating-contractors
[26156s] ✗ BBB request failed for Charlotte: Request timed out
[26156s] ⚠ Got 0 — backing off 30s (attempt 1/3)
[26186s] ℹ Page 1 — https://www.bbb.org/us/nc/charlotte/category/heating-contractors
[26193s] ✓ Found 1,426 results for Charlotte, NC (est. 96 pages)
[26193s] ℹ Page 1: 14 listings (14 total from Charlotte)
[26193s] ℹ Page 2 — https://www.bbb.org/us/nc/charlotte/category/heating-contractors?page=2
[26201s] ℹ Page 2: 14 listings (28 total from Charlotte)
[26201s] ℹ Page 3 — https://www.bbb.org/us/nc/charlotte/category/heating-contractors?page=3
[26207s] ℹ Page 3: 15 listings (43 total from Charlotte)
[26207s] ℹ Page 4 — https://www.bbb.org/us/nc/charlotte/category/heating-contractors?page=4
[26214s] ℹ Page 4: 15 listings (58 total from Charlotte)
[26214s] ℹ Page 5 — https://www.bbb.org/us/nc/charlotte/category/heating-contractors?page=5
[26219s] ℹ Page 5: 15 listings (73 total from Charlotte)
[26219s] ℹ Reached max pages limit (5) for Charlotte, NC
[26219s] ✓ BBB scrape complete — 73 total leads from 73 unique businesses
[26219s] hvac | Charlotte, NC: 3612 total leads
[26219s] 🔍 BBB search: category=heating-contractors, cities=1
[26219s] 🔍 Searching BBB: hvac in Denver, CO
[26219s] ℹ Page 1 — https://www.bbb.org/us/co/denver/category/heating-contractors
[26240s] ✓ Found 1,043 results for Denver, CO (est. 70 pages)
[26240s] ℹ Page 1: 15 listings (15 total from Denver)
[26240s] ℹ Page 2 — https://www.bbb.org/us/co/denver/category/heating-contractors?page=2
[26251s] ℹ Page 2: 15 listings (30 total from Denver)
[26251s] ℹ Page 3 — https://www.bbb.org/us/co/denver/category/heating-contractors?page=3
[26260s] ℹ Page 3: 15 listings (45 total from Denver)
[26260s] ℹ Page 4 — https://www.bbb.org/us/co/denver/category/heating-contractors?page=4
[26267s] ℹ Page 4: 15 listings (60 total from Denver)
[26267s] ℹ Page 5 — https://www.bbb.org/us/co/denver/category/heating-contractors?page=5
[26274s] ℹ Page 5: 15 listings (75 total from Denver)
[26274s] ℹ Reached max pages limit (5) for Denver, CO
[26274s] ✓ BBB scrape complete — 75 total leads from 75 unique businesses
[26274s] hvac | Denver, CO: 3687 total leads
[26274s] 🔍 BBB search: category=heating-contractors, cities=1
[26274s] 🔍 Searching BBB: hvac in Nashville, TN
[26274s] ℹ Page 1 — https://www.bbb.org/us/tn/nashville/category/heating-contractors
[26281s] ✓ Found 955 results for Nashville, TN (est. 64 pages)
[26281s] ℹ Page 1: 13 listings (13 total from Nashville)
[26281s] ℹ Page 2 — https://www.bbb.org/us/tn/nashville/category/heating-contractors?page=2
[26291s] ℹ Page 2: 14 listings (27 total from Nashville)
[26291s] ℹ Page 3 — https://www.bbb.org/us/tn/nashville/category/heating-contractors?page=3
[26300s] ℹ Page 3: 12 listings (39 total from Nashville)
[26300s] ✓ Completed Nashville, TN: 39 leads
[26300s] ✓ BBB scrape complete — 39 total leads from 39 unique businesses
[26300s] hvac | Nashville, TN: 3726 total leads
[26300s] 🔍 BBB search: category=heating-contractors, cities=1
[26300s] 🔍 Searching BBB: hvac in San Antonio, TX
[26300s] ℹ Page 1 — https://www.bbb.org/us/tx/san-antonio/category/heating-contractors
[26306s] ✓ Found 425 results for San Antonio, TX (est. 29 pages)
[26306s] ℹ Page 1: 15 listings (15 total from San Antonio)
[26306s] ℹ Page 2 — https://www.bbb.org/us/tx/san-antonio/category/heating-contractors?page=2
[26316s] ℹ Page 2: 15 listings (30 total from San Antonio)
[26316s] ℹ Page 3 — https://www.bbb.org/us/tx/san-antonio/category/heating-contractors?page=3
[26322s] ℹ Page 3: 14 listings (44 total from San Antonio)
[26322s] ℹ Page 4 — https://www.bbb.org/us/tx/san-antonio/category/heating-contractors?page=4
[26331s] ℹ Page 4: 15 listings (59 total from San Antonio)
[26331s] ℹ Page 5 — https://www.bbb.org/us/tx/san-antonio/category/heating-contractors?page=5
[26341s] ℹ Page 5: 15 listings (74 total from San Antonio)
[26341s] ℹ Reached max pages limit (5) for San Antonio, TX
[26341s] ✓ BBB scrape complete — 74 total leads from 74 unique businesses
[26341s] hvac | San Antonio, TX: 3800 total leads
[26341s] 🔍 BBB search: category=heating-contractors, cities=1
[26341s] 🔍 Searching BBB: hvac in Jacksonville, FL
[26341s] ℹ Page 1 — https://www.bbb.org/us/fl/jacksonville/category/heating-contractors
[26350s] ✓ Found 1,142 results for Jacksonville, FL (est. 77 pages)
[26350s] ℹ Page 1: 14 listings (14 total from Jacksonville)
[26350s] ℹ Page 2 — https://www.bbb.org/us/fl/jacksonville/category/heating-contractors?page=2
[26358s] ℹ Page 2: 11 listings (25 total from Jacksonville)
[26358s] ✓ Completed Jacksonville, FL: 25 leads
[26358s] ✓ BBB scrape complete — 25 total leads from 25 unique businesses
[26358s] hvac | Jacksonville, FL: 3825 total leads
[26358s] 🔍 BBB search: category=heating-contractors, cities=1
[26358s] 🔍 Searching BBB: hvac in Austin, TX
[26358s] ℹ Page 1 — https://www.bbb.org/us/tx/austin/category/heating-contractors
[26368s] ✓ Found 481 results for Austin, TX (est. 33 pages)
[26368s] ℹ Page 1: 14 listings (14 total from Austin)
[26368s] ℹ Page 2 — https://www.bbb.org/us/tx/austin/category/heating-contractors?page=2
[26375s] ℹ Page 2: 15 listings (29 total from Austin)
[26375s] ℹ Page 3 — https://www.bbb.org/us/tx/austin/category/heating-contractors?page=3
[26381s] ℹ Page 3: 15 listings (44 total from Austin)
[26381s] ℹ Page 4 — https://www.bbb.org/us/tx/austin/category/heating-contractors?page=4
[26387s] ℹ Page 4: 15 listings (59 total from Austin)
[26387s] ℹ Page 5 — https://www.bbb.org/us/tx/austin/category/heating-contractors?page=5
[26393s] ℹ Page 5: 15 listings (74 total from Austin)
[26393s] ℹ Reached max pages limit (5) for Austin, TX
[26393s] ✓ BBB scrape complete — 74 total leads from 74 unique businesses
[26393s] hvac | Austin, TX: 3899 total leads
[26393s] 🔍 BBB search: category=heating-contractors, cities=1
[26393s] 🔍 Searching BBB: hvac in Las Vegas, NV
[26393s] ℹ Page 1 — https://www.bbb.org/us/nv/las-vegas/category/heating-contractors
[26403s] ✓ Found 199 results for Las Vegas, NV (est. 14 pages)
[26403s] ℹ Page 1: 14 listings (14 total from Las Vegas)
[26403s] ℹ Page 2 — https://www.bbb.org/us/nv/las-vegas/category/heating-contractors?page=2
[26410s] ℹ Page 2: 15 listings (29 total from Las Vegas)
[26410s] ℹ Page 3 — https://www.bbb.org/us/nv/las-vegas/category/heating-contractors?page=3
[26417s] ℹ Page 3: 15 listings (44 total from Las Vegas)
[26417s] ℹ Page 4 — https://www.bbb.org/us/nv/las-vegas/category/heating-contractors?page=4
[26425s] ℹ Page 4: 14 listings (58 total from Las Vegas)
[26425s] ℹ Page 5 — https://www.bbb.org/us/nv/las-vegas/category/heating-contractors?page=5
[26434s] ℹ Page 5: 14 listings (72 total from Las Vegas)
[26434s] ℹ Reached max pages limit (5) for Las Vegas, NV
[26434s] ✓ BBB scrape complete — 72 total leads from 72 unique businesses
[26434s] hvac | Las Vegas, NV: 3971 total leads
[26434s] 🔍 BBB search: category=heating-contractors, cities=1
[26434s] 🔍 Searching BBB: hvac in Raleigh, NC
[26434s] ℹ Page 1 — https://www.bbb.org/us/nc/raleigh/category/heating-contractors
[26444s] ✓ Found 1,332 results for Raleigh, NC (est. 89 pages)
[26444s] ℹ Page 1: 14 listings (14 total from Raleigh)
[26444s] ℹ Page 2 — https://www.bbb.org/us/nc/raleigh/category/heating-contractors?page=2
[26452s] ℹ Page 2: 15 listings (29 total from Raleigh)
[26452s] ℹ Page 3 — https://www.bbb.org/us/nc/raleigh/category/heating-contractors?page=3
[26458s] ℹ Page 3: 14 listings (43 total from Raleigh)
[26458s] ℹ Page 4 — https://www.bbb.org/us/nc/raleigh/category/heating-contractors?page=4
[26465s] ℹ Page 4: 14 listings (57 total from Raleigh)
[26465s] ℹ Page 5 — https://www.bbb.org/us/nc/raleigh/category/heating-contractors?page=5
[26472s] ℹ Page 5: 11 listings (68 total from Raleigh)
[26472s] ✓ Completed Raleigh, NC: 68 leads
[26472s] ✓ BBB scrape complete — 68 total leads from 68 unique businesses
[26472s] hvac | Raleigh, NC: 4039 total leads
[26472s] 🔍 BBB search: category=electrician, cities=1
[26472s] 🔍 Searching BBB: electrical in Miami, FL
[26472s] ℹ Page 1 — https://www.bbb.org/us/fl/miami/category/electrician
[26479s] ✓ Found 990 results for Miami, FL (est. 66 pages)
[26479s] ℹ Page 1: 15 listings (15 total from Miami)
[26479s] ℹ Page 2 — https://www.bbb.org/us/fl/miami/category/electrician?page=2
[26489s] ℹ Page 2: 14 listings (29 total from Miami)
[26489s] ℹ Page 3 — https://www.bbb.org/us/fl/miami/category/electrician?page=3
[26495s] ℹ Page 3: 14 listings (43 total from Miami)
[26495s] ℹ Page 4 — https://www.bbb.org/us/fl/miami/category/electrician?page=4
[26501s] ℹ Page 4: 14 listings (57 total from Miami)
[26501s] ℹ Page 5 — https://www.bbb.org/us/fl/miami/category/electrician?page=5
[26507s] ℹ Page 5: 15 listings (72 total from Miami)
[26507s] ℹ Reached max pages limit (5) for Miami, FL
[26507s] ✓ BBB scrape complete — 72 total leads from 72 unique businesses
[26507s] electrical | Miami, FL: 4111 total leads
[26507s] 🔍 BBB search: category=electrician, cities=1
[26507s] 🔍 Searching BBB: electrical in Houston, TX
[26507s] ℹ Page 1 — https://www.bbb.org/us/tx/houston/category/electrician
[26513s] ✓ Found 1,462 results for Houston, TX (est. 98 pages)
[26513s] ℹ Page 1: 14 listings (14 total from Houston)
[26513s] ℹ Page 2 — https://www.bbb.org/us/tx/houston/category/electrician?page=2
[26519s] ℹ Page 2: 14 listings (28 total from Houston)
[26519s] ℹ Page 3 — https://www.bbb.org/us/tx/houston/category/electrician?page=3
[26525s] ℹ Page 3: 15 listings (43 total from Houston)
[26525s] ℹ Page 4 — https://www.bbb.org/us/tx/houston/category/electrician?page=4
[26549s] ✗ BBB request failed for Houston: Request timed out
[26549s] ⚠ Got 0 — backing off 30s (attempt 1/3)
[26579s] ℹ Page 4 — https://www.bbb.org/us/tx/houston/category/electrician?page=4
[26587s] ℹ Page 4: 14 listings (57 total from Houston)
[26587s] ℹ Page 5 — https://www.bbb.org/us/tx/houston/category/electrician?page=5
[26593s] ℹ Page 5: 13 listings (70 total from Houston)
[26593s] ℹ Reached max pages limit (5) for Houston, TX
[26593s] ✓ BBB scrape complete — 70 total leads from 70 unique businesses
[26592s] electrical | Houston, TX: 4181 total leads
[26593s] 🔍 BBB search: category=electrician, cities=1
[26593s] 🔍 Searching BBB: electrical in Dallas, TX
[26593s] ℹ Page 1 — https://www.bbb.org/us/tx/dallas/category/electrician
[26600s] ✓ Found 1,824 results for Dallas, TX (est. 122 pages)
[26600s] ℹ Page 1: 15 listings (15 total from Dallas)
[26600s] ℹ Page 2 — https://www.bbb.org/us/tx/dallas/category/electrician?page=2
[26606s] ℹ Page 2: 14 listings (29 total from Dallas)
[26606s] ℹ Page 3 — https://www.bbb.org/us/tx/dallas/category/electrician?page=3
[26615s] ℹ Page 3: 15 listings (44 total from Dallas)
[26615s] ℹ Page 4 — https://www.bbb.org/us/tx/dallas/category/electrician?page=4
[26624s] ℹ Page 4: 15 listings (59 total from Dallas)
[26624s] ℹ Page 5 — https://www.bbb.org/us/tx/dallas/category/electrician?page=5
[26633s] ℹ Page 5: 15 listings (74 total from Dallas)
[26633s] ℹ Reached max pages limit (5) for Dallas, TX
[26633s] ✓ BBB scrape complete — 74 total leads from 74 unique businesses
[26632s] electrical | Dallas, TX: 4255 total leads
[26633s] 🔍 BBB search: category=electrician, cities=1
[26633s] 🔍 Searching BBB: electrical in Atlanta, GA
[26633s] ℹ Page 1 — https://www.bbb.org/us/ga/atlanta/category/electrician
[26640s] ✓ Found 2,481 results for Atlanta, GA (est. 166 pages)
[26640s] ℹ Page 1: 15 listings (15 total from Atlanta)
[26640s] ℹ Page 2 — https://www.bbb.org/us/ga/atlanta/category/electrician?page=2
[26650s] ℹ Page 2: 14 listings (29 total from Atlanta)
[26650s] ℹ Page 3 — https://www.bbb.org/us/ga/atlanta/category/electrician?page=3
[26657s] ℹ Page 3: 13 listings (42 total from Atlanta)
[26657s] ℹ Page 4 — https://www.bbb.org/us/ga/atlanta/category/electrician?page=4
[26665s] ℹ Page 4: 15 listings (57 total from Atlanta)
[26665s] ℹ Page 5 — https://www.bbb.org/us/ga/atlanta/category/electrician?page=5
[26674s] ℹ Page 5: 15 listings (72 total from Atlanta)
[26674s] ℹ Reached max pages limit (5) for Atlanta, GA
[26674s] ✓ BBB scrape complete — 72 total leads from 72 unique businesses
[26673s] electrical | Atlanta, GA: 4327 total leads
[26674s] 🔍 BBB search: category=electrician, cities=1
[26674s] 🔍 Searching BBB: electrical in Phoenix, AZ
[26674s] ℹ Page 1 — https://www.bbb.org/us/az/phoenix/category/electrician
[26684s] ✓ Found 1,438 results for Phoenix, AZ (est. 96 pages)
[26684s] ℹ Page 1: 15 listings (15 total from Phoenix)
[26684s] ℹ Page 2 — https://www.bbb.org/us/az/phoenix/category/electrician?page=2
[26696s] ℹ Page 2: 14 listings (29 total from Phoenix)
[26696s] ℹ Page 3 — https://www.bbb.org/us/az/phoenix/category/electrician?page=3
[26705s] ℹ Page 3: 14 listings (43 total from Phoenix)
[26705s] ℹ Page 4 — https://www.bbb.org/us/az/phoenix/category/electrician?page=4
[26714s] ℹ Page 4: 15 listings (58 total from Phoenix)
[26714s] ℹ Page 5 — https://www.bbb.org/us/az/phoenix/category/electrician?page=5
[26720s] ℹ Page 5: 15 listings (73 total from Phoenix)
[26720s] ℹ Reached max pages limit (5) for Phoenix, AZ
[26720s] ✓ BBB scrape complete — 73 total leads from 73 unique businesses
[26720s] electrical | Phoenix, AZ: 4400 total leads
[26720s] 🔍 BBB search: category=electrician, cities=1
[26720s] 🔍 Searching BBB: electrical in Tampa, FL
[26720s] ℹ Page 1 — https://www.bbb.org/us/fl/tampa/category/electrician
[26726s] ✓ Found 2,405 results for Tampa, FL (est. 161 pages)
[26726s] ℹ Page 1: 14 listings (14 total from Tampa)
[26726s] ℹ Page 2 — https://www.bbb.org/us/fl/tampa/category/electrician?page=2
[26732s] ℹ Page 2: 15 listings (29 total from Tampa)
[26732s] ℹ Page 3 — https://www.bbb.org/us/fl/tampa/category/electrician?page=3
[26741s] ℹ Page 3: 15 listings (44 total from Tampa)
[26741s] ℹ Page 4 — https://www.bbb.org/us/fl/tampa/category/electrician?page=4
[26749s] ℹ Page 4: 15 listings (59 total from Tampa)
[26749s] ℹ Page 5 — https://www.bbb.org/us/fl/tampa/category/electrician?page=5
[26757s] ℹ Page 5: 15 listings (74 total from Tampa)
[26757s] ℹ Reached max pages limit (5) for Tampa, FL
[26757s] ✓ BBB scrape complete — 74 total leads from 74 unique businesses
[26757s] electrical | Tampa, FL: 4474 total leads
[26757s] 🔍 BBB search: category=electrician, cities=1
[26757s] 🔍 Searching BBB: electrical in Orlando, FL
[26757s] ℹ Page 1 — https://www.bbb.org/us/fl/orlando/category/electrician
[26763s] ✓ Found 2,671 results for Orlando, FL (est. 179 pages)
[26763s] ℹ Page 1: 14 listings (14 total from Orlando)
[26763s] ℹ Page 2 — https://www.bbb.org/us/fl/orlando/category/electrician?page=2
[26771s] ℹ Page 2: 15 listings (29 total from Orlando)
[26771s] ℹ Page 3 — https://www.bbb.org/us/fl/orlando/category/electrician?page=3
[26779s] ℹ Page 3: 13 listings (42 total from Orlando)
[26779s] ℹ Page 4 — https://www.bbb.org/us/fl/orlando/category/electrician?page=4
[26786s] ℹ Page 4: 13 listings (55 total from Orlando)
[26786s] ℹ Page 5 — https://www.bbb.org/us/fl/orlando/category/electrician?page=5
[26792s] ℹ Page 5: 13 listings (68 total from Orlando)
[26792s] ℹ Reached max pages limit (5) for Orlando, FL
[26792s] ✓ BBB scrape complete — 68 total leads from 68 unique businesses
[26792s] electrical | Orlando, FL: 4542 total leads
[26792s] 🔍 BBB search: category=electrician, cities=1
[26792s] 🔍 Searching BBB: electrical in Charlotte, NC
[26792s] ℹ Page 1 — https://www.bbb.org/us/nc/charlotte/category/electrician
[26801s] ✓ Found 3,346 results for Charlotte, NC (est. 224 pages)
[26801s] ℹ Page 1: 15 listings (15 total from Charlotte)
[26801s] ℹ Page 2 — https://www.bbb.org/us/nc/charlotte/category/electrician?page=2
[26808s] ℹ Page 2: 14 listings (29 total from Charlotte)
[26808s] ℹ Page 3 — https://www.bbb.org/us/nc/charlotte/category/electrician?page=3
[26815s] ℹ Page 3: 15 listings (44 total from Charlotte)
[26815s] ℹ Page 4 — https://www.bbb.org/us/nc/charlotte/category/electrician?page=4
[26823s] ℹ Page 4: 15 listings (59 total from Charlotte)
[26823s] ℹ Page 5 — https://www.bbb.org/us/nc/charlotte/category/electrician?page=5
[26831s] ℹ Page 5: 15 listings (74 total from Charlotte)
[26831s] ℹ Reached max pages limit (5) for Charlotte, NC
[26831s] ✓ BBB scrape complete — 74 total leads from 74 unique businesses
[26831s] electrical | Charlotte, NC: 4616 total leads
[26831s] 🔍 BBB search: category=electrician, cities=1
[26831s] 🔍 Searching BBB: electrical in Denver, CO
[26831s] ℹ Page 1 — https://www.bbb.org/us/co/denver/category/electrician
[26837s] ✓ Found 1,919 results for Denver, CO (est. 128 pages)
[26837s] ℹ Page 1: 15 listings (15 total from Denver)
[26837s] ℹ Page 2 — https://www.bbb.org/us/co/denver/category/electrician?page=2
[26844s] ℹ Page 2: 15 listings (30 total from Denver)
[26844s] ℹ Page 3 — https://www.bbb.org/us/co/denver/category/electrician?page=3
[26854s] ℹ Page 3: 15 listings (45 total from Denver)
[26854s] ℹ Page 4 — https://www.bbb.org/us/co/denver/category/electrician?page=4
[26862s] ℹ Page 4: 15 listings (60 total from Denver)
[26862s] ℹ Page 5 — https://www.bbb.org/us/co/denver/category/electrician?page=5
[26873s] ℹ Page 5: 15 listings (75 total from Denver)
[26873s] ℹ Reached max pages limit (5) for Denver, CO
[26873s] ✓ BBB scrape complete — 75 total leads from 75 unique businesses
[26873s] electrical | Denver, CO: 4691 total leads
[26873s] 🔍 BBB search: category=electrician, cities=1
[26873s] 🔍 Searching BBB: electrical in Nashville, TN
[26873s] ℹ Page 1 — https://www.bbb.org/us/tn/nashville/category/electrician
[26894s] ✓ Found 1,864 results for Nashville, TN (est. 125 pages)
[26894s] ℹ Page 1: 11 listings (11 total from Nashville)
[26894s] ✓ Completed Nashville, TN: 11 leads
[26894s] ✓ BBB scrape complete — 11 total leads from 11 unique businesses
[26894s] electrical | Nashville, TN: 4702 total leads
[26894s] 🔍 BBB search: category=electrician, cities=1
[26894s] 🔍 Searching BBB: electrical in San Antonio, TX
[26894s] ℹ Page 1 — https://www.bbb.org/us/tx/san-antonio/category/electrician
[26901s] ✓ Found 1,138 results for San Antonio, TX (est. 76 pages)
[26901s] ℹ Page 1: 15 listings (15 total from San Antonio)
[26901s] ℹ Page 2 — https://www.bbb.org/us/tx/san-antonio/category/electrician?page=2
[26909s] ℹ Page 2: 14 listings (29 total from San Antonio)
[26909s] ℹ Page 3 — https://www.bbb.org/us/tx/san-antonio/category/electrician?page=3
[26919s] ℹ Page 3: 15 listings (44 total from San Antonio)
[26919s] ℹ Page 4 — https://www.bbb.org/us/tx/san-antonio/category/electrician?page=4
[26925s] ℹ Page 4: 15 listings (59 total from San Antonio)
[26925s] ℹ Page 5 — https://www.bbb.org/us/tx/san-antonio/category/electrician?page=5
[26935s] ℹ Page 5: 14 listings (73 total from San Antonio)
[26935s] ℹ Reached max pages limit (5) for San Antonio, TX
[26935s] ✓ BBB scrape complete — 73 total leads from 73 unique businesses
[26935s] electrical | San Antonio, TX: 4775 total leads
[26935s] 🔍 BBB search: category=electrician, cities=1
[26935s] 🔍 Searching BBB: electrical in Jacksonville, FL
[26935s] ℹ Page 1 — https://www.bbb.org/us/fl/jacksonville/category/electrician
[26945s] ✓ Found 1,619 results for Jacksonville, FL (est. 108 pages)
[26945s] ℹ Page 1: 13 listings (13 total from Jacksonville)
[26945s] ℹ Page 2 — https://www.bbb.org/us/fl/jacksonville/category/electrician?page=2
[26951s] ℹ Page 2: 14 listings (27 total from Jacksonville)
[26951s] ℹ Page 3 — https://www.bbb.org/us/fl/jacksonville/category/electrician?page=3
[26960s] ℹ Page 3: 14 listings (41 total from Jacksonville)
[26960s] ℹ Page 4 — https://www.bbb.org/us/fl/jacksonville/category/electrician?page=4
[26965s] ℹ Page 4: 13 listings (54 total from Jacksonville)
[26965s] ℹ Page 5 — https://www.bbb.org/us/fl/jacksonville/category/electrician?page=5
[26973s] ℹ Page 5: 14 listings (68 total from Jacksonville)
[26973s] ℹ Reached max pages limit (5) for Jacksonville, FL
[26973s] ✓ BBB scrape complete — 68 total leads from 68 unique businesses
[26973s] electrical | Jacksonville, FL: 4843 total leads
[26973s] 🔍 BBB search: category=electrician, cities=1
[26973s] 🔍 Searching BBB: electrical in Austin, TX
[26973s] ℹ Page 1 — https://www.bbb.org/us/tx/austin/category/electrician
[26988s] ✓ Found 1,706 results for Austin, TX (est. 114 pages)
[26988s] ℹ Page 1: 14 listings (14 total from Austin)
[26988s] ℹ Page 2 — https://www.bbb.org/us/tx/austin/category/electrician?page=2
[26996s] ℹ Page 2: 15 listings (29 total from Austin)
[26996s] ℹ Page 3 — https://www.bbb.org/us/tx/austin/category/electrician?page=3
[27004s] ℹ Page 3: 15 listings (44 total from Austin)
[27004s] ℹ Page 4 — https://www.bbb.org/us/tx/austin/category/electrician?page=4
[27013s] ℹ Page 4: 14 listings (58 total from Austin)
[27013s] ℹ Page 5 — https://www.bbb.org/us/tx/austin/category/electrician?page=5
[27021s] ℹ Page 5: 14 listings (72 total from Austin)
[27021s] ℹ Reached max pages limit (5) for Austin, TX
[27021s] ✓ BBB scrape complete — 72 total leads from 72 unique businesses
[27021s] electrical | Austin, TX: 4915 total leads
[27021s] 🔍 BBB search: category=electrician, cities=1
[27021s] 🔍 Searching BBB: electrical in Las Vegas, NV
[27021s] ℹ Page 1 — https://www.bbb.org/us/nv/las-vegas/category/electrician
[27029s] ✓ Found 383 results for Las Vegas, NV (est. 26 pages)
[27029s] ℹ Page 1: 15 listings (15 total from Las Vegas)
[27029s] ℹ Page 2 — https://www.bbb.org/us/nv/las-vegas/category/electrician?page=2
[27040s] ℹ Page 2: 15 listings (30 total from Las Vegas)
[27040s] ℹ Page 3 — https://www.bbb.org/us/nv/las-vegas/category/electrician?page=3
[27047s] ℹ Page 3: 14 listings (44 total from Las Vegas)
[27047s] ℹ Page 4 — https://www.bbb.org/us/nv/las-vegas/category/electrician?page=4
[27057s] ℹ Page 4: 14 listings (58 total from Las Vegas)
[27057s] ℹ Page 5 — https://www.bbb.org/us/nv/las-vegas/category/electrician?page=5
[27067s] ℹ Page 5: 15 listings (73 total from Las Vegas)
[27067s] ℹ Reached max pages limit (5) for Las Vegas, NV
[27067s] ✓ BBB scrape complete — 73 total leads from 73 unique businesses
[27067s] electrical | Las Vegas, NV: 4988 total leads
[27067s] 🔍 BBB search: category=electrician, cities=1
[27067s] 🔍 Searching BBB: electrical in Raleigh, NC
[27067s] ℹ Page 1 — https://www.bbb.org/us/nc/raleigh/category/electrician
[27089s] ✗ BBB request failed for Raleigh: Request timed out
[27089s] ⚠ Got 0 — backing off 30s (attempt 1/3)
[27119s] ℹ Page 1 — https://www.bbb.org/us/nc/raleigh/category/electrician
[27129s] ✓ Found 3,746 results for Raleigh, NC (est. 250 pages)
[27129s] ℹ Page 1: 13 listings (13 total from Raleigh)
[27129s] ℹ Page 2 — https://www.bbb.org/us/nc/raleigh/category/electrician?page=2
[27136s] ℹ Page 2: 15 listings (28 total from Raleigh)
[27136s] ℹ Page 3 — https://www.bbb.org/us/nc/raleigh/category/electrician?page=3
[27144s] ℹ Page 3: 15 listings (43 total from Raleigh)
[27144s] ℹ Page 4 — https://www.bbb.org/us/nc/raleigh/category/electrician?page=4
[27153s] ℹ Page 4: 14 listings (57 total from Raleigh)
[27153s] ℹ Page 5 — https://www.bbb.org/us/nc/raleigh/category/electrician?page=5
[27160s] ℹ Page 5: 13 listings (70 total from Raleigh)
[27160s] ℹ Reached max pages limit (5) for Raleigh, NC
[27160s] ✓ BBB scrape complete — 70 total leads from 70 unique businesses
[27160s] electrical | Raleigh, NC: 5058 total leads
[27160s] 🔍 BBB search: category=general-contractor, cities=1
[27160s] 🔍 Searching BBB: general contractor in Miami, FL
[27160s] ℹ Page 1 — https://www.bbb.org/us/fl/miami/category/general-contractor
[27166s] ✓ Found 4,444 results for Miami, FL (est. 297 pages)
[27166s] ℹ Page 1: 15 listings (15 total from Miami)
[27166s] ℹ Page 2 — https://www.bbb.org/us/fl/miami/category/general-contractor?page=2
[27176s] ℹ Page 2: 15 listings (30 total from Miami)
[27176s] ℹ Page 3 — https://www.bbb.org/us/fl/miami/category/general-contractor?page=3
[27182s] ℹ Page 3: 15 listings (45 total from Miami)
[27182s] ℹ Page 4 — https://www.bbb.org/us/fl/miami/category/general-contractor?page=4
[27188s] ℹ Page 4: 15 listings (60 total from Miami)
[27188s] ℹ Page 5 — https://www.bbb.org/us/fl/miami/category/general-contractor?page=5
[27195s] ℹ Page 5: 14 listings (74 total from Miami)
[27195s] ℹ Reached max pages limit (5) for Miami, FL
[27195s] ✓ BBB scrape complete — 74 total leads from 74 unique businesses
[27195s] general contractor | Miami, FL: 5132 total leads
[27195s] 🔍 BBB search: category=general-contractor, cities=1
[27195s] 🔍 Searching BBB: general contractor in Houston, TX
[27195s] ℹ Page 1 — https://www.bbb.org/us/tx/houston/category/general-contractor
[27205s] ✓ Found 4,022 results for Houston, TX (est. 269 pages)
[27205s] ℹ Page 1: 14 listings (14 total from Houston)
[27205s] ℹ Page 2 — https://www.bbb.org/us/tx/houston/category/general-contractor?page=2
[27210s] ℹ Page 2: 13 listings (27 total from Houston)
[27210s] ℹ Page 3 — https://www.bbb.org/us/tx/houston/category/general-contractor?page=3
[27221s] ℹ Page 3: 15 listings (42 total from Houston)
[27221s] ℹ Page 4 — https://www.bbb.org/us/tx/houston/category/general-contractor?page=4
[27226s] ℹ Page 4: 14 listings (56 total from Houston)
[27226s] ℹ Page 5 — https://www.bbb.org/us/tx/houston/category/general-contractor?page=5
[27234s] ℹ Page 5: 15 listings (71 total from Houston)
[27234s] ℹ Reached max pages limit (5) for Houston, TX
[27234s] ✓ BBB scrape complete — 71 total leads from 71 unique businesses
[27233s] general contractor | Houston, TX: 5203 total leads
[27234s] 🔍 BBB search: category=general-contractor, cities=1
[27234s] 🔍 Searching BBB: general contractor in Dallas, TX
[27234s] ℹ Page 1 — https://www.bbb.org/us/tx/dallas/category/general-contractor
[27244s] ✓ Found 5,663 results for Dallas, TX (est. 378 pages)
[27244s] ℹ Page 1: 15 listings (15 total from Dallas)
[27244s] ℹ Page 2 — https://www.bbb.org/us/tx/dallas/category/general-contractor?page=2
[27252s] ℹ Page 2: 15 listings (30 total from Dallas)
[27252s] ℹ Page 3 — https://www.bbb.org/us/tx/dallas/category/general-contractor?page=3
[27262s] ℹ Page 3: 13 listings (43 total from Dallas)
[27262s] ℹ Page 4 — https://www.bbb.org/us/tx/dallas/category/general-contractor?page=4
[27270s] ℹ Page 4: 15 listings (58 total from Dallas)
[27270s] ℹ Page 5 — https://www.bbb.org/us/tx/dallas/category/general-contractor?page=5
[27278s] ℹ Page 5: 15 listings (73 total from Dallas)
[27278s] ℹ Reached max pages limit (5) for Dallas, TX
[27278s] ✓ BBB scrape complete — 73 total leads from 73 unique businesses
[27278s] general contractor | Dallas, TX: 5276 total leads
[27278s] 🔍 BBB search: category=general-contractor, cities=1
[27278s] 🔍 Searching BBB: general contractor in Atlanta, GA
[27278s] ℹ Page 1 — https://www.bbb.org/us/ga/atlanta/category/general-contractor
[27285s] ✓ Found 9,975 results for Atlanta, GA (est. 665 pages)
[27285s] ℹ Page 1: 14 listings (14 total from Atlanta)
[27285s] ℹ Page 2 — https://www.bbb.org/us/ga/atlanta/category/general-contractor?page=2
[27291s] ℹ Page 2: 15 listings (29 total from Atlanta)
[27291s] ℹ Page 3 — https://www.bbb.org/us/ga/atlanta/category/general-contractor?page=3
[27297s] ℹ Page 3: 14 listings (43 total from Atlanta)
[27297s] ℹ Page 4 — https://www.bbb.org/us/ga/atlanta/category/general-contractor?page=4
[27303s] ℹ Page 4: 15 listings (58 total from Atlanta)
[27303s] ℹ Page 5 — https://www.bbb.org/us/ga/atlanta/category/general-contractor?page=5
[27313s] ℹ Page 5: 15 listings (73 total from Atlanta)
[27313s] ℹ Reached max pages limit (5) for Atlanta, GA
[27313s] ✓ BBB scrape complete — 73 total leads from 73 unique businesses
[27313s] general contractor | Atlanta, GA: 5349 total leads
[27313s] 🔍 BBB search: category=general-contractor, cities=1
[27313s] 🔍 Searching BBB: general contractor in Phoenix, AZ
[27313s] ℹ Page 1 — https://www.bbb.org/us/az/phoenix/category/general-contractor
[27319s] ✓ Found 7,617 results for Phoenix, AZ (est. 508 pages)
[27319s] ℹ Page 1: 14 listings (14 total from Phoenix)
[27319s] ℹ Page 2 — https://www.bbb.org/us/az/phoenix/category/general-contractor?page=2
[27328s] ℹ Page 2: 15 listings (29 total from Phoenix)
[27328s] ℹ Page 3 — https://www.bbb.org/us/az/phoenix/category/general-contractor?page=3
[27337s] ℹ Page 3: 14 listings (43 total from Phoenix)
[27337s] ℹ Page 4 — https://www.bbb.org/us/az/phoenix/category/general-contractor?page=4
[27344s] ℹ Page 4: 15 listings (58 total from Phoenix)
[27344s] ℹ Page 5 — https://www.bbb.org/us/az/phoenix/category/general-contractor?page=5
[27354s] ℹ Page 5: 15 listings (73 total from Phoenix)
[27354s] ℹ Reached max pages limit (5) for Phoenix, AZ
[27354s] ✓ BBB scrape complete — 73 total leads from 73 unique businesses
[27353s] general contractor | Phoenix, AZ: 5422 total leads
[27354s] 🔍 BBB search: category=general-contractor, cities=1
[27354s] 🔍 Searching BBB: general contractor in Tampa, FL
[27354s] ℹ Page 1 — https://www.bbb.org/us/fl/tampa/category/general-contractor
[27361s] ✓ Found 6,006 results for Tampa, FL (est. 401 pages)
[27361s] ℹ Page 1: 15 listings (15 total from Tampa)
[27361s] ℹ Page 2 — https://www.bbb.org/us/fl/tampa/category/general-contractor?page=2
[27369s] ℹ Page 2: 15 listings (30 total from Tampa)
[27369s] ℹ Page 3 — https://www.bbb.org/us/fl/tampa/category/general-contractor?page=3
[27376s] ℹ Page 3: 15 listings (45 total from Tampa)
[27376s] ℹ Page 4 — https://www.bbb.org/us/fl/tampa/category/general-contractor?page=4
[27386s] ℹ Page 4: 15 listings (60 total from Tampa)
[27386s] ℹ Page 5 — https://www.bbb.org/us/fl/tampa/category/general-contractor?page=5
[27394s] ℹ Page 5: 15 listings (75 total from Tampa)
[27394s] ℹ Reached max pages limit (5) for Tampa, FL
[27394s] ✓ BBB scrape complete — 75 total leads from 75 unique businesses
[27393s] general contractor | Tampa, FL: 5497 total leads
[27394s] 🔍 BBB search: category=general-contractor, cities=1
[27394s] 🔍 Searching BBB: general contractor in Orlando, FL
[27394s] ℹ Page 1 — https://www.bbb.org/us/fl/orlando/category/general-contractor
[27416s] ✗ BBB request failed for Orlando: Request timed out
[27416s] ⚠ Got 0 — backing off 30s (attempt 1/3)
[27446s] ℹ Page 1 — https://www.bbb.org/us/fl/orlando/category/general-contractor
[27453s] ✓ Found 6,952 results for Orlando, FL (est. 464 pages)
[27453s] ℹ Page 1: 14 listings (14 total from Orlando)
[27453s] ℹ Page 2 — https://www.bbb.org/us/fl/orlando/category/general-contractor?page=2
[27460s] ℹ Page 2: 14 listings (28 total from Orlando)
[27460s] ℹ Page 3 — https://www.bbb.org/us/fl/orlando/category/general-contractor?page=3
[27467s] ℹ Page 3: 15 listings (43 total from Orlando)
[27467s] ℹ Page 4 — https://www.bbb.org/us/fl/orlando/category/general-contractor?page=4
[27476s] ℹ Page 4: 14 listings (57 total from Orlando)
[27476s] ℹ Page 5 — https://www.bbb.org/us/fl/orlando/category/general-contractor?page=5
[27483s] ℹ Page 5: 15 listings (72 total from Orlando)
[27483s] ℹ Reached max pages limit (5) for Orlando, FL
[27483s] ✓ BBB scrape complete — 72 total leads from 72 unique businesses
[27483s] general contractor | Orlando, FL: 5569 total leads
[27483s] 🔍 BBB search: category=general-contractor, cities=1
[27483s] 🔍 Searching BBB: general contractor in Charlotte, NC
[27483s] ℹ Page 1 — https://www.bbb.org/us/nc/charlotte/category/general-contractor
[27493s] ✓ Found 7,759 results for Charlotte, NC (est. 518 pages)
[27493s] ℹ Page 1: 15 listings (15 total from Charlotte)
[27493s] ℹ Page 2 — https://www.bbb.org/us/nc/charlotte/category/general-contractor?page=2
[27503s] ℹ Page 2: 14 listings (29 total from Charlotte)
[27503s] ℹ Page 3 — https://www.bbb.org/us/nc/charlotte/category/general-contractor?page=3
[27510s] ℹ Page 3: 15 listings (44 total from Charlotte)
[27510s] ℹ Page 4 — https://www.bbb.org/us/nc/charlotte/category/general-contractor?page=4
[27519s] ℹ Page 4: 14 listings (58 total from Charlotte)
[27519s] ℹ Page 5 — https://www.bbb.org/us/nc/charlotte/category/general-contractor?page=5
[27524s] ℹ Page 5: 15 listings (73 total from Charlotte)
[27524s] ℹ Reached max pages limit (5) for Charlotte, NC
[27524s] ✓ BBB scrape complete — 73 total leads from 73 unique businesses
[27524s] general contractor | Charlotte, NC: 5642 total leads
[27524s] 🔍 BBB search: category=general-contractor, cities=1
[27524s] 🔍 Searching BBB: general contractor in Denver, CO
[27524s] ℹ Page 1 — https://www.bbb.org/us/co/denver/category/general-contractor
[27532s] ✓ Found 3,293 results for Denver, CO (est. 220 pages)
[27532s] ℹ Page 1: 13 listings (13 total from Denver)
[27532s] ℹ Page 2 — https://www.bbb.org/us/co/denver/category/general-contractor?page=2
[27538s] ℹ Page 2: 15 listings (28 total from Denver)
[27538s] ℹ Page 3 — https://www.bbb.org/us/co/denver/category/general-contractor?page=3
[27545s] ℹ Page 3: 15 listings (43 total from Denver)
[27545s] ℹ Page 4 — https://www.bbb.org/us/co/denver/category/general-contractor?page=4
[27554s] ℹ Page 4: 15 listings (58 total from Denver)
[27554s] ℹ Page 5 — https://www.bbb.org/us/co/denver/category/general-contractor?page=5
[27562s] ℹ Page 5: 14 listings (72 total from Denver)
[27562s] ℹ Reached max pages limit (5) for Denver, CO
[27562s] ✓ BBB scrape complete — 72 total leads from 72 unique businesses
[27562s] general contractor | Denver, CO: 5714 total leads
[27562s] 🔍 BBB search: category=general-contractor, cities=1
[27562s] 🔍 Searching BBB: general contractor in Nashville, TN
[27562s] ℹ Page 1 — https://www.bbb.org/us/tn/nashville/category/general-contractor
[27571s] ✓ Found 4,126 results for Nashville, TN (est. 276 pages)
[27571s] ℹ Page 1: 14 listings (14 total from Nashville)
[27571s] ℹ Page 2 — https://www.bbb.org/us/tn/nashville/category/general-contractor?page=2
[27579s] ℹ Page 2: 13 listings (27 total from Nashville)
[27579s] ℹ Page 3 — https://www.bbb.org/us/tn/nashville/category/general-contractor?page=3
[27589s] ℹ Page 3: 13 listings (40 total from Nashville)
[27589s] ℹ Page 4 — https://www.bbb.org/us/tn/nashville/category/general-contractor?page=4
[27597s] ℹ Page 4: 14 listings (54 total from Nashville)
[27597s] ℹ Page 5 — https://www.bbb.org/us/tn/nashville/category/general-contractor?page=5
[27614s] ℹ Page 5: 14 listings (68 total from Nashville)
[27614s] ℹ Reached max pages limit (5) for Nashville, TN
[27614s] ✓ BBB scrape complete — 68 total leads from 68 unique businesses
[27614s] general contractor | Nashville, TN: 5782 total leads
[27614s] 🔍 BBB search: category=general-contractor, cities=1
[27614s] 🔍 Searching BBB: general contractor in San Antonio, TX
[27614s] ℹ Page 1 — https://www.bbb.org/us/tx/san-antonio/category/general-contractor
[27620s] ✓ Found 2,816 results for San Antonio, TX (est. 188 pages)
[27620s] ℹ Page 1: 14 listings (14 total from San Antonio)
[27620s] ℹ Page 2 — https://www.bbb.org/us/tx/san-antonio/category/general-contractor?page=2
[27629s] ℹ Page 2: 15 listings (29 total from San Antonio)
[27629s] ℹ Page 3 — https://www.bbb.org/us/tx/san-antonio/category/general-contractor?page=3
[27654s] ✗ BBB request failed for San Antonio: Request timed out
[27654s] ⚠ Got 0 — backing off 30s (attempt 1/3)
[27684s] ℹ Page 3 — https://www.bbb.org/us/tx/san-antonio/category/general-contractor?page=3
[27693s] ℹ Page 3: 15 listings (44 total from San Antonio)
[27693s] ℹ Page 4 — https://www.bbb.org/us/tx/san-antonio/category/general-contractor?page=4
[27702s] ℹ Page 4: 15 listings (59 total from San Antonio)
[27702s] ℹ Page 5 — https://www.bbb.org/us/tx/san-antonio/category/general-contractor?page=5
[27709s] ℹ Page 5: 14 listings (73 total from San Antonio)
[27709s] ℹ Reached max pages limit (5) for San Antonio, TX
[27709s] ✓ BBB scrape complete — 73 total leads from 73 unique businesses
[27708s] general contractor | San Antonio, TX: 5855 total leads
[27709s] 🔍 BBB search: category=general-contractor, cities=1
[27709s] 🔍 Searching BBB: general contractor in Jacksonville, FL
[27709s] ℹ Page 1 — https://www.bbb.org/us/fl/jacksonville/category/general-contractor
[27723s] ✓ Found 4,139 results for Jacksonville, FL (est. 276 pages)
[27723s] ℹ Page 1: 14 listings (14 total from Jacksonville)
[27723s] ℹ Page 2 — https://www.bbb.org/us/fl/jacksonville/category/general-contractor?page=2
[27733s] ℹ Page 2: 15 listings (29 total from Jacksonville)
[27733s] ℹ Page 3 — https://www.bbb.org/us/fl/jacksonville/category/general-contractor?page=3
[27756s] ✗ BBB request failed for Jacksonville: Request timed out
[27756s] ⚠ Got 0 — backing off 30s (attempt 1/3)
[27786s] ℹ Page 3 — https://www.bbb.org/us/fl/jacksonville/category/general-contractor?page=3
[27792s] ℹ Page 3: 15 listings (44 total from Jacksonville)
[27792s] ℹ Page 4 — https://www.bbb.org/us/fl/jacksonville/category/general-contractor?page=4
[27802s] ℹ Page 4: 13 listings (57 total from Jacksonville)
[27802s] ℹ Page 5 — https://www.bbb.org/us/fl/jacksonville/category/general-contractor?page=5
[27809s] ℹ Page 5: 13 listings (70 total from Jacksonville)
[27809s] ℹ Reached max pages limit (5) for Jacksonville, FL
[27809s] ✓ BBB scrape complete — 70 total leads from 70 unique businesses
[27809s] general contractor | Jacksonville, FL: 5925 total leads
[27809s] 🔍 BBB search: category=general-contractor, cities=1
[27809s] 🔍 Searching BBB: general contractor in Austin, TX
[27809s] ℹ Page 1 — https://www.bbb.org/us/tx/austin/category/general-contractor
[27816s] ✓ Found 4,703 results for Austin, TX (est. 314 pages)
[27816s] ℹ Page 1: 14 listings (14 total from Austin)
[27816s] ℹ Page 2 — https://www.bbb.org/us/tx/austin/category/general-contractor?page=2
[27839s] ℹ Page 2: 15 listings (29 total from Austin)
[27839s] ℹ Page 3 — https://www.bbb.org/us/tx/austin/category/general-contractor?page=3
[27856s] ℹ Page 3: 15 listings (44 total from Austin)
[27856s] ℹ Page 4 — https://www.bbb.org/us/tx/austin/category/general-contractor?page=4
[27866s] ℹ Page 4: 15 listings (59 total from Austin)
[27866s] ℹ Page 5 — https://www.bbb.org/us/tx/austin/category/general-contractor?page=5
[27871s] ℹ Page 5: 15 listings (74 total from Austin)
[27871s] ℹ Reached max pages limit (5) for Austin, TX
[27871s] ✓ BBB scrape complete — 74 total leads from 74 unique businesses
[27871s] general contractor | Austin, TX: 5999 total leads
[27871s] 🔍 BBB search: category=general-contractor, cities=1
[27871s] 🔍 Searching BBB: general contractor in Las Vegas, NV
[27871s] ℹ Page 1 — https://www.bbb.org/us/nv/las-vegas/category/general-contractor
[27877s] ✓ Found 1,565 results for Las Vegas, NV (est. 105 pages)
[27877s] ℹ Page 1: 15 listings (15 total from Las Vegas)
[27877s] ℹ Page 2 — https://www.bbb.org/us/nv/las-vegas/category/general-contractor?page=2
[27888s] ℹ Page 2: 15 listings (30 total from Las Vegas)
[27888s] ℹ Page 3 — https://www.bbb.org/us/nv/las-vegas/category/general-contractor?page=3
[27897s] ℹ Page 3: 15 listings (45 total from Las Vegas)
[27897s] ℹ Page 4 — https://www.bbb.org/us/nv/las-vegas/category/general-contractor?page=4
[27906s] ℹ Page 4: 15 listings (60 total from Las Vegas)
[27906s] ℹ Page 5 — https://www.bbb.org/us/nv/las-vegas/category/general-contractor?page=5
[27914s] ℹ Page 5: 14 listings (74 total from Las Vegas)
[27914s] ℹ Reached max pages limit (5) for Las Vegas, NV
[27914s] ✓ BBB scrape complete — 74 total leads from 74 unique businesses
[27914s] general contractor | Las Vegas, NV: 6073 total leads
[27914s] 🔍 BBB search: category=general-contractor, cities=1
[27914s] 🔍 Searching BBB: general contractor in Raleigh, NC
[27914s] ℹ Page 1 — https://www.bbb.org/us/nc/raleigh/category/general-contractor
[27923s] ✓ Found 7,904 results for Raleigh, NC (est. 527 pages)
[27923s] ℹ Page 1: 15 listings (15 total from Raleigh)
[27923s] ℹ Page 2 — https://www.bbb.org/us/nc/raleigh/category/general-contractor?page=2
[27932s] ℹ Page 2: 15 listings (30 total from Raleigh)
[27932s] ℹ Page 3 — https://www.bbb.org/us/nc/raleigh/category/general-contractor?page=3
[27938s] ℹ Page 3: 15 listings (45 total from Raleigh)
[27938s] ℹ Page 4 — https://www.bbb.org/us/nc/raleigh/category/general-contractor?page=4
[27948s] ℹ Page 4: 15 listings (60 total from Raleigh)
[27948s] ℹ Page 5 — https://www.bbb.org/us/nc/raleigh/category/general-contractor?page=5
[27954s] ℹ Page 5: 11 listings (71 total from Raleigh)
[27954s] ✓ Completed Raleigh, NC: 71 leads
[27954s] ✓ BBB scrape complete — 71 total leads from 71 unique businesses
[27954s] general contractor | Raleigh, NC: 6144 total leads
[27954s] 🔍 BBB search: category=landscape-contractors, cities=1
[27954s] 🔍 Searching BBB: landscaping in Miami, FL
[27954s] ℹ Page 1 — https://www.bbb.org/us/fl/miami/category/landscape-contractors
[27961s] ✓ Found 749 results for Miami, FL (est. 50 pages)
[27961s] ℹ Page 1: 15 listings (15 total from Miami)
[27961s] ℹ Page 2 — https://www.bbb.org/us/fl/miami/category/landscape-contractors?page=2
[27966s] ℹ Page 2: 15 listings (30 total from Miami)
[27966s] ℹ Page 3 — https://www.bbb.org/us/fl/miami/category/landscape-contractors?page=3
[27973s] ℹ Page 3: 14 listings (44 total from Miami)
[27973s] ℹ Page 4 — https://www.bbb.org/us/fl/miami/category/landscape-contractors?page=4
[27980s] ℹ Page 4: 14 listings (58 total from Miami)
[27980s] ℹ Page 5 — https://www.bbb.org/us/fl/miami/category/landscape-contractors?page=5
[27990s] ℹ Page 5: 14 listings (72 total from Miami)
[27990s] ℹ Reached max pages limit (5) for Miami, FL
[27990s] ✓ BBB scrape complete — 72 total leads from 72 unique businesses
[27990s] landscaping | Miami, FL: 6216 total leads
[27990s] 🔍 BBB search: category=landscape-contractors, cities=1
[27990s] 🔍 Searching BBB: landscaping in Houston, TX
[27990s] ℹ Page 1 — https://www.bbb.org/us/tx/houston/category/landscape-contractors
[27998s] ✓ Found 1,646 results for Houston, TX (est. 110 pages)
[27998s] ℹ Page 1: 14 listings (14 total from Houston)
[27998s] ℹ Page 2 — https://www.bbb.org/us/tx/houston/category/landscape-contractors?page=2
[28007s] ℹ Page 2: 14 listings (28 total from Houston)
[28007s] ℹ Page 3 — https://www.bbb.org/us/tx/houston/category/landscape-contractors?page=3
[28027s] ✗ BBB request failed for Houston: Request timed out
[28027s] ⚠ Got 0 — backing off 30s (attempt 1/3)
[28057s] ℹ Page 3 — https://www.bbb.org/us/tx/houston/category/landscape-contractors?page=3
[28067s] ℹ Page 3: 14 listings (42 total from Houston)
[28067s] ℹ Page 4 — https://www.bbb.org/us/tx/houston/category/landscape-contractors?page=4
[28076s] ℹ Page 4: 15 listings (57 total from Houston)
[28076s] ℹ Page 5 — https://www.bbb.org/us/tx/houston/category/landscape-contractors?page=5
[28083s] ℹ Page 5: 13 listings (70 total from Houston)
[28083s] ℹ Reached max pages limit (5) for Houston, TX
[28083s] ✓ BBB scrape complete — 70 total leads from 70 unique businesses
[28082s] landscaping | Houston, TX: 6286 total leads
[28083s] 🔍 BBB search: category=landscape-contractors, cities=1
[28083s] 🔍 Searching BBB: landscaping in Dallas, TX
[28083s] ℹ Page 1 — https://www.bbb.org/us/tx/dallas/category/landscape-contractors
[28090s] ✓ Found 2,228 results for Dallas, TX (est. 149 pages)
[28090s] ℹ Page 1: 15 listings (15 total from Dallas)
[28090s] ℹ Page 2 — https://www.bbb.org/us/tx/dallas/category/landscape-contractors?page=2
[28105s] ℹ Page 2: 14 listings (29 total from Dallas)
[28105s] ℹ Page 3 — https://www.bbb.org/us/tx/dallas/category/landscape-contractors?page=3
[28114s] ℹ Page 3: 14 listings (43 total from Dallas)
[28114s] ℹ Page 4 — https://www.bbb.org/us/tx/dallas/category/landscape-contractors?page=4
[28121s] ℹ Page 4: 15 listings (58 total from Dallas)
[28121s] ℹ Page 5 — https://www.bbb.org/us/tx/dallas/category/landscape-contractors?page=5
[28127s] ℹ Page 5: 14 listings (72 total from Dallas)
[28127s] ℹ Reached max pages limit (5) for Dallas, TX
[28127s] ✓ BBB scrape complete — 72 total leads from 72 unique businesses
[28127s] landscaping | Dallas, TX: 6358 total leads
[28127s] 🔍 BBB search: category=landscape-contractors, cities=1
[28127s] 🔍 Searching BBB: landscaping in Atlanta, GA
[28127s] ℹ Page 1 — https://www.bbb.org/us/ga/atlanta/category/landscape-contractors
[28138s] ✓ Found 4,745 results for Atlanta, GA (est. 317 pages)
[28138s] ℹ Page 1: 14 listings (14 total from Atlanta)
[28138s] ℹ Page 2 — https://www.bbb.org/us/ga/atlanta/category/landscape-contractors?page=2
[28150s] ℹ Page 2: 15 listings (29 total from Atlanta)
[28150s] ℹ Page 3 — https://www.bbb.org/us/ga/atlanta/category/landscape-contractors?page=3
[28160s] ℹ Page 3: 12 listings (41 total from Atlanta)
[28160s] ✓ Completed Atlanta, GA: 41 leads
[28160s] ✓ BBB scrape complete — 41 total leads from 41 unique businesses
[28160s] landscaping | Atlanta, GA: 6399 total leads
[28160s] 🔍 BBB search: category=landscape-contractors, cities=1
[28160s] 🔍 Searching BBB: landscaping in Phoenix, AZ
[28160s] ℹ Page 1 — https://www.bbb.org/us/az/phoenix/category/landscape-contractors
[28166s] ✓ Found 2,187 results for Phoenix, AZ (est. 146 pages)
[28166s] ℹ Page 1: 13 listings (13 total from Phoenix)
[28166s] ℹ Page 2 — https://www.bbb.org/us/az/phoenix/category/landscape-contractors?page=2
[28175s] ℹ Page 2: 15 listings (28 total from Phoenix)
[28175s] ℹ Page 3 — https://www.bbb.org/us/az/phoenix/category/landscape-contractors?page=3
[28187s] ℹ Page 3: 15 listings (43 total from Phoenix)
[28187s] ℹ Page 4 — https://www.bbb.org/us/az/phoenix/category/landscape-contractors?page=4
[28193s] ℹ Page 4: 15 listings (58 total from Phoenix)
[28193s] ℹ Page 5 — https://www.bbb.org/us/az/phoenix/category/landscape-contractors?page=5
[28203s] ℹ Page 5: 15 listings (73 total from Phoenix)
[28203s] ℹ Reached max pages limit (5) for Phoenix, AZ
[28203s] ✓ BBB scrape complete — 73 total leads from 73 unique businesses
[28203s] landscaping | Phoenix, AZ: 6472 total leads
[28203s] 🔍 BBB search: category=landscape-contractors, cities=1
[28203s] 🔍 Searching BBB: landscaping in Tampa, FL
[28203s] ℹ Page 1 — https://www.bbb.org/us/fl/tampa/category/landscape-contractors
[28209s] ✓ Found 3,695 results for Tampa, FL (est. 247 pages)
[28209s] ℹ Page 1: 14 listings (14 total from Tampa)
[28209s] ℹ Page 2 — https://www.bbb.org/us/fl/tampa/category/landscape-contractors?page=2
[28216s] ℹ Page 2: 14 listings (28 total from Tampa)
[28216s] ℹ Page 3 — https://www.bbb.org/us/fl/tampa/category/landscape-contractors?page=3
[28222s] ℹ Page 3: 15 listings (43 total from Tampa)
[28222s] ℹ Page 4 — https://www.bbb.org/us/fl/tampa/category/landscape-contractors?page=4
[28230s] ℹ Page 4: 15 listings (58 total from Tampa)
[28230s] ℹ Page 5 — https://www.bbb.org/us/fl/tampa/category/landscape-contractors?page=5
[28239s] ℹ Page 5: 15 listings (73 total from Tampa)
[28239s] ℹ Reached max pages limit (5) for Tampa, FL
[28239s] ✓ BBB scrape complete — 73 total leads from 73 unique businesses
[28239s] landscaping | Tampa, FL: 6545 total leads
[28239s] 🔍 BBB search: category=landscape-contractors, cities=1
[28239s] 🔍 Searching BBB: landscaping in Orlando, FL
[28239s] ℹ Page 1 — https://www.bbb.org/us/fl/orlando/category/landscape-contractors
[28245s] ✓ Found 4,026 results for Orlando, FL (est. 269 pages)
[28245s] ℹ Page 1: 13 listings (13 total from Orlando)
[28245s] ℹ Page 2 — https://www.bbb.org/us/fl/orlando/category/landscape-contractors?page=2
[28251s] ℹ Page 2: 15 listings (28 total from Orlando)
[28251s] ℹ Page 3 — https://www.bbb.org/us/fl/orlando/category/landscape-contractors?page=3
[28259s] ℹ Page 3: 15 listings (43 total from Orlando)
[28259s] ℹ Page 4 — https://www.bbb.org/us/fl/orlando/category/landscape-contractors?page=4
[28269s] ℹ Page 4: 15 listings (58 total from Orlando)
[28269s] ℹ Page 5 — https://www.bbb.org/us/fl/orlando/category/landscape-contractors?page=5
[28283s] ℹ Page 5: 13 listings (71 total from Orlando)
[28283s] ℹ Reached max pages limit (5) for Orlando, FL
[28283s] ✓ BBB scrape complete — 71 total leads from 71 unique businesses
[28283s] landscaping | Orlando, FL: 6616 total leads
[28283s] 🔍 BBB search: category=landscape-contractors, cities=1
[28283s] 🔍 Searching BBB: landscaping in Charlotte, NC
[28283s] ℹ Page 1 — https://www.bbb.org/us/nc/charlotte/category/landscape-contractors
[28290s] ✓ Found 2,289 results for Charlotte, NC (est. 153 pages)
[28290s] ℹ Page 1: 11 listings (11 total from Charlotte)
[28290s] ✓ Completed Charlotte, NC: 11 leads
[28290s] ✓ BBB scrape complete — 11 total leads from 11 unique businesses
[28290s] landscaping | Charlotte, NC: 6627 total leads
[28290s] 🔍 BBB search: category=landscape-contractors, cities=1
[28290s] 🔍 Searching BBB: landscaping in Denver, CO
[28290s] ℹ Page 1 — https://www.bbb.org/us/co/denver/category/landscape-contractors
[28298s] ✓ Found 2,158 results for Denver, CO (est. 144 pages)
[28298s] ℹ Page 1: 15 listings (15 total from Denver)
[28298s] ℹ Page 2 — https://www.bbb.org/us/co/denver/category/landscape-contractors?page=2
[28307s] ℹ Page 2: 15 listings (30 total from Denver)
[28307s] ℹ Page 3 — https://www.bbb.org/us/co/denver/category/landscape-contractors?page=3
[28316s] ℹ Page 3: 14 listings (44 total from Denver)
[28316s] ℹ Page 4 — https://www.bbb.org/us/co/denver/category/landscape-contractors?page=4
[28326s] ℹ Page 4: 14 listings (58 total from Denver)
[28326s] ℹ Page 5 — https://www.bbb.org/us/co/denver/category/landscape-contractors?page=5
[28335s] ℹ Page 5: 15 listings (73 total from Denver)
[28335s] ℹ Reached max pages limit (5) for Denver, CO
[28335s] ✓ BBB scrape complete — 73 total leads from 73 unique businesses
[28335s] landscaping | Denver, CO: 6700 total leads
[28335s] 🔍 BBB search: category=landscape-contractors, cities=1
[28335s] 🔍 Searching BBB: landscaping in Nashville, TN
[28335s] ℹ Page 1 — https://www.bbb.org/us/tn/nashville/category/landscape-contractors
[28345s] ✓ Found 2,017 results for Nashville, TN (est. 135 pages)
[28345s] ℹ Page 1: 12 listings (12 total from Nashville)
[28345s] ✓ Completed Nashville, TN: 12 leads
[28345s] ✓ BBB scrape complete — 12 total leads from 12 unique businesses
[28345s] landscaping | Nashville, TN: 6712 total leads
[28345s] 🔍 BBB search: category=landscape-contractors, cities=1
[28345s] 🔍 Searching BBB: landscaping in San Antonio, TX
[28345s] ℹ Page 1 — https://www.bbb.org/us/tx/san-antonio/category/landscape-contractors
[28354s] ✓ Found 1,516 results for San Antonio, TX (est. 102 pages)
[28354s] ℹ Page 1: 15 listings (15 total from San Antonio)
[28354s] ℹ Page 2 — https://www.bbb.org/us/tx/san-antonio/category/landscape-contractors?page=2
[28363s] ℹ Page 2: 14 listings (29 total from San Antonio)
[28363s] ℹ Page 3 — https://www.bbb.org/us/tx/san-antonio/category/landscape-contractors?page=3
[28371s] ℹ Page 3: 15 listings (44 total from San Antonio)
[28371s] ℹ Page 4 — https://www.bbb.org/us/tx/san-antonio/category/landscape-contractors?page=4
[28378s] ℹ Page 4: 14 listings (58 total from San Antonio)
[28378s] ℹ Page 5 — https://www.bbb.org/us/tx/san-antonio/category/landscape-contractors?page=5
[28387s] ℹ Page 5: 14 listings (72 total from San Antonio)
[28387s] ℹ Reached max pages limit (5) for San Antonio, TX
[28387s] ✓ BBB scrape complete — 72 total leads from 72 unique businesses
[28386s] landscaping | San Antonio, TX: 6784 total leads
[28387s] 🔍 BBB search: category=landscape-contractors, cities=1
[28387s] 🔍 Searching BBB: landscaping in Jacksonville, FL
[28387s] ℹ Page 1 — https://www.bbb.org/us/fl/jacksonville/category/landscape-contractors
[28397s] ✓ Found 3,241 results for Jacksonville, FL (est. 217 pages)
[28397s] ℹ Page 1: 15 listings (15 total from Jacksonville)
[28397s] ℹ Page 2 — https://www.bbb.org/us/fl/jacksonville/category/landscape-contractors?page=2
[28406s] ℹ Page 2: 15 listings (30 total from Jacksonville)
[28406s] ℹ Page 3 — https://www.bbb.org/us/fl/jacksonville/category/landscape-contractors?page=3
[28415s] ℹ Page 3: 15 listings (45 total from Jacksonville)
[28415s] ℹ Page 4 — https://www.bbb.org/us/fl/jacksonville/category/landscape-contractors?page=4
[28424s] ℹ Page 4: 15 listings (60 total from Jacksonville)
[28424s] ℹ Page 5 — https://www.bbb.org/us/fl/jacksonville/category/landscape-contractors?page=5
[28435s] ℹ Page 5: 12 listings (72 total from Jacksonville)
[28435s] ✓ Completed Jacksonville, FL: 72 leads
[28435s] ✓ BBB scrape complete — 72 total leads from 72 unique businesses
[28434s] landscaping | Jacksonville, FL: 6856 total leads
[28435s] 🔍 BBB search: category=landscape-contractors, cities=1
[28435s] 🔍 Searching BBB: landscaping in Austin, TX
[28435s] ℹ Page 1 — https://www.bbb.org/us/tx/austin/category/landscape-contractors
[28442s] ✓ Found 2,227 results for Austin, TX (est. 149 pages)
[28442s] ℹ Page 1: 14 listings (14 total from Austin)
[28442s] ℹ Page 2 — https://www.bbb.org/us/tx/austin/category/landscape-contractors?page=2
[28452s] ℹ Page 2: 15 listings (29 total from Austin)
[28452s] ℹ Page 3 — https://www.bbb.org/us/tx/austin/category/landscape-contractors?page=3
[28461s] ℹ Page 3: 15 listings (44 total from Austin)
[28461s] ℹ Page 4 — https://www.bbb.org/us/tx/austin/category/landscape-contractors?page=4
[28467s] ℹ Page 4: 15 listings (59 total from Austin)
[28467s] ℹ Page 5 — https://www.bbb.org/us/tx/austin/category/landscape-contractors?page=5
[28475s] ℹ Page 5: 15 listings (74 total from Austin)
[28475s] ℹ Reached max pages limit (5) for Austin, TX
[28475s] ✓ BBB scrape complete — 74 total leads from 74 unique businesses
[28475s] landscaping | Austin, TX: 6930 total leads
[28475s] 🔍 BBB search: category=landscape-contractors, cities=1
[28475s] 🔍 Searching BBB: landscaping in Las Vegas, NV
[28475s] ℹ Page 1 — https://www.bbb.org/us/nv/las-vegas/category/landscape-contractors
[28483s] ✓ Found 469 results for Las Vegas, NV (est. 32 pages)
[28483s] ℹ Page 1: 15 listings (15 total from Las Vegas)
[28483s] ℹ Page 2 — https://www.bbb.org/us/nv/las-vegas/category/landscape-contractors?page=2
[28490s] ℹ Page 2: 15 listings (30 total from Las Vegas)
[28490s] ℹ Page 3 — https://www.bbb.org/us/nv/las-vegas/category/landscape-contractors?page=3
[28499s] ℹ Page 3: 15 listings (45 total from Las Vegas)
[28499s] ℹ Page 4 — https://www.bbb.org/us/nv/las-vegas/category/landscape-contractors?page=4
[28509s] ℹ Page 4: 15 listings (60 total from Las Vegas)
[28509s] ℹ Page 5 — https://www.bbb.org/us/nv/las-vegas/category/landscape-contractors?page=5
[28518s] ℹ Page 5: 14 listings (74 total from Las Vegas)
[28518s] ℹ Reached max pages limit (5) for Las Vegas, NV
[28518s] ✓ BBB scrape complete — 74 total leads from 74 unique businesses
[28518s] landscaping | Las Vegas, NV: 7004 total leads
[28518s] 🔍 BBB search: category=landscape-contractors, cities=1
[28518s] 🔍 Searching BBB: landscaping in Raleigh, NC
[28518s] ℹ Page 1 — https://www.bbb.org/us/nc/raleigh/category/landscape-contractors
[28527s] ✓ Found 2,509 results for Raleigh, NC (est. 168 pages)
[28527s] ℹ Page 1: 12 listings (12 total from Raleigh)
[28527s] ✓ Completed Raleigh, NC: 12 leads
[28527s] ✓ BBB scrape complete — 12 total leads from 12 unique businesses
[28527s] landscaping | Raleigh, NC: 7016 total leads

=== BBB COMPLETE in 28527s ===
TOTAL: 7016 leads
Phone: 6997
Website: 0
Email: 0
Profile URL: 7016
Output: output/bbb-massive.csv
