[02:36:08] ============================================================
[02:36:08] Canada Extra Immigration Sources Scraper
[02:36:08] Mode: ALL
[02:36:08] Output: /Users/fardeenchoudhury/mortar-lead-scraper/output/canada-immigration-extra.csv
[02:36:08] ============================================================
[02:36:08] 
--- Source 1: MyConsultant.ca ---
[02:36:08] Fetching MyConsultant.ca page for CSRF token...
[02:36:08]   CSRF token: CfDJ8DA1_Ic8gRRPrvhX...
[02:36:08]   Cookies: .AspNetCore.Antiforgery.cdV5uW_Ejgc=CfDJ...
[02:36:09] Fetching all consultants from MyConsultant.ca (AJAX POST)...
[02:36:09]   Response size: 4.7 MB
[02:36:09]   Server reports 3703 consultants
[02:36:10] 
Parsed 3703 consultant cards from listing
[02:36:10] 
Phase 2: Visiting 3703 profile pages...
[02:36:10]   [1/3703] John Burke (R408287)
[02:36:10]     OK: email=jaburkeic@gmail.com | phone=9057708094 | city=Richmond Hill | prov=ON
[02:36:13]   [2/3703] Krishnanand Gangadharan Nair (R533967)
[02:36:13]     OK: city=Surrey | prov=BC
[02:36:16]   [3/3703] Vanessa Chouinard (R529529)
[02:36:16]     OK: email=vanessa@gentiumimmigration.com | phone=5148196636 | city=Montreal | prov=QC
[02:36:18]   [4/3703] Best Oghenekohwo Agofure (R525464)
[02:36:18]     OK: email=best.agofure@gmail.com | phone=5146182378 | city=Vancouver | prov=BC
[02:36:20]   [5/3703] Nwando Oranye (R520558)
[02:36:20]     OK: email=info@solutionslinegroup.com | phone=+12896371287 | city=Richmond Hill | prov=ON
[02:36:23]   [6/3703] Fernando Bruno Torres Montoya (R532615)
[02:36:23]     OK: email=fernando@fernandotorresimmigration.ca | phone=6048685899 | city=Vancouver | prov=BC
[02:36:25]   [7/3703] Sahil Marwaha (R528266)
[02:36:25]     OK: email=sahil.marwaha@gmail.com | phone=4379985550 | city=Brampton | prov=ON
[02:36:27]   [8/3703] Yanyan Xiu (R520601)
[02:36:27]     OK: email=lisaxiu1@gmail.com | phone=7807052988 | city=Edmonton | prov=AB
[02:36:30]   [9/3703] Yiran Zhang (R511891)
[02:36:30]     OK: email=irenezhang6@yahoo.ca | phone=5146990686 | city=Montreal | prov=QC
[02:36:33]   [10/3703] Rajeev Arora (R712144)
[02:36:33]     OK: city=Mississauga | prov=ON
[02:36:36]   [11/3703] Olajumoke Fasan (R711363)
[02:36:36]     OK: email=canadwell@gmail.com | phone=6132620555 | city=Ottawa | prov=ON
[02:36:38]   [12/3703] Jeffrey Hemlin (R411863)
[02:36:38]     OK: email=jeffhemlin@telus.net | phone=6046873467 | city=Vancouver | prov=BC
[02:36:40]   [13/3703] Sebastian John (R731165)
[02:36:40]     OK: email=sebastian_john@gmx.net | phone=7786748241 | city=Nanaimo | prov=BC
[02:36:44]   [14/3703] Charlene Gonciarz (R709574)
[02:36:44]     OK: email=cgonciarz21@gmail.com | phone=7809060512 | city=Edmonton | prov=AB
[02:36:46]   [15/3703] Erin Carlson (R103284)
[02:36:46]     OK: city=Summerland | prov=BC
[02:36:49]   [16/3703] Kazi Islam (R731408)
[02:36:49]     OK: city=Scarborough | prov=ON
[02:36:53]   [17/3703] Cino Joy Naduvilekoot (R711348)
[02:36:53]     OK: email=CINOJOY@GMAIL.COM | phone=6478596300 | city=Toronto | prov=ON
[02:36:56]   [18/3703] Jatinder Rosha (R417967)
[02:36:56]     OK: email=ameximmigration@gmail.com | city=Delta | prov=BC
[02:36:59]   [19/3703] Harpreetinder Phoolka (R531049)
[02:36:59]     OK: city=Surrey | prov=BC
[02:37:01]   [20/3703] Johana Faria Lopez (R711411)
[02:37:01]     OK: email=jfaria282@gmail.com | phone=6044402794 | city=Burnaby | prov=BC
[02:37:04]   [21/3703] Vishnu Puthillah (R707207)
[02:37:04]     OK: email=support@easycanadavisa.com | phone=5199541526 | city=Kitchener | prov=ON
[02:37:06]   [22/3703] Eka Mednikov (R511193)
[02:37:07]     OK: city=Winnipeg | prov=MB
[02:37:09]   [23/3703] Mit Shah (R707554)
[02:37:09]     OK: email=mit@hankerimmigration.com | phone=6479609373 | city=Caledon | prov=ON
[02:37:12]   [24/3703] Virginia Megale Melo (R520782)
[02:37:12]     OK: email=adm@headnorthimmigration.ca | phone=5148824267 | city=Calgary | prov=AB
[02:37:15]   [25/3703] Mohammad Arshad (R708807)
[02:37:15]     OK: email=wahaj31a@hotmail.com | phone=6477035013 | city=Toronto | prov=ON
[02:37:19]   [26/3703] Amarjeet Khurana (R534419)
[02:37:19]     OK: email=alltimeimmigration@gmail.com | phone=7788348160 | city=Surrey | prov=BC
[02:37:21]   [27/3703] Keltoum Lotfi (R709416)
[02:37:22]     OK: email=keltoumlotfi@hotmail.com | phone=5145929062 | city=Laval | prov=QC
[02:37:24]   [28/3703] Olena Weber (R523872)
[02:37:24]     OK: email=olenashafran@gmail.com | phone=6475393630 | city=Mississauga | prov=ON
[02:37:27]   [29/3703] Anish Joshi (R412591)
[02:37:27]     OK: email=mail@immios.com | phone=9930151255 | city=Mumbai
[02:37:30]   [30/3703] Harpreet Singh (R531155)
[02:37:30]     OK: email=harpreet085@gmail.com | phone=6043770099 | city=Surrey | prov=BC
[02:37:32]   [31/3703] Ndah Daniel Yapi (R710141)
[02:37:33]     OK: email=ysekedoua@gmail.com | phone=8192094368 | city=Gatineau | prov=QC
[02:37:36]   [32/3703] Maryam Bagheri (R711212)
[02:37:36]     OK: email=maryam.bagheri.immigration@gmail.com | phone=6048427772 | city=Calgary | prov=AB
[02:37:38]   [33/3703] Nasiralli Amlani (R406871)
[02:37:38]     OK: email=aliamlani@hotmail.com | phone=4164452549 | city=Markham | prov=ON
[02:37:40]   [34/3703] Harvinder Badalia (R407287)
[02:37:40]     OK: phone=9052303111 | city=203-10 Gillingham Drive
[02:37:43]   [35/3703] Jatinder Jeet Sidhu (R712472)
[02:37:43]     OK: email=jatindersidhu88@outlook.com | phone=6046159829 | city=Abbotsford | prov=BC
[02:37:46]   [36/3703] Sadaf Farzanehfar (R709134)
[02:37:46]     OK: email=sadaf.frz@hotmail.com | phone=6047269179 | city=Victoria | prov=BC
[02:37:49]   [37/3703] Xiao Yuan Nie (R523190)
[02:37:49]     OK: email=nxyalice@gmail.com | phone=5147975509 | city=Montreal | prov=QC
[02:37:52]   [38/3703] Puja Kochhar (R705636)
[02:37:52]     OK: email=pkadlakha4@gmail.com | phone=6475220908 | city=Mississauga | prov=ON
[02:37:56]   [39/3703] Amit Ralhan (R707506)
[02:37:56]     OK: email=akadyaimmigration@gmail.com | phone=7789966789 | city=Surrey | prov=BC
[02:37:59]   [40/3703] Ralph Guerra (R511912)
[02:37:59]     OK: email=ralphdguerra@yahoo.com | phone=6042401353 | city=New Westminster | prov=BC
[02:38:01]   [41/3703] Marvi Pascua (R533119)
[02:38:02]     OK: email=mpascua0627@gmail.com | phone=7808844029 | city=Edmonton | prov=AB
[02:38:04]   [42/3703] Maria Garces Cubells (R711896)
[02:38:04]     OK: email=mariagarcescubells@gmail.com | phone=2369780739 | city=North Vancouver | prov=BC
[02:38:07]   [43/3703] Winifreda Acupan (R509957)
[02:38:07]     OK: email=wines54@hotmail.com | phone=8252018208 | city=Edmonton | prov=AB
[02:38:11]   [44/3703] Carolina Camacho Rojas (R713043)
[02:38:11]     OK: email=carolinacamacho.canada@gmail.com | phone=6476134243 | city=Toronto | prov=ON
[02:38:13]   [45/3703] Gurinder Luthra (R509426)
[02:38:13]     OK: email=garree@live.com | phone=7785526000 | city=Delta | prov=BC
[02:38:15]   [46/3703] Jorge Aya Montano (R508797)
[02:38:16]     OK: email=jayamontano@canuckimmigration.com | phone=403 796 8253 | city=Calgary | prov=AB
[02:38:18]   [47/3703] John Fernando (R515887)
[02:38:18]     OK: email=jfcanada341@gmail.com | phone=+94312228661 | city=Surrey | prov=BC
[02:38:21]   [48/3703] Majid Siddique Mohammed (R711881)
[02:38:21]     OK: email=majid092020@gmail.com | phone=6044405244 | city=Burnaby | prov=BC
[02:38:23]   [49/3703] Varinder Kumar (R711890)
[02:38:23]     OK: email=varinderrattan@yahoo.com | phone=7787676767 | city=Abbotsford | prov=BC
[02:38:26]   [50/3703] Aya Kawakita (R413023)
[02:38:26]     OK: email=aya@ayak.ca | phone=4168904303 | city=Toronto | prov=ON
[02:38:28]   [51/3703] Jai Karan Korpal (R708939)
[02:38:28]     OK: city=Oakville | prov=ON
[02:38:31]   [52/3703] Steven Lui (R509423)
[02:38:31]     OK: email=steven@stcimm.com | phone=6042738221 | city=Richmond | prov=BC
[02:38:34]   [53/3703] Soyoung Lee (R511087)
[02:38:34]     OK: email=centreg@gmail.com | phone=6046342077 | city=Vancouver | prov=BC
[02:38:37]   [54/3703] Vijay Jayaram (R708127)
[02:38:37]     OK: email=info@immiassistcanada.ca | phone=4373517277 | city=Mississauga | prov=ON
[02:38:40]   [55/3703] Navreet Kahlon (R707048)
[02:38:40]     OK: email=navreetkahlon2615@gmail.com | phone=9872732929 | city=Amritsar
[02:38:43]   [56/3703] Xiaolu Xiao (R521673)
[02:38:43]     OK: email=Cherishxiaolu@hotmail.com | phone=2048921666 | city=Langley | prov=BC
[02:38:46]   [57/3703] Harmeet Singh (R533767)
[02:38:46]     OK: email=harmeet@isherimmigration.com | phone=9057812710 | city=New Hamburg | prov=ON
[02:38:49]   [58/3703] Captain Bhadauria (R531121)
[02:38:49]     OK: email=3564powellpt@gmail.com | phone=2045997968 | city=Winnipeg | prov=MB
[02:38:52]   [59/3703] Satbir Kaur (R708534)
[02:38:52]     OK: email=info@royceimmigration.ca | phone=7786390034 | city=Surrey | prov=BC
[02:38:56]   [60/3703] Yanan Wu (R731366)
[02:38:56]     OK: city=Vancouver | prov=BC
[02:38:58]   [61/3703] Corinne Williams (R526003)
[02:38:58]     OK: email=corinne.williams@ualberta.ca | phone=7806791639 | city=Camrose | prov=AB
[02:39:01]   [62/3703] Tamekia Cooper (R712899)
[02:39:01]     OK: email=tammyowill@gmail.com | phone=6477122324 | city=Whitby | prov=ON
[02:39:04]   [63/3703] Damon Jannesari Ghomsheh (R712341)
[02:39:04]     OK: email=Damon.jannesari@gmail.com | phone=4375804576 | city=Richmond Hill | prov=ON
[02:39:06]   [64/3703] Sydney Liu (R1054020)
[02:39:06]     OK: city=North York | prov=ON
[02:39:08]   [65/3703] Brooke Finlay (R514337)
[02:39:09]     OK: email=brooke@whistlerimmigration.com | city=Whistler | prov=BC
[02:39:11]   [66/3703] Li Xi (R534255)
[02:39:11]     OK: email=1canadachina@gmail.com | phone=4039265219 | city=Saskatoon | prov=SK
[02:39:13]   [67/3703] Paul Chan (R705500)
[02:39:14]     OK: email=paul.chan@pccic.ca | phone=4164026888 | city=Richmond Hill | prov=ON
[02:39:16]   [68/3703] Sebastian Araya Leon (R731336)
[02:39:16]     OK: email=arayaleon23@gmail.com | city=Vancouver | prov=BC
[02:39:19]   [69/3703] Kanwar Pal Singh (R507920)
[02:39:19]     OK: email=KP@RELIANCEIMMIGRATION.CA | phone=6045970440 | city=Surrey | prov=BC
[02:39:22]   [70/3703] Shelly Cohen-Tabak (R527109)
[02:39:22]     OK: email=immigrationassistca@gmail.com | phone=6473608600 | city=Thornhill | prov=ON
[02:39:25]   [71/3703] Mohamed Aboud (R711498)
[02:39:25]     OK: email=consult@ebuddyvisa.com | phone=6048009002 | city=Vancouver | prov=BC
[02:39:29]   [72/3703] Yi Feng Lu (R509739)
[02:39:29]     OK: email=imm2can@gmail.com | phone=7783088698 | city=Vancouver | prov=BC
[02:39:31]   [73/3703] Amani Aburamadan (R712405)
[02:39:32]     OK: email=amani.shawwa@gmail.com | phone=6138615678 | city=Ottawa | prov=ON
[02:39:34]   [74/3703] Humara Azhar (R712864)
[02:39:34]     OK: email=sajjal.immigration@gmail.com | phone=9052600582 | city=Oshawa | prov=ON
[02:39:38]   [75/3703] Zakiya Salman (R708295)
[02:39:38]     OK: email=northernabodeicc@gmail.com | phone=6476775499 | city=Breslau | prov=ON
[02:39:41]   [76/3703] Sunalini Rana (R713338)
[02:39:41]     OK: phone=4167357008 | city=Vaughan | prov=ON
[02:39:43]   [77/3703] Roxanne Jessome (R412519)
[02:39:43]     OK: email=ning@joincanada.com | phone=780-574-5050 | city=Coquitlam | prov=BC
[02:39:46]   [78/3703] Rosette Ramos (R507311)
[02:39:46]     OK: city=Calgary | prov=AB
[02:39:49]   [79/3703] Shilender Chhokar (R512453)
[02:39:49]     OK: email=CAPTAINCONSULTANTS@HOTMAIL.COM | phone=6045031950 | city=Surrey | prov=BC
[02:39:52]   [80/3703] Sanjay Prasher (R514499)
[02:39:53]     OK: email=prashers@gmail.com | phone=4165421000
[02:39:56]   [81/3703] Philips Nethagani (R705631)
[02:39:56]     OK: email=lenoraimmigration@gmail.com | phone=6474497940 | city=Brampton | prov=ON
[02:39:59]   [82/3703] Shubhneet Kaur Multani (R710489)
[02:39:59]     OK: email=shubhneet@gmail.com | phone=5878979090 | city=Calgary | prov=AB
[02:40:02]   [83/3703] Thi Hai Anh Vu (R533549)
[02:40:02]     OK: email=haianh.rcic@gmail.com | phone=6139158518 | city=Nepean | prov=ON
[02:40:05]   [84/3703] Malathi Dhandapani (R709272)
[02:40:05]     OK: email=externaimmigrationsolutions@gmail.com | phone=6479099603 | city=Markham | prov=ON
[02:40:08]   [85/3703] Mona Syed (R709464)
[02:40:08]     OK: email=mona.a.syed@gmail.com | phone=8673934382 | city=Whitehorse
[02:40:11]   [86/3703] Himani Sharma (R534519)
[02:40:12]     OK: email=himanisharma.cl@gmail.com | phone=4035602485 | city=Winnipeg | prov=MB
[02:40:14]   [87/3703] Karim Mouldi (R416039)
[02:40:14]     OK: email=karim.mouldi@canari.ca | phone=5148495656 | city=Montreal | prov=QC
[02:40:17]   [88/3703] Edward Mowbrey (R509927)
[02:40:17]     OK: email=trevor.mowbrey@willowglensystems.com | phone=7804651530 | city=Edmonton | prov=AB
[02:40:20]   [89/3703] Loretta Pickett (R417263)
[02:40:20]     OK: email=lpickett@newfoundimmigration.ca | phone=7097432706 | city=Paradise | prov=NL
[02:40:23]   [90/3703] Leni Rose Bereber (R513965)
[02:40:23]     OK: city=Toronto | prov=ON
[02:40:26]   [91/3703] Seth Gozo (R531465)
[02:40:26]     OK: email=sgozo@somersetimmigration.com | phone=01216491525 | city=Birmingham
[02:40:28]   [92/3703] Perminder Kaur (R706541)
[02:40:28]     OK: email=perminder.pawar@gmail.com | phone=4036185818 | city=Calgary | prov=AB
[02:40:30]   [93/3703] Ken Nickel-Lane (R707615)
[02:40:31]     OK: email=krnlane@telus.net | phone=4036882141 | city=Edmonton | prov=AB
[02:40:33]   [94/3703] Ahhyun Pak (R528988)
[02:40:33]     OK: email=Hiel612@gmail.com | city=Toronto | prov=ON
[02:40:37]   [95/3703] Arshdeep Dhaliwal (R731375)
[02:40:37]     OK: city=Winnipeg | prov=MB
[02:40:40]   [96/3703] Tian Qi Zhou (R511022)
[02:40:40]     OK: email=rita@tianqi-immigration.com | phone=5148198918 | city=LaSalle | prov=QC
[02:40:42]   [97/3703] Jeanette Carbonel (R712044)
[02:40:42]     OK: email=polarexpressimmigration@gmail.com | phone=7787984638 | city=Surrey | prov=BC
[02:40:45]   [98/3703] Rebeca Laso Garrido (R708726)
[02:40:46]     OK: email=info@defactoimmigration.com | phone=6043569053 | city=Langley | prov=BC
[02:40:48]   [99/3703] Abraham Assayag (R407151)
[02:40:48]     OK: email=admin@siminca.com | phone=5143794009 | city=Montreal | prov=QC
[02:40:52]   [100/3703] Samir Jisri (R708117)
[02:40:52]     OK: email=Sam@YehCanada.ca | phone=4168315113 | city=Mississauga | prov=ON
[02:40:55]   [101/3703] Caesar Tabije (R513911)
[02:40:55]     OK: email=cnt@tabijecic.com | phone=7803572185 | city=Grande Prairie | prov=AB
[02:40:58]   [102/3703] Damandeep Sidhu (R710777)
[02:40:58]     OK: email=info@d2immigration.ca | phone=4163423899 | city=Brampton | prov=ON
[02:41:00]   [103/3703] Ricardo Galvez (R713278)
[02:41:00]     OK: city=Montréal | prov=QC
[02:41:03]   [104/3703] Oksana Nagorniuk (R521633)
[02:41:03]     OK: email=Info@globalnetworkscanada.com | phone=7804323344 | city=Edmonton | prov=AB
[02:41:06]   [105/3703] Lavanya Rajkumar (R534487)
[02:41:06]     OK: email=info@lrimmigration.com | phone=5877000945 | city=Calgary | prov=AB
[02:41:08]   [106/3703] Rajwinder Singh Sidhu (R524004)
[02:41:09]     OK: email=navigationimmigration@gmail.com | phone=5879685013 | city=Calgary | prov=AB
[02:41:11]   [107/3703] Brian Telfer (R420311)
[02:41:11]     OK: email=isis1@eim.ae | phone=447907523670 | city=Lymm
[02:41:15]   [108/3703] Simerpreet Bhullar (R708757)
[02:41:15]     OK: email=sbsbhullar095@gmail.com | phone=4313888600 | city=Surrey | prov=BC
[02:41:17]   [109/3703] Maria Gracia Boongaling (R514255)
[02:41:18]     OK: email=bing@r3canadaimmigration.ca | phone=4038919336 | city=Calgary | prov=AB
[02:41:21]   [110/3703] Donnaa Fredrick (R532997)
[02:41:21]     OK: email=donnaa.fredrick@gmail.com | phone=2892708667 | city=Mississauga | prov=ON
[02:41:23]   [111/3703] Gavin Mcdougall (R708890)
[02:41:23]     OK: email=gavinbmcd@gmail.com | phone=6472245736 | city=Toronto | prov=ON
[02:41:26]   [112/3703] Danish Patel (R712716)
[02:41:26]     OK: email=danishpatel@gmail.com | phone=6477732081 | city=Brampton | prov=ON
[02:41:30]   [113/3703] Harinder Kahlon (R529374)
[02:41:30]     OK: email=harinder@avenueimmigration.com | phone=6045033800 | city=Surrey | prov=BC
[02:41:32]   [114/3703] Ramak Ghavami (R410999)
[02:41:32]     OK: email=ramakgh@hotmail.com | phone=6048319831 | city=New Westminster | prov=BC
[02:41:35]   [115/3703] Uoc Cong Le (R532391)
[02:41:35]     OK: email=info@ucanimmigration.com | city=Toronto | prov=ON
[02:41:38]   [116/3703] Phong Duong (R515101)
[02:41:38]     OK: email=paul@campbellcg.ca | phone=+84 08 668 3344 | city=Toronto | prov=ON
[02:41:41]   [117/3703] Leslie Cavanagh (R713080)
[02:41:41]     OK: email=lharnettcavanagh@hotmail.com | phone=7096976653 | city=Saint John's | prov=NL
[02:41:44]   [118/3703] Sikander Lalani (R413871)
[02:41:44]     OK: email=info@lalaniassociates.com.pk | phone=+92 300 2033659 | city=Karachi
[02:41:46]   [119/3703] Harjit Kaur Sian (R707290)
[02:41:46]     OK: city=Mississauga | prov=ON
[02:41:49]   [120/3703] Marie Josephine Zaragoza (R512491)
[02:41:49]     OK: city=Calgary | prov=AB
[02:41:53]   [121/3703] Jaisonpreet Aulakh (R520050)
[02:41:53]     OK: email=jaisonimmigration@gmail.com | city=Mississauga | prov=ON
[02:41:55]   [122/3703] Nora Burke (R711162)
[02:41:55]     OK: city=Montreal | prov=QC
[02:41:58]   [123/3703] Svetlana Demb (R530451)
[02:41:58]     OK: email=svetlana@lanacanada.com | phone=6479938862 | city=Richmond Hill | prov=ON
[02:42:02]   [124/3703] Eiman Sadegh ()
[02:42:02]     OK: email=e.sadegh@canadianfuture.ca | phone=51416716 | city=Montreal | prov=QC
[02:42:04]   [125/3703] Michael Sandhu (R530999)
[02:42:05]     OK: email=mike.sandhu@hotmail.com | city=Oakville | prov=ON
[02:42:07]   [126/3703] Sunil Malhotra (R517675)
[02:42:07]     OK: email=sunilmalhotra1963@gmail.com | phone=7806699779 | city=Edmonton | prov=AB
[02:42:10]   [127/3703] Natalia Silva (R534977)
[02:42:10]     OK: email=natalia.cerqueira.da.silva@gmail.com | phone=6476750244 | city=Toronto | prov=ON
[02:42:13]   [128/3703] Jasminder Pannu (R711722)
[02:42:13]     OK: phone=2048818355 | city=Winnipeg | prov=MB
[02:42:16]   [129/3703] Prabhpaul Singh Gill (R707713)
[02:42:16]     OK: email=gillp5454@gmail.com | phone=4169860017 | city=Brampton | prov=ON
[02:42:18]   [130/3703] Leendert Solotki (R1041114)
[02:42:18]     OK: city=Edmonton | prov=AB
[02:42:21]   [131/3703] Mario De Oliveira Machado (R731671)
[02:42:21]     OK: phone=5144007307 | city=Montreal | prov=QC
[02:42:24]   [132/3703] Muhammad Usman Ahmed (R706638)
[02:42:24]     OK: email=grindlaysimmigration@gmail.com | phone=4164576786 | city=Brampton | prov=ON
[02:42:28]   [133/3703] Ashok Sareen (R418519)
[02:42:28]     OK: email=aksareen@linkcanadaimm.ca | phone=4035905666 | city=Calgary | prov=AB
[02:42:30]   [134/3703] Pouria Samavat (R731456)
[02:42:30]     OK: email=info@samvisa.ca | phone=4168482266 | city=Richmond Hill | prov=ON
[02:42:33]   [135/3703] Trung Nguyen (R709353)
[02:42:33]     OK: email=tnguyenimmi@gmail.com | phone=4036819113 | city=Calgary | prov=AB
[02:42:36]   [136/3703] Kai Tong Ou (R707369)
[02:42:36]     OK: email=joywinimmigration@gmail.com | phone=4373400469 | city=Markham | prov=ON
[02:42:38]   [137/3703] Nidhi Nidhi (R708696)
[02:42:39]     OK: email=nidhi.aashri@gmail.com | phone=4379818486 | city=Brampton | prov=ON
[02:42:41]   [138/3703] Lucia Cardoso (R408471)
[02:42:42]     OK: email=profserv@cardosoimmigration.ca | phone=4165161640 | city=Toronto | prov=ON
[02:42:44]   [139/3703] Usman Khalil (R709592)
[02:42:44]     OK: email=info@makimmigration.ca | phone=+923334777677
[02:42:47]   [140/3703] Santiago Endara (R710262)
[02:42:47]     OK: email=santi@breaktimecanada.org | phone=7788754633 | city=Vancouver | prov=BC
[02:42:50]   [141/3703] Yvonne Elizebeth Chelat (R514875)
[02:42:50]     OK: email=yvonne@noaisys.com | phone=7786284733 | city=Delta | prov=BC
[02:42:53]   [142/3703] Yu Zhu (R705743)
[02:42:53]     OK: email=belugaimmigration@gmail.com | phone=4165583649 | city=Toronto | prov=ON
[02:42:56]   [143/3703] Parisha Nitish Kansara (R711686)
[02:42:56]     OK: email=parishakansara@gmail.com | phone=6479153628 | city=Burlington | prov=ON
[02:42:58]   [144/3703] Young Ki You (R709673)
[02:42:59]     OK: email=mbykjb@gmail.com | phone=5148949401 | city=Terrebonne | prov=QC
[02:43:01]   [145/3703] Marty Baram (R506879)
[02:43:01]     OK: email=symyconsultants@gmail.com | phone=8662637969 | city=Edmonton | prov=AB
[02:43:03]   [146/3703] Hangtian She (R519150)
[02:43:04]     OK: email=ge82kr@163.com | phone=5785859333 | city=Calgary | prov=AB
[02:43:07]   [147/3703] Arshdeep Singh (R709364)
[02:43:07]     OK: email=info@arcadeimmigration.com | phone=6475721113 | city=Brampton | prov=ON
[02:43:09]   [148/3703] Luba Dinkova (R516068)
[02:43:09]     OK: email=luba@dinkovaimmigration.com | city=300-22 King Street SouthWaterloo
[02:43:12]   [149/3703] Jurise Athena Oliveros (R708898)
[02:43:12]     OK: email=jurise_oliveros@yahoo.com | phone=7783020291 | city=Burnaby | prov=BC
[02:43:14]   [150/3703] Kaiande Devonish (R713348)
[02:43:14]     OK: city=Toronto | prov=ON
[02:43:17]   [151/3703] Hong Ting Chau (R519021)
[02:43:17]     OK: email=stephanie.chau.hongting@gmail.com | phone=9029995222 | city=Halifax | prov=NS
[02:43:20]   [152/3703] Awalpreet Kaur Takkar (R531017)
[02:43:20]     OK: email=awal@immigratenow.ca | phone=+1 6045450761 | city=Chandigarh
[02:43:22]   [153/3703] Nafi Younis (R530693)
[02:43:22]     OK: email=VISA@CANKURDIMMIGRATION.COM | phone=4034635656 | city=Calgary | prov=AB
[02:43:25]   [154/3703] Jutta Zillgen (R422223)
[02:43:25]     OK: email=jutta@immigration-r-us.com | phone=7809609025 | city=Spruce Grove | prov=AB
[02:43:27]   [155/3703] Jade Calver (R513992)
[02:43:27]     OK: email=jade@calverimmigrationconsulting.ca | phone=2896770108 | city=Keene | prov=ON
[02:43:29]   [156/3703] Sumit Kaur (R710351)
[02:43:30]     OK: email=sumitkaur1406@gmail.com | phone=7783440724 | city=Surrey | prov=BC
[02:43:32]   [157/3703] Kosuke Homma (R515496)
[02:43:32]     OK: email=ko@settleincanada.co | phone=6049070158 | city=Squamish | prov=BC
[02:43:36]   [158/3703] Jodi-Ann Francis-Walker (R705511)
[02:43:36]     OK: email=info@dalrympleimmigration.ca | phone=6474724676 | city=Scarborough | prov=ON
[02:43:38]   [159/3703] Farhad Delsouzi (R506379)
[02:43:38]     OK: email=INFO@EASYTOCANADA.COM | phone=6478297792 | city=Toronto | prov=ON
[02:43:41]   [160/3703] Tarandeep Singh (R706092)
[02:43:41]     OK: email=trndeep@gmail.com | phone=2042180280 | city=Winnipeg | prov=MB
[02:43:44]   [161/3703] Samuel Mgbatogu (R731681)
[02:43:44]     OK: city=Caledon | prov=ON
[02:43:47]   [162/3703] Abeer Amro (R530909)
[02:43:47]     OK: email=abeeryamro@gmail.com | city=Ottawa | prov=ON
[02:43:50]   [163/3703] Bruna Schneider (R1035899)
[02:43:50]     OK: city=Vancouver | prov=BC
[02:43:54]   [164/3703] Sumit Mittal (R706969)
[02:43:54]     OK: email=membership@belmondimmigrations.com | phone=4375228324 | city=Vaughan | prov=ON
[02:43:57]   [165/3703] Denis Desjardins (R533327)
[02:43:57]     OK: email=denis@desjardinsimmigration.ca | phone=5062833931 | city=Kedgwick | prov=NB
[02:44:00]   [166/3703] Shreya Kadia (R531477)
[02:44:00]     OK: email=info@dutchuncle.ca | phone=7806552999 | city=Edmonton | prov=AB
[02:44:02]   [167/3703] Norbert Stanchly (R516644)
[02:44:02]     OK: email=asandgimmigration@gmail.com | phone=647-255-8901 | city=Toronto | prov=ON
[02:44:05]   [168/3703] Anurag Sharma (R711996)
[02:44:05]     OK: email=anurag.sharma@glidewest.ca | phone=5872220172 | city=Edmonton | prov=AB
[02:44:07]   [169/3703] Harminder Handa (R509919)
[02:44:07]     OK: email=harryhanda@rogers.com | phone=4165775555 | city=London | prov=ON
[02:44:09]   [170/3703] Gabriel Khoueiry ()
[02:44:10]     OK: email=communicationsfr@capic.ca | phone=4164837044 | city=Toronto | prov=ON
[02:44:12]   [171/3703] Nur Mohammed (R711266)
[02:44:12]     OK: email=khmnur2016@gmail.com | phone=4165294558 | city=Scarborough | prov=ON
[02:44:14]   [172/3703] Helen Oke (R706149)
[02:44:15]     OK: city=Acton | prov=ON
[02:44:18]   [173/3703] Md Mushfiqur Rahman (R532567)
[02:44:18]     OK: email=mrahman@bayofbengal.ca | phone=6475568599 | city=Toronto | prov=ON
[02:44:21]   [174/3703] Tien-Tien Wu (R705690)
[02:44:21]     OK: city=500-7030 Woodbine AveMarkham
[02:44:24]   [175/3703] Chioma Izugbokwe (R706925)
[02:44:24]     OK: email=ultramarimmigrationcanada@outlook.com | phone=4035474101 | city=Calgary | prov=AB
[02:44:28]   [176/3703] Govardhan Sai Venkat Venna (R519344)
[02:44:28]     OK: email=INFO@V9IMMIGRATION.COM | phone=93077 69999 | city=218-515 W Pender StreetVancouver
[02:44:31]   [177/3703] Carlos Lopez Guerra (R534859)
[02:44:31]     OK: email=info@voloimmigration.ca | phone=6475811007 | city=Hamilton | prov=ON
[02:44:34]   [178/3703] Simon Nantais (R1032387)
[02:44:34]     OK: city=Richmond | prov=BC
[02:44:36]   [179/3703] Sheikh Adeel Ahmad (R535135)
[02:44:36]     OK: email=Info@alfalahimmigration.com | phone=4165057775 | city=Pickering | prov=ON
[02:44:39]   [180/3703] Jackson Mcevoy (R705781)
[02:44:39]     OK: city=Whistler | prov=BC
[02:44:41]   [181/3703] Guangzhen Chen (R709759)
[02:44:42]     OK: email=ethanchenimmigration@gmail.com | phone=3439885758 | city=Markham | prov=ON
[02:44:44]   [182/3703] Sanjid Anik (R529167)
[02:44:44]     OK: email=anik602@gmail.com | phone=2892049566 | city=Scarborough | prov=ON
[02:44:47]   [183/3703] Nasser Amiri (R510276)
[02:44:47]     OK: email=drnasseramiri@gmail.com | phone=6048360303 | city=Coquitlam | prov=BC
[02:44:50]   [184/3703] Vidanamahadurage Wimalaweera (R706958)
[02:44:50]     OK: email=contact@ardentcanadavisa.com | phone=5877171991 | city=Calgary | prov=AB
[02:44:53]   [185/3703] Sanjeev Jhanji (R506582)
[02:44:53]     OK: email=saanjeevjhanji@gmail.com | phone=6045652077 | city=Vancouver | prov=BC
[02:44:56]   [186/3703] Neil Supriyo (R708981)
[02:44:56]     OK: email=info@nslis.ca | phone=2265454357 | city=Scarborough | prov=ON
[02:44:58]   [187/3703] Oluwatoyosi Aiyelabola (R706721)
[02:44:58]     OK: email=toyosi.ayelabola@gmail.com | phone=6479492603 | city=Oakville | prov=ON
[02:45:01]   [188/3703] Madiha Iqbal (R530395)
[02:45:01]     OK: email=info@worldcanada.ca | city=Scarborough | prov=ON
[02:45:04]   [189/3703] Sarabjit Bhatti (R518201)
[02:45:04]     OK: email=Info@micimmigration.com | phone=6476284280 | city=Brampton | prov=ON
[02:45:07]   [190/3703] Angélique Lauzier (R712148)
[02:45:07]     OK: email=angelique_lauzier@hotmail.com | phone=5149494911 | city=La Malbaie | prov=QC
[02:45:10]   [191/3703] Ildiko Hegyi (R411839)
[02:45:10]     OK: email=immigration@infinityway.com | phone=4164104160 | city=Toronto | prov=ON
[02:45:13]   [192/3703] Hanxue Sun (R731387)
[02:45:13]     OK: email=hsunwpg@gmail.com | phone=4313365655 | city=Vancouver | prov=BC
[02:45:16]   [193/3703] Sunny Yee (R421815)
[02:45:16]     OK: email=info@blic.ca | phone=7786682273 | city=Vancouver | prov=BC
[02:45:19]   [194/3703] Raymond Wong (R708155)
[02:45:19]     OK: email=imm.consultants.associates@gmail.com | phone=613-777-3322 | city=Kanata | prov=ON
[02:45:22]   [195/3703] Fatima Modupe (R706727)
[02:45:22]     OK: email=vs360immigration@gmail.com | phone=5876644362 | city=Calgary | prov=AB
[02:45:25]   [196/3703] Cenk Haznacı (R531379)
[02:45:25]     OK: email=contact@umkaimmigration.ca | phone=61335188646 | city=201-90 Lovett Lake CourtHalifax
[02:45:28]   [197/3703] Ramin Farahani (R519801)
[02:45:28]     OK: email=President@MNC-Canada.ca | phone=4034677402 | city=Calgary | prov=AB
[02:45:30]   [198/3703] Jaspreet Kaur (R712322)
[02:45:30]     OK: email=jkaur.cad@gmail.com | phone=6474103268 | city=Brampton | prov=ON
[02:45:33]   [199/3703] Brandi Toplak (R516126)
[02:45:33]     OK: email=brandijtoplak@gmail.com | phone=3066312675 | city=Winfield | prov=BC
[02:45:36]   [200/3703] Inder Preet Singh Dhillon (R708601)
[02:45:36]     OK: email=sdiimmigration@yahoo.com | city=Winnipeg | prov=MB
[02:45:38]   [201/3703] Joy Villanueva (R711294)
[02:45:38]     OK: email=consultant@nannyeldercare.com | phone=6478707911 | city=Toronto | prov=ON
[02:45:41]   [202/3703] Vincent Wirasaputra (R712913)
[02:45:41]     OK: city=Burnaby | prov=BC
[02:45:45]   [203/3703] Ali Sahraei Khosh Gardesh (R710922)
[02:45:45]     OK: email=ali.sahraei.us@gmail.com | phone=4163575536 | city=Toronto | prov=ON
[02:45:48]   [204/3703] Ankur Dhingra (R706194)
[02:45:48]     OK: email=ankur.dhingra06@yahoo.ca | phone=+91-79860-44415 | city=Amritsar
[02:45:51]   [205/3703] Ratnadipsinh Vaghela (R712522)
[02:45:51]     OK: city=Saskatoon | prov=SK
[02:45:54]   [206/3703] Ellen De Witt (R409623)
[02:45:54]     OK: email=ellen@dewittimmigration.com | phone=5199696789 | city=Windsor | prov=ON
[02:45:57]   [207/3703] Neeraj Sadhu (R521842)
[02:45:57]     OK: email=neerajsadhujmd@gmail.com | phone=5195466930 | city=Kitchener | prov=ON
[02:46:00]   [208/3703] Shengxu Li (R531985)
[02:46:00]     OK: email=tandem.immigration@gmail.com | phone=5875820313 | city=Calgary | prov=AB
[02:46:03]   [209/3703] Maria Shtemberg (R518809)
[02:46:03]     OK: city=Toronto | prov=ON
[02:46:06]   [210/3703] Rebecca Benic (R526898)
[02:46:06]     OK: email=rebeccab@shaw.ca | phone=4034642707 | city=Calgary | prov=AB
[02:46:09]   [211/3703] David Johl (R519520)
[02:46:09]     OK: email=djohl@mirusimm.com | phone=6048058300 | city=Surrey | prov=BC
[02:46:12]   [212/3703] Dhanwant Singh (R535257)
[02:46:12]     OK: email=dhanwant@live.in | phone=2044055555 | city=Winnipeg | prov=MB
[02:46:15]   [213/3703] Melissa Godmer (R710568)
[02:46:15]     OK: email=info@godmerimmigrationconsultant.com | phone=5149102789 | city=Toronto | prov=ON
[02:46:18]   [214/3703] Olena Belperio (R516872)
[02:46:18]     OK: email=leana73@sympatico.ca | phone=6474051770 | city=Woodbridge | prov=ON
[02:46:21]   [215/3703] Dawn Moore (R415935)
[02:46:21]     OK: email=dawn@dmiconsultants.com | phone=4167771413 | city=Toronto | prov=ON
[02:46:24]   [216/3703] Justin Jaffe (R708090)
[02:46:24]     OK: email=justin@northernlifeconsulting.com | phone=7785586295 | city=New Westminster | prov=BC
[02:46:27]   [217/3703] Manish Paul (R711052)
[02:46:27]     OK: email=paul_manish@yahoo.com | phone=6472835226 | city=Scarborough | prov=ON
[02:46:30]   [218/3703] Nagham Kordab (R534021)
[02:46:31]     OK: email=info@canadaonpath.com | phone=(647) 302-0199 | city=Mississauga | prov=ON
[02:46:34]   [219/3703] Pranay Shah (R418831)
[02:46:34]     OK: email=shahp@winnyconsultants.com | phone=9377711174 | city=Ahmadabad
[02:46:37]   [220/3703] Bini Thomas (R516083)
[02:46:37]     OK: email=bini@ericaworld.com | phone=6475013026 | city=Kitchener | prov=ON
[02:46:40]   [221/3703] Namita Dass (R510512)
[02:46:40]     OK: email=Namitadassimmigration@gmail.com | phone=6477029336 | city=Mississauga | prov=ON
[02:46:42]   [222/3703] Gloria Nguyen (R707528)
[02:46:42]     OK: email=gloriavietnameseinterpreter@gmail.com | phone=6043627275 | city=Burnaby | prov=BC
[02:46:44]   [223/3703] Mengnie Norman Luo (R511472)
[02:46:45]     OK: email=nluo.nlai@gmail.com | phone=6046700918 | city=Kelowna | prov=BC
[02:46:47]   [224/3703] Boyuan Xian (R711766)
[02:46:47]     OK: city=Vancouver | prov=BC
[02:46:51]   [225/3703] Christine Pearl Daquiado (R506434)
[02:46:51]     OK: email=cpd.consult@lifelineimmigration.com | phone=6477994042 | city=Kitchener | prov=ON
[02:46:53]   [226/3703] Lang Chen (R530723)
[02:46:53]     OK: email=chenlang88@hotmail.com | phone=7788816008 | city=Richmond | prov=BC
[02:46:56]   [227/3703] Sunil Vyas (R706819)
[02:46:56]     OK: email=sjvcanada@gmail.com | phone=4379821222 | city=Brampton | prov=ON
[02:46:59]   [228/3703] Elham Sehat (R517007)
[02:46:59]     OK: email=info@visaline.ca | city=Toronto | prov=ON
[02:47:02]   [229/3703] John Richmond Cusi Dimayacyac (R531103)
[02:47:02]     OK: email=jrdimayacyac14@gmail.com | phone=7784322073 | city=Sidney | prov=BC
[02:47:06]   [230/3703] Cifuentes Claudia (R423159)
[02:47:06]     OK: email=claudip777@yahoo.com | phone=5149672597 | city=Montreal | prov=QC
[02:47:09]   [231/3703] Cirlene Pessoa (R506877)
[02:47:09]     OK: email=cpessoa@pessoalegal.ca | phone=6478476186 | city=Toronto | prov=ON
[02:47:12]   [232/3703] John Lironi (R414503)
[02:47:12]     OK: email=jlironi@gmail.com | phone=6047806857 | city=Surrey | prov=BC
[02:47:15]   [233/3703] Nadia Hachem (R711441)
[02:47:15]     OK: email=nadiahachem3g@gmail.com | phone=5199996236 | city=Windsor | prov=ON
[02:47:18]   [234/3703] Xin Xu (R513692)
[02:47:18]     OK: email=cynthiaxuxin@gmail.com | phone=6479930889 | city=Thornhill | prov=ON
[02:47:20]   [235/3703] Lourdes Roxas-Butalid (R521014)
[02:47:20]     OK: email=Lourdes@LRBimmigration.com | phone=2505810126 | city=Cranbrook | prov=BC
[02:47:23]   [236/3703] Amrita Kaur Dhillon (R707589)
[02:47:23]     OK: email=amrita@nncimmigration.com | phone=4164366635 | city=Brampton | prov=ON
[02:47:25]   [237/3703] Nabila Yasmeen (R709532)
[02:47:25]     OK: email=nabila.yasmeen0786@gmail.com | phone=6479130786 | city=Milton | prov=ON
[02:47:27]   [238/3703] Yangyang Cao (R517472)
[02:47:27]     OK: email=cassie.c520@outlook.com | phone=7789865122 | city=Richmond | prov=BC
[02:47:30]   [239/3703] Karen Williamson (R708365)
[02:47:30]     OK: email=kwilliamsonlegal@gmail.com | phone=2892001656 | city=Ajax | prov=ON
[02:47:34]   [240/3703] Jograj Pal Jagpal (R514627)
[02:47:34]     OK: email=frontlineimmigration@gmail.com | phone=7785527272 | city=Surrey | prov=BC
[02:47:36]   [241/3703] Savitoz Sidhu (R707233)
[02:47:36]     OK: city=Cambridge | prov=ON
[02:47:39]   [242/3703] Nadia Yahfoufi (R707965)
[02:47:39]     OK: email=info@yahfoufilaw.com | phone=519 890 2777 | city=Toronto | prov=ON
[02:47:42]   [243/3703] Parvinder Burn (R509100)
[02:47:42]     OK: email=canadianimmigrationcentre@gmail.com | phone=6472893162 | city=Brampton | prov=ON
[02:47:46]   [244/3703] Christopher Bender (R709171)
[02:47:46]     OK: email=christopher@azurverde.com | phone=5148835690 | city=Montreal | prov=QC
[02:47:48]   [245/3703] Marianne Osigan (R709858)
[02:47:48]     OK: email=marianne@boracayimmigration.com | phone=6395904478 | city=Regina | prov=SK
[02:47:52]   [246/3703] Baljinder Dhillon (R535155)
[02:47:52]     OK: email=whitepearlimmigration@gmail.com | phone=6474030325 | city=Brampton | prov=ON
[02:47:55]   [247/3703] Pezhman Asad (R519248)
[02:47:55]     OK: email=asad.pezhman@gmail.com | phone=982188972428 | city=Tehran
[02:47:57]   [248/3703] Pawandeep Sachdeva (R706823)
[02:47:57]     OK: email=PAWANDEEP.SACHDEVA1981@GMAIL.COM | phone=2368812598 | city=Surrey | prov=BC
[02:48:00]   [249/3703] Ahmad Karim Hasan Ali (R528468)
[02:48:00]     OK: email=imkarami@gmail.com | phone=5147721206 | city=Laval | prov=QC
[02:48:02]   [250/3703] Harsh Aggarwal (R712141)
[02:48:02]     OK: email=harsh_chandigarh@yahoo.com | phone=6477451054 | city=Brampton | prov=ON
[02:48:05]   [251/3703] Gagandeep Singh (R712985)
[02:48:05]     OK: email=Gagancapic@gmail.com | phone=7789925002 | city=Surrey | prov=BC
[02:48:07]   [252/3703] Don Stevens (R419735)
[02:48:07]     OK: email=stevensandassociates@telus.net | phone=6046871871 | city=Vancouver | prov=BC
[02:48:10]   [253/3703] Fernando Borja Torres (R508219)
[02:48:10]     OK: email=fernando.borja@fermequebec.com | phone=5143878816 | city=Montreal | prov=QC
[02:48:12]   [254/3703] Dehua Zhou (R510525)
[02:48:12]     OK: email=zhoudehua@yahoo.com | phone=5148003508 | city=Greenfield Park | prov=QC
[02:48:15]   [255/3703] Madielyn Magdales (R515421)
[02:48:16]     OK: email=madzm1013@gmail.com | phone=2505911686 | city=Nanaimo | prov=BC
[02:48:18]   [256/3703] Raman Dhaliwal (R530063)
[02:48:18]     OK: email=dhaliwalraman@live.ca | phone=4036721313 | city=Calgary | prov=AB
[02:48:20]   [257/3703] Amanjyot Kaur (R705751)
[02:48:20]     OK: email=jyotkaur.123@gmail.com | phone=7788653391 | city=Edmonton | prov=AB
[02:48:22]   [258/3703] Mukesh Bharti (R515462)
[02:48:22]     OK: city=Surrey | prov=BC
[02:48:25]   [259/3703] Olamidotun Votu-Obada (R708915)
[02:48:25]     OK: email=votuobadas@gmail.com | phone=4166051944 | city=Oakville | prov=ON
[02:48:29]   [260/3703] Mary Chan (R408663)
[02:48:29]     OK: city=1602
[02:48:31]   [261/3703] Rubinder Kaur (R708737)
[02:48:31]     OK: email=Theroshniimmigrationconsultant@gmail.com | phone=8253335434 | city=Beaumont | prov=AB
[02:48:34]   [262/3703] Isabelle Vachon (R507501)
[02:48:35]     OK: email=iv.immigrationservices@gmail.com | phone=5149995222 | city=Montreal | prov=QC
[02:48:38]   [263/3703] Diandra Izabela Rodrigues (R713193)
[02:48:38]     OK: email=diandraropelatto@gmail.com | phone=6476427220 | city=Dartmouth | prov=NS
[02:48:40]   [264/3703] Bastiaan Brusche (R530447)
[02:48:40]     OK: city=Vancouver | prov=BC
[02:48:44]   [265/3703] Raghunath Dhakal (R710563)
[02:48:44]     OK: email=raghunnath.dhakal@experteducation.ca | phone=6477464999 | city=Toronto | prov=ON
[02:48:46]   [266/3703] Salauddin Ahmed (R513848)
[02:48:46]     OK: email=cimmigration02@gmail.com | phone=6478334592 | city=Toronto | prov=ON
[02:48:49]   [267/3703] Andrea Bolinelli Aguiar (R531445)
[02:48:49]     OK: email=info@auroraimmigration.com | phone=7782880331 | city=Calgary | prov=AB
[02:48:52]   [268/3703] Semira Tesfai (R711391)
[02:48:52]     OK: email=semiratesfai11@gmail.com | phone=6478968004 | city=Toronto | prov=ON
[02:48:56]   [269/3703] Ghita Benabdellghita (R709390)
[02:48:56]     OK: email=benabdellahghita@gmail.com | phone=3437776163 | city=Rockland | prov=ON
[02:48:58]   [270/3703] Adarsh Mishra (R708854)
[02:48:59]     OK: email=ceo@globalduniyaimmigration.ca | city=Surrey | prov=BC
[02:49:01]   [271/3703] Danielle Colby (R420791)
[02:49:02]     OK: email=pessoasco@gmail.com | phone=7788409869 | city=Coquitlam | prov=BC
[02:49:04]   [272/3703] Kathy Zhao (R535097)
[02:49:04]     OK: email=INFO@CANADA-INSIGHTS.COM | phone=5197604777 | city=Online Only
[02:49:08]   [273/3703] Izabela Johnston (R413671)
[02:49:08]     OK: email=isakowalewski@gmail.com | phone=4164142426 | city=Toronto | prov=ON
[02:49:11]   [274/3703] Maria Mattiace (R706846)
[02:49:11]     OK: email=mariamattiace11@gmail.com | phone=4388859911 | city=Montreal-Nord | prov=QC
[02:49:13]   [275/3703] Gholam  Ali Mossadegh (R710132)
[02:49:13]     OK: email=gamossadegh@gmail.com | phone=6473673146 | city=Toronto | prov=ON
[02:49:16]   [276/3703] Marina Tarassova (R420239)
[02:49:16]     OK: email=info@mtimmigrationcanada.com | city=Toronto | prov=ON
[02:49:19]   [277/3703] Amarpreet Kahlon (R705517)
[02:49:19]     OK: email=toor.amar@gmail.com | phone=6472962821 | city=Brampton | prov=ON
[02:49:21]   [278/3703] Elaheh Rezaei (R710377)
[02:49:22]     OK: email=Tiaimmigration@gmail.com | phone=6472096910 | city=Thornhill | prov=ON
[02:49:25]   [279/3703] Presley Ifukor (R705663)
[02:49:25]     OK: email=primusp@gmail.com | phone=5873374923 | city=Edmonton | prov=AB
[02:49:28]   [280/3703] Sukhjinder Sidhu (R515408)
[02:49:28]     OK: city=Edmonton | prov=AB
[02:49:31]   [281/3703] Karanveer Singh Ahluwalia (R531689)
[02:49:31]     OK: email=karanveer0127@gmail.com | phone=6047160287 | city=Surrey | prov=BC
[02:49:34]   [282/3703] Sara Green (R411303)
[02:49:34]     OK: email=greensj@telusplanet.net | phone=4036521083 | city=High River | prov=AB
[02:49:37]   [283/3703] Ceferino Guzman (R523836)
[02:49:38]     OK: email=guzmancef@yahoo.ca | phone=6475721431 | city=Calgary | prov=AB
[02:49:41]   [284/3703] Wendy Coward-Reid (R711402)
[02:49:41]     OK: city=Ajax | prov=ON
[02:49:43]   [285/3703] Uzma Noureen (R712192)
[02:49:43]     OK: email=uzma_zakir22@hotmail.com | phone=6477655423 | city=Waterloo | prov=ON
[02:49:45]   [286/3703] Spartak Gabroshvili (R713230)
[02:49:45]     OK: email=gabroshvilispartak@gmail.com | phone=6475291060 | city=Mississauga | prov=ON
[02:49:48]   [287/3703] Jasbir Dhadda (R512616)
[02:49:48]     OK: email=pacificwestimmigration@shaw.ca | phone=6046796323 | city=Surrey | prov=BC
[02:49:51]   [288/3703] Amrit Singh (R711732)
[02:49:51]     OK: email=Info@norcanimmigration.ca | phone=4319979989 | city=Virden | prov=MB
[02:49:53]   [289/3703] Mitra Misaghihesari (R531135)
[02:49:53]     OK: email=mitra.msg@gmail.com | phone=5147992392 | city=Longueuil | prov=QC
[02:49:56]   [290/3703] Ramandeep Kaur Sekhon (R706464)
[02:49:56]     OK: city=Surrey | prov=BC
[02:49:58]   [291/3703] Kirandeep Grewal (R708639)
[02:49:59]     OK: city=Abbotsford | prov=BC
[02:50:02]   [292/3703] Ben Ryan Ybanez (R710573)
[02:50:02]     OK: email=ben@four-seasons.ca | phone=647-761-3002 | city=207-3050 Confederation ParkwayMississauga
[02:50:04]   [293/3703] Bhaveena Goradia (R710257)
[02:50:04]     OK: email=goradiaimmigration@gmail.com | phone=6045056909 | city=Coquitlam | prov=BC
[02:50:07]   [294/3703] Nadejda Romanova (R710963)
[02:50:07]     OK: email=nromanova@nordeximmigration.ca | phone=9057987060 | city=Mississauga | prov=ON
[02:50:10]   [295/3703] Harmanpreet Arora (R533285)
[02:50:10]     OK: email=hsingh@ycdi.ca | phone=6479579234 | city=Mississauga | prov=ON
[02:50:13]   [296/3703] Shiwani Sagar (R710819)
[02:50:14]     OK: email=sagarimmigrationservicesinc@gmail.com | phone=6474540763 | city=Brampton | prov=ON
[02:50:16]   [297/3703] Rozina Mina (R710703)
[02:50:16]     OK: email=info@rubricis.ca | phone=4038899782 | city=Calgary | prov=AB
[02:50:19]   [298/3703] Alejandra Ortiz  Nino (R526936)
[02:50:19]     OK: city=Toronto | prov=ON
[02:50:22]   [299/3703] Mohamed Negmeldin (R532813)
[02:50:22]     OK: (minimal data)
[02:50:25]   [300/3703] Diana Ning (R515325)
[02:50:25]     OK: email=dning2018@gmail.com | phone=6479837535 | city=Waterloo | prov=ON
[02:50:27]   [301/3703] Anush Margaryan (R710183)
[02:50:27]     OK: email=anush@margaryimmigration.com | phone=5877070991 | city=Calgary | prov=AB
[02:50:30]   [302/3703] Abinay Kirani (R709535)
[02:50:30]     OK: email=abinay@kiraniimmigration.com | phone=4169955380 | city=Oakville | prov=ON
[02:50:33]   [303/3703] Sapna Sohi (R710902)
[02:50:33]     OK: email=almondimmigrationcanada@gmail.com | phone=4319986633 | city=Winnipeg | prov=MB
[02:50:35]   [304/3703] Yadollah Mokhtari Ardekan (R707384)
[02:50:35]     OK: email=yadi22@gmail.com | phone=6047047353 | city=North Vancouver | prov=BC
[02:50:38]   [305/3703] Li Zhang (R712578)
[02:50:38]     OK: email=zlily0927@gmail.com | phone=6043682118 | city=West Vancouver | prov=BC
[02:50:41]   [306/3703] Boko Tanoh Donald Kouakou (R535557)
[02:50:41]     OK: (minimal data)
[02:50:45]   [307/3703] Remya Pazheveetil (R514881)
[02:50:45]     OK: email=info@chapteroneimmigration.com | phone=(403)455-4955 | city=Calgary | prov=AB
[02:50:48]   [308/3703] Chukwuyenum Samuel Mene (R731495)
[02:50:48]     OK: email=meneschuk@yahoo.co.uk | phone=4372387308 | city=Newmarket | prov=ON
[02:50:51]   [309/3703] Parth Sethi (R708709)
[02:50:51]     OK: email=parthsethi8@gmail.com | phone=2269726238 | city=Thornhill | prov=ON
[02:50:54]   [310/3703] Amanpreet Singh (R518363)
[02:50:54]     OK: email=cosmicimmigration@outlook.com | city=Mississauga | prov=ON
[02:50:57]   [311/3703] Ruoxuan Su (R1033967)
[02:50:57]     OK: city=Courtenay | prov=BC
[02:50:59]   [312/3703] Austa-Mary Gabriel-Unah (R707035)
[02:50:59]     OK: email=austakie@yahoo.co.uk | phone=7802207307 | city=Edmonton | prov=AB
[02:51:02]   [313/3703] Shahneen Arif (R532675)
[02:51:02]     OK: email=shahneen17@hotmail.com | phone=4378794094 | city=Milton | prov=ON
[02:51:04]   [314/3703] Jagdeep Dhillon (R711226)
[02:51:04]     OK: email=jagdeepdhillon403@gmail.com | phone=4038055111 | city=Calgary | prov=AB
[02:51:07]   [315/3703] Troy Boyer (R710975)
[02:51:07]     OK: email=troyboyer@gmail.com | phone=7059232078 | city=Sudbury | prov=ON
[02:51:10]   [316/3703] Jaspal Kaur Grewal (R713085)
[02:51:10]     OK: email=jaszgrewal140@gmail.com | phone=5878395444 | city=Brampton | prov=ON
[02:51:12]   [317/3703] Harpreet Kaur (R533393)
[02:51:12]     OK: email=harpreet@canpathways.com | city=Chestermere | prov=AB
[02:51:15]   [318/3703] Marjan Farajian Sohi (R707356)
[02:51:15]     OK: email=marjan.farajian@gmail.com | phone=7789383530 | city=North Vancouver | prov=BC
[02:51:18]   [319/3703] Jintu Thomson (R710940)
[02:51:19]     OK: email=jathomso@lakeheadu.ca | phone=4374324557 | city=Thunder Bay | prov=ON
[02:51:21]   [320/3703] Simardeep Kaur (R708772)
[02:51:22]     OK: email=simar_ambar@yahoo.com | phone=6049065432 | city=Surrey | prov=BC
[02:51:24]   [321/3703] Vinod Kumar Velappan (R708804)
[02:51:24]     OK: email=amovaiimmigration@gmail.com | city=Brampton | prov=ON
[02:51:28]   [322/3703] Daniel Briere (R513738)
[02:51:28]     OK: (minimal data)
[02:51:31]   [323/3703] Phillip Weber (R708220)
[02:51:31]     OK: email=pweber@northia.ca | phone=5148914415 | city=Saint-Laurent | prov=QC
[02:51:34]   [324/3703] Alex Bussiere (R705786)
[02:51:34]     OK: email=alex@bussiererecrutement.com | phone=8194692928 | city=Drummondville | prov=QC
[02:51:37]   [325/3703] Dildeep Sandhu (R707818)
[02:51:37]     OK: email=dildeep3@gmail.com | phone=9052997472 | city=Brampton | prov=ON
[02:51:40]   [326/3703] Thomas Macleay (R707607)
[02:51:40]     OK: email=tom@heki.ca | phone=5148842166 | city=Montreal | prov=QC
[02:51:43]   [327/3703] Laurence Mouila-Vertueux (R709172)
[02:51:43]     OK: city=Oshawa | prov=ON
[02:51:46]   [328/3703] Debbie Piandong (R707974)
[02:51:46]     OK: email=debbielp@multiculturalimmigration.ca | phone=8775141504 | city=New Westminster | prov=BC
[02:51:48]   [329/3703] Renata Oliveira (R519759)
[02:51:48]     OK: email=renataprts@yahoo.com | phone=6044426767 | city=Richmond | prov=BC
[02:51:51]   [330/3703] Donald Igbokwe (R412255)
[02:51:51]     OK: city=Toronto | prov=ON
[02:51:54]   [331/3703] Jizhou Huo (R706133)
[02:51:54]     OK: email=ssimmigration.canada@outlook.com | phone=6043652899 | city=Delta | prov=BC
[02:51:56]   [332/3703] Mandeep Singh (R708199)
[02:51:56]     OK: email=Knestaglobal@gmail.com | phone=5879384346 | city=Beaumont | prov=AB
[02:51:59]   [333/3703] Sahajpal Gandhi (R708597)
[02:51:59]     OK: email=CONSULT.SAHAJ7@GMAIL.COM | phone=6476337124 | city=Surrey | prov=BC
[02:52:01]   [334/3703] Lazizzhon Rasulov (R705883)
[02:52:02]     OK: email=laziz@northvisioncanada.com
[02:52:05]   [335/3703] Charan Preet Bedi (R514272)
[02:52:05]     OK: email=channibedi@yahoo.com | phone=5872263837 | city=Calgary | prov=AB
[02:52:08]   [336/3703] Huan Xu (R532261)
[02:52:08]     OK: city=Saint-Laurent | prov=QC
[02:52:11]   [337/3703] Thi Kim Phung Truong (R708429)
[02:52:11]     OK: city=Calgary | prov=AB
[02:52:14]   [338/3703] Proscovia Nabafu (R708408)
[02:52:14]     OK: city=Edmonton | prov=AB
[02:52:17]   [339/3703] Jaskaran Sekhon (R526616)
[02:52:17]     OK: email=sekhon.moga@yahoo.com | phone=2045830011 | city=Winnipeg | prov=MB
[02:52:20]   [340/3703] Zhanna Ni (R731702)
[02:52:20]     OK: email=zhanna@novaterraimmigration.ca | phone=7786835202 | city=Maple Ridge | prov=BC
[02:52:22]   [341/3703] Navika Sharma (R706514)
[02:52:22]     OK: email=NAVIKA.SHARMA88@GMAIL.COM | phone=6047650639 | city=Surrey | prov=BC
[02:52:25]   [342/3703] Jana Sharma (R705430)
[02:52:25]     OK: email=growcanadaimmigration@gmail.com | phone=7806902490
[02:52:28]   [343/3703] Ka Man Yau (R709163)
[02:52:28]     OK: email=kolemancanada@gmail.com | phone=6475281082 | city=Markham | prov=ON
[02:52:31]   [344/3703] Rahim Verjee (R706753)
[02:52:31]     OK: email=rv@rahimverjee.com | phone=4372207865 | city=Toronto | prov=ON
[02:52:34]   [345/3703] Mithil Saini (R709264)
[02:52:34]     OK: email=vsettleimmigration@gmail.com | phone=4164188072 | city=Waterloo | prov=ON
[02:52:37]   [346/3703] Jinchun Yu (R710544)
[02:52:37]     OK: email=jinchunyu365304@gmail.com | phone=6477796180 | city=Toronto | prov=ON
[02:52:40]   [347/3703] Cheung Ying Alan Choy (R71131)
[02:52:40]     OK: email=alancychoy@hotmail.com | phone=6476735554 | city=Calgary | prov=AB
[02:52:43]   [348/3703] Lakhvir Singh (R529867)
[02:52:43]     OK: email=info@settlecanadaimmigration.ca | phone=6047221479 | city=Surrey | prov=BC
[02:52:46]   [349/3703] Yijie Wang (R706686)
[02:52:46]     OK: email=yijie.wng@gmail.com | phone=5148871529 | city=Thornhill | prov=ON
[02:52:48]   [350/3703] Xin Cheng (R705501)
[02:52:48]     OK: email=xinccheng@gmail.com | phone=5148369907 | city=Montreal | prov=QC
[02:52:51]   [351/3703] Jie Ma (R508240)
[02:52:51]     OK: email=lm1997@gmail.com | phone=6474301228 | city=Scarborough | prov=ON
[02:52:54]   [352/3703] Haleh Pava (R532083)
[02:52:54]     OK: email=halehpava@luckystarimmigration.com | phone=6047804583 | city=North Vancouver | prov=BC
[02:52:57]   [353/3703] Edward Woods (R713288)
[02:52:57]     OK: email=ed@benchmarklegal.ca | phone=2893898840 | city=Grimsby | prov=ON
[02:52:59]   [354/3703] Julie Grauer (R731419)
[02:52:59]     OK: city=Burnaby | prov=BC
[02:53:02]   [355/3703] Ranjodh Ghatorha (R533003)
[02:53:02]     OK: email=RGIMMIGRATION74@GMAIL.COM | phone=7785515458 | city=Surrey | prov=BC
[02:53:05]   [356/3703] Navrisham Grewal (R707127)
[02:53:06]     OK: city=Victoria | prov=BC
[02:53:08]   [357/3703] Muhammad Khan (R709931)
[02:53:08]     OK: email=sid.nasir1@gmail.com | phone=6477743899 | city=Mississauga | prov=ON
[02:53:11]   [358/3703] Jasdeep Doad (R531211)
[02:53:11]     OK: email=jasdeepdoad1@gmail.com | phone=4038701605 | city=Calgary | prov=AB
[02:53:14]   [359/3703] Shu Li Dong (R514080)
[02:53:14]     OK: email=info@eiccanada.com | phone=5145622979 | city=Pincourt | prov=QC
[02:53:16]   [360/3703] Peinan Wang (R711487)
[02:53:16]     OK: city=Burnaby | prov=BC
[02:53:20]   [361/3703] Yang Sook Shin (R711440)
[02:53:20]     OK: email=yang.shin@royalfirst.ca | phone=7786366066 | city=New Westminster | prov=BC
[02:53:23]   [362/3703] Surinder Johal (R713210)
[02:53:23]     OK: email=info@johalimmigration.ca | phone=6042001313 | city=Surrey | prov=BC
[02:53:26]   [363/3703] Md Aziz (R515540)
[02:53:26]     OK: email=csw.immigration.education@gmail.com | phone=6043129040 | city=Surrey | prov=BC
[02:53:29]   [364/3703] Thi Thu Huong Nguyen (R707529)
[02:53:29]     OK: email=tthnguyen0101@gmail.com | phone=6476852468 | city=Etobicoke | prov=ON
[02:53:32]   [365/3703] Sumati Singh (R532395)
[02:53:32]     OK: email=smriti.soigne@yahoo.com | phone=2502744266 | city=Penticton | prov=BC
[02:53:35]   [366/3703] Gagandeep Chhatwal (R708042)
[02:53:35]     OK: email=info@mycics.com | phone=6475186210
[02:53:38]   [367/3703] Navdeep Garg (R515792)
[02:53:38]     OK: email=contact@brainyimmigration.com | phone=6047003756 | city=Moncton | prov=NB
[02:53:40]   [368/3703] Iqbal Sidhu (R519893)
[02:53:40]     OK: email=SIGNIMMCONSULTING@GMAIL.COM | phone=4036150957 | city=Calgary | prov=AB
[02:53:43]   [369/3703] Negar Pouraaly (R712360)
[02:53:43]     OK: email=Negar.pouraaly@gmail.com | phone=7785222212 | city=North Vancouver | prov=BC
[02:53:47]   [370/3703] Harinderjit Dhillon (R711006)
[02:53:47]     OK: email=dhillonharinderjitsingh@gmail.com | phone=6474722288 | city=Bowmanville | prov=ON
[02:53:50]   [371/3703] Simran Bharti (R705750)
[02:53:50]     OK: email=bharti.simran05@gmail.com | phone=4168465464 | city=Brantford | prov=ON
[02:53:54]   [372/3703] Student4 Renewal (R954321)
[02:53:54]     OK: email=student4@capic.ca | phone=4164837044 | city=Toronto | prov=ON
[02:53:57]   [373/3703] Paola Ventimilla Beascoechea (R706611)
[02:53:57]     OK: email=paola.ventimilla@gmail.com | phone=7802003486 | city=Fort Saskatchewan | prov=AB
[02:54:00]   [374/3703] Okiemute Itabor (R535841)
[02:54:00]     OK: email=okiemute.akpughe@gmail.com | phone=4039267424 | city=Calgary | prov=AB
[02:54:03]   [375/3703] Amanpreet Brar (R103370)
[02:54:03]     OK: email=aman2023cicgc@gmail.com | phone=3068813781 | city=Cambridge | prov=ON
[02:54:05]   [376/3703] Jordan Mckague (R712629)
[02:54:05]     OK: email=info@jmimmigration.ca | phone=5488860423 | city=Tilbury | prov=ON
[02:54:09]   [377/3703] Komalpreet Aulakh (R709630)
[02:54:09]     OK: email=parityimmigration@gmail.com | phone=4039530301 | city=Calgary | prov=AB
[02:54:12]   [378/3703] Chitra Sachdeva (R706579)
[02:54:12]     OK: email=thinkimmigration09@gmail.com | phone=2368667674 | city=Brampton | prov=ON
[02:54:15]   [379/3703] Marion Ziller (R532317)
[02:54:15]     OK: city=Vancouver | prov=BC
[02:54:18]   [380/3703] Puja Banerjee (R708032)
[02:54:18]     OK: email=pujabanerjee2@gmail.com | phone=6472854069 | city=Toronto | prov=ON
[02:54:20]   [381/3703] Puneet Kanwar Singh (R709184)
[02:54:20]     OK: email=Puneetkanwarsinghh@gmail.com | phone=7783852578 | city=Surrey | prov=BC
[02:54:23]   [382/3703] Vineet Bhatia (R731463)
[02:54:23]     OK: city=Acton | prov=ON
[02:54:25]   [383/3703] Hamlet Gunness (R411447)
[02:54:25]     OK: email=info@immigrationmatters.info | phone=4166042669 | city=Toronto | prov=ON
[02:54:28]   [384/3703] Sandip Marfatia (R422831)
[02:54:28]     OK: city=Toronto | prov=ON
[02:54:31]   [385/3703] Fadi Kardous (R521829)
[02:54:31]     OK: city=Montreal | prov=QC
[02:54:34]   [386/3703] Stephen Chow (R409159)
[02:54:34]     OK: email=ael-mgmtcon@rogers.com | phone=4169300488 | city=Markham | prov=ON
[02:54:37]   [387/3703] Pardeep Singh (R708219)
[02:54:37]     OK: city=Brampton | prov=ON
[02:54:40]   [388/3703] Stevo Petkovic (R417223)
[02:54:40]     OK: email=stevo1@telus.net | phone=7809075551 | city=Spruce Grove | prov=AB
[02:54:43]   [389/3703] Ming Jin (R712514)
[02:54:43]     OK: email=oliver.jin@advamimm.ca | phone=6478618691 | city=Richmond Hill | prov=ON
[02:54:46]   [390/3703] Gurmit Pannu (R708026)
[02:54:46]     OK: email=georgepannu18@yahoo.com | phone=0085297479012 | city=Hong Kong Island
[02:54:48]   [391/3703] Metha Kijsawangwong (R710951)
[02:54:48]     OK: email=methakij@outlook.com | phone=7783818570 | city=Vancouver | prov=BC
[02:54:51]   [392/3703] Radhika Radhika (R705787)
[02:54:51]     OK: city=Mississauga | prov=ON
[02:54:53]   [393/3703] Amanda Thomas (R705581)
[02:54:53]     OK: email=amandathomas008@gmail.com | phone=6042042467 | city=Surrey | prov=BC
[02:54:56]   [394/3703] Huilibo Yang ()
[02:54:56]     OK: email=krissy.yang@vpea.ca | phone=2508917810 | city=Victoria | prov=BC
[02:54:59]   [395/3703] Eljane Libantino (R711710)
[02:54:59]     OK: email=ezhimmigration@outlook.com | phone=4168272261 | city=Hamilton | prov=ON
[02:55:02]   [396/3703] Regina Ruth Dizon (R707591)
[02:55:02]     OK: email=rdizon@belongimmigration.com | phone=5877088053 | city=Airdrie | prov=AB
[02:55:06]   [397/3703] Mei Zhu (R707319)
[02:55:06]     OK: email=zhum05@gmail.com | phone=6476098886 | city=Toronto | prov=ON
[02:55:08]   [398/3703] Sukhdeep Kaur (R1040682)
[02:55:08]     OK: email=kaursukhdeep161985@gmail.com | city=Surrey | prov=BC
[02:55:12]   [399/3703] Philip Latilo (R508302)
[02:55:12]     OK: email=deaconlatilo@yahoo.com | phone=4036065261 | city=Calgary | prov=AB
[02:55:15]   [400/3703] Jean Kamdem (R713132)
[02:55:15]     OK: phone=6135517474 | city=Iqaluit | prov=NU
[02:55:19]   [401/3703] Mohammed Mukhlis (R506765)
[02:55:19]     OK: email=mmukhlis@shics.com | phone=2899978000 | city=Mississauga | prov=ON
[02:55:21]   [402/3703] Navjit Kaur (R530551)
[02:55:21]     OK: email=Navjitkaur1985@gmail.com | phone=6047157890 | city=Surrey | prov=BC
[02:55:23]   [403/3703] Amanpreet Kaur (R534007)
[02:55:23]     OK: email=amangill440@gmail.com | phone=2368670905 | city=Surrey | prov=BC
[02:55:26]   [404/3703] Neha Batta (R705418)
[02:55:26]     OK: email=nehabatta@ymail.com | phone=7783238033 | city=Surrey | prov=BC
[02:55:29]   [405/3703] Dhivya Palanimuthu Sivasamy (R707224)
[02:55:29]     OK: email=info@seabirdimmigration.ca | phone=5875240800
[02:55:31]   [406/3703] Inderdeep Kaur Gill (R533651)
[02:55:31]     OK: email=inderdeepgill@gmail.com | phone=6474085336 | city=Mississauga | prov=ON
[02:55:33]   [407/3703] Serkan Polat (R707380)
[02:55:34]     OK: email=serkan@sterna.ca | phone=6047155045 | city=West Vancouver | prov=BC
[02:55:37]   [408/3703] Tejinder Pal Grewal (R529577)
[02:55:37]     OK: email=tpsgimmigration@telus.net | phone=6048373101 | city=Langley | prov=BC
[02:55:40]   [409/3703] Arashdeep Singh (R707133)
[02:55:40]     OK: email=arash.highend@gmail.com | phone=6043794636 | city=Surrey | prov=BC
[02:55:42]   [410/3703] Ashneet Banwait (R535589)
[02:55:42]     OK: email=info@nauticalimmigration.ca | phone=7788691404 | city=Surrey | prov=BC
[02:55:45]   [411/3703] Jia Hui Yang (R709162)
[02:55:45]     OK: email=yuki_yang@hotmail.com | phone=6048089982 | city=Richmond | prov=BC
[02:55:47]   [412/3703] Liudmyla Bielinska (R706037)
[02:55:48]     OK: email=bielinska.immigration.canada@gmail.com | phone=8255611065 | city=Toronto | prov=ON
[02:55:50]   [413/3703] Simrandeep Oberoi (R707971)
[02:55:50]     OK: email=mail2simu@gmail.com | phone=6477683024 | city=Oshawa | prov=ON
[02:55:52]   [414/3703] Maritza Tibata Lopez (R707890)
[02:55:52]     OK: email=maritza.tibata@gmail.com | phone=5148156107 | city=Val-David | prov=QC
[02:55:56]   [415/3703] Baljinder Kaur (R709775)
[02:55:56]     OK: email=kaurb@live.ca | phone=7788915287 | city=Delta | prov=BC
[02:55:59]   [416/3703] Lubna Hussain (R507814)
[02:55:59]     OK: email=Lubnatalib@gmail.com | phone=4167317081 | city=Toronto | prov=ON
[02:56:02]   [417/3703] Cem Say (R712995)
[02:56:02]     OK: email=jemsay@hotmail.com | phone=2269726229 | city=Kitchener | prov=ON
[02:56:05]   [418/3703] Mitra Ghollak (R712027)
[02:56:05]     OK: email=mitra.ghollak@gmail.com | phone=6135587709 | city=Nepean | prov=ON
[02:56:08]   [419/3703] Frances Hannigan (R507077)
[02:56:08]     OK: email=fhanniga@uwaterloo.ca | phone=5198884567 | city=Waterloo | prov=ON
[02:56:11]   [420/3703] Midori Oki (R731308)
[02:56:11]     OK: city=Montreal | prov=QC
[02:56:13]   [421/3703] Mary Grace Undag (R513284)
[02:56:13]     OK: city=Edmonton | prov=AB
[02:56:16]   [422/3703] Maurice Williams (R710539)
[02:56:16]     OK: email=mwilliams_11@yahoo.ca | phone=6476784738 | city=Woodbridge | prov=ON
[02:56:19]   [423/3703] Ifeoma Tony-Osondu (R713039)
[02:56:19]     OK: email=itonyosondu@gmail.com | phone=6399991400 | city=Regina | prov=SK
[02:56:21]   [424/3703] Elina Geselev (R410919)
[02:56:21]     OK: email=bridgecanada@telus.net | phone=6042291289 | city=Vancouver | prov=BC
[02:56:24]   [425/3703] John Meligrana (R508470)
[02:56:25]     OK: email=john.meligrana@gmail.com | phone=6135490833 | city=Kingston | prov=ON
[02:56:27]   [426/3703] Neera Agnihotri (R406511)
[02:56:27]     OK: email=neeraagnihotri@gmail.com | phone=6045972284 | city=Delta | prov=BC
[02:56:31]   [427/3703] Sukhdeep Singh Buttar (R713062)
[02:56:31]     OK: email=sukhdeepbuttar@yahoo.com | phone=7788580925 | city=Surrey | prov=BC
[02:56:33]   [428/3703] Cherrylyn Sonon (R711826)
[02:56:33]     OK: email=INFO@SONEDUICS.NET | phone=7809195664 | city=Edmonton | prov=AB
[02:56:36]   [429/3703] Isabelle De Albuquerque Catunda (R1034417)
[02:56:36]     OK: city=Caledon | prov=ON
[02:56:38]   [430/3703] David Iremadze ()
[02:56:38]     OK: email=david.iremadze@crandallu.ca | phone=5068588970 | city=Moncton | prov=NB
[02:56:41]   [431/3703] Farah Ayoub (R533291)
[02:56:41]     OK: email=farah1607@gmail.com | phone=6478188647 | city=London | prov=ON
[02:56:44]   [432/3703] Krishan Katariya (R713169)
[02:56:44]     OK: email=kish.k1310@gmail.com | phone=9029409175 | city=Charlottetown | prov=PE
[02:56:47]   [433/3703] Bernadette Sta Maria (R422991)
[02:56:47]     OK: email=jedette@rogers.com | phone=4167081821 | city=Mississauga | prov=ON
[02:56:50]   [434/3703] Yong Kun Alex Kim (R413479)
[02:56:50]     OK: email=beherecanada@gmail.com | city=Vancouver | prov=BC
[02:56:52]   [435/3703] Manoj Pyarasani (R710393)
[02:56:52]     OK: email=manojpyarasani2009@gmail.com | phone=6477177300 | city=Oakville | prov=ON
[02:56:55]   [436/3703] Gurdeep Singh (R533769)
[02:56:55]     OK: email=poloimmigration@gmail.com | phone=4312581313 | city=Winnipeg | prov=MB
[02:56:58]   [437/3703] Pamela Mcgarrigle (R518872)
[02:56:58]     OK: email=pamela@originimmigration.ca | phone=9027170100 | city=Halifax | prov=NS
[02:57:01]   [438/3703] Zahra Hussain Bakhsh (R713060)
[02:57:01]     OK: email=zahra.ghulami@gmail.com | phone=9990205020 | city=Mississauga | prov=ON
[02:57:03]   [439/3703] Manish Gopal (R712503)
[02:57:03]     OK: email=mr.manishg27@gmail.com | phone=5879144600 | city=Calgary | prov=AB
[02:57:06]   [440/3703] Maria Rico Espinosa (R521184)
[02:57:06]     OK: email=gr-immigrationsolutions@outlook.com | phone=4039688845 | city=Airdrie | prov=AB
[02:57:09]   [441/3703] Sanjay Kumar Anthonydevaraj Reddy (R706915)
[02:57:09]     OK: email=info.kumarsimmigration.ca@gmail.com | city=Surrey | prov=BC
[02:57:12]   [442/3703] Mandeep Bambrah (R706879)
[02:57:12]     OK: email=mandeep@manuleaf.com | phone=6047197870 | city=Surrey | prov=BC
[02:57:15]   [443/3703] Harpreet Singh Chadha (R706127)
[02:57:15]     OK: email=hi@downtownimmigration.com | phone=6472271416 | city=Toronto | prov=ON
[02:57:18]   [444/3703] Resham Khaira (R531045)
[02:57:18]     OK: city=Hamilton | prov=ON
[02:57:20]   [445/3703] Fahimeh Refaei Afshar Ghezelbash (R507204)
[02:57:20]     OK: email=fahimeh.imc@gmail.com | phone=7788660941 | city=Langley | prov=BC
[02:57:23]   [446/3703] Prashant Awasthi (R709730)
[02:57:23]     OK: city=Regina | prov=SK
[02:57:26]   [447/3703] Ling He (R508842)
[02:57:27]     OK: email=lhe8103@rogers.com | phone=4168861311 | city=Markham | prov=ON
[02:57:30]   [448/3703] Shauna Marie Wollf-Uyesugi (R507118)
[02:57:30]     OK: email=Shaunawollf@gmail.com | phone=4034781666 | city=Calgary | prov=AB
[02:57:32]   [449/3703] Ruchika Jain (R710454)
[02:57:32]     OK: email=tradewalks@gmail.com | phone=2043338961 | city=Morden | prov=MB
[02:57:34]   [450/3703] Sorelle Tatiana Denbissi Kamtchang (R709103)
[02:57:34]     OK: city=Ottawa | prov=ON
[02:57:37]   [451/3703] Gang Han (R710633)
[02:57:37]     OK: email=ghan1@ualberta.ca | phone=7806554943 | city=Calgary | prov=AB
[02:57:40]   [452/3703] Kim Lacombe (R731310)
[02:57:40]     OK: email=kimlacomb@gmail.com | phone=5146881269 | city=Vancouver | prov=BC
[02:57:43]   [453/3703] Sajid Usmani (R420671)
[02:57:43]     OK: email=sajid@alliedimmigration.com | phone=9055668190 | city=Mississauga | prov=ON
[02:57:46]   [454/3703] Michele Serrano (R507753)
[02:57:46]     OK: email=michele_serrano@hotmail.com | phone=4169889613 | city=Toronto | prov=ON
[02:57:48]   [455/3703] Shahzad Kolahi (R507610)
[02:57:48]     OK: email=sheri_kolahi@yahoo.com | phone=6044688978 | city=Coquitlam | prov=BC
[02:57:51]   [456/3703] Hui Tang (R713209)
[02:57:52]     OK: email=yctangh@hotmail.com | phone=4165288592 | city=Scarborough | prov=ON
[02:57:55]   [457/3703] Farinaz Taheri (R531015)
[02:57:55]     OK: email=info@taherimmigrationservices.com | phone=4168291414 | city=Markham | prov=ON
[02:57:57]   [458/3703] Julie Croquison (R707856)
[02:57:57]     OK: email=info@yxyimmigration.ca | phone=5879912488 | city=Whitehorse
[02:58:00]   [459/3703] Elaine Chow (R708385)
[02:58:00]     OK: email=info@northia.ca | phone=4385236722 | city=Montreal | prov=QC
[02:58:02]   [460/3703] Ali Rizvi (R710769)
[02:58:03]     OK: email=azeeshan1860@gmail.com | phone=4168582739 | city=Mississauga | prov=ON
[02:58:05]   [461/3703] Heidi Domke (R708192)
[02:58:05]     OK: email=legacypacific@yahoo.com | city=Victoria | prov=BC
[02:58:08]   [462/3703] Mahdis Amirnejad (R710949)
[02:58:08]     OK: email=mahdis@amirnejadimm.com | phone=6476792598 | city=North York | prov=ON
[02:58:10]   [463/3703] Sher Singh (R712949)
[02:58:10]     OK: email=spnimmigration@gmail.com | phone=2045577002 | city=Cambridge | prov=ON
[02:58:13]   [464/3703] Vipul Jasani (R711932)
[02:58:13]     OK: email=Vipuljasani@gmail.com | phone=5878568686 | city=Calgary | prov=AB
[02:58:15]   [465/3703] Iryna Shnitke (R709854)
[02:58:15]     OK: email=office@is-immigration.ca | phone=9024407284 | city=Halifax | prov=NS
[02:58:18]   [466/3703] Gregory Batt (R521812)
[02:58:18]     OK: email=equusimmigrationcanada@gmail.com | phone=7783463500 | city=Campbell River | prov=BC
[02:58:21]   [467/3703] Maria De Los Angeles Gore (R104229)
[02:58:21]     OK: city=West Vancouver | prov=BC
[02:58:23]   [468/3703] Brugu Kumar Sama (R535233)
[02:58:23]     OK: email=info@dbicvisa.com | phone=6476245200 | city=Brampton | prov=ON
[02:58:26]   [469/3703] Carmen Chan (R408727)
[02:58:26]     OK: email=carmenvancouver@gmail.com | phone=7783230078 | city=Richmond | prov=BC
[02:58:28]   [470/3703] Maryam Torabizadeh (R731396)
[02:58:28]     OK: email=maryam_torabizadeh@yahoo.com | phone=6472176737 | city=Aurora | prov=ON
[02:58:32]   [471/3703] Arash Bahrami (R418351)
[02:58:32]     OK: email=info@immigration-visa.ca | phone=8864 1429-31
[02:58:35]   [472/3703] Eduardo Gutierrez-Balmaseda Prieto (R707242)
[02:58:35]     OK: city=Victoria | prov=BC
[02:58:37]   [473/3703] Peilin Yang (R706997)
[02:58:37]     OK: email=peilinyang@promadeimm.com | phone=2048945865 | city=Winnipeg | prov=MB
[02:58:41]   [474/3703] Longina Masvosva (R415319)
[02:58:41]     OK: email=longinamasvosva@gmail.com | phone=4164091254 | city=Toronto | prov=ON
[02:58:44]   [475/3703] Yoko Ono (R510052)
[02:58:44]     OK: email=yoko@canwayimmigration.ca | phone=6045181531 | city=Vancouver | prov=BC
[02:58:47]   [476/3703] Inderjeet Kaur (R1035145)
[02:58:48]     OK: city=Brampton | prov=ON
[02:58:51]   [477/3703] Mandeep Sukhala (R707361)
[02:58:51]     OK: email=info@immigrationjunction.ca | phone=9055986070 | city=Brampton | prov=ON
[02:58:54]   [478/3703] Beer Avinder Bains (R706876)
[02:58:54]     OK: email=mrbains_84@yahoo.co.in | phone=4034733039 | city=Calgary | prov=AB
[02:58:57]   [479/3703] Meenal Gole ()
[02:58:57]     OK: email=admin2@capic.ca | phone=4164837044 | city=Toronto | prov=ON
[02:59:00]   [480/3703] Simranjeet Kaur Mangat (R707232)
[02:59:00]     OK: email=simranmangat96@yahoo.ca | phone=2044306821 | city=Winnipeg | prov=MB
[02:59:02]   [481/3703] Rachit Arora (R707571)
[02:59:02]     OK: email=raglobalimmigration@gmail.com | phone=6474675753 | city=Mississauga | prov=ON
[02:59:06]   [482/3703] Adekunle Adekoya (R1040832)
[02:59:06]     OK: phone=4039125708 | city=Calgary | prov=AB
[02:59:09]   [483/3703] Koki Kimoto (R706553)
[02:59:09]     OK: email=kokikimoto0731@gmail.com | phone=6047802731 | city=Vancouver | prov=BC
[02:59:13]   [484/3703] Huanhuan Cheng (R707781)
[02:59:13]     OK: email=Amanda.cheng0@gmail.com | phone=7789917332 | city=North Vancouver | prov=BC
[02:59:15]   [485/3703] Phuc Do (R707999)
[02:59:15]     OK: email=phdimmi@gmail.com | phone=587-290-2555 | city=Saint Albert | prov=AB
[02:59:18]   [486/3703] Anthonia Okwesa (R708942)
[02:59:18]     OK: email=info@alvaimmigration.com | phone=5879174124 | city=Calgary | prov=AB
[02:59:20]   [487/3703] Maha Mostafa Mohamed Mohamed El Sabbagh (R707403)
[02:59:20]     OK: email=mahaelsabbagh127@gmail.com | phone=6478655644 | city=Whitby | prov=ON
[02:59:23]   [488/3703] Cristina Valencia Navarrete (R712418)
[02:59:23]     OK: email=avalencia0304@gmail.com | phone=5066079558 | city=Saint John | prov=NB
[02:59:25]   [489/3703] Chakshu Kapur Chadha (R706391)
[02:59:25]     OK: email=panacheglobalimmigration@gmail.com | phone=7788358596 | city=Burnaby | prov=BC
[02:59:28]   [490/3703] Sandra Sutherland (R419951)
[02:59:28]     OK: email=ssutherland@suthernimmigration.com | phone=4164312829 | city=Toronto | prov=ON
[02:59:31]   [491/3703] Shalin Patel (R530313)
[02:59:31]     OK: email=skc.shalin@live.com | phone=4379963430 | city=Scarborough | prov=ON
[02:59:34]   [492/3703] Alessandra Terra (R515926)
[02:59:34]     OK: email=alessandra@excel4canada.com | phone=5872209626 | city=Lethbridge | prov=AB
[02:59:37]   [493/3703] Katherine Tinker (R731552)
[02:59:38]     OK: email=katinker@gmail.com | phone=9024012711 | city=Halifax | prov=NS
[02:59:40]   [494/3703] Xurong Zhao (R710920)
[02:59:40]     OK: email=xurongzhao1969@gmail.com | phone=5877072666 | city=Calgary | prov=AB
[02:59:42]   [495/3703] Hung Viet Can (R511916)
[02:59:43]     OK: (minimal data)
[02:59:46]   [496/3703] Galo Castillo (R408519)
[02:59:46]     OK: city=Toronto | prov=ON
[02:59:49]   [497/3703] Amarpreet Kaur (R1033590)
[02:59:49]     OK: city=Surrey | prov=BC
[02:59:51]   [498/3703] Ramon Encarnacion (R512968)
[02:59:52]     OK: email=ramonrcic@gmail.com | phone=6047221973 | city=Vancouver | prov=BC
[02:59:55]   [499/3703] Olumide Ale (R731679)
[02:59:55]     OK: city=Winnipeg | prov=MB
[02:59:58]   [500/3703] Shawn Sulaimaan (R419815)
[02:59:58]     OK: email=shawn.sulaimaan@apservices.ca | phone=6045752786 | city=Surrey | prov=BC
[03:00:02]   [501/3703] Jilil Bugra (R705599)
[03:00:02]     OK: email=jilil.bugra@gmail.com | phone=5145865513 | city=Montreal | prov=QC
[03:00:04]   [502/3703] Nasreen Akter (R534297)
[03:00:04]     OK: (minimal data)
[03:00:06]   [503/3703] Karan Singh (R532175)
[03:00:06]     OK: email=karan@immigratenow.ca | phone=6045450761 | city=New Westminster | prov=BC
[03:00:10]   [504/3703] Nitish Dev (R530287)
[03:00:10]     OK: email=info@newwayimmigration.ca | phone=5877106667 | city=Edmonton | prov=AB
[03:00:12]   [505/3703] Ravi Singh (R524903)
[03:00:12]     OK: email=ravisingh8@yahoo.com | phone=7788665442 | city=North Vancouver | prov=BC
[03:00:15]   [506/3703] Tamara Henry (R709911)
[03:00:15]     OK: phone=6479149632
[03:00:17]   [507/3703] Parun Upneja (R707109)
[03:00:18]     OK: email=parun@northpace.ca | phone=6046554511 | city=Surrey | prov=BC
[03:00:20]   [508/3703] Arvinder Singh Bhela (R713101)
[03:00:20]     OK: email=amanbhela3070@gmail.com | phone=9058674809 | city=Brampton | prov=ON
[03:00:24]   [509/3703] Amanpreet Singh (R712059)
[03:00:24]     OK: city=Mississauga | prov=ON
[03:00:27]   [510/3703] Wiktor Rybak (R511197)
[03:00:27]     OK: email=rybakwiktor@gmail.com | phone=7809659512 | city=Edmonton | prov=AB
[03:00:29]   [511/3703] Meng Zhang (R707003)
[03:00:30]     OK: email=demoo.z@foxmail.com | phone=7786683585 | city=Surrey | prov=BC
[03:00:32]   [512/3703] Xiangyu Luo (R535697)
[03:00:32]     OK: email=steveluo812@gmail.com | phone=4166666752 | city=Markham | prov=ON
[03:00:35]   [513/3703] Richa Sharma (R706691)
[03:00:36]     OK: city=Brampton | prov=ON
[03:00:39]   [514/3703] Orlando Jose Hurtado Pena (R535537)
[03:00:39]     OK: city=Guelph | prov=ON
[03:00:42]   [515/3703] Brandie Hunter (R710927)
[03:00:42]     OK: email=hunterb@ae.ca | phone=5505506648 | city=Vernon | prov=BC
[03:00:45]   [516/3703] Amit Sethi (R707019)
[03:00:45]     OK: email=amit.sethi@outlook.com | phone=6478817402 | city=Brampton | prov=ON
[03:00:48]   [517/3703] Honey Gandhi (R709764)
[03:00:48]     OK: email=honey@scorpiusimmigration.com | phone=6475379494 | city=Cambridge | prov=ON
[03:00:51]   [518/3703] Yatinder Goel (R731238)
[03:00:51]     OK: email=goelyatinder@gmail.com | phone=6395710780 | city=Calgary | prov=AB
[03:00:54]   [519/3703] Sultana Ghazi (R411007)
[03:00:54]     OK: email=sultanaghazi@gmail.com | phone=923008240825 | city=Karachi
[03:00:57]   [520/3703] Jafreen Chowdhury (R710299)
[03:00:57]     OK: email=JAFREEN.CHOWDHURY@YAHOO.COM | phone=6479788014 | city=Scarborough | prov=ON
[03:01:00]   [521/3703] Alfadl Hattab (R533371)
[03:01:00]     OK: city=Calgary | prov=AB
[03:01:04]   [522/3703] Yue Chen Geng (R528664)
[03:01:04]     OK: email=yuechengeng@gmail.com | phone=6473936230 | city=Hamilton | prov=ON
[03:01:06]   [523/3703] Diane Monaghan (R535717)
[03:01:06]     OK: email=gdmonaghan@shaw.ca | phone=4039987954 | city=Calgary | prov=AB
[03:01:10]   [524/3703] Kiran Sandhu (R529826)
[03:01:10]     OK: email=info@legalleafimmigration.ca | phone=7802372090 | city=Calgary | prov=AB
[03:01:12]   [525/3703] Rupinder Kaur Grewal (R709503)
[03:01:12]     OK: email=Grewalrupinder18@hotmail.com | phone=7789273403 | city=Delta | prov=BC
[03:01:16]   [526/3703] Thomas Von Cardinal (R516186)
[03:01:16]     OK: city=Ottawa | prov=ON
[03:01:19]   [527/3703] Mohamed Kassem (R705715)
[03:01:19]     OK: email=info@astrolabe.ca | city=Mississauga | prov=ON
[03:01:22]   [528/3703] Ramanjeet Kaur Cheema (R526958)
[03:01:22]     OK: email=raman@revolveimmigration.com | phone=7788837582 | city=Surrey | prov=BC
[03:01:25]   [529/3703] Heidy Lopez Vargas (R1034028)
[03:01:26]     OK: city=Longueuil | prov=QC
[03:01:28]   [530/3703] Elizabeth Li Feng (R1034501)
[03:01:28]     OK: city=Toronto | prov=ON
[03:01:31]   [531/3703] Andrea Draper (R529552)
[03:01:31]     OK: email=andrea@draperimmigration.ca | phone=2504888855 | city=Kelowna | prov=BC
[03:01:33]   [532/3703] Yuvraj Singh (R710228)
[03:01:33]     OK: email=info@startwest.ca | phone=6043007487 | city=Abbotsford | prov=BC
[03:01:36]   [533/3703] Judith Tokgoz (R711135)
[03:01:36]     OK: email=jtokgoz@gmail.com | phone=5143865675 | city=Montreal | prov=QC
[03:01:38]   [534/3703] Eunice Liliana Venancio Contreras (R731444)
[03:01:38]     OK: email=vencanadaimmigration@gmail.com | phone=6046799225 | city=Mission | prov=BC
[03:01:41]   [535/3703] Patricia Collard (R708710)
[03:01:41]     OK: email=patricia@mozaikimmigration.com | phone=4507504613 | city=Joliette | prov=QC
[03:01:44]   [536/3703] Manpreet Beryar (R710058)
[03:01:44]     OK: email=preetberyar@gmail.com | phone=5875830756 | city=Calgary | prov=AB
[03:01:48]   [537/3703] Rupinder Singh Brar (R708524)
[03:01:48]     OK: email=brar.rupinder@hotmail.com | city=Dorval | prov=QC
[03:01:51]   [538/3703] Leah Fe Balucan (R534269)
[03:01:51]     OK: email=leah@four-seasons.ca | phone=2893746378 | city=Mississauga | prov=ON
[03:01:54]   [539/3703] Karan Kochhar (R533055)
[03:01:54]     OK: city=Surrey | prov=BC
[03:01:57]   [540/3703] Khalid Alkhalaileh (R516163)
[03:01:57]     OK: city=Piedmont | prov=QC
[03:02:01]   [541/3703] Robert Toor (R514540)
[03:02:01]     OK: email=toorrobert@gmail.com | phone=6043099437 | city=Mississauga | prov=ON
[03:02:03]   [542/3703] Manpreet Arora (R514243)
[03:02:03]     OK: email=mnpr_05@yahoo.com.sg | phone=6046038250 | city=Surrey | prov=BC
[03:02:07]   [543/3703] Anubha Chadha (R731682)
[03:02:07]     OK: email=anubha.chadha1@gmail.com | phone=9055165017 | city=Grimsby | prov=ON
[03:02:09]   [544/3703] Ramin Khodaie (R413351)
[03:02:09]     OK: city=Montreal | prov=QC
[03:02:12]   [545/3703] James Emery (R707123)
[03:02:12]     OK: email=randall.emery@emeryimmigration.ca | phone=6139097600 | city=Nepean | prov=ON
[03:02:15]   [546/3703] Taryn Rahman (R517575)
[03:02:15]     OK: city=Montreal | prov=QC
[03:02:18]   [547/3703] Onome Avanoma (R521737)
[03:02:18]     OK: email=o.avanoma@outlook.com | phone=2042262505 | city=Winnipeg | prov=MB
[03:02:20]   [548/3703] Charles Ahanonu (R530403)
[03:02:20]     OK: email=charlesosita_ahanonu@yahoo.co.uk | phone=2899694818 | city=Meadow Lake | prov=SK
[03:02:23]   [549/3703] Kaiping Zhang (R731440)
[03:02:23]     OK: email=caroline@jamesnorris.com | phone=2503824234 | city=Victoria | prov=BC
[03:02:25]   [550/3703] Fang Liu-Calver (R533269)
[03:02:25]     OK: email=sliucalver@tru.ca | phone=2503715790 | city=Kamloops | prov=BC
[03:02:29]   [551/3703] Salam Nazo (R710269)
[03:02:29]     OK: email=sal_diwan@yahoo.com | phone=4036151355 | city=Calgary | prov=AB
[03:02:31]   [552/3703] Soumya Sunil Nair (R713047)
[03:02:31]     OK: city=Toronto | prov=ON
[03:02:34]   [553/3703] Sandeep Dhanju (R710814)
[03:02:34]     OK: email=sandy22dhanju@gmail.com | phone=2509905050 | city=Surrey | prov=BC
[03:02:37]   [554/3703] Rebeca Garcia Barreto (R706317)
[03:02:37]     OK: email=rebeca.rcic@gmail.com | phone=7782312128 | city=Vancouver | prov=BC
[03:02:40]   [555/3703] Tao Xu (R421671)
[03:02:41]     OK: email=tao.xu@onrie.ca | phone=6477273180 | city=Newmarket | prov=ON
[03:02:43]   [556/3703] Shanteena Scott (R712640)
[03:02:43]     OK: email=shanteenascott@gmail.com | phone=2892148246 | city=Saint Catharines | prov=ON
[03:02:46]   [557/3703] Kulsum Shariff (R710890)
[03:02:46]     OK: email=shariff.kulsum@gmail.com | phone=6472327863 | city=North York | prov=ON
[03:02:49]   [558/3703] Ramandeep Kaur (R709590)
[03:02:49]     OK: city=Calgary | prov=AB
[03:02:52]   [559/3703] Agoston Tamas (R507054)
[03:02:52]     OK: email=atamas@gmx.com | phone=4164288776 | city=Markham | prov=ON
[03:02:55]   [560/3703] Gurpreet Kaur (R711550)
[03:02:55]     OK: email=gurpreetk.ca@gmail.com | phone=6473949099 | city=Brampton | prov=ON
[03:02:58]   [561/3703] Yune Zhou (R513707)
[03:02:58]     OK: email=yunezhou@genzcanada.com | phone=7806959108 | city=Edmonton | prov=AB
[03:03:00]   [562/3703] Sheetal Jhuti (R412527)
[03:03:00]     OK: email=sheetal@icaninc.ca | city=No. 1055 Canadian Place
[03:03:03]   [563/3703] Thanh Tan Nguyen (R515064)
[03:03:03]     OK: email=tanssg2@gmail.com | city=Burnaby | prov=BC
[03:03:06]   [564/3703] Klaudios Mustakas (R518835)
[03:03:06]     OK: city=Waterloo | prov=ON
[03:03:09]   [565/3703] Rajni Bala Narang (R710491)
[03:03:10]     OK: email=RAJNIGUJRAL187@GMAIL.COM | phone=4034252000 | city=Calgary | prov=AB
[03:03:13]   [566/3703] Sharryn Aiken ()
[03:03:13]     OK: email=aiken@queensu.ca | phone=4165290379 | city=Kingston | prov=ON
[03:03:16]   [567/3703] Navtej Singh (R534179)
[03:03:16]     OK: email=nav604@gmail.com | phone=6042505534 | city=Surrey | prov=BC
[03:03:19]   [568/3703] Arturo Contreras (R711524)
[03:03:19]     OK: city=Edmonton | prov=AB
[03:03:21]   [569/3703] Harikrishnan Madhusudhanan Nair (R731549)
[03:03:21]     OK: phone=5877164872
[03:03:24]   [570/3703] Kevin Thien Nguyen (R706600)
[03:03:24]     OK: email=kevin.nguyen@allume-immigration.ca | phone=4388132236 | city=Montreal | prov=QC
[03:03:27]   [571/3703] Ramesh Dheer (R409775)
[03:03:27]     OK: email=dheerimmigration@rogers.com | phone=9056159147 | city=Mississauga | prov=ON
[03:03:30]   [572/3703] Jenny Perez (R423103)
[03:03:30]     OK: email=jenny@pmimmigration.com | phone=7786509700 | city=Vancouver | prov=BC
[03:03:33]   [573/3703] Karanwant Singh (R709495)
[03:03:33]     OK: city=Brampton | prov=ON
[03:03:36]   [574/3703] Ekjot Brar (R532707)
[03:03:36]     OK: email=ekjotbrar@7starcanada.com | phone=6048544070 | city=Abbotsford | prov=BC
[03:03:39]   [575/3703] Lijun Wang (R516194)
[03:03:39]     OK: email=lucasgrace2003@yahoo.com | phone=3069520812 | city=Saskatoon | prov=SK
[03:03:42]   [576/3703] Margaret Gfeller (R515616)
[03:03:42]     OK: email=info@mgimmigrationconsultants.ca | phone=2504509978 | city=Kelowna | prov=BC
[03:03:45]   [577/3703] Jessica Sabenecio (R518867)
[03:03:45]     OK: city=Surrey | prov=BC
[03:03:47]   [578/3703] Jatin Sahani (R523199)
[03:03:47]     OK: email=jatins1081@gmail.com | phone=2045101149 | city=Surrey | prov=BC
[03:03:49]   [579/3703] Simran Babbar (R535583)
[03:03:49]     OK: email=simran.angel16@gmail.com | phone=4372189646 | city=Mississauga | prov=ON
[03:03:52]   [580/3703] Liang Lee (R533699)
[03:03:52]     OK: city=Toronto | prov=ON
[03:03:55]   [581/3703] Thi Phuong Anh Tran (R535479)
[03:03:55]     OK: email=anhtran231@gmail.com | phone=4162711073 | city=Mississauga | prov=ON
[03:03:59]   [582/3703] Jia Du (R731492)
[03:03:59]     OK: city=Burnaby | prov=BC
[03:04:01]   [583/3703] Suneesh Gopalan (R515433)
[03:04:01]     OK: email=sunkg77@gmail.com | phone=2042987192 | city=Calgary | prov=AB
[03:04:04]   [584/3703] Sang Hun Kim (R413463)
[03:04:04]     OK: email=jerry@eleaders.com | phone=6045685863 | city=Vancouver | prov=BC
[03:04:07]   [585/3703] Parinaz Sepideh (R528840)
[03:04:07]     OK: email=psepideh1978@gmail.com | phone=6044423010 | city=Burnaby | prov=BC
[03:04:10]   [586/3703] Jaspreet Gill (R530635)
[03:04:10]     OK: email=jksaran14@gmail.com | phone=4034025729 | city=Calgary | prov=AB
[03:04:13]   [587/3703] Saliha Bensefia (R706290)
[03:04:13]     OK: email=saliha.bensefia@gmail.com | phone=4383895955 | city=Laval | prov=QC
[03:04:15]   [588/3703] Agnes Gizard (R534755)
[03:04:15]     OK: email=ag@agics.ca | city=Ottawa | prov=ON
[03:04:19]   [589/3703] Jenny Domucmat (R710290)
[03:04:19]     OK: email=jenny.dcd@outlook.com | phone=7806072734 | city=Fort McMurray | prov=AB
[03:04:21]   [590/3703] Ahmad Salik (R509291)
[03:04:21]     OK: email=ceo@euroconsultants.ca | phone=9054860192
[03:04:23]   [591/3703] Craig Gerein (R705972)
[03:04:23]     OK: email=info@cpgimmigration.ca | phone=3065303440 | city=Regina | prov=SK
[03:04:26]   [592/3703] Rafael Schafer Marques (R705654)
[03:04:26]     OK: email=rafael@rciccanada.com | phone=6048310745 | city=Kelowna | prov=BC
[03:04:29]   [593/3703] Harmandeep Dhaliwal (R710523)
[03:04:29]     OK: email=harmansd@outlook.com | phone=6479726369 | city=Brampton | prov=ON
[03:04:33]   [594/3703] Ian Wood (R524168)
[03:04:33]     OK: city=Saint Catharines | prov=ON
[03:04:36]   [595/3703] Xxx Navjeet Kaur (R707236)
[03:04:36]     OK: phone=5872211000 | city=Calgary | prov=AB
[03:04:39]   [596/3703] Yash Kumar Sharma (R534521)
[03:04:39]     OK: email=YASH@MARSIMMIGRATION.CA | phone=6475300426 | city=Caledon | prov=ON
[03:04:42]   [597/3703] Paramjit Kaur (R530111)
[03:04:43]     OK: email=paramjit.anatomy@gmail.com | phone=7802712100 | city=Edmonton | prov=AB
[03:04:45]   [598/3703] Ashish Fitkariwala (R1034491)
[03:04:45]     OK: city=Mississauga | prov=ON
[03:04:48]   [599/3703] Puneet Kaur (R709663)
[03:04:48]     OK: email=info@redskyimmigration.ca | phone=4038990042 | city=Calgary | prov=AB
[03:04:51]   [600/3703] Parmvir Singh (R711808)
[03:04:51]     OK: email=Parmvirsingh88@yahoo.com | phone=3062034708 | city=Edmonton | prov=AB
[03:04:53]   [601/3703] Geraldine Valiarayil (R707287)
[03:04:53]     OK: city=Office #203 18304
[03:04:55]   [602/3703] Blessy Alexander (R515891)
[03:04:55]     OK: city=Calgary | prov=AB
[03:04:58]   [603/3703] Satvir Kaur Dhanoa (R711646)
[03:04:58]     OK: email=Info@dhanoaimmigration.com | city=Airdrie | prov=AB
[03:05:02]   [604/3703] Dirk Van Duyn (R710741)
[03:05:02]     OK: email=dvanduyn@gmail.com | phone=2507417742 | city=Nanaimo | prov=BC
[03:05:05]   [605/3703] Miraflor Hotte (R711746)
[03:05:05]     OK: email=mirahotte@hotmail.com | phone=7053582926 | city=North Bay | prov=ON
[03:05:09]   [606/3703] Ghassan Aldeeb (R522642)
[03:05:09]     OK: email=nimerg@hotmail.com | phone=9052670998 | city=Mississauga | prov=ON
[03:05:11]   [607/3703] Avneet Kaur Basrey (R532425)
[03:05:11]     OK: email=avneetb87@gmail.com | phone=6473235900 | city=Brampton | prov=ON
[03:05:13]   [608/3703] Preet Ravinder Singh (R710897)
[03:05:13]     OK: email=bluebellimmigration@gmail.com | phone=4169886060 | city=Brampton | prov=ON
[03:05:15]   [609/3703] Oluwabukola Akinode (R707791)
[03:05:15]     OK: email=bakinode2003@yahoo.com | phone=6478184429 | city=Brampton | prov=ON
[03:05:19]   [610/3703] Yulieth Castaneda (R706689)
[03:05:19]     OK: email=yulieth_co@yahoo.com | phone=4168852507 | city=Guelph | prov=ON
[03:05:22]   [611/3703] Albert Osae-Akonnor (R708214)
[03:05:22]     OK: city=Brampton | prov=ON
[03:05:26]   [612/3703] Daniel Tardif (R420255)
[03:05:26]     OK: email=daniel.tardif_cric@yahoo.fr | phone=5142488994 | city=Montreal | prov=QC
[03:05:29]   [613/3703] Kimferly Ann Vidal (R533189)
[03:05:29]     OK: email=k.vidal@stargateimm.com | phone=5872164123 | city=Calgary | prov=AB
[03:05:32]   [614/3703] Golnaz Bihamta Toussi (R731432)
[03:05:32]     OK: email=gbihamta@gmail.com | phone=7785131003 | city=North Vancouver | prov=BC
[03:05:35]   [615/3703] Maria Makarova (R710016)
[03:05:35]     OK: city=Toronto | prov=ON
[03:05:37]   [616/3703] Astha Sehgal (R708511)
[03:05:37]     OK: email=astha.rai@gmail.com | phone=6478193014 | city=Brampton | prov=ON
[03:05:40]   [617/3703] Erin Wight (R523142)
[03:05:41]     OK: email=wighte@macewan.ca | phone=7806333117 | city=Edmonton | prov=AB
[03:05:44]   [618/3703] Ian Jeff Dumayas (R707843)
[03:05:44]     OK: email=info@envisageimmigration.ca | phone=7789520723 | city=Vancouver | prov=BC
[03:05:47]   [619/3703] Marcos Bordeos (R706398)
[03:05:47]     OK: email=mackybordeos@mccareglobal.com | phone=2044804086 | city=Winnipeg | prov=MB
[03:05:49]   [620/3703] Reanne Ocampo (R708197)
[03:05:49]     OK: email=reanne.ocampo@outlook.com | phone=6043650770 | city=Surrey | prov=BC
[03:05:51]   [621/3703] Sushil Khatter (R511734)
[03:05:51]     OK: email=khatter.sushil@gmail.com | phone=4165624262 | city=Toronto | prov=ON
[03:05:54]   [622/3703] Kylie Johnstone (R415263)
[03:05:54]     OK: email=kjohnstone@pfcollins.com | phone=7097385691 | city=Saint John's | prov=NL
[03:05:57]   [623/3703] Gurpreet Kaur (R708153)
[03:05:57]     OK: email=Preeti-22@hotmail.com, info@pashnimmigration.com | phone=6479913705 | city=Brampton | prov=ON
[03:06:00]   [624/3703] Saad Allami (R534301)
[03:06:00]     OK: email=contact@cisa-canada.ca | phone=5145457596 | city=Laval | prov=QC
[03:06:04]   [625/3703] Anupreet Sandhu (R514512)
[03:06:04]     OK: email=anupreetsandhu79@gmail.com | phone=6478249000 | city=London | prov=ON
[03:06:06]   [626/3703] Yassine El Bahlouli (R706841)
[03:06:06]     OK: phone=3062167896
[03:06:09]   [627/3703] Sydia Scott (R710073)
[03:06:09]     OK: email=sydia.scott@hotmail.com | phone=4373292950 | city=Ajax | prov=ON
[03:06:12]   [628/3703] Anuj Sengar (R515178)
[03:06:12]     OK: email=anuj@canximmigration.com | phone=7785643555 | city=Surrey | prov=BC
[03:06:15]   [629/3703] Kyoung Wook Kim (R514684)
[03:06:15]     OK: email=kevinuhak@gmail.com | phone=4169935078 | city=Scarborough | prov=ON
[03:06:18]   [630/3703] Belona Stublla (R707560)
[03:06:18]     OK: email=info@kumnovaimmigration.com | phone=4168562354 | city=Toronto | prov=ON
[03:06:20]   [631/3703] Janelle Wang (R421191)
[03:06:20]     OK: email=janelle.immigration@gmail.com | phone=6048210038 | city=Richmond | prov=BC
[03:06:23]   [632/3703] Thi Thu Nguyen (R534465)
[03:06:23]     OK: email=huong.nguyen@novavistaimmi.com | phone=5197436868 | city=Kitchener | prov=ON
[03:06:25]   [633/3703] Shujun Qian (R713151)
[03:06:25]     OK: city=Bedford | prov=NS
[03:06:28]   [634/3703] Harinderjeet Singh Sidhu (R706614)
[03:06:28]     OK: city=Edmonton | prov=AB
[03:06:30]   [635/3703] Domingo Doria (R515959)
[03:06:30]     OK: email=doriadomingo@gmail.com | phone=4033800050 | city=Lethbridge | prov=AB
[03:06:33]   [636/3703] Jasbir Deogan (R517574)
[03:06:33]     OK: email=unicimmigration@gmail.com | phone=6042009288 | city=Surrey | prov=BC
[03:06:36]   [637/3703] Heather Macintyre (R708082)
[03:06:36]     OK: email=info@currentimmigration.ca | phone=6477005954 | city=Toronto | prov=ON
[03:06:39]   [638/3703] Man Mak (R415047)
[03:06:39]     OK: city=Richmond | prov=BC
[03:06:41]   [639/3703] Simranjeet Grewal (R506976)
[03:06:41]     OK: email=khaira_simran@yahoo.co.in | phone=9059021300 | city=Brampton | prov=ON
[03:06:45]   [640/3703] Nitin Khullar (R535681)
[03:06:45]     OK: email=dreamz2canada@gmail.com | phone=7783854147 | city=Surrey | prov=BC
[03:06:47]   [641/3703] Taaha Rana (R705664)
[03:06:47]     OK: email=altumimmigration@gmail.com | phone=6479067262 | city=Mississauga | prov=ON
[03:06:50]   [642/3703] Dilpreet Singh (R706050)
[03:06:50]     OK: email=INFO@DILEXIMMIGRATION.COM | phone=9057816742 | city=Brampton | prov=ON
[03:06:53]   [643/3703] Amarmeet Khehra (R707732)
[03:06:53]     OK: email=amar@aajocan.com | phone=7783444608 | city=Abbotsford | prov=BC
[03:06:56]   [644/3703] Zia Naqvi (R513856)
[03:06:56]     OK: email=zianaqvi@hotmail.com | phone=6474840025 | city=Toronto | prov=ON
[03:07:00]   [645/3703] Gursewak Singh Gill (R709255)
[03:07:00]     OK: city=Calgary | prov=AB
[03:07:03]   [646/3703] Monica Queen (R707743)
[03:07:03]     OK: email=mqueen@mqimmigration.ca | phone=4037078024 | city=Calgary | prov=AB
[03:07:06]   [647/3703] Ernesto Zoydo Garcia Vidal (R709300)
[03:07:06]     OK: email=consultor@zoydo.com | phone=6475207391 | city=Sault Sainte Marie | prov=ON
[03:07:08]   [648/3703] Anna Zarate Ferrera (R509833)
[03:07:08]     OK: email=annaferrera@shaw.ca | phone=7807320443 | city=Edmonton | prov=AB
[03:07:11]   [649/3703] Adebola Joda (R705472)
[03:07:11]     OK: email=info@stonehedgeimmigration.com | phone=6477808006 | city=Oakville | prov=ON
[03:07:15]   [650/3703] Vinay Vekariya (R706883)
[03:07:15]     OK: city=Calgary | prov=AB
[03:07:17]   [651/3703] Bao Nguyen (R517567)
[03:07:17]     OK: email=bao@michaelgoldenlawyer.com | phone=6044392420 | city=Burnaby | prov=BC
[03:07:20]   [652/3703] Tahereh Farzei Paknejad (R707825)
[03:07:20]     OK: email=farzeipk@yahoo.com | phone=6046008214 | city=North Vancouver | prov=BC
[03:07:23]   [653/3703] Jesse Root (R520350)
[03:07:23]     OK: email=jesserroot@gmail.com | phone=6477825519 | city=London | prov=ON
[03:07:26]   [654/3703] Sheeba Joseph (R712855)
[03:07:26]     OK: phone=2895414261 | city=Mississauga | prov=ON
[03:07:29]   [655/3703] Rajan Sanghera (R706626)
[03:07:29]     OK: email=info@sangheraimmigration.com | phone=6044427272 | city=Surrey | prov=BC
[03:07:32]   [656/3703] Saurabh Bahl (R534315)
[03:07:32]     OK: email=info@ssbimmigration.ca | phone=6048359472 | city=Surrey | prov=BC
[03:07:35]   [657/3703] Jashandeep Sandhu (R711272)
[03:07:35]     OK: email=jashansandhu9911@gmail.com | phone=7789824245 | city=Surrey | prov=BC
[03:07:38]   [658/3703] Namita Aggarwal (R711988)
[03:07:38]     OK: email=namitaagg@yahoo.com | phone=7788922142 | city=Surrey | prov=BC
[03:07:41]   [659/3703] Di Ma (R711259)
[03:07:41]     OK: email=rebecca@linkpathimmigration.com | phone=9025796188 | city=Bedford | prov=NS
[03:07:44]   [660/3703] Rami Alsaqqa (R510298)
[03:07:44]     OK: email=info@gwvisapro.com | phone=6135014279 | city=Ottawa | prov=ON
[03:07:46]   [661/3703] Zeinat Monieb (R415911)
[03:07:46]     OK: email=zeinatm@monieba.com | phone=6472021658 | city=Oakville | prov=ON
[03:07:49]   [662/3703] Morris King Catalig (R531449)
[03:07:50]     OK: email=mcatalig@mkcisolutions.com | phone=6474677051 | city=Mississauga | prov=ON
[03:07:52]   [663/3703] Navdeep Singh Sandhu (R705964)
[03:07:52]     OK: email=newtonimmigration@gmail.com | phone=7787236662 | city=Surrey | prov=BC
[03:07:55]   [664/3703] Ram Babbar (R515758)
[03:07:55]     OK: email=pnrimmigration@gmail.com | phone=6472726994
[03:07:58]   [665/3703] Sunita Nagori (R731236)
[03:07:58]     OK: email=nagorisunita@gmail.com | phone=6477044599 | city=Guelph | prov=ON
[03:08:00]   [666/3703] Anne Lui (R1034184)
[03:08:01]     OK: (minimal data)
[03:08:03]   [667/3703] Malini Sengupta (R525815)
[03:08:04]     OK: email=malinisengupta@hotmail.com | phone=7783186198 | city=Inuvik | prov=NT
[03:08:06]   [668/3703] Yuliya Shevchenko (R731620)
[03:08:06]     OK: city=Calgary | prov=AB
[03:08:09]   [669/3703] Shivranjini Shivranjini (R709555)
[03:08:09]     OK: city=Kelowna | prov=BC
[03:08:13]   [670/3703] Hoang Hai Nguyen (R707613)
[03:08:13]     OK: email=hhnguyen@ualberta.ca | phone=5873388443 | city=Edmonton | prov=AB
[03:08:16]   [671/3703] Faiza Hassan (R513885)
[03:08:17]     OK: email=info@firstgateimmigration.com | phone=8253330353 | city=Edmonton | prov=AB
[03:08:19]   [672/3703] Rekha Samuel (R531343)
[03:08:19]     OK: email=rekha@canmerge.net | city=Brampton | prov=ON
[03:08:22]   [673/3703] Angelique Astourian-Kirijian (R710767)
[03:08:22]     OK: email=aski.immigration@gmail.com | phone=6472723553 | city=Toronto | prov=ON
[03:08:24]   [674/3703] Edward Russell (R707285)
[03:08:25]     OK: email=admin@russellimmigration.ca | phone=4036784663 | city=Canmore | prov=AB
[03:08:27]   [675/3703] Luis Guerra (R518939)
[03:08:27]     OK: email=luisguerra@curiosityimmigration.com | phone=6043139739 | city=Coquitlam | prov=BC
[03:08:30]   [676/3703] Mahyar Afzali (R532405)
[03:08:30]     OK: email=mahyarafzali@gmail.com | city=Vancouver | prov=BC
[03:08:33]   [677/3703] Daniel Rawlyk (R712954)
[03:08:33]     OK: email=drawlyk@gmail.com | phone=7802892394 | city=Sherwood Park | prov=AB
[03:08:35]   [678/3703] Janessa Friesen (R1041265)
[03:08:35]     OK: city=Kelowna | prov=BC
[03:08:38]   [679/3703] Sukhbir Dhaliwal (R529352)
[03:08:38]     OK: city=Surrey | prov=BC
[03:08:40]   [680/3703] Jason Ferreira (R511664)
[03:08:40]     OK: email=ferreira@immigration4canada.ca | phone=4166538938 | city=Toronto | prov=ON
[03:08:43]   [681/3703] Yash Sunilkumar Patel (R534109)
[03:08:43]     OK: email=vishimmigration.ca@gmail.com | phone=6478228558 | city=Mississauga | prov=ON
[03:08:46]   [682/3703] Ann Welsh (R506781)
[03:08:46]     OK: email=awelsh@schulich.yorku.ca | phone=4167362100 | city=Toronto | prov=ON
[03:08:49]   [683/3703] Valérie Huot (R706629)
[03:08:49]     OK: email=valerie.huot@hotmail.com | phone=4189348314 | city=Saint-Lambert | prov=QC
[03:08:52]   [684/3703] Somayeh Khajehpourdezfouli (R712340)
[03:08:52]     OK: email=info@hicc-immigration.com | phone=416-814-7700 | city=Thornhill | prov=ON
[03:08:55]   [685/3703] Bo-Young Kang (R422351)
[03:08:55]     OK: email=kangboyoung@hotmail.com | phone=5879693348 | city=Vaughan | prov=ON
[03:08:58]   [686/3703] Softy Kanda (R707939)
[03:08:59]     OK: email=softykanda@gmail.com | phone=4169185925 | city=Calgary | prov=AB
[03:09:01]   [687/3703] Merril Evangelista (R517819)
[03:09:01]     OK: email=merril@myeglobal.ca | phone=4037103055 | city=Calgary | prov=AB
[03:09:04]   [688/3703] Charanpreet Kaur (R706949)
[03:09:05]     OK: email=sachimmigration@gmail.com | phone=5197280808 | city=Windsor | prov=ON
[03:09:07]   [689/3703] Rana Farhat (R711492)
[03:09:07]     OK: email=ran.farhat@gmail.com | phone=6047542670 | city=Burnaby | prov=BC
[03:09:10]   [690/3703] Ajay Chhabra (R532439)
[03:09:10]     OK: email=ajaychhabra79@gmail.com | phone=7786802737 | city=Surrey | prov=BC
[03:09:13]   [691/3703] Kelechi Daniel (R1034411)
[03:09:13]     OK: city=Mississauga | prov=ON
[03:09:15]   [692/3703] Oluwakemi Bolatito-Bello (R712062)
[03:09:15]     OK: city=Edmonton | prov=AB
[03:09:18]   [693/3703] Angela Rosenau (R415471)
[03:09:18]     OK: email=rosenauimmigration@gmail.com | phone=4033309485 | city=Lethbridge | prov=AB
[03:09:21]   [694/3703] Vito Vassallo (R712006)
[03:09:21]     OK: email=vassv@sympatico.ca | phone=5149260841 | city=Montreal | prov=QC
[03:09:24]   [695/3703] Parisa Alinasab (R527240)
[03:09:24]     OK: email=parisa@palinaconsultancy.com | phone=6046002652 | city=Vancouver | prov=BC
[03:09:27]   [696/3703] Wenyue Cheng (R533625)
[03:09:27]     OK: email=wenyue27@hotmail.com | phone=4164509895 | city=Newmarket | prov=ON
[03:09:30]   [697/3703] Neelam Rana (R532105)
[03:09:30]     OK: email=neelrana75@gmail.com | phone=6479632441 | city=Brampton | prov=ON
[03:09:33]   [698/3703] Emely Duverge Rivera (R530071)
[03:09:33]     OK: email=info@rumbocanada.com | phone=4168242919 | city=Ottawa | prov=ON
[03:09:36]   [699/3703] Mobolaji Okubanjo (R706029)
[03:09:36]     OK: email=Consultant@BoisConsultants.ca | phone=7807602647 | city=Edmonton | prov=AB
[03:09:39]   [700/3703] Kanika Bhutani (R710293)
[03:09:39]     OK: email=kbhu.921@gmail.com | phone=6476311302 | city=Woodbridge | prov=ON
[03:09:43]   [701/3703] Nina Hetrosa (R705802)
[03:09:43]     OK: email=nina@nhzimmigration.ca | phone=4033240649 | city=Strathmore | prov=AB
[03:09:46]   [702/3703] Yiqiao Ran (R526973)
[03:09:46]     OK: email=info@cantaconsulting.com | phone=514-866-3871 | city=Montreal | prov=QC
[03:09:49]   [703/3703] Farzad Farahmand (R410567)
[03:09:49]     OK: email=info@teamimmigration.com | phone=9057636100 | city=Richmond Hill | prov=ON
[03:09:51]   [704/3703] Sagardeep Patel (R712828)
[03:09:52]     OK: email=rcicsag@gmail.com | phone=4372544405 | city=Port Elgin | prov=ON
[03:09:54]   [705/3703] Snejana Varsavscaia (R534219)
[03:09:54]     OK: email=s.varshavskaya@yahoo.com | phone=4319983389 | city=Winnipeg | prov=MB
[03:09:56]   [706/3703] Maryam Haraji Esfahani (R707470)
[03:09:57]     OK: email=mharaji@hermesimmigration.com | phone=4168250106 | city=Richmond Hill | prov=ON
[03:09:59]   [707/3703] Ho Kee Chin (R713022)
[03:09:59]     OK: email=ernesthkchin@gmail.com | phone=7783233752 | city=Richmond | prov=BC
[03:10:01]   [708/3703] Gurpreet Sidhu (R535789)
[03:10:01]     OK: email=Sidhugurpreet9484@yahoo.com | city=Abbotsford | prov=BC
[03:10:04]   [709/3703] Karmjeet Singh (R708624)
[03:10:04]     OK: email=karmathwal@outlook.com | phone=5873273034 | city=Calgary | prov=AB
[03:10:07]   [710/3703] Giovanni Mariella (R705710)
[03:10:07]     OK: email=vannicanada@gmail.com | phone=7787007112 | city=Burnaby | prov=BC
[03:10:10]   [711/3703] Wasiu Oluwaseye Yusuf (R731666)
[03:10:10]     OK: email=info@woyimmigration.com | phone=4316788558
[03:10:13]   [712/3703] Kaiping Dai (R524746)
[03:10:13]     OK: email=kyle@seekgrp.com | phone=7789879687 | city=Burnaby | prov=BC
[03:10:16]   [713/3703] Amarinder Dhillon (R708061)
[03:10:16]     OK: email=info@tmrimmigration.com | phone=6476858484 | city=Brampton | prov=ON
[03:10:18]   [714/3703] Tahir Rahman (R417543)
[03:10:19]     OK: email=tahirrahman@migracon.com | phone=2892321913 | city=Mississauga | prov=ON
[03:10:21]   [715/3703] Zhenyong Liu (R512831)
[03:10:21]     OK: city=Markham | prov=ON
[03:10:24]   [716/3703] Benedict Tet Heung Chong (R525254)
[03:10:24]     OK: email=info@the3sixty.ca | phone=7802571788 | city=Edmonton | prov=AB
[03:10:28]   [717/3703] Paul Abraham (R406367)
[03:10:28]     OK: city=Halifax | prov=NS
[03:10:30]   [718/3703] Evelina Shatilova (R706983)
[03:10:30]     OK: city=Toronto | prov=ON
[03:10:33]   [719/3703] Rajesh Sharma (R531207)
[03:10:33]     OK: email=canadaonevisa@gmail.com | phone=6478761179 | city=Brampton | prov=ON
[03:10:36]   [720/3703] Mary Ogenyi-Igoche (R731653)
[03:10:36]     OK: email=mogenyi-igoche@ubuntuwic.ca | phone=43715954 | city=Sault Sainte Marie | prov=ON
[03:10:39]   [721/3703] Manprit Aujla-Grewal (R407175)
[03:10:39]     OK: email=info@ciconnections.com | phone=7806554603 | city=Edmonton | prov=AB
[03:10:42]   [722/3703] Solmaz Rohani (R707940)
[03:10:42]     OK: email=solmaz.rohani@gmail.com | city=Toronto | prov=ON
[03:10:45]   [723/3703] Gagandeep Kaur (R710639)
[03:10:45]     OK: email=gaganrosy13@gmail.com | phone=7785815432 | city=Kelowna | prov=BC
[03:10:47]   [724/3703] Jerome Morgan (R415983)
[03:10:47]     OK: email=jmorgan@mercan.com | phone=5142829214 | city=Montreal | prov=QC
[03:10:50]   [725/3703] Inderjit Saini (R711270)
[03:10:50]     OK: email=RCIC@PORTAGEIMMIGRATION.COM | city=Winnipeg | prov=MB
[03:10:54]   [726/3703] Sabina Gawri (R706762)
[03:10:54]     OK: email=gawriimmigration@gmail.com | phone=2505250052 | city=Kamloops | prov=BC
[03:10:57]   [727/3703] Gursewak Brar (R709308)
[03:10:57]     OK: email=BRARGUR85@GMAIL.COM | phone=2046980047 | city=Winnipeg | prov=MB
[03:10:59]   [728/3703] Uma Venkatraman (R420879)
[03:10:59]     OK: email=uma@visionscanada.ca | phone=9055078915 | city=Brampton | prov=ON
[03:11:03]   [729/3703] Kristen Forsythe (R712610)
[03:11:03]     OK: email=sourcelegal.ca@gmail.com | phone=4165249231 | city=Toronto | prov=ON
[03:11:06]   [730/3703] Luz Garrido (R731350)
[03:11:06]     OK: phone=2369795758 | city=Richmond | prov=BC
[03:11:09]   [731/3703] Lewis Lacerona (R712490)
[03:11:09]     OK: email=mikmat.immigration.consulting@gmail.com | phone=6478856452 | city=Toronto | prov=ON
[03:11:13]   [732/3703] Surjeet Singh (R712306)
[03:11:13]     OK: email=singhsurjeet029@gmail.com | phone=7059701421 | city=Barrie | prov=ON
[03:11:15]   [733/3703] Navneet Kaur Randhawa (R530613)
[03:11:15]     OK: email=NAVSANDHU003@GMAIL.COM | phone=4038905761 | city=Calgary | prov=AB
[03:11:18]   [734/3703] Xiaomeng Zhang (R535277)
[03:11:18]     OK: email=xiaomengzhang2012@gmail.com | phone=2049638678 | city=Zhengzhou
[03:11:20]   [735/3703] Everton Forbes (R712152)
[03:11:20]     OK: email=evertonforbesimmiconsultancy@gmail.com | phone=4034379944 | city=Calgary | prov=AB
[03:11:23]   [736/3703] Alina Angela Boldea (R731311)
[03:11:23]     OK: email=angela@boldeaimmigration.com | phone=5149783210 | city=Montreal | prov=QC
[03:11:26]   [737/3703] Cintia Alvarez (R731626)
[03:11:26]     OK: email=cintiav@gmail.com | phone=6476428003 | city=Nayarit
[03:11:29]   [738/3703] Arsheen Devjee (R710278)
[03:11:30]     OK: email=arsheendevjee@gmail.com | phone=6476072106 | city=Richmond Hill | prov=ON
[03:11:32]   [739/3703] Carolina Gonzalez Mutis (R529561)
[03:11:32]     OK: email=carolina@northwesthomestay.com | phone=7788985016 | city=Vancouver | prov=BC
[03:11:34]   [740/3703] Manjit Hans (R711146)
[03:11:34]     OK: email=manjit.hans@live.com | phone=4169494201 | city=London | prov=ON
[03:11:37]   [741/3703] Tejinder Singh Rajdev (R711744)
[03:11:37]     OK: city=Calgary | prov=AB
[03:11:41]   [742/3703] Busola Adeojo (R709699)
[03:11:41]     OK: email=ricagency1@gmail.com | phone=4163122406 | city=Kitchener | prov=ON
[03:11:44]   [743/3703] Alisa Nelson (R510048)
[03:11:44]     OK: city=Vancouver | prov=BC
[03:11:47]   [744/3703] Shimul Kansara (R532641)
[03:11:47]     OK: email=shimul.kansara@yahoo.com | phone=6475612922 | city=Toronto | prov=ON
[03:11:50]   [745/3703] Xiao Li Gu (R707877)
[03:11:50]     OK: city=Coquitlam | prov=BC
[03:11:54]   [746/3703] Jaspreet Sandhu (R706566)
[03:11:54]     OK: email=13JSANDHU@GMAIL.COM | phone=6047233662 | city=Mission | prov=BC
[03:11:57]   [747/3703] Isha Mahajan (R707474)
[03:11:57]     OK: city=333
[03:12:00]   [748/3703] Sunil Sharma (R532645)
[03:12:00]     OK: email=info@allwaycanada.com | phone=9052081313 | city=Mississauga | prov=ON
[03:12:02]   [749/3703] Reuben Tucker (R709160)
[03:12:02]     OK: email=reubentucker2000@yahoo.com | phone=7809941372 | city=Edmonton | prov=AB
[03:12:04]   [750/3703] Anna Loginova ()
[03:12:04]     OK: email=membershipcoordinator.cancelled@capic.ca | phone=4163185205 | city=Mississauga | prov=ON
[03:12:06]   [751/3703] Anekpal Dhillon (R532979)
[03:12:06]     OK: email=Anek@hotmail.ca | phone=5874161702 | city=Edmonton | prov=AB
[03:12:08]   [752/3703] Gurpreet Bhugra (R709562)
[03:12:08]     OK: email=gkaur25@outlook.com | phone=7785522228 | city=Surrey | prov=BC
[03:12:11]   [753/3703] Yadwinder Bhullar (R706049)
[03:12:12]     OK: city=Calgary | prov=AB
[03:12:14]   [754/3703] Imarú Baquero ()
[03:12:14]     OK: email=imaru.baquero@uleth.ca | phone=4039157378 | city=Lethbridge | prov=AB
[03:12:18]   [755/3703] Roehl Siojo (R708259)
[03:12:18]     OK: email=rsiojo@outlook.com | phone=6048348828 | city=Surrey | prov=BC
[03:12:21]   [756/3703] Jaspreet Kaur Gill (R706814)
[03:12:21]     OK: email=jaspreetkaurgill36@gmail.com | phone=2042609210 | city=Winnipeg | prov=MB
[03:12:24]   [757/3703] Chao Ma (R534865)
[03:12:24]     OK: email=hoganmachao@gmail.com | phone=7788834829 | city=Port Moody | prov=BC
[03:12:27]   [758/3703] Bhavdeep Chohan (R731485)
[03:12:28]     OK: city=Brampton | prov=ON
[03:12:30]   [759/3703] Jonel Kinao (R526128)
[03:12:30]     OK: email=jsk.gibsons@gmail.com | city=Sechelt | prov=BC
[03:12:33]   [760/3703] Phuong Anh Cao (R706354)
[03:12:33]     OK: email=imsolutioncanadaus@gmail.com | phone=7787928952 | city=Vancouver | prov=BC
[03:12:36]   [761/3703] Juliet Anyaoha (R709561)
[03:12:36]     OK: city=Mississauga | prov=ON
[03:12:39]   [762/3703] Kotaro Yaguchi (R527782)
[03:12:39]     OK: email=cansigroup@gmail.com | phone=6042005148 | city=Burnaby | prov=BC
[03:12:41]   [763/3703] Ewologhene Marioghae (R706587)
[03:12:41]     OK: email=hello@caninfoconsult.com | phone=4319982071 | city=Winnipeg | prov=MB
[03:12:44]   [764/3703] Aniela Ciuca (R713114)
[03:12:44]     OK: email=aniela@anicanimmigration.com | phone=7786801814 | city=Langley | prov=BC
[03:12:47]   [765/3703] Mohammad Aslam (R709121)
[03:12:47]     OK: email=aslam416905@gmail.com | phone=7037036887 | city=Scarborough | prov=ON
[03:12:49]   [766/3703] Tinuke Oparinde (R711187)
[03:12:49]     OK: email=tinukeoparinde@gmail.com | phone=3064501455 | city=Regina | prov=SK
[03:12:52]   [767/3703] Shabnam Johnson (R711246)
[03:12:52]     OK: email=shabjohnson@gmail.com | phone=4319974001 | city=Winnipeg | prov=MB
[03:12:54]   [768/3703] Rajan Goyal (R708574)
[03:12:54]     OK: email=info@unicornimmigration.com | phone=9978746000 | city=Surrey | prov=BC
[03:12:57]   [769/3703] Neeraj Sud (R534199)
[03:12:57]     OK: email=neeraj.sud@gmail.com | phone=6475425557 | city=Brampton | prov=ON
[03:13:01]   [770/3703] Osman Quazi (R423263)
[03:13:01]     OK: email=cicscanada@gmail.com | phone=4166945080 | city=Toronto | prov=ON
[03:13:03]   [771/3703] Yang Geng (R529556)
[03:13:03]     OK: email=april.yyg@gmail.com | phone=7786868586 | city=Langley | prov=BC
[03:13:05]   [772/3703] Amanpreet Singh (R708366)
[03:13:05]     OK: email=amanpreetsinghmullowal@gmail.com | phone=6476800090 | city=Mississauga | prov=ON
[03:13:08]   [773/3703] Bo Zhan (R521255)
[03:13:09]     OK: email=rcicbozhan@gmail.com | phone=9022924318 | city=Dartmouth | prov=NS
[03:13:11]   [774/3703] Charlotte Perrollaz (R529777)
[03:13:11]     OK: email=perrollazimmigration@gmail.com | phone=8195807157 | city=Montreal | prov=QC
[03:13:14]   [775/3703] Quynh Vu (R518744)
[03:13:14]     OK: email=quynh.vu@novavita-consultant.com | phone=5146556439 | city=Mont-Royal | prov=QC
[03:13:17]   [776/3703] Rajesh Ardhawa (R508388)
[03:13:17]     OK: email=rsimmigration1@gmail.com | phone=7782290796 | city=Burnaby | prov=BC
[03:13:19]   [777/3703] Fatemeh Eshghali (R731430)
[03:13:19]     OK: email=info@teimmigration.com | phone=2265583992 | city=Orangeville | prov=ON
[03:13:22]   [778/3703] Trupti Bhagat (R706565)
[03:13:22]     OK: email=trupti@rumiimmigration.com | phone=4168332725 | city=Toronto | prov=ON
[03:13:24]   [779/3703] Harpinder Grewal (R706536)
[03:13:25]     OK: email=immigration.harp@gmail.com | phone=7789293191 | city=Surrey | prov=BC
[03:13:27]   [780/3703] Guojun Yu (R533221)
[03:13:27]     OK: email=edspeedimmigration@gmail.com | phone=7809536062 | city=Edmonton | prov=AB
[03:13:30]   [781/3703] Lemon Fu (R535343)
[03:13:30]     OK: email=lemon.fu@jfuconsultants.com | phone=6043703719 | city=Richmond | prov=BC
[03:13:33]   [782/3703] Lorita Yung Lin Chiu (R711317)
[03:13:33]     OK: email=lorita.chiu@gmail.com | phone=886911678955 | city=Taipei
[03:13:35]   [783/3703] Anna Bon (R713298)
[03:13:35]     OK: email=annabonimmigration@gmail.com | phone=4167337959 | city=Toronto | prov=ON
[03:13:38]   [784/3703] Oscar Franco Lopez Portillo (R707231)
[03:13:38]     OK: email=ofrancolp@hotmail.com | phone=7789293549 | city=Vancouver | prov=BC
[03:13:41]   [785/3703] Eric Samuel (R532579)
[03:13:41]     OK: email=ceoexodus@outlook.com | phone=6048255154 | city=Abbotsford | prov=BC
[03:13:45]   [786/3703] Rohit Singla (R534993)
[03:13:45]     OK: email=rohitndelhi@gmail.com | phone=2896884848 | city=London | prov=ON
[03:13:47]   [787/3703] Ravinder Saini (R521149)
[03:13:47]     OK: email=precise282@gmail.com | phone=9054600005 | city=Brampton | prov=ON
[03:13:49]   [788/3703] Aakanksha Tyagi (R709439)
[03:13:50]     OK: city=Thornhill | prov=ON
[03:13:53]   [789/3703] Nahid Tabatabaei (R512797)
[03:13:53]     OK: email=nahidtaba@gmail.com | phone=5145642471 | city=North Vancouver | prov=BC
[03:13:56]   [790/3703] Kim Tuan Nguyen (R713217)
[03:13:56]     OK: email=ngkimtuanjc@gmail.com | phone=7788331868 | city=Hamilton | prov=ON
[03:13:59]   [791/3703] Juliana Valles (R420719)
[03:13:59]     OK: email=info@carmelavalles.com | phone=7057612244 | city=Peterborough | prov=ON
[03:14:02]   [792/3703] Sahar Ibrahim (R712852)
[03:14:02]     OK: phone=6477068608 | city=Acton | prov=ON
[03:14:05]   [793/3703] Benjamin Doan (R512966)
[03:14:05]     OK: email=benjaminbdoan@gmail.com | phone=4373885766 | city=Sudbury | prov=ON
[03:14:09]   [794/3703] Anubhav Kaushal (R707071)
[03:14:09]     OK: email=anubhavkaushal1@gmail.com | phone=6478901476 | city=Brampton | prov=ON
[03:14:11]   [795/3703] Marharyta Skotnytska (R707209)
[03:14:11]     OK: email=mskotnytska@gmail.com | phone=7787518043 | city=Langley | prov=BC
[03:14:13]   [796/3703] Wei Jiang (R707963)
[03:14:14]     OK: email=jiang.wayne@aol.com | phone=6044923188 | city=Coquitlam | prov=BC
[03:14:17]   [797/3703] Shanel Cato (R707537)
[03:14:17]     OK: email=immigrationobjectif@gmail.com | phone=5145922329 | city=Montreal | prov=QC
[03:14:19]   [798/3703] Mitalkumar Rathod (R707532)
[03:14:19]     OK: city=Victoria | prov=BC
[03:14:21]   [799/3703] Akinkunmi Akingbade (R707544)
[03:14:22]     OK: email=akingbade4christ@yahoo.com | phone=5874344423 | city=Calgary | prov=AB
[03:14:25]   [800/3703] Iryna Matsiuk (R513299)
[03:14:25]     OK: email=iryna@imcanadaimmigration.ca | phone=3062299278 | city=Saskatoon | prov=SK
[03:14:28]   [801/3703] Edwin Barbosa (R712239)
[03:14:28]     OK: email=ebarbosa@canada-streams.com | phone=6479634255 | city=Toronto | prov=ON
[03:14:31]   [802/3703] Bayasgalan Shondug (R519371)
[03:14:31]     OK: email=baysaa33@yandex.ru | phone=6474717447 | city=Whitby | prov=ON
[03:14:34]   [803/3703] Razia Asheek (R535581)
[03:14:34]     OK: email=razia.asheek@gmail.com | phone=6472397845 | city=Scarborough | prov=ON
[03:14:37]   [804/3703] Syed Shabbeer Altaf (R535845)
[03:14:37]     OK: city=Mississauga | prov=ON
[03:14:40]   [805/3703] Ahmad Vatandoost (R420831)
[03:14:40]     OK: email=info@scholarimmigrationcanada.com | phone=6044682255 | city=Coquitlam | prov=BC
[03:14:42]   [806/3703] Odette Caroline Montelibano (R535719)
[03:14:42]     OK: email=mch.immigration@gmail.com | phone=4168739562 | city=Etobicoke | prov=ON
[03:14:45]   [807/3703] Lilian De Almeida Costa Bandeira Assumpcao (R535103)
[03:14:45]     OK: email=lilian@dreamjourney.ca | phone=6046168335 | city=Richmond | prov=BC
[03:14:48]   [808/3703] Dhaval Bhatt (R712270)
[03:14:48]     OK: email=rcicdhaval@gmail.com | phone=3062097961 | city=Regina | prov=SK
[03:14:50]   [809/3703] Rhodora Armada (R526586)
[03:14:50]     OK: email=rhodora@armadacompany.ca | phone=4036085446 | city=Calgary | prov=AB
[03:14:54]   [810/3703] Jennifer Holburn (R510024)
[03:14:54]     OK: email=jennifer.holburn@uwo.ca | phone=5195204328 | city=London | prov=ON
[03:14:56]   [811/3703] Avtar Barn (R533611)
[03:14:56]     OK: email=avtareto@gmail.com | phone=6047004873 | city=Surrey | prov=BC
[03:14:58]   [812/3703] Ganga Vaddey (R529013)
[03:14:58]     OK: email=gangamanohar@gmail.com | city=Scarborough | prov=ON
[03:15:02]   [813/3703] Liliana Valdivieso (R707564)
[03:15:02]     OK: city=Calgary | prov=AB
[03:15:04]   [814/3703] Daisy Nicolas (R416479)
[03:15:04]     OK: email=daisynicolas@rogers.com | phone=9057035061 | city=Brampton | prov=ON
[03:15:07]   [815/3703] Eddie Yichen Song (R711077)
[03:15:07]     OK: phone=4319968950 | city=Markham | prov=ON
[03:15:10]   [816/3703] Shaina Nagpal (R706783)
[03:15:10]     OK: email=nagpalshaina92@gmail.com | phone=7802570842 | city=Edmonton | prov=AB
[03:15:13]   [817/3703] Serrena Mcdonald (R522223)
[03:15:13]     OK: email=serrena.mcdonald@gmail.com | phone=6478847362 | city=Toronto | prov=ON
[03:15:16]   [818/3703] Virginia Tang (R511716)
[03:15:16]     OK: email=virta.pet@gmail.com | phone=7805051044 | city=Grande Prairie | prov=AB
[03:15:19]   [819/3703] Hajnalka Pope-Kis (R513149)
[03:15:19]     OK: email=popekiss@gmail.com | phone=5195350128 | city=Woodstock | prov=ON
[03:15:22]   [820/3703] Wei Zou (R707060)
[03:15:22]     OK: email=zouwei3681@gmail.com | phone=+86 1351843443 | city=Richmond | prov=BC
[03:15:24]   [821/3703] Catarina Oey (R515541)
[03:15:24]     OK: email=catarinaoey@gmail.com | phone=6043519890 | city=Langley | prov=BC
[03:15:27]   [822/3703] Donald Curry (R535613)
[03:15:27]     OK: email=don@curryconsulting.ca | phone=7054756396 | city=North Bay | prov=ON
[03:15:30]   [823/3703] Cielito Lindo Parone (R532553)
[03:15:30]     OK: city=Toronto | prov=ON
[03:15:33]   [824/3703] Sovannara Phin (R526588)
[03:15:33]     OK: email=info@hopelandimmigration.com | phone=5878963329 | city=Calgary | prov=AB
[03:15:36]   [825/3703] Alexander Ning (R416519)
[03:15:36]     OK: email=alex@annc.ca | phone=6042708155 | city=Richmond | prov=BC
[03:15:39]   [826/3703] Danielle Lénéus (R705490)
[03:15:39]     OK: email=nflimmigration@gmail.com | phone=6134065249 | city=Ottawa | prov=ON
[03:15:41]   [827/3703] Cynthia Abimbola Abayomi (R1053535)
[03:15:41]     OK: city=Calgary | prov=AB
[03:15:44]   [828/3703] Momoko Kikuchi (R509027)
[03:15:44]     OK: email=momo2van@gmail.com | phone=6046895444 | city=Vancouver | prov=BC
[03:15:46]   [829/3703] Minji Son (R705713)
[03:15:46]     OK: email=sonminji0929@gmail.com | phone=7789975209 | city=Vancouver | prov=BC
[03:15:49]   [830/3703] Quang Vo (R524262)
[03:15:49]     OK: email=vdnquang@gmail.com | phone=6476747626 | city=Mississauga | prov=ON
[03:15:51]   [831/3703] Maricor Ferriols (R708097)
[03:15:51]     OK: email=mari@premiereplacementagency.com | phone=7789954813 | city=New Westminster | prov=BC
[03:15:55]   [832/3703] Manharpreet Singh (R706250)
[03:15:55]     OK: email=info.cicscanada@gmail.com | phone=4039186432 | city=Calgary | prov=AB
[03:15:57]   [833/3703] Oksana Todorenko (R514834)
[03:15:57]     OK: city=Nanaimo | prov=BC
[03:16:00]   [834/3703] Chih Wang (R706378)
[03:16:00]     OK: email=alexwang1989@gmail.com | phone=6479866839 | city=Markham | prov=ON
[03:16:02]   [835/3703] Nerissa Alcala (R515757)
[03:16:02]     OK: email=neris.alcala520@gmail.com | phone=4038907289 | city=Calgary | prov=AB
[03:16:05]   [836/3703] Cynthia Lohnes (R530717)
[03:16:05]     OK: email=clohnes@ihmathers.com | phone=7094758700 | city=Saint John's | prov=NL
[03:16:08]   [837/3703] Leah Iszakovits (R526922)
[03:16:08]     OK: (minimal data)
[03:16:10]   [838/3703] Cherry Magbual (R519382)
[03:16:10]     OK: email=dron.cherry@gmail.com | phone=6043673151 | city=Surrey | prov=BC
[03:16:14]   [839/3703] Simrandeep Dhaliwal (R530459)
[03:16:14]     OK: email=Avaalimmigration@gmail.com | phone=6047107098 | city=Surrey | prov=BC
[03:16:17]   [840/3703] Md Mahmudul Kabir (R708100)
[03:16:17]     OK: email=ask.makis@gmail.com | phone=7787735573 | city=Surrey | prov=BC
[03:16:20]   [841/3703] John Edwards (R410175)
[03:16:20]     OK: email=jedwards@jgelegal.com | phone=2896891805 | city=Hamilton | prov=ON
[03:16:24]   [842/3703] Wenhao Jin (R525816)
[03:16:24]     OK: email=munhokim2009@gmail.com | phone=6043389844 | city=Vancouver | prov=BC
[03:16:27]   [843/3703] Dritero Braho (R713136)
[03:16:27]     OK: email=21db39@queensu.ca | phone=4373458361 | city=Hamilton | prov=ON
[03:16:30]   [844/3703] Claudia Wright (R711089)
[03:16:30]     OK: email=pretticondo@icloud.com | phone=4168789774 | city=Woodbridge | prov=ON
[03:16:32]   [845/3703] Vanessa Diangson (R731606)
[03:16:32]     OK: email=info@stillwaterconsulting.ca | phone=5064294167 | city=Fredericton | prov=NB
[03:16:35]   [846/3703] Nirmal Angurana (R531725)
[03:16:35]     OK: email=nirmal.bindra28@gmail.com | phone=9054886150 | city=Brampton | prov=ON
[03:16:38]   [847/3703] Vinos Haidary (R706471)
[03:16:39]     OK: email=vinos@effortimmigration.com | phone=2896392112 | city=Hamilton | prov=ON
[03:16:42]   [848/3703] Esther Sitailo (R706697)
[03:16:42]     OK: email=esthersit72@gmail.com | phone=2043321327 | city=Winkler | prov=MB
[03:16:44]   [849/3703] Begum Ertugrul (R710185)
[03:16:44]     OK: email=begumertu@gmail.com | phone=6478085202 | city=Toronto | prov=ON
[03:16:46]   [850/3703] John Masih (R710210)
[03:16:46]     OK: email=bestowimmigration@gmail.com | phone=6474015145 | city=London | prov=ON
[03:16:49]   [851/3703] Karl Marx (R506845)
[03:16:49]     OK: email=marximmigr@yahoo.ca | phone=4162301260 | city=Toronto | prov=ON
[03:16:52]   [852/3703] Alaa Abdelkarim (R531677)
[03:16:52]     OK: email=info@alaaimmigration.ca | phone=6475262910 | city=Mississauga | prov=ON
[03:16:56]   [853/3703] Ji-Yung Choi (R409095)
[03:16:56]     OK: email=jc@jcwins.com | phone=2049427065 | city=Winnipeg | prov=MB
[03:16:58]   [854/3703] Renata Kobek (R508856)
[03:16:59]     OK: email=info@kobekimmigrations.com | phone=7788703763 | city=Vancouver | prov=BC
[03:17:02]   [855/3703] Robin Kapoor (R523621)
[03:17:02]     OK: (minimal data)
[03:17:05]   [856/3703] Noemi Aranda (R511372)
[03:17:05]     OK: email=noemi_aranda@yahoo.com | phone=4034000907 | city=Calgary | prov=AB
[03:17:08]   [857/3703] Lauren Shannan (R513974)
[03:17:08]     OK: email=lauren@ngilaw.com | phone=6477973351 | city=2300
[03:17:11]   [858/3703] Prabhjot (Sonia) Sangha (R530193)
[03:17:11]     OK: email=sangha.k.sonia@gmail.com | phone=6047255312 | city=Vancouver | prov=BC
[03:17:14]   [859/3703] Sukhraj Boparai (R535857)
[03:17:14]     OK: email=rajboparai7788@gmail.com | phone=9057827788 | city=Brampton | prov=ON
[03:17:17]   [860/3703] Nicolas Bertrand (R708982)
[03:17:17]     OK: email=info@stepstocanada.ca | phone=5069880573 | city=Moncton | prov=NB
[03:17:20]   [861/3703] Supria Bhatia (R706219)
[03:17:20]     OK: email=BHATIAIMM@GMAIL.COM | phone=6473218575 | city=Mississauga | prov=ON
[03:17:24]   [862/3703] Li Fang (R1040722)
[03:17:24]     OK: city=Laval | prov=QC
[03:17:26]   [863/3703] Hanmo Liu (R731385)
[03:17:26]     OK: email=hanmoliu7@gmail.com | phone=4168987899 | city=Markham | prov=ON
[03:17:29]   [864/3703] Awet Haile Okba (R526793)
[03:17:29]     OK: email=awethaileimmigration@gmail.com | phone=5148753388 | city=Pierrefonds | prov=QC
[03:17:32]   [865/3703] Pankaj Kapoor (R708707)
[03:17:32]     OK: email=PANKAJ@BRIDGINGIMMIGRATIONS.COM | phone=6472052203 | city=Brampton | prov=ON
[03:17:34]   [866/3703] Xu Yang (R713053)
[03:17:34]     OK: email=estheryang212@gmail.com | phone=6045379291 | city=North Vancouver | prov=BC
[03:17:38]   [867/3703] Rosalie Zerrouky (R507139)
[03:17:38]     OK: email=rosalie.zerrouky@ca.ey.com | phone=5148798060 | city=Montreal | prov=QC
[03:17:40]   [868/3703] Guljeet Kaur Gill (R705875)
[03:17:40]     OK: email=gill.guljeet@outlook.com | phone=2045577431 | city=Kelowna | prov=BC
[03:17:44]   [869/3703] Mandeep Lidher (R531997)
[03:17:44]     OK: email=mandeep@caneast-immigration.com | city=Calgary | prov=AB
[03:17:46]   [870/3703] Paramveer Dhillon (R519582)
[03:17:46]     OK: email=singh.paramveer@yahoo.com | phone=7783201235 | city=Surrey | prov=BC
[03:17:48]   [871/3703] Estherly Castro Mosquera (R706750)
[03:17:48]     OK: email=ecast.mosquera@gmail.com | phone=6043454554 | city=Coquitlam | prov=BC
[03:17:50]   [872/3703] Reetu Gupta (R526243)
[03:17:50]     OK: email=ritugupta@live.ca | phone=7802453290 | city=Edmonton | prov=AB
[03:17:53]   [873/3703] Vianey Yturri Ramirez (R532283)
[03:17:53]     OK: email=mforward.immigration@gmail.com | phone=5148820805 | city=Laval | prov=QC
[03:17:55]   [874/3703] Mohit Rishi (R533139)
[03:17:55]     OK: email=mohitrishi@live.ca | phone=4168797028 | city=London | prov=ON
[03:17:58]   [875/3703] Lisa Halliwell (R731745)
[03:17:58]     OK: city=Charlottetown | prov=PE
[03:18:01]   [876/3703] Asma Mohran (R706922)
[03:18:01]     OK: email=amohran@lakeviewimmigration.ca | phone=8888366020 | city=Ajax | prov=ON
[03:18:03]   [877/3703] Anthony Akano (R707148)
[03:18:03]     OK: email=aaakano@outlook.com | phone=6478946060 | city=Ajax | prov=ON
[03:18:05]   [878/3703] Edwin Kielly (R711316)
[03:18:05]     OK: email=kimchigoalie@gmail.com | phone=5068992670 | city=Moncton | prov=NB
[03:18:08]   [879/3703] Peter Veress (R420911)
[03:18:08]     OK: email=peterv@vermax.ca | phone=4036857072 | city=Calgary | prov=AB
[03:18:11]   [880/3703] Ayesha Rafiq (R709531)
[03:18:11]     OK: email=ayesharafiq2012@gmail.com | phone=971501597328 | city=Dubai
[03:18:14]   [881/3703] Richelle Sayeo (R530309)
[03:18:14]     OK: email=immigrationbrightside@gmail.com | city=Fort McMurray | prov=AB
[03:18:16]   [882/3703] Gaurav Verma (R709161)
[03:18:17]     OK: email=info@giesimmigration.com | phone=4164001350 | city=Brampton | prov=ON
[03:18:19]   [883/3703] Mayuko Shiota (R532159)
[03:18:19]     OK: email=shiomyk@aol.com | phone=6046845709 | city=Vancouver | prov=BC
[03:18:22]   [884/3703] Ekaterina Pineda (R417287)
[03:18:22]     OK: email=ekaterina@empoimmigration.com | city=Calgary | prov=AB
[03:18:26]   [885/3703] Rajoshree Banerjee (R710625)
[03:18:26]     OK: email=SIMMYONNET@GMAIL.COM | phone=6477675787 | city=Hamilton | prov=ON
[03:18:28]   [886/3703] Puja Verma (R420935)
[03:18:28]     OK: email=COME2CANADA@HOTMAIL.COM | phone=7804482311 | city=Edmonton | prov=AB
[03:18:31]   [887/3703] Lisa Trinh (R731443)
[03:18:31]     OK: email=lhenderson.trinh@gmail.com | phone=9053124977 | city=Hamilton | prov=ON
[03:18:33]   [888/3703] Haiting Yu (R731433)
[03:18:33]     OK: email=haileyyu@cloverlycanada.com | phone=6048328709 | city=Richmond | prov=BC
[03:18:36]   [889/3703] June Doan (R707857)
[03:18:36]     OK: city=Victoria | prov=BC
[03:18:38]   [890/3703] Megan Sargent (R707359)
[03:18:38]     OK: email=megan_sargent@outlook.com | phone=9054845649 | city=Mississauga | prov=ON
[03:18:40]   [891/3703] Marvin Dueck (R509184)
[03:18:40]     OK: email=marvin.dueck@gmail.com | phone=5193228483 | city=Leamington | prov=ON
[03:18:43]   [892/3703] Harrison Tighiri (R713037)
[03:18:43]     OK: email=harrisontighiri@gmail.com | phone=8259944709 | city=Calgary | prov=AB
[03:18:46]   [893/3703] Lihui Li (R414367)
[03:18:46]     OK: email=lewisli8866@gmail.com | phone=4168009717 | city=Toronto | prov=ON
[03:18:49]   [894/3703] Julius Adoghe (R1034274)
[03:18:49]     OK: phone=6136002074 | city=Ottawa | prov=ON
[03:18:52]   [895/3703] Manal Abonada (R406343)
[03:18:52]     OK: email=manal@iconcan.ca | phone=226 977 3223 | city=Saint Thomas | prov=ON
[03:18:54]   [896/3703] Ashoo Anand (R707013)
[03:18:54]     OK: email=ashooanand@gmail.com | phone=6479827515 | city=Milton | prov=ON
[03:18:56]   [897/3703] Hassan Mohamad (R533439)
[03:18:56]     OK: email=hassan@altoriaimmigration.ca | city=Toronto | prov=ON
[03:18:59]   [898/3703] Ramin Asadi (R407111)
[03:18:59]     OK: city=Richmond Hill | prov=ON
[03:19:02]   [899/3703] Daniel Shin (R515808)
[03:19:02]     OK: email=drim.immi@gmail.com | phone=6044288305 | city=Vancouver | prov=BC
[03:19:05]   [900/3703] Arlene Gapuz (R707773)
[03:19:05]     OK: email=arlene@gpzimmigration.com | phone=6476881877 | city=Toronto | prov=ON
[03:19:09]   [901/3703] Ashley Hastie Lara (R711479)
[03:19:09]     OK: email=ashley@consultahl.com | phone=204648752 | city=Mississauga | prov=ON
[03:19:11]   [902/3703] Michael Lyons (R707741)
[03:19:11]     OK: email=mike.lyons@mjlyonsimmigration.com | phone=7802184344 | city=Fort Saskatchewan | prov=AB
[03:19:14]   [903/3703] Linyue Huang (R731446)
[03:19:14]     OK: email=lynnhuang88@hotmail.com | phone=5146625208 | city=Beaconsfield | prov=QC
[03:19:18]   [904/3703] Gurkirpal Singh (R709681)
[03:19:18]     OK: email=garry_singh@hotmail.com | phone=4164170847 | city=Brampton | prov=ON
[03:19:20]   [905/3703] Kiranpreet Kaur (R708640)
[03:19:20]     OK: email=kiranpreetkaurpannu@gmail.com | phone=2368869978 | city=Brampton | prov=ON
[03:19:23]   [906/3703] Yan Han (R530019)
[03:19:23]     OK: email=ezycanada@gmail.com | phone=5875770333 | city=Calgary | prov=AB
[03:19:25]   [907/3703] Ramandeep Kaur (R709922)
[03:19:25]     OK: email=Info@ratolimmigration.ca | phone=4037024276 | city=Calgary | prov=AB
[03:19:28]   [908/3703] Fayza Rifai (R509006)
[03:19:28]     OK: email=fayzarifai@gmail.com | city=Montreal | prov=QC
[03:19:30]   [909/3703] Akinlawon Akinleye (R535513)
[03:19:30]     OK: city=Oakville | prov=ON
[03:19:33]   [910/3703] Harsimranjit Singh Harsimranjit Singh (R706513)
[03:19:33]     OK: email=erharsimranjitpcetian@gmail.com | city=Brampton | prov=ON
[03:19:35]   [911/3703] Amanpreet Singh (R710896)
[03:19:35]     OK: (minimal data)
[03:19:38]   [912/3703] Francisco Quimpo (R707531)
[03:19:38]     OK: email=fquimpo4@gmail.com | phone=2369792993 | city=Vancouver | prov=BC
[03:19:41]   [913/3703] Lanlan Lin (R534039)
[03:19:41]     OK: email=kerrylinsmail@gmail.com | phone=6478645280 | city=Scarborough | prov=ON
[03:19:44]   [914/3703] Veronika Barbakadze (R523938)
[03:19:45]     OK: city=6-4646 Dufferin StreetToronto
[03:19:47]   [915/3703] Setlur Sridaran (R706677)
[03:19:47]     OK: email=sridaran_sk@yahoo.com | phone=6475496409 | city=Mississauga | prov=ON
[03:19:50]   [916/3703] Maria Chona Villapando (R420967)
[03:19:50]     OK: email=chona.villapando@mcvproservices.com | phone=9052328009 | city=Mississauga | prov=ON
[03:19:52]   [917/3703] Jaskiran Bhattal (R530835)
[03:19:52]     OK: email=jaskiran.bhattal@gmail.com | phone=7789030655 | city=Surrey | prov=BC
[03:19:56]   [918/3703] Aleksandr Ti (R731710)
[03:19:56]     OK: city=Concord | prov=ON
[03:19:58]   [919/3703] Aban Unwala (R506636)
[03:19:58]     OK: email=abanunwala@yahoo.com | phone=4162659552 | city=Brampton | prov=ON
[03:20:01]   [920/3703] Amandeep Gill (R533975)
[03:20:01]     OK: (minimal data)
[03:20:04]   [921/3703] Gopi Kiran Gajula (R706166)
[03:20:04]     OK: email=gkgajula26@gmail.com | phone=6132230226 | city=Ottawa | prov=ON
[03:20:07]   [922/3703] Mikael Alami (R705851)
[03:20:07]     OK: email=info@migrapolis.ca | phone=0622079898 | city=Montreal | prov=QC
[03:20:09]   [923/3703] Ling Shuang (R706088)
[03:20:09]     OK: email=jade.shuangling@gmail.com | phone=6472155668 | city=Richmond Hill | prov=ON
[03:20:12]   [924/3703] Phuong Thao Vu (R713146)
[03:20:12]     OK: email=info@ecovisacanada.ca | phone=+1 438-869 8383 | city=Terrebonne | prov=QC
[03:20:16]   [925/3703] Komalpreet Kaur Sandhu (R534143)
[03:20:16]     OK: email=KSANDHU@ROOTSCIC.CA | phone=4038895000 | city=Calgary | prov=AB
[03:20:19]   [926/3703] Sepehr Falahati (R533959)
[03:20:19]     OK: email=INFO@SEPIMMIGRATION.CA | phone=6478644224 | city=Toronto | prov=ON
[03:20:22]   [927/3703] Arcely Kerkhoven (R706030)
[03:20:22]     OK: email=immigration@agosimmigration.ca | city=Laval | prov=QC
[03:20:24]   [928/3703] David Mendez-Rodriguez (R415575)
[03:20:24]     OK: email=david@emigraacanada.com | phone=5255-55440842 | city=Churubusco
[03:20:28]   [929/3703] Meredith Lent-Hunchak (R523477)
[03:20:28]     OK: email=info@fortitudeimmigration.ca | phone=7802317552 | city=Edmonton | prov=AB
[03:20:30]   [930/3703] Emmanuel Kadiri (R731512)
[03:20:30]     OK: email=emdodo@yahoo.com | phone=6477867972 | city=Toronto | prov=ON
[03:20:32]   [931/3703] Hina Mayani (R707841)
[03:20:32]     OK: email=hinalalani@gmail.com | phone=6478241151 | city=Brampton | prov=ON
[03:20:35]   [932/3703] Karanagala Pathiranage Anoma Samarasinghe (R533147)
[03:20:35]     OK: email=annaimmigration@yahoo.com | phone=4167686819 | city=Scarborough | prov=ON
[03:20:38]   [933/3703] Ayodele Olujide (R708357)
[03:20:38]     OK: email=manifoldimmigration@gmail.com | phone=9056172149 | city=Milton | prov=ON
[03:20:40]   [934/3703] Oscar Chu Chun Lin (R515503)
[03:20:40]     OK: email=info@oskcanada.com | phone=6132550068 | city=Ottawa | prov=ON
[03:20:44]   [935/3703] Zain Ghadai (R708816)
[03:20:44]     OK: email=zain@hnhimmigration.ca | phone=6477869467 | city=Calgary | prov=AB
[03:20:46]   [936/3703] Dina Faramarzi (R508888)
[03:20:46]     OK: email=dina_faramarzi@yahoo.com | phone=6477744134 | city=Toronto | prov=ON
[03:20:49]   [937/3703] Kevin Dong (R712840)
[03:20:49]     OK: email=dong.ke@hotmail.com | phone=9059951828 | city=Oshawa | prov=ON
[03:20:52]   [938/3703] Ella Mesina (R533093)
[03:20:52]     OK: email=info@transcendimmigration.ca | phone=6478816021 | city=Toronto | prov=ON
[03:20:54]   [939/3703] Ephedor Ariste (R407039)
[03:20:54]     OK: email=actionimmigration@rogers.com | phone=6138424617 | city=Ottawa | prov=ON
[03:20:56]   [940/3703] Loveleen Walia (R531523)
[03:20:57]     OK: email=loveleensays@gmail.com | phone=6048255501 | city=Surrey | prov=BC
[03:21:00]   [941/3703] Hardik Gajjar (R522564)
[03:21:00]     OK: (minimal data)
[03:21:02]   [942/3703] John Manning (R415199)
[03:21:02]     OK: email=manning@compas-orientation.com | phone=4504587271 | city=Hudson | prov=QC
[03:21:05]   [943/3703] Gurpreet Aulakh (R708301)
[03:21:05]     OK: email=gurpreetkaulakh@gmail.com | phone=6044046030 | city=Surrey | prov=BC
[03:21:07]   [944/3703] Romy Tabunar (R711173)
[03:21:07]     OK: city=Burnaby | prov=BC
[03:21:10]   [945/3703] Juan Liu (R512032)
[03:21:10]     OK: email=anneljbj@hotmail.com | phone=6042432200 | city=Vancouver | prov=BC
[03:21:13]   [946/3703] Priya Goyal (R706131)
[03:21:13]     OK: email=info@manifestimmigration.com | phone=6046140923 | city=Surrey | prov=BC
[03:21:15]   [947/3703] Jeffrey Chang (R530849)
[03:21:15]     OK: email=jeffccl@gmail.com | phone=6047237095 | city=Burnaby | prov=BC
[03:21:18]   [948/3703] Ejikeme Ikeaba (R705409)
[03:21:18]     OK: email=consultant@jykes.ca | phone=9055199423 | city=Stoney Creek | prov=ON
[03:21:22]   [949/3703] Oluchi Ogbu (R731246)
[03:21:22]     OK: email=glogbu@gmail.com | phone=2043903007 | city=Kingston | prov=ON
[03:21:25]   [950/3703] Raidel Quintana Ramirez (R713149)
[03:21:25]     OK: city=Innisfil | prov=ON
[03:21:28]   [951/3703] Amneet Kaur Sandhu (R713142)
[03:21:28]     OK: phone=6398970001 | city=Abbotsford | prov=BC
[03:21:30]   [952/3703] Fatima-Zahra Fahmi (R410487)
[03:21:31]     OK: email=info@immig.ca | phone=4166167979 | city=Toronto | prov=ON
[03:21:33]   [953/3703] Kouame Romaric Kouadio (R535555)
[03:21:33]     OK: email=getkouadio@gmail.com | phone=5149142411 | city=Saint-Zotique | prov=QC
[03:21:35]   [954/3703] Dipika Khatri (R522715)
[03:21:35]     OK: email=khatri.dipika@gmail.com | phone=6479231723 | city=Mississauga | prov=ON
[03:21:38]   [955/3703] Rui Chee Chia (R512971)
[03:21:39]     OK: email=tiffany.chia@1to1immigration.com | phone=+17783836568 | city=Vancouver | prov=BC
[03:21:41]   [956/3703] Depeng Li (R514556)
[03:21:41]     OK: email=caeis.co@hotmail.com | phone=2045090525 | city=Winnipeg | prov=MB
[03:21:44]   [957/3703] Ranjit Gill (R422855)
[03:21:44]     OK: email=ranjit_samra@hotmail.com | phone=4165715977 | city=Hamilton | prov=ON
[03:21:47]   [958/3703] Bhavin Patel (R706784)
[03:21:47]     OK: email=ananta.international@yahoo.com | city=Brampton | prov=ON
[03:21:50]   [959/3703] Olena Korolova (R506242)
[03:21:51]     OK: email=olena@crossconimmigration.ca | phone=4167073376 | city=Toronto | prov=ON
[03:21:54]   [960/3703] Shivani Hitkari (R706882)
[03:21:54]     OK: email=GAIC.IMMIGRATION@GMAIL.COM | phone=6477196250 | city=Brampton | prov=ON
[03:21:56]   [961/3703] Negar Hosseini (R412015)
[03:21:57]     OK: email=negar@weeton.ca | phone=9052960848 | city=Hamilton | prov=ON
[03:22:00]   [962/3703] Homa Saxena (R529363)
[03:22:00]     OK: email=info@careercanadaimmigration.com | phone=4164171941 | city=Oakville | prov=ON
[03:22:02]   [963/3703] Shivani Paul (R705804)
[03:22:02]     OK: city=Delta | prov=BC
[03:22:05]   [964/3703] Nafisa Lakdawala (R707718)
[03:22:05]     OK: email=n_lakdawala@yahoo.in | phone=3439875236 | city=Ottawa | prov=ON
[03:22:08]   [965/3703] Gurpreet Krishan (R708144)
[03:22:08]     OK: email=gkilimmigration@gmail.com | phone=7789604081 | city=Abbotsford | prov=BC
[03:22:11]   [966/3703] Xueqin Wu (R731707)
[03:22:11]     OK: city=Calgary | prov=AB
[03:22:14]   [967/3703] Jagdeep Singh (R706760)
[03:22:14]     OK: city=Surrey | prov=BC
[03:22:17]   [968/3703] Lisa-Marie Achee (R706859)
[03:22:17]     OK: email=lmachee2012@gmail.com | phone=6047414255 | city=Gibsons | prov=BC
[03:22:19]   [969/3703] Jin Wang (R710666)
[03:22:19]     OK: email=info@kitsimmigration.com | phone=7788830246 | city=Vancouver | prov=BC
[03:22:22]   [970/3703] Jia Li (R708753)
[03:22:22]     OK: email=saralee425@gmail.com | phone=6047201232 | city=West Vancouver | prov=BC
[03:22:25]   [971/3703] Analyn Halaman (R708495)
[03:22:25]     OK: email=analyn.halaman@yahoo.com | phone=4168252834 | city=Toronto | prov=ON
[03:22:28]   [972/3703] Sally Anne Ocampo (R416679)
[03:22:28]     OK: email=sally_anne_o@hotmail.com | phone=6047677503 | city=Surrey | prov=BC
[03:22:31]   [973/3703] Malik Ashraf (R713294)
[03:22:31]     OK: email=MALIKHOMES@GMAIL.COM | city=Chestermere | prov=AB
[03:22:33]   [974/3703] Minami Wang (R731450)
[03:22:33]     OK: email=minami.y751@gmail.com | phone=9023296962 | city=Halifax | prov=NS
[03:22:35]   [975/3703] Jatin . (R711130)
[03:22:36]     OK: email=mrjatin96@gmail.com | phone=2046702740 | city=Thompson | prov=MB
[03:22:39]   [976/3703] Arshvir Kaur (R731746)
[03:22:39]     OK: city=Surrey | prov=BC
[03:22:42]   [977/3703] Manishkumar Upadhyay (R508751)
[03:22:42]     OK: email=manish.patan@gmail.com | phone=2045996999 | city=Winnipeg | prov=MB
[03:22:45]   [978/3703] Eric Cheung (R409015)
[03:22:45]     OK: email=eric@CanadaETSgroup.com | phone=9056041966 | city=Markham | prov=ON
[03:22:48]   [979/3703] Toko Gould (R708406)
[03:22:48]     OK: email=tokogould@gmail.com | phone=7788733207 | city=Vancouver | prov=BC
[03:22:52]   [980/3703] Adetokunbo Ukonga (R508992)
[03:22:52]     OK: email=info@immigrationhouse.ca | phone=9058121999 | city=Mississauga | prov=ON
[03:22:54]   [981/3703] Charanpreet Kaur (R530725)
[03:22:55]     OK: email=charanpreet1987@gmail.com | phone=6216217751 | city=Mississauga | prov=ON
[03:22:58]   [982/3703] Tarunpreet Singh (R707937)
[03:22:58]     OK: city=Brampton | prov=ON
[03:23:00]   [983/3703] Sajid Iqbal (R706574)
[03:23:00]     OK: city=Calgary | prov=AB
[03:23:03]   [984/3703] Tatiana Soltykevych (R525197)
[03:23:03]     OK: email=tatmakowsky@gmail.com | phone=3063818551 | city=Edmonton | prov=AB
[03:23:06]   [985/3703] Aditi Jain (R709768)
[03:23:06]     OK: email=aditijain1590@gmail.com | phone=4372357081 | city=Scarborough | prov=ON
[03:23:09]   [986/3703] Rajakumari Sambandam (R711691)
[03:23:09]     OK: city=Kitchener | prov=ON
[03:23:12]   [987/3703] Nikolett Kalotaine Szundi (R706424)
[03:23:12]     OK: email=amulett@gmail.com | phone=2896599673 | city=Toronto | prov=ON
[03:23:15]   [988/3703] Siqi Sun (R713050)
[03:23:15]     OK: email=cherylsunsq@hotmail.com | phone=4168290099 | city=Markham | prov=ON
[03:23:19]   [989/3703] Sukhbans Jakhu (R710386)
[03:23:19]     OK: email=sukhbansjakhu@gmail.com | phone=4036908639 | city=Calgary | prov=AB
[03:23:21]   [990/3703] Adegboyega Esan (R708591)
[03:23:21]     OK: email=gfkimmigrationconsultant@gmail.com | phone=6472250092 | city=Oakville | prov=ON
[03:23:24]   [991/3703] Jun Ying Zhou (R712480)
[03:23:24]     OK: email=juliazhou0201@gmail.com | phone=4165519341 | city=North York | prov=ON
[03:23:26]   [992/3703] Bani Arora (R706858)
[03:23:27]     OK: email=baniarora1390@gmail.com | phone=7788392350 | city=Surrey | prov=BC
[03:23:29]   [993/3703] Vishnukumar Patel (R528321)
[03:23:29]     OK: city=Calgary | prov=AB
[03:23:31]   [994/3703] Aditi Nayyar (R530623)
[03:23:31]     OK: email=aditinayyar@hotmail.com | city=Brampton | prov=ON
[03:23:34]   [995/3703] Nidhi Verma (R517485)
[03:23:34]     OK: email=verma.nidhi013@gmail.com | phone=6472442149 | city=Brampton | prov=ON
[03:23:37]   [996/3703] Mahdi Bigdeli (R709873)
[03:23:37]     OK: email=mehdi.bigdeli@gmail.com | phone=4164178896 | city=Toronto | prov=ON
[03:23:39]   [997/3703] Gita Nourouzi (R506665)
[03:23:39]     OK: email=gitanourouzi1@gmail.com | phone=6479989274 | city=Toronto | prov=ON
[03:23:42]   [998/3703] Malek Chaouali (R709107)
[03:23:42]     OK: email=malek_cha@hotmail.com | phone=5198179129 | city=Windsor | prov=ON
[03:23:44]   [999/3703] Akash Manchanda (R709944)
[03:23:45]     OK: email=akashm1617@gmail.com | phone=2505566666 | city=Brampton | prov=ON
[03:23:47]   [1000/3703] Li Yuan (R712094)
[03:23:47]     OK: city=Langley | prov=BC
[03:23:50]   [1001/3703] Rashminder Gill (R531857)
[03:23:50]     OK: email=gill_rashminder@hotmail.com | phone=7783183884 | city=Calgary | prov=AB
[03:23:54]   [1002/3703] Natasha Jean (R711721)
[03:23:54]     OK: email=natasha@udabaimmigration.com | phone=2049524417 | city=Winnipeg | prov=MB
[03:23:56]   [1003/3703] Siavash Valizadeh (R711961)
[03:23:56]     OK: email=siavali@hotmail.com | phone=3109068555 | city=Vancouver | prov=BC
[03:23:58]   [1004/3703] Raj Kamal Jogi (R706603)
[03:23:59]     OK: email=rjwestimmigration@gmail.com | phone=4036817771 | city=Calgary | prov=AB
[03:24:02]   [1005/3703] Cynthia Chavez Lamadrid (R422663)
[03:24:02]     OK: email=cchavez@calaimmigration.com | phone=4387936471 | city=Montreal | prov=QC
[03:24:04]   [1006/3703] Samuel Dos Santos (R707574)
[03:24:04]     OK: email=samuel.dossantos@aerisimmigration.com | phone=6477242904 | city=Barrie | prov=ON
[03:24:07]   [1007/3703] Jasdeep Gill (R531463)
[03:24:07]     OK: email=jasdeep.g@hotmail.com | phone=4163059041 | city=Brampton | prov=ON
[03:24:10]   [1008/3703] Krizia Vyne Bonthuis (R709392)
[03:24:10]     OK: city=Taber | prov=AB
[03:24:13]   [1009/3703] Sarbjit Basra (R709389)
[03:24:13]     OK: email=S.BASRA@FUTUREBELLSIMMIGRATION.COM | phone=6472837477 | city=Airdrie | prov=AB
[03:24:16]   [1010/3703] Kerry-Ann Young (R731563)
[03:24:16]     OK: city=Winnipeg | prov=MB
[03:24:19]   [1011/3703] Sudhanshu Ohri (R529755)
[03:24:19]     OK: email=sudhanshu.ohri@xlimm.ca | phone=7783455519 | city=Abbotsford | prov=BC
[03:24:22]   [1012/3703] Bing Jiang (R709769)
[03:24:22]     OK: email=bee.immigration.edu@gmail.com | phone=6047632389 | city=Surrey | prov=BC
[03:24:25]   [1013/3703] Narek Mirzoyan (R1005184)
[03:24:25]     OK: city=Toronto | prov=ON
[03:24:28]   [1014/3703] Escarly Yanez (R508700)
[03:24:28]     OK: email=emysecu@hotmail.com | phone=2893874452 | city=Richmond Hill | prov=ON
[03:24:30]   [1015/3703] Nitin Sigroha (R712652)
[03:24:30]     OK: email=kumar.nitin1406@gmail.com | phone=6049968769 | city=Abbotsford | prov=BC
[03:24:33]   [1016/3703] Amandeep Bhullar (R705831)
[03:24:33]     OK: email=ambireimmigration@gmail.com | phone=7786807000 | city=Surrey | prov=BC
[03:24:36]   [1017/3703] Gerda Honsek (R411999)
[03:24:36]     OK: email=info@honsekconsulting.com | phone=4039387144 | city=Okotoks | prov=AB
[03:24:39]   [1018/3703] Prabhdeep Kaur Braich (R710193)
[03:24:39]     OK: email=deepbraich@ymail.com | phone=4313359913 | city=Calgary | prov=AB
[03:24:42]   [1019/3703] Heather Bell (R507125)
[03:24:42]     OK: email=hbell@bellalliance.ca | phone=6048738723 | city=Vancouver | prov=BC
[03:24:45]   [1020/3703] Renu Sharma (R710892)
[03:24:45]     OK: email=renuumoudgil@gmail.com | phone=4034271415 | city=Calgary | prov=AB
[03:24:47]   [1021/3703] Joseph John (R707339)
[03:24:47]     OK: email=contact@svii.ca | phone=4168888317 | city=Caledon | prov=ON
[03:24:50]   [1022/3703] Jiabao Mu (R712772)
[03:24:50]     OK: email=junbaolaw@gmail.com | phone=4168273052 | city=Markham | prov=ON
[03:24:52]   [1023/3703] Amalia Suarez Ortiz (R709287)
[03:24:53]     OK: email=amalia.suarez.ca@gmail.com | phone=4388807722 | city=Brossard | prov=QC
[03:24:55]   [1024/3703] Xinyue Wu (R710168)
[03:24:55]     OK: email=xinyue.wu710168@gmail.com | phone=9056045718 | city=Markham | prov=ON
[03:24:57]   [1025/3703] Carla Selwan (R711945)
[03:24:57]     OK: email=carla@selwan.org | phone=6132668986 | city=Ottawa | prov=ON
[03:25:01]   [1026/3703] Ahmad Kenan Alsamman (R707864)
[03:25:01]     OK: email=kenan.alsamman@gmail.com | phone=6476468885 | city=Toronto | prov=ON
[03:25:03]   [1027/3703] Michelle Cameron (R703310)
[03:25:03]     OK: email=camerom@algonquincollege.com | phone=6137274723 | city=Ottawa | prov=ON
[03:25:06]   [1028/3703] Riffat Mohaimen (R710078)
[03:25:06]     OK: email=mohaimenriffat@gmail.com | phone=4373328242 | city=Toronto | prov=ON
[03:25:09]   [1029/3703] Mihaela Mindicanu (R415695)
[03:25:09]     OK: email=mihaelamindicanu@gmail.com | phone=5149996189 | city=Laval | prov=QC
[03:25:13]   [1030/3703] Cristina Baldan (R534653)
[03:25:13]     OK: email=cbaldan@migroconsulting.ca | phone=8259943610 | city=Calgary | prov=AB
[03:25:15]   [1031/3703] Pratik Tripathi (R707221)
[03:25:15]     OK: email=aics2400@gmail.com | phone=7808819913 | city=Fort McMurray | prov=AB
[03:25:17]   [1032/3703] Girish Arora (R528239)
[03:25:17]     OK: email=GIRISH@CANUSIMMIGRATION.CA | phone=6476216527 | city=Mississauga | prov=ON
[03:25:21]   [1033/3703] Ghanwa Imran (R535181)
[03:25:21]     OK: email=ghanwa.imran@akgcanada.com | phone=6476170888 | city=Milton | prov=ON
[03:25:23]   [1034/3703] Jaspreet Kaur (R709921)
[03:25:23]     OK: email=highstreetimmigration@gmail.com | phone=6476415432 | city=Burlington | prov=ON
[03:25:25]   [1035/3703] Sherylanne Guzman (R522903)
[03:25:25]     OK: phone=7802186873 | city=Manulife Place
[03:25:29]   [1036/3703] Neha Thakordas (R710601)
[03:25:29]     OK: email=neha.narang@torontomu.ca | phone=4168808384 | city=Bradford | prov=ON
[03:25:31]   [1037/3703] Brandon Miller (R507745)
[03:25:31]     OK: email=bmiller@mapleimmigration.ca | city=Toronto | prov=ON
[03:25:34]   [1038/3703] Evelyn Zapantis (R530699)
[03:25:34]     OK: email=evezap@icloud.com | phone=2506611439 | city=Victoria | prov=BC
[03:25:37]   [1039/3703] Roxana Caro (R408487)
[03:25:37]     OK: (minimal data)
[03:25:39]   [1040/3703] Fatme Ghandour (R514082)
[03:25:39]     OK: email=info@jadimmigration.com | city=Ottawa | prov=ON
[03:25:42]   [1041/3703] Pranav Kumar Shah (R517240)
[03:25:43]     OK: email=parryimmigrations@gmail.com | city=Saint Catharines | prov=ON
[03:25:46]   [1042/3703] Paramjit Kaur (R507286)
[03:25:46]     OK: email=param@uicimmigration.com | phone=3065460502
[03:25:48]   [1043/3703] Ayman Alasli (R529416)
[03:25:48]     OK: email=ayman@imasa.ca | phone=6479094020 | city=Oakville | prov=ON
[03:25:51]   [1044/3703] Anil Katta (R531377)
[03:25:51]     OK: email=MEETANILKATTA@GMAIL.COM | phone=6475447809 | city=Mississauga | prov=ON
[03:25:53]   [1045/3703] Donita Sabater (R706410)
[03:25:53]     OK: email=sabaterimmig@outlook.com | phone=6475512942 | city=Mississauga | prov=ON
[03:25:56]   [1046/3703] Connie Zrini (R510370)
[03:25:56]     OK: email=czrini@uwo.ca | phone=5197092758 | city=London | prov=ON
[03:25:59]   [1047/3703] Renjie Zheng (R532311)
[03:25:59]     OK: email=kzheng22@hotmail.com | phone=2047202471 | city=Brandon | prov=MB
[03:26:02]   [1048/3703] Jasvir Benipal (R706059)
[03:26:02]     OK: email=benipal.jasvir77@gmail.com | phone=7787143707 | city=Delta | prov=BC
[03:26:04]   [1049/3703] Deepansh Bhuchar (R706619)
[03:26:04]     OK: email=honeybhuchar@gmail.com | phone=7786823298 | city=Prince George | prov=BC
[03:26:07]   [1050/3703] Anny Cauchon (R532435)
[03:26:07]     OK: email=annycauchoncric@gmail.com | phone=5142220759 | city=Montreal | prov=QC
[03:26:10]   [1051/3703] Poonam Rani (R710885)
[03:26:10]     OK: email=poonamranircic@gmail.com | phone=2507978010 | city=Nanaimo | prov=BC
[03:26:13]   [1052/3703] Thi Cam Van Tran (R713061)
[03:26:14]     OK: email=vanessatran101@gmail.com | phone=8257121179 | city=Calgary | prov=AB
[03:26:17]   [1053/3703] Béatrice Zangué Guffo (R707793)
[03:26:17]     OK: email=beatrice086@yahoo.com | phone=4388862322 | city=Quebec | prov=QC
[03:26:19]   [1054/3703] Sultan Mahmood (R414991)
[03:26:19]     OK: email=alflahimmigration@gmail.com | city=Calgary | prov=AB
[03:26:22]   [1055/3703] Ting-Yu Chen (R712439)
[03:26:22]     OK: phone=6478859076 | city=Toronto | prov=ON
[03:26:25]   [1056/3703] Karaan Aggarwaal (R535131)
[03:26:25]     OK: (minimal data)
[03:26:27]   [1057/3703] Akshay Malhotra (R705669)
[03:26:27]     OK: (minimal data)
[03:26:29]   [1058/3703] Ronak Patel (R529956)
[03:26:29]     OK: email=rooton619@gmail.com | phone=4384028750 | city=Montreal | prov=QC
[03:26:32]   [1059/3703] Manbir Kaur (R731393)
[03:26:32]     OK: city=Surrey | prov=BC
[03:26:35]   [1060/3703] Mariana Chagas (R528217)
[03:26:35]     OK: city=Montreal | prov=QC
[03:26:38]   [1061/3703] Lei Zhang (R513098)
[03:26:38]     OK: city=Montreal | prov=QC
[03:26:40]   [1062/3703] Chibuike Umeh (R707956)
[03:26:40]     OK: city=Saskatoon | prov=SK
[03:26:44]   [1063/3703] Maria Ordiales Muguerza (R712318)
[03:26:44]     OK: email=ordialesfernanda@gmail.com | phone=6044458706 | city=Tsawwassen | prov=BC
[03:26:47]   [1064/3703] Jaspreet Birdi (R707655)
[03:26:47]     OK: email=info@bluewaveimmigration.ca | phone=6474666253 | city=Brampton | prov=ON
[03:26:49]   [1065/3703] Junyi Zhong (R711579)
[03:26:49]     OK: city=Richmond | prov=BC
[03:26:52]   [1066/3703] Ibiyemi Gbadamosi-Olukoju (R514808)
[03:26:52]     OK: (minimal data)
[03:26:54]   [1067/3703] Mac Virgilio Jr. Pagaduan (R533465)
[03:26:54]     OK: city=Edmonton | prov=AB
[03:26:57]   [1068/3703] Sudip Mukherjee (R103441)
[03:26:57]     OK: city=Innisfil | prov=ON
[03:27:00]   [1069/3703] Shaye Belanger (R530953)
[03:27:00]     OK: email=shayebelanger@gmail.com | phone=7054776565 | city=Ottawa | prov=ON
[03:27:02]   [1070/3703] Jayakiran Tj (R517672)
[03:27:03]     OK: email=jpierimmigration@outlook.com | phone=6475703015
[03:27:05]   [1071/3703] Nity Malhotra (R531139)
[03:27:05]     OK: email=info@pwics.ca | phone=6472748369 | city=Mississauga | prov=ON
[03:27:08]   [1072/3703] Sahil Mahajan (R533073)
[03:27:08]     OK: email=info@immigrationmart.com | phone=7789913479 | city=Vancouver | prov=BC
[03:27:10]   [1073/3703] Michael Campbell (R408407)
[03:27:11]     OK: email=michael@cometocanada.com | phone=4166560254 | city=Toronto | prov=ON
[03:27:13]   [1074/3703] Arash Soleimaninejad (R731503)
[03:27:13]     OK: phone=7789918899 | city=Vancouver | prov=BC
[03:27:16]   [1075/3703] Sithandweyinkosi Mpofu (R731453)
[03:27:16]     OK: email=mpofusthai@gmail.com | phone=5873416270 | city=Sherwood Park | prov=AB
[03:27:19]   [1076/3703] Justyna Ibek (R705587)
[03:27:19]     OK: email=livinimmigration@gmail.com | phone=7809759159 | city=Edmonton | prov=AB
[03:27:22]   [1077/3703] Bohdana Stepanenko-Lypovyk (R516168)
[03:27:22]     OK: (minimal data)
[03:27:24]   [1078/3703] Ramandeep Kaur Sandhu (R506984)
[03:27:24]     OK: email=rkaur5939@gmail.com | phone=4033515355 | city=Calgary | prov=AB
[03:27:26]   [1079/3703] Feng Yang (R531613)
[03:27:27]     OK: email=yannick@hiquebec.com | city=Montreal | prov=QC
[03:27:30]   [1080/3703] Sara Waseem (R705481)
[03:27:30]     OK: email=sarawas.0000@gmail.com | phone=6473313930 | city=Ajax | prov=ON
[03:27:32]   [1081/3703] Abdulkarem Trfas (R420519)
[03:27:32]     OK: email=canadian@emirates.net.ae | phone=9716-5730033 | city=Sharjah
[03:27:35]   [1082/3703] Rupal Ahluwalia (R707100)
[03:27:35]     OK: email=Rupal.walia@gmail.com | phone=4165757290 | city=Brampton | prov=ON
[03:27:38]   [1083/3703] Wei Gao (R1040646)
[03:27:38]     OK: city=Richmond Hill | prov=ON
[03:27:40]   [1084/3703] Awais Muhammad (R534077)
[03:27:40]     OK: email=info@canadiandreamonline.com | phone=5062924575 | city=Scarborough | prov=ON
[03:27:42]   [1085/3703] Anwar Kasnowidjojo (R709585)
[03:27:43]     OK: email=akasnowidjojo@gmail.com | phone=12892087155 | city=Burlington | prov=ON
[03:27:45]   [1086/3703] Ting Mei (R525761)
[03:27:45]     OK: email=blueskyimmigration@outlook.com | phone=6478708703 | city=Markham | prov=ON
[03:27:48]   [1087/3703] Catherine Young (R731760)
[03:27:48]     OK: email=cmyoung25@outlook.com | phone=3069796381 | city=Surrey | prov=BC
[03:27:52]   [1088/3703] Gurpreet Singh Sidhu (R706907)
[03:27:52]     OK: email=mindfulsidhu@gmail.com | city=Brampton | prov=ON
[03:27:55]   [1089/3703] Mehakpreet Hazra (R731233)
[03:27:55]     OK: email=me_hazra@yahoo.com | phone=2368861356 | city=Barrie | prov=ON
[03:27:57]   [1090/3703] Manpreet Hanspal (R519742)
[03:27:58]     OK: email=mhanspal1@gmail.com | phone=6045019935 | city=Surrey | prov=BC
[03:28:00]   [1091/3703] Ramdeep Sandhu (R534139)
[03:28:00]     OK: email=ramdeepsandhu@outlook.com | phone=6047859431 | city=Surrey | prov=BC
[03:28:03]   [1092/3703] Melissa Ferreira-Gaulin (R516820)
[03:28:03]     OK: email=info@nscis.ca | phone=4038283140 | city=Calgary | prov=AB
[03:28:06]   [1093/3703] Aisha Rauf (R708036)
[03:28:06]     OK: email=ash.immigration1@gmail.com | phone=7808604173 | city=Edmonton | prov=AB
[03:28:09]   [1094/3703] Godwin Brisibe (R707950)
[03:28:09]     OK: email=tam.brisibe@bellgate.ca | phone=4038313858 | city=Calgary | prov=AB
[03:28:12]   [1095/3703] Ali Sleiman (R419487)
[03:28:12]     OK: email=ali@cancomglobal.com | phone=613 265 4900
[03:28:14]   [1096/3703] Annie Beaudoin (R533869)
[03:28:14]     OK: email=anniebeaudoinbud@hotmail.com | city=Northridge
[03:28:17]   [1097/3703] Hatsumi Doris Miyamoto Vega (R530145)
[03:28:17]     OK: email=hatsumi@vegaimmigration.ca | phone=4034379507 | city=Calgary | prov=AB
[03:28:20]   [1098/3703] Younus Safdari (R507365)
[03:28:20]     OK: email=INFO@WSIC.CA | phone=+97142340123 | city=Richmond | prov=BC
[03:28:23]   [1099/3703] Tomoko Ito Prezia Oliveira (R707055)
[03:28:23]     OK: email=tomokoprezia@gmail.com | phone=7783210523 | city=Calgary | prov=AB
[03:28:25]   [1100/3703] Geraldine Riquelme (R531575)
[03:28:25]     OK: email=ggriquelme@gmail.com | city=102-5623 Imperial StreetBurnaby
[03:28:28]   [1101/3703] Joy Almario ()
[03:28:28]     OK: email=joy.almario@capic.ca | city=Toronto | prov=ON
[03:28:31]   [1102/3703] Christine Caddel (R408367)
[03:28:31]     OK: email=ccaddel@caddelimmigration.com | phone=4034753602 | city=Calgary | prov=AB
[03:28:34]   [1103/3703] Vishav Verma (R530985)
[03:28:34]     OK: email=info@vsaimmigration.ca | phone=9055812010
[03:28:37]   [1104/3703] Sailesh Balanagu (R530315)
[03:28:37]     OK: email=immigrationnews.sailesh@gmail.com | phone=3432040999 | city=Ottawa | prov=ON
[03:28:40]   [1105/3703] Martha (Martie) Kruger (R511691)
[03:28:40]     OK: email=martie@krugerimmigration.com | phone=1-204-720-9544 | city=Brandon | prov=MB
[03:28:43]   [1106/3703] Melita Breznik (R706966)
[03:28:43]     OK: city=Squamish | prov=BC
[03:28:45]   [1107/3703] Atinder Nijjar (R534909)
[03:28:45]     OK: email=acebridgeimmigration@outlook.com | phone=4372266165 | city=Mississauga | prov=ON
[03:28:49]   [1108/3703] Xing Fan (R712244)
[03:28:49]     OK: email=fanjunzizz@gmail.com | phone=7787883222 | city=Richmond | prov=BC
[03:28:51]   [1109/3703] Passent Ali (R512561)
[03:28:51]     OK: email=passentimmigration@gmail.com | city=Abu Dhabi
[03:28:54]   [1110/3703] Vanitha Nadarajah (R416143)
[03:28:54]     OK: email=my_canadaimm@yahoo.ca | phone=4168490891 | city=Brampton | prov=ON
[03:28:56]   [1111/3703] Ana Carolina Freire Perrone (R731422)
[03:28:56]     OK: email=ana.perrone@yahoo.com | phone=351924163506 | city=Figueira Da Foz
[03:28:59]   [1112/3703] Magdi Sidahmed (R533763)
[03:28:59]     OK: email=noubimag@yahoo.com | phone=6134130195 | city=Ottawa | prov=ON
[03:29:02]   [1113/3703] Melanie Crumb (R709724)
[03:29:02]     OK: email=crumb.melanie@gmail.com | phone=2896860409 | city=Mississauga | prov=ON
[03:29:05]   [1114/3703] Leroy Francis (R705783)
[03:29:05]     OK: city=Mississauga | prov=ON
[03:29:08]   [1115/3703] Bikramjeet Singh (R533575)
[03:29:08]     OK: email=canada@correlimmigration.com | phone=6474041973 | city=Brampton | prov=ON
[03:29:10]   [1116/3703] Tejinder Mangat (R534871)
[03:29:10]     OK: email=mangattejinder15@gmail.com | phone=7782390716 | city=Surrey | prov=BC
[03:29:14]   [1117/3703] Valerie Sheila Taguela Megni (R530347)
[03:29:14]     OK: email=info.siscanada@gmail.com | phone=5143492623 | city=Lachine | prov=QC
[03:29:17]   [1118/3703] Yimeng Cao (R711217)
[03:29:17]     OK: phone=7789957639 | city=Richmond | prov=BC
[03:29:20]   [1119/3703] Aashvi Pravinkumar Thakrar (R532215)
[03:29:20]     OK: email=aashvit14@gmail.com | phone=2262244006 | city=Surrey | prov=BC
[03:29:22]   [1120/3703] Anjali Sharma (R706918)
[03:29:22]     OK: email=anjali.sharma11031992@gmail.com | phone=6479376027 | city=Brampton | prov=ON
[03:29:25]   [1121/3703] Ling Ma (R709463)
[03:29:25]     OK: email=effyma92@gmail.com | phone=4035011994 | city=Richmond | prov=BC
[03:29:28]   [1122/3703] Vinay Chaudhary (R706870)
[03:29:28]     OK: email=info@devimmigration.com | phone=6044251412 | city=Surrey | prov=BC
[03:29:31]   [1123/3703] Flavia Louzada De Mattos (R711831)
[03:29:31]     OK: email=flavialmattos@gmail.com | phone=6047048464 | city=Richmond | prov=BC
[03:29:33]   [1124/3703] Tejinderjit Singh (R731622)
[03:29:34]     OK: email=auroraskyimm@gmail.com | phone=6395906977 | city=Regina | prov=SK
[03:29:36]   [1125/3703] Bing Wu (R709601)
[03:29:36]     OK: email=elizabeth.wbb@gmail.com | phone=7789080777 | city=Richmond | prov=BC
[03:29:38]   [1126/3703] Daniel Peimbert (R530387)
[03:29:38]     OK: email=info@greatstartcanada.com | phone=7789771419
[03:29:40]   [1127/3703] Joanna Zalesiak (R531531)
[03:29:40]     OK: email=info@immmax.ca | phone=5875002220 | city=Calgary | prov=AB
[03:29:43]   [1128/3703] Yamini Achari (R713103)
[03:29:43]     OK: email=sovamimmigration@gmail.com | phone=4036305905 | city=Calgary | prov=AB
[03:29:45]   [1129/3703] Nataly Paredes (R711163)
[03:29:45]     OK: city=Quebec | prov=QC
[03:29:48]   [1130/3703] Sunaina Malhotra (R712482)
[03:29:48]     OK: email=info@alyshaimmigration.ca | phone=6049087646 | city=Delta | prov=BC
[03:29:50]   [1131/3703] Vilma Filici (R410727)
[03:29:50]     OK: email=filici@filici.com | phone=4164821575 | city=Toronto | prov=ON
[03:29:52]   [1132/3703] Kartika Wisjnu-Lim (R509822)
[03:29:52]     OK: city=Burnaby | prov=BC
[03:29:55]   [1133/3703] Rahul Sharma (R710219)
[03:29:55]     OK: city=Calgary | prov=AB
[03:29:57]   [1134/3703] Zahi Abu-Ramadan (R711942)
[03:29:57]     OK: email=zahi.canada.immigration@outlook.com | phone=6138700807 | city=Cornwall | prov=ON
[03:30:00]   [1135/3703] Jayankumar Parekh (R707654)
[03:30:00]     OK: email=jayan.parekh@hotmail.com | phone=4379741967 | city=Burlington | prov=ON
[03:30:03]   [1136/3703] Michele Mannila (R513634)
[03:30:04]     OK: email=michele.mannila@gmail.com | phone=6048683657 | city=Vancouver | prov=BC
[03:30:07]   [1137/3703] Nenyo Kwasitsu (R731476)
[03:30:07]     OK: email=nenyo.kwasitsu@gmail.com | phone=9028779602 | city=Edmonton | prov=AB
[03:30:09]   [1138/3703] Soulmaz Larki (R712936)
[03:30:09]     OK: email=soulmaz@larkicanadianimmigration.com | phone=4166593635 | city=North Bay | prov=ON
[03:30:11]   [1139/3703] Hem Dutta (R510505)
[03:30:11]     OK: city=Burnaby | prov=BC
[03:30:14]   [1140/3703] Nitin Rikhi (R711320)
[03:30:14]     OK: email=n.rikhi@norpacglobal.com | phone=61735541005 | city=Southport
[03:30:16]   [1141/3703] Kim Bailey (R711714)
[03:30:16]     OK: city=Toronto | prov=ON
[03:30:18]   [1142/3703] Yijun Ding (R731484)
[03:30:18]     OK: city=Surrey | prov=BC
[03:30:21]   [1143/3703] Sharanjit Sabharwal (R709793)
[03:30:21]     OK: email=Redhawkimmigration@gmail.com | phone=6477858910 | city=Milton | prov=ON
[03:30:23]   [1144/3703] Wisdom Akpokighe (R706450)
[03:30:23]     OK: email=info@dowimmigration.com | city=Halifax | prov=NS
[03:30:25]   [1145/3703] Jessica Liu (R512321)
[03:30:25]     OK: email=jessica@jcl-im.com | phone=6476202711 | city=Brampton | prov=ON
[03:30:28]   [1146/3703] Shafoli Kapur (R518177)
[03:30:28]     OK: email=shafoli.kapur@gmail.com | phone=6479934210 | city=Toronto | prov=ON
[03:30:31]   [1147/3703] Salma El Shurafa (R410319)
[03:30:31]     OK: email=salma.elshurafa@elevay.com | phone=97142827221 | city=Deira
[03:30:34]   [1148/3703] Opinder Kaur (R731635)
[03:30:34]     OK: email=info@tozyimmi.com | phone=4379378780 | city=Brampton | prov=ON
[03:30:36]   [1149/3703] Rachmandip Kaur Sohal (R708782)
[03:30:36]     OK: email=rsohalimmigration@gmail.com | phone=4036087769 | city=Calgary | prov=AB
[03:30:40]   [1150/3703] Tapinder Pal (R706572)
[03:30:40]     OK: city=Surrey | prov=BC
[03:30:43]   [1151/3703] Albert Ng (R416407)
[03:30:43]     OK: email=albertpbng@gmail.com | phone=5148551823 | city=Saint-Laurent | prov=QC
[03:30:46]   [1152/3703] Lina Smoum (R514291)
[03:30:46]     OK: city=Markham | prov=ON
[03:30:49]   [1153/3703] Jaipal Singh Sohi (R705797)
[03:30:49]     OK: email=immigration@visatech.info | phone=2045906009 | city=Winnipeg | prov=MB
[03:30:52]   [1154/3703] Ivanna Pavlenko (R706095)
[03:30:52]     OK: email=silverto@gmail.com | phone=4389269672 | city=Stittsville | prov=ON
[03:30:54]   [1155/3703] Yolanda Balauag (R708961)
[03:30:54]     OK: email=yca_balauag7@yahoo.ca | phone=5877772189 | city=Calgary | prov=AB
[03:30:56]   [1156/3703] Blessing Iserhienrhien (R520147)
[03:30:56]     OK: email=bijoinc@gmail.com | city=Saskatoon | prov=SK
[03:31:00]   [1157/3703] Hamidreza Aslani (R712938)
[03:31:00]     OK: email=hamidreza.aslani@gmail.com | phone=7785229119 | city=Vancouver | prov=BC
[03:31:02]   [1158/3703] Sumit Jain (R707063)
[03:31:02]     OK: email=jainoverseascanada@gmail.com | phone=6477411314 | city=Mississauga | prov=ON
[03:31:04]   [1159/3703] Harsimranjeet Sandhu (R712168)
[03:31:05]     OK: email=sandhuzmarar@gmail.com | phone=5879380001 | city=Edmonton | prov=AB
[03:31:07]   [1160/3703] Yeonu Oh (R731576)
[03:31:08]     OK: city=Dartmouth | prov=NS
[03:31:11]   [1161/3703] Burcu Akyol (R531695)
[03:31:11]     OK: email=burcu@northernpathways.ca
[03:31:14]   [1162/3703] Minakshi Bala (R407463)
[03:31:14]     OK: email=minakshi@tridentimmigration.com | phone=6047851111 | city=Surrey | prov=BC
[03:31:17]   [1163/3703] Navjot Singh (R531373)
[03:31:17]     OK: email=navjot.singh73@yahoo.com | phone=7788877305 | city=104-7511
[03:31:21]   [1164/3703] Sudhir Saha (R418175)
[03:31:21]     OK: city=Aurora | prov=ON
[03:31:24]   [1165/3703] Omar Imtiaz Chaudhry (R525619)
[03:31:24]     OK: email=Info.oicimmigration@gmail.com | phone=2049951851 | city=Whitby | prov=ON
[03:31:27]   [1166/3703] Keshav Sharma (R530203)
[03:31:28]     OK: email=keshav@elaarimmigration.ca | city=Surrey | prov=BC
[03:31:31]   [1167/3703] Dilbag Kahlon (R525208)
[03:31:31]     OK: email=Capstone.immigration@gmail.com | phone=6045036000 | city=Surrey | prov=BC
[03:31:34]   [1168/3703] Vitaliy Goodkovsky (R535651)
[03:31:34]     OK: email=info@migimmigration.com | phone=7783023808 | city=North Vancouver | prov=BC
[03:31:36]   [1169/3703] Zhong Yu Lian (R523992)
[03:31:36]     OK: email=sandylian2011@gmail.com | phone=6043127906 | city=Surrey | prov=BC
[03:31:40]   [1170/3703] Olena Palatnik (R519269)
[03:31:40]     OK: email=elenexalted@gmail.com | phone=2043840710 | city=Morden | prov=MB
[03:31:42]   [1171/3703] Aziz Hrour (R712266)
[03:31:43]     OK: email=Aziz.hrour@gmail.com | phone=5149159436 | city=Montreal | prov=QC
[03:31:46]   [1172/3703] Marina Garvey (R514071)
[03:31:46]     OK: email=info.marcuscanada@gmail.com | phone=6476223022 | city=Toronto | prov=ON
[03:31:48]   [1173/3703] Tatiana Fedorova (R531455)
[03:31:48]     OK: email=tnf761@gmail.com | phone=6477727645 | city=Toronto | prov=ON
[03:31:52]   [1174/3703] Parual Babbar (R520282)
[03:31:52]     OK: email=Hr_parualbabbar@yahoo.ca | phone=7807292357 | city=Edmonton | prov=AB
[03:31:54]   [1175/3703] Emily Fattahzadeh (R705759)
[03:31:55]     OK: email=Emily.RCIC@gmail.com | phone=6047202535 | city=North Vancouver | prov=BC
[03:31:57]   [1176/3703] Kari Davis (R515318)
[03:31:57]     OK: email=kdavis@bisonimmigration.com | phone=1-876-784-9302 | city=Kingston
[03:32:00]   [1177/3703] Mika Fukuyama (R710017)
[03:32:00]     OK: email=info.mfic.immigration@gmail.com | phone=6572468725 | city=Brea
[03:32:03]   [1178/3703] Sohail Daudani (R705987)
[03:32:03]     OK: email=sohailcan1612@gmail.com | phone=6477631687 | city=London | prov=ON
[03:32:06]   [1179/3703] Luz Lima-Upham (R534621)
[03:32:06]     OK: city=Bedford | prov=NS
[03:32:09]   [1180/3703] Natalia Khoruleva (R706269)
[03:32:09]     OK: city=Toronto | prov=ON
[03:32:12]   [1181/3703] Martha Irene Murillo Sanchez (R529204)
[03:32:12]     OK: email=marthair_mursa@hotmail.com | phone=5878938197 | city=Airdrie | prov=AB
[03:32:14]   [1182/3703] Masoumeh Alimohammadi (R406679)
[03:32:14]     OK: email=info@icpimmigration.com | phone=5142899011 | city=Montreal | prov=QC
[03:32:17]   [1183/3703] Sunaina Minhas (R531625)
[03:32:17]     OK: email=sunaina.minhas@gmail.com | phone=911724185577 | city=Chandigarh
[03:32:20]   [1184/3703] Balihar Baryah (R705548)
[03:32:20]     OK: email=rcicbalihar@gmail.com | city=Surrey | prov=BC
[03:32:22]   [1185/3703] Rajpreet Singh (R535261)
[03:32:23]     OK: email=rsingh@humbleimmigration.com | phone=2892012504 | city=Brampton | prov=ON
[03:32:25]   [1186/3703] Samusideen Kazeem (R535675)
[03:32:26]     OK: email=kazeemsa@gmail.com | phone=4037025389 | city=Calgary | prov=AB
[03:32:29]   [1187/3703] Maral Sanaei (R711882)
[03:32:29]     OK: email=sanaeilawfirm@gmail.com | phone=4169390402 | city=Toronto | prov=ON
[03:32:31]   [1188/3703] Kuljeet Kaur (R534025)
[03:32:32]     OK: email=kuljeet@goodwillimmigrationservices.com | phone=7783170067 | city=Abbottsford | prov=BC
[03:32:35]   [1189/3703] Gaurav Sharma (R705651)
[03:32:35]     OK: email=INFO@BLUEMOONIMMIGRATION.CA | phone=4383813818 | city=Montreal | prov=QC
[03:32:38]   [1190/3703] Pradeep Kumaran (R515473)
[03:32:38]     OK: email=pradeep@saimuth.com | city=Courtenay | prov=BC
[03:32:41]   [1191/3703] Rajan Jain (R1034462)
[03:32:41]     OK: email=rj.rajanjain@gmail.com | phone=4379929191 | city=Brampton | prov=ON
[03:32:44]   [1192/3703] Malika Chawla (R706615)
[03:32:44]     OK: email=rajimmigration@outlook.com | city=Edmonton | prov=AB
[03:32:47]   [1193/3703] Raymond Ponneri (R706844)
[03:32:47]     OK: email=rponneri@silvercreekimmigration.com | phone=4379992981 | city=Brampton | prov=ON
[03:32:49]   [1194/3703] Jie Sun (R533171)
[03:32:49]     OK: city=Toronto | prov=ON
[03:32:53]   [1195/3703] Ying An (R529421)
[03:32:53]     OK: email=Yinganson8@gmail.com | phone=4034720474 | city=Calgary | prov=AB
[03:32:55]   [1196/3703] Farzaneh Djaberi (R409887)
[03:32:55]     OK: email=farzanehdjab@yahoo.ca | phone=4168463090 | city=Toronto | prov=ON
[03:32:58]   [1197/3703] Punavi Arora (R711210)
[03:32:58]     OK: email=punaviarora10@gmail.com | city=Surrey | prov=BC
[03:33:01]   [1198/3703] Kara Dyer (R515332)
[03:33:02]     OK: email=kara@beyondbordersimmigration.ca | phone=3065999295 | city=Gull Lake | prov=SK
[03:33:05]   [1199/3703] Marcus Ewert-Johns (R531837)
[03:33:05]     OK: email=marcus@brillions.ca | phone=8887274660 | city=Vancouver | prov=BC
[03:33:07]   [1200/3703] Sukhdeep Dhillon (R706924)
[03:33:07]     OK: email=INFO@ELFINIMMIGRATION.COM | phone=6475745335 | city=Brampton | prov=ON
[03:33:09]   [1201/3703] Satvinder Bhatia (R708755)
[03:33:09]     OK: email=satvinder.bhatia@hotmail.com | phone=6477051500 | city=Brampton | prov=ON
[03:33:12]   [1202/3703] Agnes Nkechi Aigbinode (R514364)
[03:33:12]     OK: city=Brampton | prov=ON
[03:33:15]   [1203/3703] Ivanna Tapia Ali (R420223)
[03:33:15]     OK: email=ivanna@itimmigration.ca | phone=4034529901 | city=Calgary | prov=AB
[03:33:19]   [1204/3703] Cherry Fernandez (R531457)
[03:33:19]     OK: email=cherry.fernandez@gmail.com | phone=2504601256 | city=Penticton | prov=BC
[03:33:21]   [1205/3703] Morteza Dabaghalinasab (R713139)
[03:33:21]     OK: email=mdalinasab@yahoo.com | phone=7786816440 | city=North Vancouver | prov=BC
[03:33:24]   [1206/3703] Angel Sanchez Solis (R534137)
[03:33:24]     OK: email=afernando@project-canada.com | phone=5874355723 | city=Calgary | prov=AB
[03:33:27]   [1207/3703] Harpreet Singh Manktala (R528304)
[03:33:27]     OK: (minimal data)
[03:33:29]   [1208/3703] Himani Thapa (R731723)
[03:33:29]     OK: city=Burnaby | prov=BC
[03:33:32]   [1209/3703] Ekaterina Mdivani (R507199)
[03:33:32]     OK: email=katerina@investrelocate.com | phone=5146672393 | city=Montreal | prov=QC
[03:33:35]   [1210/3703] Rajan Chugh (R534689)
[03:33:35]     OK: email=admissions@nwimmigration.ca | phone=4169023235 | city=Mississauga | prov=ON
[03:33:38]   [1211/3703] Eveline Penitente Canali (R518264)
[03:33:38]     OK: email=eveline@verca-immi.com | phone=6048008012 | city=Vancouver | prov=BC
[03:33:41]   [1212/3703] Rohini Verma (R707308)
[03:33:41]     OK: email=rohiniverma5143@gmail.com | phone=7809906177 | city=Edmonton | prov=AB
[03:33:44]   [1213/3703] Nader Kazerouni (R413047)
[03:33:44]     OK: email=nader@nkic.ca | phone=+98 21 88325694 | city=North Vancouver | prov=BC
[03:33:47]   [1214/3703] Salar Eskandari (R711972)
[03:33:47]     OK: email=salarsk2@gmail.com | phone=7789960560 | city=Vancouver | prov=BC
[03:33:51]   [1215/3703] Aden Leung (R414167)
[03:33:51]     OK: email=aleung@adenleungcpa.com | phone=7788722483 | city=Vancouver | prov=BC
[03:33:53]   [1216/3703] Sara Sadeghi (R705415)
[03:33:53]     OK: email=sadeghi.immigrationservices@gmail.com | phone=7788580911 | city=North Vancouver | prov=BC
[03:33:56]   [1217/3703] Kaushikkumar Patel (R709355)
[03:33:56]     OK: email=kpatel530@gmail.com | phone=3658830901 | city=Hamilton | prov=ON
[03:33:59]   [1218/3703] Supreeti Singh (R513019)
[03:33:59]     OK: email=singh.toronto@hotmail.com | phone=4169009160 | city=Toronto | prov=ON
[03:34:02]   [1219/3703] Wenjing Cheng (R1040652)
[03:34:02]     OK: city=Port Coquitlam | prov=BC
[03:34:05]   [1220/3703] Pradeep Thankappan (R513055)
[03:34:05]     OK: email=vsnimmigration@gmail.com | phone=4165672891 | city=Mississauga | prov=ON
[03:34:08]   [1221/3703] Chintan Patel (R708537)
[03:34:08]     OK: city=Mississauga | prov=ON
[03:34:11]   [1222/3703] David Westacott (R705371)
[03:34:11]     OK: email=dave@candimm.ca | phone=6477660645 | city=Etobicoke | prov=ON
[03:34:13]   [1223/3703] Harpreet Buttar (R529015)
[03:34:14]     OK: email=contact@greyparrotgroup.com | phone=4034531717 | city=Calgary | prov=AB
[03:34:16]   [1224/3703] Oleg Schindler (R706744)
[03:34:16]     OK: city=Ottawa | prov=ON
[03:34:19]   [1225/3703] Amos Osebor (R535935)
[03:34:19]     OK: city=Shelburne | prov=ON
[03:34:22]   [1226/3703] Amandeep Kaur (R707815)
[03:34:22]     OK: email=Visionuximmigration@gmail.com | phone=6477210640 | city=Brampton | prov=ON
[03:34:25]   [1227/3703] Sandeep Saini (R705893)
[03:34:26]     OK: email=info@mgrimmigration.com | phone=4169157919 | city=Brampton | prov=ON
[03:34:28]   [1228/3703] Richard Marfo (R731479)
[03:34:28]     OK: email=richmarfo@gmail.com | phone=9055180772 | city=Hamilton | prov=ON
[03:34:31]   [1229/3703] Inder Pal Sahni (R508207)
[03:34:31]     OK: email=sahni@starimmigration.com | phone=9054573131 | city=Brampton | prov=ON
[03:34:33]   [1230/3703] Celestine Ogbonna (R707259)
[03:34:33]     OK: email=elbonielconsultancy@gmail.com | phone=4036030032 | city=Calgary | prov=AB
[03:34:36]   [1231/3703] Stephanie Ashaolu (R706902)
[03:34:36]     OK: city=Leander
[03:34:39]   [1232/3703] Varsha Singh (R711286)
[03:34:39]     OK: email=varsha@ironwoodimmigration.com | phone=7788554232 | city=Richmond | prov=BC
[03:34:41]   [1233/3703] Luciane Luthi (R710402)
[03:34:41]     OK: city=Victoria | prov=BC
[03:34:44]   [1234/3703] Fereidoon Vasheghani Farahani (R527809)
[03:34:45]     OK: email=info@rahro.ca | phone=5879178040 | city=Calgary | prov=AB
[03:34:47]   [1235/3703] Tejender Singh (R710327)
[03:34:47]     OK: email=13khalsatera@gmail.com | phone=6476469896 | city=Stoney Creek | prov=ON
[03:34:50]   [1236/3703] Jennifer Ding (R409855)
[03:34:50]     OK: email=jending@hotmail.ca | phone=7783844368 | city=Pitt Meadows | prov=BC
[03:34:52]   [1237/3703] Amrit Kaur (R1035886)
[03:34:52]     OK: city=Brampton | prov=ON
[03:34:54]   [1238/3703] Ernest Julien (R515606)
[03:34:54]     OK: email=rnsjulien@gmail.com | phone=5142900295 | city=Montreal | prov=QC
[03:34:57]   [1239/3703] Muhammad Khan (R534815)
[03:34:57]     OK: email=abrarkhan76@icloud.com | phone=6475465118 | city=Pickering | prov=ON
[03:34:59]   [1240/3703] Pipin Indrawati (R711378)
[03:34:59]     OK: email=pipkesuma@yahoo.com | phone=4168216950 | city=Brampton | prov=ON
[03:35:01]   [1241/3703] Margenne Waddell (R705560)
[03:35:01]     OK: email=mw@akma.ca | phone=7789863153 | city=Abbotsford | prov=BC
[03:35:05]   [1242/3703] Richel Villanueva (R705807)
[03:35:05]     OK: email=rvillanueva@veerimmigration.ca | phone=5875812870 | city=Calgary | prov=AB
[03:35:07]   [1243/3703] Maryan Owolabi (R705800)
[03:35:07]     OK: city=Yonge Eglinton Centre-
[03:35:10]   [1244/3703] Adelgunde Dyck (R410111)
[03:35:10]     OK: email=adeled@star7.net | phone=2043251312 | city=Winkler | prov=MB
[03:35:13]   [1245/3703] Katayoon Kavandi Nezhad (R534013)
[03:35:13]     OK: email=info@katykavandi.ca | phone=6478659040 | city=Toronto | prov=ON
[03:35:15]   [1246/3703] Inderjit Khokhar (R709665)
[03:35:15]     OK: email=khokhar.inderjit@gmail.com | phone=4168261656 | city=Brampton | prov=ON
[03:35:17]   [1247/3703] Diego Pereira Paiva (R531209)
[03:35:17]     OK: email=diego@totemedu.com | phone=6474020409 | city=Toronto | prov=ON
[03:35:20]   [1248/3703] Jitender Sharma (R522702)
[03:35:21]     OK: email=jitender.sharma07@outlook.com | phone=5145812680 | city=New Westminster | prov=BC
[03:35:24]   [1249/3703] Dharmendra Solanki (R711994)
[03:35:24]     OK: email=SODH20@YAHOO.CA | phone=6473024848 | city=Brampton | prov=ON
[03:35:26]   [1250/3703] Usman Minhas (R711504)
[03:35:26]     OK: phone=5149776178 | city=Milton | prov=ON
[03:35:29]   [1251/3703] Li Jia (R530095)
[03:35:29]     OK: email=storymango75@gmail.com | phone=5146998818 | city=Montreal | prov=QC
[03:35:32]   [1252/3703] Arian Sultafa (R419831)
[03:35:33]     OK: email=ariansultafa@gmail.com | phone=4167830762 | city=Toronto | prov=ON
[03:35:35]   [1253/3703] Epp User (R012345)
[03:35:35]     OK: email=test@capic.ca | phone=4164837044 | city=Toronto | prov=ON
[03:35:37]   [1254/3703] Guity Honarmand (R519192)
[03:35:37]     OK: email=donyaimmigrationinfo@gmail.com | phone=4039919391 | city=Calgary | prov=AB
[03:35:41]   [1255/3703] Pragati Sharma (R507867)
[03:35:41]     OK: email=westlinkimmigration@gmail.com | phone=2045865000 | city=Winnipeg | prov=MB
[03:35:43]   [1256/3703] Ka Kei Jacky Liu (R711036)
[03:35:43]     OK: email=navigrace.immigration@gmail.com | phone=5878216284 | city=Calgary | prov=AB
[03:35:46]   [1257/3703] Surjeet Rawal (R510060)
[03:35:46]     OK: email=ssr2969@yahoo.ca | phone=5147870101 | city=LaSalle | prov=QC
[03:35:49]   [1258/3703] Aloysius Adimaulor (R712362)
[03:35:49]     OK: email=aadimaulor@yahoo.com | phone=5067893940 | city=Fredericton | prov=NB
[03:35:52]   [1259/3703] Patricia De Souza (R712818)
[03:35:52]     OK: email=desouza.patri@gmail.com | phone=4165277339 | city=Laval | prov=QC
[03:35:55]   [1260/3703] Jiheng Jiang (R706768)
[03:35:55]     OK: email=jiang.shaun@gmail.com | phone=6044048889 | city=Richmond | prov=BC
[03:35:57]   [1261/3703] Shuyao Zhou (R731459)
[03:35:57]     OK: email=bnuzsy@gmail.com | phone=5879373769 | city=Edmonton | prov=AB
[03:36:00]   [1262/3703] Weiqian Ji (R707600)
[03:36:00]     OK: email=davidji2008@gmail.com | phone=4037963218 | city=Calgary | prov=AB
[03:36:04]   [1263/3703] Tavleen Kaur (R531013)
[03:36:04]     OK: email=tavleencapic@yahoo.com | phone=5879693363 | city=Calgary | prov=AB
[03:36:06]   [1264/3703] Gagandeep Malhi (R706498)
[03:36:07]     OK: email=malhigagan720@yahoo.com | phone=7788961786 | city=Delta | prov=BC
[03:36:09]   [1265/3703] Armando Stocco Neto (R526799)
[03:36:09]     OK: email=armando@northgate.ca | phone=7785132200 | city=North Vancouver | prov=BC
[03:36:12]   [1266/3703] Li Liu (R509736)
[03:36:12]     OK: email=vicky.li.liu@gmail.com | phone=6047237418 | city=Surrey | prov=BC
[03:36:14]   [1267/3703] Deepak Kochhar (R711672)
[03:36:14]     OK: email=jazzelimmigration@gmail.com | phone=6472333808 | city=Brampton | prov=ON
[03:36:17]   [1268/3703] Harpreet Dade (R531797)
[03:36:17]     OK: email=avionimmigrationservices@outlook.com | phone=2045837676 | city=Winnipeg | prov=MB
[03:36:20]   [1269/3703] Lihua Shen (R731705)
[03:36:21]     OK: city=Calgary | prov=AB
[03:36:23]   [1270/3703] Gottfried Glass (R411119)
[03:36:23]     OK: email=contact1@uniserve.com | phone=8777704664 | city=Kelowna | prov=BC
[03:36:26]   [1271/3703] Rodelio Chua (R513930)
[03:36:26]     OK: email=rodofcalgary@gmail.com | city=Calgary | prov=AB
[03:36:29]   [1272/3703] A Teresa Inacio (R511568)
[03:36:29]     OK: email=teresa.inacio@dal.ca | phone=9024941020 | city=Halifax | prov=NS
[03:36:31]   [1273/3703] Harkamaljit Manku (R524937)
[03:36:31]     OK: email=harkamalmanku@hotmail.com | phone=4162071313 | city=Brampton | prov=ON
[03:36:34]   [1274/3703] Sohail Nazir (R731011)
[03:36:34]     OK: email=sohail.nazir110@gmail.com | phone=6479790572 | city=Mississauga | prov=ON
[03:36:37]   [1275/3703] Fernanda Isquierdo (R533375)
[03:36:37]     OK: email=fernanda.isquierdo@gmail.com | phone=4033832239 | city=Calgary | prov=AB
[03:36:40]   [1276/3703] Sammy Medora (R535929)
[03:36:40]     OK: email=smedora@gmail.com | phone=6194950075 | city=San Diego
[03:36:43]   [1277/3703] Sameer Gupta (R506933)
[03:36:43]     OK: email=sameergupta@live.ca | phone=2049307847 | city=Winnipeg | prov=MB
[03:36:46]   [1278/3703] Nevin Murchie ()
[03:36:46]     OK: email=nmurchie@murchielaw.com | phone=7165656270 | city=Buffalo
[03:36:48]   [1279/3703] Meena Sharma (R710800)
[03:36:48]     OK: email=Mini.sharma1308@gmail.com | phone=7809660115 | city=Brampton | prov=ON
[03:36:52]   [1280/3703] Serguei Matytsine (R711392)
[03:36:52]     OK: email=serguei.matytsine@gmail.com | phone=5144762649 | city=Montreal | prov=QC
[03:36:55]   [1281/3703] Avtar Toor (R713127)
[03:36:55]     OK: city=Surrey | prov=BC
[03:36:58]   [1282/3703] Jean Chung (R711539)
[03:36:58]     OK: email=wls9213@gmail.com | phone=7809080204 | city=Calgary | prov=AB
[03:37:01]   [1283/3703] Parwinder Sadana (R418095)
[03:37:01]     OK: email=info@servicelinks.ca | phone=+66 20031450 | city=Port Coquitlam | prov=BC
[03:37:05]   [1284/3703] Vishawjit Singh Bhandol (R709575)
[03:37:05]     OK: email=vishawjit@yahoo.com | phone=4165565558 | city=Mississauga | prov=ON
[03:37:08]   [1285/3703] Maria Lina Ferre Marzo (R705377)
[03:37:08]     OK: email=info@nordreachimmigration.com | phone=34603017977 | city=Madrid
[03:37:10]   [1286/3703] Ekiyie Nzante (R711876)
[03:37:10]     OK: email=enzante@fanzcanadianimmigration.ca | phone=5144433827 | city=Salaberry-de-Valleyfield | prov=QC
[03:37:13]   [1287/3703] Nader Wahba (R422903)
[03:37:13]     OK: email=nader@telus.net | phone=6048050358 | city=Langley | prov=BC
[03:37:15]   [1288/3703] William Adams (R731151)
[03:37:16]     OK: email=wadamsns@gmail.com | phone=9024434003 | city=Halifax | prov=NS
[03:37:19]   [1289/3703] Masooma Virani (R713179)
[03:37:19]     OK: email=masv225@gmail.com | phone=6043781420 | city=Surrey | prov=BC
[03:37:21]   [1290/3703] Kulinkumar Patel (R512619)
[03:37:21]     OK: email=info@uiis.ca | phone=4168274247
[03:37:24]   [1291/3703] Odessa Sherbaniuk (R731102)
[03:37:24]     OK: email=osherbaniuk@gmail.com | phone=3064716080 | city=Bienfait | prov=SK
[03:37:27]   [1292/3703] Loise Githiga (R532739)
[03:37:27]     OK: email=loisethuku@yahoo.com | phone=5877185504 | city=Calgary | prov=AB
[03:37:29]   [1293/3703] Dayanara Empuerto (R731380)
[03:37:29]     OK: email=educreatecanada@gmail.com | phone=5199024039 | city=London | prov=ON
[03:37:31]   [1294/3703] Xinai Yao (R508496)
[03:37:31]     OK: email=nancy.carich@gmail.com | phone=4162267258 | city=Toronto | prov=ON
[03:37:34]   [1295/3703] Cristopher Garcia Morales (R705658)
[03:37:34]     OK: email=cristopher.garcia.155@gmail.com | phone=5872258294 | city=Calgary | prov=AB
[03:37:37]   [1296/3703] Gurleen Aujla (R712459)
[03:37:37]     OK: city=Brampton | prov=ON
[03:37:40]   [1297/3703] Serge Conille (R517043)
[03:37:40]     OK: email=prof39@hotmail.com | phone=5147170975 | city=Mont-Tremblant | prov=QC
[03:37:42]   [1298/3703] Rafael Contreras (R509019)
[03:37:42]     OK: email=rafael.contreras@rcinmigracion.com | phone=6479287276 | city=Milton | prov=ON
[03:37:46]   [1299/3703] Rami Khattouf (R531957)
[03:37:46]     OK: email=info@ramigration.ca | phone=9059333227 | city=Welland | prov=ON
[03:37:48]   [1300/3703] Xin Yao Guo (R508411)
[03:37:49]     OK: email=eguo@yitech.ca | phone=7789985988 | city=Richmond | prov=BC
[03:37:51]   [1301/3703] Sakura Hirata (R519962)
[03:37:51]     OK: email=apollosince2001@gmail.com | phone=2507624508 | city=Kelowna | prov=BC
[03:37:53]   [1302/3703] Pablo Miguel Contreras Villasenor (R707414)
[03:37:54]     OK: email=pablo@enmotionimmigration.com | phone=6049101639 | city=Vancouver | prov=BC
[03:37:56]   [1303/3703] Anjali Mehta (R706672)
[03:37:56]     OK: email=p.anjali.m@gmail.com | phone=9029437506 | city=Halifax | prov=NS
[03:37:59]   [1304/3703] Petya Ignatova (R513660)
[03:37:59]     OK: email=ADVI | phone=6473386239 | city=Mississauga | prov=ON
[03:38:01]   [1305/3703] Lyubov Kim (R707230)
[03:38:02]     OK: email=canadainmind@gmail.com | phone=6475011717 | city=Surrey | prov=BC
[03:38:04]   [1306/3703] Yu Hamed Sugimoto Chavoshi (R713046)
[03:38:04]     OK: city=Burnaby | prov=BC
[03:38:07]   [1307/3703] Se Jeong Ko (R510737)
[03:38:07]     OK: email=office.slic@gmail.com | phone=2046157766 | city=Winnipeg | prov=MB
[03:38:10]   [1308/3703] Mark Lembersky (R713074)
[03:38:10]     OK: email=mark.lembersky@gmail.com | phone=6478646679 | city=Toronto | prov=ON
[03:38:13]   [1309/3703] Hong Yan (R532263)
[03:38:13]     OK: email=doralorna@gmail.com | phone=5197213005 | city=Waterloo | prov=ON
[03:38:16]   [1310/3703] Dawit Zegeyea (R530257)
[03:38:16]     OK: email=tcanadianimmigration@gmail.com | phone=4039039047 | city=Calgary | prov=AB
[03:38:18]   [1311/3703] Yeuchuan Choo (R409119)
[03:38:18]     OK: email=ychoo@cavisa.ca | phone=4036680800 | city=Calgary | prov=AB
[03:38:21]   [1312/3703] Ted Villaluz (R514059)
[03:38:21]     OK: email=IMMICONCANADA@GMAIL.COM | phone=1-204-8913954 | city=Winnipeg | prov=MB
[03:38:24]   [1313/3703] Rajat Batra (R707193)
[03:38:24]     OK: email=ifileimmigration@gmail.com | phone=2896546868 | city=Mississauga | prov=ON
[03:38:27]   [1314/3703] Inkyung Wi (R513827)
[03:38:27]     OK: email=colleen.inkyung.wi@gmail.com | phone=4039267024 | city=Victoria | prov=BC
[03:38:29]   [1315/3703] Olukemi Soetan (R530219)
[03:38:29]     OK: email=k_soetan@hotmail.com | phone=2895210142 | city=Mississauga | prov=ON
[03:38:32]   [1316/3703] Charlene Dasilva (R507556)
[03:38:32]     OK: city=Hamilton | prov=ON
[03:38:34]   [1317/3703] Lenka Ruzickova (R705617)
[03:38:34]     OK: email=lenka.ruzickova@enigmaimmigration.ca | phone=6046719419 | city=Vancouver | prov=BC
[03:38:37]   [1318/3703] Laurie Singh (R531159)
[03:38:37]     OK: email=lsingh43@gmail.com | phone=4037006287 | city=Grande Prairie | prov=AB
[03:38:40]   [1319/3703] Lh Vincent Ng (R712702)
[03:38:41]     OK: email=longhinvincent@gmail.com | city=Richmond | prov=BC
[03:38:44]   [1320/3703] Imee Gutierrez (R533027)
[03:38:44]     OK: email=imeegutierrez09@gmail.com | phone=2048810440 | city=Burnaby | prov=BC
[03:38:46]   [1321/3703] Annie Duong (R523672)
[03:38:46]     OK: email=ask.cantravel@gmail.com | phone=+1 780 4995950 | city=Calgary | prov=AB
[03:38:50]   [1322/3703] Dina Campbell (R711460)
[03:38:50]     OK: email=dpuerto84@yahoo.ca | phone=2509209402 | city=Lake Cowichan | prov=BC
[03:38:53]   [1323/3703] Tingting Yang (R712912)
[03:38:53]     OK: email=tingtingyang07@hotmail.com | phone=6477650986 | city=Toronto | prov=ON
[03:38:55]   [1324/3703] Raxon Lambert (R712930)
[03:38:55]     OK: email=xanroimmigration@gmail.com | phone=6475070230 | city=Toronto | prov=ON
[03:38:58]   [1325/3703] Regina Helou (R711238)
[03:38:58]     OK: email=reginatouma@gmail.com | phone=6478942371 | city=Richmond Hill | prov=ON
[03:39:01]   [1326/3703] Naritpal Singh (R731687)
[03:39:01]     OK: email=Naritpal.1@gmail.com | phone=6477831804 | city=Mississauga | prov=ON
[03:39:04]   [1327/3703] Ranju Rathore (R712712)
[03:39:04]     OK: email=ranju.rathore21@gmail.com | phone=4168260539 | city=London | prov=ON
[03:39:06]   [1328/3703] Julius Ugbaja (R710251)
[03:39:06]     OK: email=ugbajajulio1@yahoo.com | phone=5875818114 | city=Calgary | prov=AB
[03:39:08]   [1329/3703] Dana Al Edwan (R731480)
[03:39:09]     OK: email=dana.edwan@gmail.com | phone=7785330618 | city=Victoria | prov=BC
[03:39:11]   [1330/3703] Naresh Kumar (R707900)
[03:39:11]     OK: email=nareshk0625@gmail.com | phone=6046172144 | city=Surrey | prov=BC
[03:39:13]   [1331/3703] Jennifer Samsair Da Naia (R409415)
[03:39:13]     OK: email=jenniferdanaia@gmail.com | phone=4166545229 | city=Toronto | prov=ON
[03:39:16]   [1332/3703] Bassel Zoueiter (R515282)
[03:39:16]     OK: email=bassel@encubate.ca | phone=+1-888-663-0065 | city=Toronto | prov=ON
[03:39:18]   [1333/3703] Mohsen Hajiannejad (R731451)
[03:39:18]     OK: city=Vancouver | prov=BC
[03:39:21]   [1334/3703] Sukhwinder Panesar (R705579)
[03:39:21]     OK: email=sukhwinder.panesar@gmail.com | phone=6475242078 | city=Mississauga | prov=ON
[03:39:24]   [1335/3703] Nguyen Dang (R534693)
[03:39:24]     OK: email=insight.immconsulting@gmail.com | phone=6044017156 | city=Vancouver | prov=BC
[03:39:27]   [1336/3703] Davood Mirzaie (R731267)
[03:39:27]     OK: city=Toronto | prov=ON
[03:39:29]   [1337/3703] Cayley East (R731164)
[03:39:29]     OK: city=Edmonton | prov=AB
[03:39:32]   [1338/3703] Arpanjot Kaur Lubana (R709721)
[03:39:32]     OK: city=Guelph | prov=ON
[03:39:35]   [1339/3703] Reena Nagi (R709038)
[03:39:35]     OK: email=reenanagi@yahoo.com | phone=6044964229 | city=Surrey | prov=BC
[03:39:38]   [1340/3703] Millicent Igbinovia (R731449)
[03:39:38]     OK: city=Calgary | prov=AB
[03:39:41]   [1341/3703] Dapinder Kaur (R705503)
[03:39:41]     OK: email=kaurdapinder17@gmail.com | phone=2368817169 | city=Surrey | prov=BC
[03:39:43]   [1342/3703] Jianhua Yang (R507126)
[03:39:43]     OK: (minimal data)
[03:39:46]   [1343/3703] Charanjit Kaur (R707394)
[03:39:46]     OK: email=chkaur.york@gmail.com | phone=4166694874 | city=Toronto | prov=ON
[03:39:49]   [1344/3703] Ella Zabarsky (R506803)
[03:39:49]     OK: email=zabarsky.ella@gmail.com | phone=6133161604 | city=Ottawa | prov=ON
[03:39:52]   [1345/3703] Kyriaki Papadopoulou (R708148)
[03:39:52]     OK: email=kyriaki.papadopoulou86@gmail.com | phone=6044427243 | city=Vancouver | prov=BC
[03:39:55]   [1346/3703] Rina Yamashita (R710282)
[03:39:55]     OK: email=nextphaseimmigration@gmail.com | phone=6044414258 | city=Vancouver | prov=BC
[03:39:57]   [1347/3703] Jeehea Hong (R508169)
[03:39:57]     OK: email=juliahong130@gmail.com | phone=4167274433 | city=Toronto | prov=ON
[03:39:59]   [1348/3703] Sharmila Perera (R417167)
[03:39:59]     OK: email=sharmila@annarbour.com | phone=6474772197
[03:40:02]   [1349/3703] Yang Du (R534717)
[03:40:02]     OK: email=info@mswshiwen.com
[03:40:05]   [1350/3703] Reena Patel (R532555)
[03:40:05]     OK: email=vrpatel@hotmail.com | phone=6477842772 | city=Scarborough | prov=ON
[03:40:08]   [1351/3703] Emoefe Unuajohwofia (R1033888)
[03:40:09]     OK: city=Holland | prov=ON
[03:40:11]   [1352/3703] Xun Wang (R706861)
[03:40:12]     OK: email=xun.wang@jakx.ca | phone=4165189350 | city=Markham | prov=ON
[03:40:14]   [1353/3703] Smriti Sharma (R705895)
[03:40:14]     OK: phone=6475090119 | city=Brantford | prov=ON
[03:40:16]   [1354/3703] Angelina Abukhadra (R510392)
[03:40:16]     OK: email=info@atworkimmigration.com | phone=2892904374
[03:40:19]   [1355/3703] Amandeep Dhaliwal (R534351)
[03:40:19]     OK: email=DHALIWAL.AH@GMAIL.COM | phone=6042565400 | city=Surrey | prov=BC
[03:40:21]   [1356/3703] Masha (Michal) Gubelman (R713119)
[03:40:21]     OK: email=Michal.gubelman@gmail.com | phone=2048989875 | city=Markham | prov=ON
[03:40:25]   [1357/3703] Najeh Nairat (R706016)
[03:40:25]     OK: email=najeh.nairat@costaimmigration.com | phone=6479395000 | city=Hannon | prov=ON
[03:40:27]   [1358/3703] Rijah Amir (R731353)
[03:40:27]     OK: city=Toronto | prov=ON
[03:40:29]   [1359/3703] Oluwadamilola Iwajomo (R512806)
[03:40:29]     OK: email=hosen.damilola@gmail.com | phone=6477805205 | city=Oakville | prov=ON
[03:40:33]   [1360/3703] Chi Fu Chen (R511768)
[03:40:33]     OK: email=chifuchen@topvisionimmigration.com | phone=6042845268 | city=Richmond | prov=BC
[03:40:35]   [1361/3703] Era Juneja (R533999)
[03:40:35]     OK: email=Juneja.era@gmail.com | phone=2898900777 | city=Brampton | prov=ON
[03:40:39]   [1362/3703] Janie Boissonneault (R706636)
[03:40:39]     OK: email=janie86@hotmail.com | phone=4388689790 | city=Montreal | prov=QC
[03:40:42]   [1363/3703] Christopher Daw (R409583)
[03:40:42]     OK: (minimal data)
[03:40:44]   [1364/3703] Zachary Lynn (R707967)
[03:40:44]     OK: email=zach@gbimmigration.ca | phone=2362390741 | city=New Westminster | prov=BC
[03:40:47]   [1365/3703] Achut Dhungana (R712221)
[03:40:47]     OK: email=dhunganachut@gmail.com | phone=4375775422 | city=Brampton | prov=ON
[03:40:50]   [1366/3703] Veronica Diaz Gonzalez (R533637)
[03:40:51]     OK: email=diaz@platformtocanada.ca | phone=6043302950 | city=Burnaby | prov=BC
[03:40:54]   [1367/3703] Harpreet Singh (R708271)
[03:40:54]     OK: email=1313mahal@gmail.com | phone=6474015513 | city=Mississauga | prov=ON
[03:40:56]   [1368/3703] Janpreet Walia (R707234)
[03:40:56]     OK: city=Calgary | prov=AB
[03:40:59]   [1369/3703] Amaneet Brar (R707391)
[03:40:59]     OK: email=mail@goldoxworld.com | phone=7789277000 | city=Bolton | prov=ON
[03:41:01]   [1370/3703] Juned Ali Khan Khan (R530317)
[03:41:01]     OK: email=junedalikhan1@gmail.com | phone=4379872336 | city=Toronto | prov=ON
[03:41:04]   [1371/3703] Madhab Bastakoti (R705876)
[03:41:04]     OK: email=madhab.bastakoti@gmail.com | phone=6479604094 | city=Scarborough | prov=ON
[03:41:08]   [1372/3703] Keny Francis (R531459)
[03:41:08]     OK: email=info@goeasyimmigration.com | phone=+91 9739987900
[03:41:11]   [1373/3703] Lolita Santos (R710362)
[03:41:11]     OK: email=gbonifacio2015@gmail.com | phone=6047253764 | city=Surrey | prov=BC
[03:41:14]   [1374/3703] Jodie Soontit (R532189)
[03:41:14]     OK: email=jgsoontit@gmail.com | phone=6479541761 | city=Toronto | prov=ON
[03:41:17]   [1375/3703] Shbeg Grewal (R509644)
[03:41:18]     OK: email=sgrewal@gisl.ca | phone=7804905045 | city=Edmonton | prov=AB
[03:41:20]   [1376/3703] Yusuke Hyogo (R530517)
[03:41:20]     OK: city=Calgary | prov=AB
[03:41:23]   [1377/3703] Navneet Cheema (R707901)
[03:41:23]     OK: city=Brampton | prov=ON
[03:41:26]   [1378/3703] Jeonghwa Lee (R731018)
[03:41:26]     OK: email=hwaria@gmail.com | phone=6477626072 | city=Etobicoke | prov=ON
[03:41:29]   [1379/3703] Yan Zhao (R532309)
[03:41:30]     OK: email=azhaosh@gmail.com | phone=6047108156 | city=Richmond | prov=BC
[03:41:33]   [1380/3703] Harish Sharma (R534969)
[03:41:33]     OK: email=harish.sharma@hvglobal.ca | phone=4034210007 | city=Calgary | prov=AB
[03:41:35]   [1381/3703] Puneeta Arora (R706764)
[03:41:35]     OK: email=pun_1717@yahoo.com | phone=4375227660 | city=Brampton | prov=ON
[03:41:38]   [1382/3703] Olena Gubych (R731222)
[03:41:38]     OK: email=info@zencan.ca | phone=4164604587 | city=Toronto | prov=ON
[03:41:40]   [1383/3703] Noemi Jean Primitivo (R417399)
[03:41:41]     OK: email=Connect@newgridimmigration.com | phone=3069491455 | city=Regina | prov=SK
[03:41:43]   [1384/3703] Neelamben Alois Christian (R705878)
[03:41:43]     OK: email=neelam@skylitimmigration.com | phone=6479375693 | city=Brampton | prov=ON
[03:41:46]   [1385/3703] Ma Cristina Antipala (R509552)
[03:41:46]     OK: city=Edson | prov=AB
[03:41:49]   [1386/3703] Sonalben Shah (R509505)
[03:41:49]     OK: email=sonal.shah@kananinternational.com | phone=+912652334590 | city=Vadodara
[03:41:52]   [1387/3703] Kirandeep Kaur (R712342)
[03:41:52]     OK: email=info@vineimmigration.ca | phone=7783165640 | city=Surrey | prov=BC
[03:41:54]   [1388/3703] Benjamin Joseph (R534405)
[03:41:54]     OK: email=bjconsultant@protonmail.com | phone=5148147276 | city=Laval | prov=QC
[03:41:57]   [1389/3703] Magdalena Zaplotny (R514390)
[03:41:57]     OK: email=magdazaplotny@gmail.com | phone=6476376701 | city=Mississauga | prov=ON
[03:41:59]   [1390/3703] Rajeev Verma (R708126)
[03:41:59]     OK: email=info@rvimmigration.ca | phone=6479217601 | city=Brampton | prov=ON
[03:42:02]   [1391/3703] Yuliya Balina (R506278)
[03:42:02]     OK: email=ybalina@racimmigration.com | phone=4169678222 | city=Toronto | prov=ON
[03:42:05]   [1392/3703] Krishan Khurana (R506649)
[03:42:05]     OK: city=Vancouver | prov=BC
[03:42:08]   [1393/3703] Prabhjyot Booter (R709280)
[03:42:08]     OK: email=jyoti.booter@gmail.com | phone=9052527180 | city=Bradford | prov=ON
[03:42:10]   [1394/3703] Narinder Kalsi (R525058)
[03:42:11]     OK: email=kalsi.can@gmail.com | phone=5878926895 | city=Vancouver | prov=BC
[03:42:14]   [1395/3703] Jacques Therrien (R510478)
[03:42:14]     OK: email=jtherrien@cancics.com | phone=2042211199 | city=Winnipeg | prov=MB
[03:42:17]   [1396/3703] Sadek Ould-Kaci (R527858)
[03:42:17]     OK: email=direction@oksimmigration.ca | phone=5068713214 | city=Moncton | prov=NB
[03:42:19]   [1397/3703] Jianru Li (R526438)
[03:42:20]     OK: email=bqljr@hotmail.com | phone=4034651529 | city=Calgary | prov=AB
[03:42:22]   [1398/3703] Elizabeth Rosca (R417959)
[03:42:22]     OK: email=roscanphil@rogers.com | phone=9055973597 | city=Thornhill | prov=ON
[03:42:24]   [1399/3703] Liza Tacio (R533173)
[03:42:24]     OK: email=l.tacio@stargateimm.com | phone=4039090902 | city=Calgary | prov=AB
[03:42:27]   [1400/3703] Jianping Shi (R515237)
[03:42:27]     OK: email=jpingshi@hotmail.com | phone=7787512568 | city=Vancouver | prov=BC
[03:42:29]   [1401/3703] Susan Dasmarinas (R520654)
[03:42:30]     OK: email=susan_dasma@hotmail.com | city=Toronto | prov=ON
[03:42:33]   [1402/3703] Amanpreet Singh Gaba (R1033589)
[03:42:33]     OK: email=amngaba@gmail.com | phone=7787231313 | city=Delta | prov=BC
[03:42:36]   [1403/3703] Pan Dong (R706348)
[03:42:36]     OK: city=Toronto | prov=ON
[03:42:39]   [1404/3703] Melanie Goldsworthy (R513701)
[03:42:39]     OK: email=melanie@moraka.ca | phone=403-475-8220 | city=Calgary | prov=AB
[03:42:42]   [1405/3703] Jacqueline Omara (R731084)
[03:42:42]     OK: email=aboloej@gmail.com | phone=6138759511 | city=Ottawa | prov=ON
[03:42:46]   [1406/3703] Gurwinder Singh (R713219)
[03:42:46]     OK: email=91singhgurwinder@gmail.com | phone=6478192117 | city=Cambridge | prov=ON
[03:42:49]   [1407/3703] Celestin Wokgoue (R708543)
[03:42:49]     OK: (minimal data)
[03:42:52]   [1408/3703] Nareshkumar Katariya (R710404)
[03:42:52]     OK: email=sircanrcic@gmail.com | phone=7806991701 | city=Edmonton | prov=AB
[03:42:55]   [1409/3703] Gaurav Rohilla (R706128)
[03:42:55]     OK: email=gary@switch2can.com | phone=4168411738 | city=Brampton | prov=ON
[03:42:58]   [1410/3703] Neelima Bhardwaj (R515903)
[03:42:58]     OK: email=info@dctimmigration.com | phone=7056180144 | city=Sudbury | prov=ON
[03:43:00]   [1411/3703] Adam Blum (R407975)
[03:43:00]     OK: email=info@canadian-immigration.ca | phone=4168406194
[03:43:03]   [1412/3703] Sam Wang (R1034459)
[03:43:03]     OK: phone=6047731339 | city=Richmond | prov=BC
[03:43:06]   [1413/3703] Maninderpal Chadha (R512516)
[03:43:07]     OK: email=vcanimmigrationinc@gmail.com | phone=7789916520 | city=Surrey | prov=BC
[03:43:10]   [1414/3703] Hyacynth David (R710434)
[03:43:10]     OK: email=hyadavid_adanac@telus.net | phone=2368815137 | city=Vancouver | prov=BC
[03:43:13]   [1415/3703] Miray Pamuk (R708447)
[03:43:13]     OK: city=Stittsville | prov=ON
[03:43:15]   [1416/3703] Kitty Chan (R408679)
[03:43:15]     OK: email=kitty@wongrobinson.com | phone=6047399500 | city=Vancouver | prov=BC
[03:43:19]   [1417/3703] Hadi Hadson (R710137)
[03:43:19]     OK: (minimal data)
[03:43:21]   [1418/3703] Shyna Arora (R527488)
[03:43:21]     OK: email=info@cansettleimmigration.com | phone=7785581414 | city=Surrey | prov=BC
[03:43:24]   [1419/3703] Ravi Iyer (R412343)
[03:43:24]     OK: email=ravi@universalimmigration.com
[03:43:27]   [1420/3703] Neerja Bhandari (R407815)
[03:43:27]     OK: email=neerjavin@hotmail.com | phone=9054609619 | city=Brampton | prov=ON
[03:43:30]   [1421/3703] Martins Fatola (R707160)
[03:43:30]     OK: email=derinmartins@yahoo.com | phone=4168326434 | city=Paris | prov=ON
[03:43:34]   [1422/3703] Rouba Bakkour (R709702)
[03:43:34]     OK: email=roubabakkour@gmail.com | city=Montreal | prov=QC
[03:43:37]   [1423/3703] Wei Liu (R414615)
[03:43:37]     OK: email=rayliu68@hotmail.com | phone=6046538220 | city=Richmond | prov=BC
[03:43:40]   [1424/3703] Sheng-Yu Gao (R410847)
[03:43:40]     OK: email=seacityinternational@gmail.com | phone=7789898022 | city=Burnaby | prov=BC
[03:43:42]   [1425/3703] Sophia Cummings (R409391)
[03:43:43]     OK: email=sophia@sophiaimmigration.com | city=Vancouver | prov=BC
[03:43:45]   [1426/3703] Ha Rim Choi (R710195)
[03:43:45]     OK: email=choiimmigration@gmail.com | phone=4038696008 | city=Calgary | prov=AB
[03:43:48]   [1427/3703] Jaskirat Sohal (R706800)
[03:43:48]     OK: email=jaskiratsinghsohal@yahoo.ca | phone=6476215713 | city=Brampton | prov=ON
[03:43:51]   [1428/3703] Manal Senjab (R528845)
[03:43:51]     OK: email=manal@a4zimmigration.com | phone=2899973339 | city=Barrie | prov=ON
[03:43:54]   [1429/3703] Ruwanmali Ranamuka (R510144)
[03:43:55]     OK: email=manju@waytocanadaimmigration.com | phone=7788704408 | city=Coquitlam | prov=BC
[03:43:57]   [1430/3703] Adunola Oniku (R707158)
[03:43:57]     OK: email=adunolao@yahoo.com | phone=4034000033 | city=Surrey | prov=BC
[03:44:00]   [1431/3703] Ravi Yadav (R706821)
[03:44:00]     OK: email=9raviy@iima.ac.in | phone=6476377282 | city=Toronto | prov=ON
[03:44:04]   [1432/3703] Cathy Jing Ru (R418023)
[03:44:04]     OK: email=cathy@henryglobal.com | phone=6474037770 | city=Markham | prov=ON
[03:44:06]   [1433/3703] Fasil Ottapilakkil Abdurahiman (R705653)
[03:44:06]     OK: email=fasilabdurahiman1991@gmail.com | phone=6473237273 | city=Niagara Falls | prov=ON
[03:44:09]   [1434/3703] Peter Allwyn Lobo (R711687)
[03:44:09]     OK: city=Mississauga | prov=ON
[03:44:12]   [1435/3703] Rana Saha (R1034431)
[03:44:12]     OK: email=westvilleimmigration@gmail.com | phone=4165582474 | city=Toronto | prov=ON
[03:44:15]   [1436/3703] Maryam Haji Mohammad Ebrahim (R710249)
[03:44:15]     OK: email=info@pargas.ca | phone=4167279719 | city=Toronto | prov=ON
[03:44:17]   [1437/3703] Supreet Gill (R707947)
[03:44:17]     OK: email=rcicsupreet@gmail.com | phone=6048072679 | city=White Rock | prov=BC
[03:44:19]   [1438/3703] Regular9 Renewal (R987534)
[03:44:19]     OK: email=regular9@capic.ca | phone=4164837044 | city=Toronto | prov=ON
[03:44:22]   [1439/3703] Cheng-Heng Hsieh (R706755)
[03:44:22]     OK: email=davidimm@hynyca.com | phone=4166715488 | city=North York | prov=ON
[03:44:25]   [1440/3703] Karla Pena De Acevedo (R711446)
[03:44:25]     OK: email=karlaacevedo75@gmail.com | phone=2042012771 | city=Winnipeg | prov=MB
[03:44:28]   [1441/3703] Adriana Smetzer (R516479)
[03:44:28]     OK: email=mail@adrianasmetzer.ca | phone=6044412357 | city=Vancouver | prov=BC
[03:44:31]   [1442/3703] Ramandeep Singh (R707557)
[03:44:31]     OK: email=ramandeep.singh@westerndesireimmigration.com | phone=6134068875 | city=Ottawa | prov=ON
[03:44:34]   [1443/3703] Justina Peters (R417207)
[03:44:34]     OK: email=justinapetersimmigration@gmail.com | phone=2043262399 | city=Steinbach | prov=MB
[03:44:36]   [1444/3703] Monica Wang (R710537)
[03:44:36]     OK: email=monicay.wang@yahoo.com | phone=6478192173 | city=Saint Catherines | prov=ON
[03:44:39]   [1445/3703] Syed Rahman (R506922)
[03:44:39]     OK: email=worldimmigration@rogers.com | phone=4166986560 | city=Toronto | prov=ON
[03:44:43]   [1446/3703] Shaloo Sidhu (R708291)
[03:44:43]     OK: email=sidhu.shaloo84@gmail.com | phone=5146637104 | city=Salaberry-de-Valleyfield | prov=QC
[03:44:45]   [1447/3703] Kayleigh Trenholm (R528302)
[03:44:45]     OK: email=hello@kaylimmigration.com | phone=780-289-8902 | city=Leduc | prov=AB
[03:44:48]   [1448/3703] Matthew Sullivan (R731403)
[03:44:48]     OK: email=matt@discoveryimmigration.ca | phone=6047646012 | city=Surrey | prov=BC
[03:44:51]   [1449/3703] Jean Marc Saindique (R705532)
[03:44:51]     OK: phone=5148672951 | city=T500-3055 Boul Saint-Martin OLaval
[03:44:53]   [1450/3703] Sachini Amarasekara (R710612)
[03:44:53]     OK: email=rashenka@no8immigration.ca | phone=4033993710 | city=Calgary | prov=AB
[03:44:56]   [1451/3703] Mamta Randev (R712003)
[03:44:56]     OK: email=info.northwestlink@gmail.com | phone=6046579858 | city=Vancouver | prov=BC
[03:45:00]   [1452/3703] Muhammad Wajahat Faizan (R512533)
[03:45:00]     OK: email=mwfaizan@gmail.com | phone=6479631774 | city=Mississauga | prov=ON
[03:45:02]   [1453/3703] Tatiana Cardozo De Cardoso (R511086)
[03:45:02]     OK: email=contact@dciconsulting.ca | phone=8255214618 | city=Calgary | prov=AB
[03:45:04]   [1454/3703] Zahra Rashidian (R712657)
[03:45:04]     OK: email=rashidian.z@yahoo.com | phone=4164178268 | city=Toronto | prov=ON
[03:45:07]   [1455/3703] Louise Willis (R421407)
[03:45:07]     OK: email=louise@canadianvisaspecialists.com | city=Ormstown | prov=QC
[03:45:10]   [1456/3703] Nikunj Sharma (R1040921)
[03:45:10]     OK: city=Pierrefonds | prov=QC
[03:45:13]   [1457/3703] Wendy Hughes (R533665)
[03:45:13]     OK: email=wendymacdonaldhughes@gmail.com | phone=9027711410 | city=Trenton | prov=NS
[03:45:15]   [1458/3703] Chonggyu Park (R525895)
[03:45:15]     OK: email=contact@goodpeopleconsulting.ca | phone=6047108646 | city=Burnaby | prov=BC
[03:45:18]   [1459/3703] Martine Lefevre (R533061)
[03:45:18]     OK: email=martine.lefevre@lefevreimmigration.com | phone=5148138133 | city=Montreal | prov=QC
[03:45:20]   [1460/3703] Pankaj Khanna (R711256)
[03:45:21]     OK: city=Mississauga | prov=ON
[03:45:24]   [1461/3703] Yishan Zhan (R711580)
[03:45:24]     OK: city=Langley | prov=BC
[03:45:27]   [1462/3703] Charles Pley ()
[03:45:27]     OK: email=charles@immsolutionslaw.com | phone=9058293888 | city=Oakville | prov=ON
[03:45:29]   [1463/3703] Jaswinder Kaler (R711581)
[03:45:29]     OK: email=gcisl@outlook.com | phone=7802713567 | city=Edmonton | prov=AB
[03:45:32]   [1464/3703] Dicle Kursun (R534427)
[03:45:32]     OK: email=diclekursun.rcic@gmail.com | phone=5147042541 | city=Toronto | prov=ON
[03:45:35]   [1465/3703] Christopher Willis (R421399)
[03:45:35]     OK: email=christopher.willis@latitudeworld.com | phone=1 345 325 3030 | city=Camana Bay
[03:45:38]   [1466/3703] Suk Yee Diana Chan (R710297)
[03:45:38]     OK: city=Vancouver | prov=BC
[03:45:41]   [1467/3703] Ibrahim Alsalibi (R532895)
[03:45:41]     OK: city=Calgary | prov=AB
[03:45:44]   [1468/3703] Vibhor Kathuria (R512084)
[03:45:44]     OK: email=vibhorkathuria@gmail.com | phone=4168553019 | city=Toronto | prov=ON
[03:45:48]   [1469/3703] Miti Hathi (R522444)
[03:45:48]     OK: email=mitihathi@gmail.com | phone=41687669636 | city=Toronto | prov=ON
[03:45:51]   [1470/3703] Audrey Sheba (R707973)
[03:45:51]     OK: email=admin@integralitelegal.com | city=Toronto | prov=ON
[03:45:53]   [1471/3703] Anthony Chiasson-Leblanc (R713155)
[03:45:53]     OK: email=al@equinoxw.com | phone=5145036043 | city=Montreal | prov=QC
[03:45:56]   [1472/3703] Sujit Saha (R519545)
[03:45:57]     OK: city=102-3770 Westwinds Drive NECalgary
[03:45:59]   [1473/3703] Sridhar Rao (R710500)
[03:45:59]     OK: email=sprao@prforcanada.ca | phone=4164743500 | city=Mississauga | prov=ON
[03:46:02]   [1474/3703] Sujata Bains (R517173)
[03:46:02]     OK: email=sujatabains17@gmail.com | phone=2502710468 | city=Edmonton | prov=AB
[03:46:04]   [1475/3703] Arshdeep Kaur (R731423)
[03:46:04]     OK: city=Windsor | prov=ON
[03:46:07]   [1476/3703] Alnoor Kamani (R708487)
[03:46:07]     OK: phone=6477722761 | city=Calgary | prov=AB
[03:46:09]   [1477/3703] Namrata Kaura (R527342)
[03:46:09]     OK: email=namrata@cfdimmigration.com | phone=7789577850 | city=Surrey | prov=BC
[03:46:12]   [1478/3703] Chetna Vishav (R514628)
[03:46:12]     OK: email=vishavchetna@gmail.com | phone=6474547015 | city=Brampton | prov=ON
[03:46:15]   [1479/3703] Sherin Ibrahim (R515420)
[03:46:15]     OK: email=sherinibrahim12@gmail.com | phone=6472148875 | city=Oakville | prov=ON
[03:46:18]   [1480/3703] Alejandra Farrington (R711969)
[03:46:18]     OK: email=alejandratfarrington@gmail.com | phone=5875729156 | city=Calgary | prov=AB
[03:46:20]   [1481/3703] Abdulrahman Al Jarsha (R514637)
[03:46:21]     OK: email=info@canadaop.ca | phone=6048017409 | city=Vancouver | prov=BC
[03:46:24]   [1482/3703] Ceren Oner Uysal (R705552)
[03:46:24]     OK: email=CERENONER@HOTMAIL.COM | phone=6476713060 | city=Pickering | prov=ON
[03:46:26]   [1483/3703] Jacqueline Santos (R708462)
[03:46:26]     OK: email=jacqueline.santosp@yahoo.ca | phone=5145811025 | city=Longueuil | prov=QC
[03:46:28]   [1484/3703] Pargat Singh Sran (R508312)
[03:46:28]     OK: email=pargatcapic@gmail.com | phone=7782934400 | city=Surrey | prov=BC
[03:46:31]   [1485/3703] Shirin Abdolkarimi (R709281)
[03:46:31]     OK: email=alsha46ca@gmail.com | phone=6478231536 | city=Thornhill | prov=ON
[03:46:34]   [1486/3703] Zohra Fazal (R523214)
[03:46:34]     OK: email=z_fazal@outlook.com | phone=7809937238 | city=Fort McMurray | prov=AB
[03:46:36]   [1487/3703] Hsin-Ju Hsieh (R412071)
[03:46:36]     OK: email=cynthia.hsieh@gmail.com | phone=5146211592 | city=Dieppe | prov=NB
[03:46:39]   [1488/3703] Gurkamal Singh (R707222)
[03:46:39]     OK: email=kamal1444@hotmail.com | phone=4036138170 | city=Calgary | prov=AB
[03:46:42]   [1489/3703] Rahul Gupta (R530495)
[03:46:42]     OK: email=rahulimmigration@mail.com | phone=5874354521 | city=Calgary | prov=AB
[03:46:45]   [1490/3703] Ya (Ellen) Mei (R707185)
[03:46:45]     OK: email=ellenganso@gmail.com | phone=6479280859 | city=Toronto | prov=ON
[03:46:47]   [1491/3703] Payam Madani Esfahani (R706822)
[03:46:47]     OK: email=info@payamlegal.com | phone=4164649993 | city=Richmond Hill | prov=ON
[03:46:49]   [1492/3703] Richard Bolduc (R520450)
[03:46:49]     OK: email=info@immigrationbolduc.ca | phone=5147157983 | city=Longueuil | prov=QC
[03:46:51]   [1493/3703] Anas Itani (R713328)
[03:46:51]     OK: email=aitani@risingloonimmigration.com | phone=7809068822 | city=Edmonton | prov=AB
[03:46:54]   [1494/3703] Chinmay Pathak (R509145)
[03:46:54]     OK: (minimal data)
[03:46:57]   [1495/3703] Sora Chang (R708785)
[03:46:57]     OK: email=sorachang87@hotmail.com | phone=2505758232 | city=Kelowna | prov=BC
[03:46:59]   [1496/3703] Rajendar Parmar (R527821)
[03:46:59]     OK: email=parmar_shimla@yahoo.com | city=Prince George | prov=BC
[03:47:01]   [1497/3703] Andrea Blackwood (R531753)
[03:47:01]     OK: email=andreablackwood04@gmail.com | phone=6478944690 | city=Brampton | prov=ON
[03:47:05]   [1498/3703] Shyra Christian Sagun (R705945)
[03:47:05]     OK: email=info@sagunimmigration.com | phone=8673917806 | city=Lethbridge | prov=AB
[03:47:07]   [1499/3703] Yu-Chang Lin (R512575)
[03:47:07]     OK: email=beyondcanadaim@gmail.com | phone=6042005560 | city=Vancouver | prov=BC
[03:47:10]   [1500/3703] Harout Ajoyan (R705981)
[03:47:10]     OK: email=H.Ajoyan@hotmail.com | phone=5148808107 | city=Laval | prov=QC
[03:47:13]   [1501/3703] Rami Mamar (R515110)
[03:47:13]     OK: email=ramimamar@gmail.com | phone=647-559-2556
[03:47:16]   [1502/3703] Foluke Olafimihan (R416727)
[03:47:16]     OK: email=FLKOLAF@HOTMAIL.COM | phone=08033115503 | city=Ottawa | prov=ON
[03:47:19]   [1503/3703] Jaspreet Singh Arora (R705767)
[03:47:19]     OK: email=jaspreetsinghgsr@gmail.com | phone=6478897836 | city=Georgetown | prov=ON
[03:47:22]   [1504/3703] Tai Ping Li (R710315)
[03:47:22]     OK: email=bokangimmigration@gmail.com | city=Toronto | prov=ON
[03:47:24]   [1505/3703] Amirali Mirsayah (R415719)
[03:47:24]     OK: email=ali.newlifeconsultant@gmail.com | phone=6044751677 | city=Coquitlam | prov=BC
[03:47:28]   [1506/3703] V Patrick Mccarthy (R530729)
[03:47:28]     OK: email=v.patrick.mccarthy@gmail.com | phone=5144738966 | city=Montreal | prov=QC
[03:47:30]   [1507/3703] Alexandrea Fizell (R708423)
[03:47:30]     OK: email=fizellimmigration@gmail.com | phone=7807210479 | city=Edmonton | prov=AB
[03:47:33]   [1508/3703] Parinda Tovikkai (R509013)
[03:47:33]     OK: email=parinda.tov@pacificpremiere.com | phone=7789957463 | city=Vancouver | prov=BC
[03:47:35]   [1509/3703] Bincy Susan (R706126)
[03:47:35]     OK: email=bincysusan66@gmail.com | phone=2899904403 | city=Saint Catharines | prov=ON
[03:47:38]   [1510/3703] Shradha Kakar (R707420)
[03:47:38]     OK: email=shradhakakar@gmail.com | phone=6472832300 | city=Mississauga | prov=ON
[03:47:41]   [1511/3703] Gurpreet Gill (R709906)
[03:47:41]     OK: email=peter-gill@hotmail.com | phone=2506312361 | city=Terrace | prov=BC
[03:47:44]   [1512/3703] Rashna Dumasia (R709015)
[03:47:44]     OK: email=rashnasdoctor@gmail.com | phone=7783253636 | city=Coquitlam | prov=BC
[03:47:47]   [1513/3703] Banafsheh Behzadi (R530727)
[03:47:47]     OK: email=bani.beh@gmail.com | phone=+971 4 425 738 | city=Toronto | prov=ON
[03:47:49]   [1514/3703] Anna Nets (R731207)
[03:47:49]     OK: email=annanets0@gmail.com | phone=6479732147 | city=Vaughan | prov=ON
[03:47:51]   [1515/3703] Daniel Ruimy (R706965)
[03:47:51]     OK: email=druimy@gmail.com | phone=7789288215 | city=Maple Ridge | prov=BC
[03:47:54]   [1516/3703] Avinash Duggal (R705594)
[03:47:54]     OK: email=aduggal226@gmail.com | phone=2899527741 | city=Brampton | prov=ON
[03:47:57]   [1517/3703] Hanna Almahfoud (R406735)
[03:47:57]     OK: email=Almahfoud@gmail.com | phone=5875806611 | city=Calgary | prov=AB
[03:48:00]   [1518/3703] Andrew Woodland (R507450)
[03:48:00]     OK: email=andy@woodlandimmigration.ca | phone=4034430877 | city=Three Hills | prov=AB
[03:48:03]   [1519/3703] Lucia Haggart ()
[03:48:03]     OK: email=lucia.haggart@capic.ca | phone=4164837044 | city=Toronto | prov=ON
[03:48:05]   [1520/3703] Albert Joseph Nobisse Tchawou (R706769)
[03:48:05]     OK: city=Ottawa | prov=ON
[03:48:08]   [1521/3703] Ishwar Singh Chib (R533257)
[03:48:08]     OK: email=ishwarchib@protonmail.com | phone=2507974744 | city=Calgary | prov=AB
[03:48:10]   [1522/3703] Paul Billings (R407895)
[03:48:10]     OK: email=p_billings@rogers.com | phone=4164931827 | city=Prescott | prov=ON
[03:48:13]   [1523/3703] Reena Prashant Pol (R707229)
[03:48:13]     OK: email=thiaanimmigration@gmail.com | phone=4164761878 | city=Cambridge | prov=ON
[03:48:15]   [1524/3703] Durotoluwa Oluwatoyinbo (R705907)
[03:48:15]     OK: email=tolu@livingspringcanadaimmigration.com | phone=7097704028 | city=Saint John's | prov=NL
[03:48:17]   [1525/3703] Sukhbir Sidhu (R530643)
[03:48:18]     OK: email=Sidhusukhbir29@gmail.com | city=Regina | prov=SK
[03:48:20]   [1526/3703] Joanna Hamon (R707213)
[03:48:20]     OK: email=office@theadminbarn.ca | phone=6043029428 | city=Surrey | prov=BC
[03:48:22]   [1527/3703] Tarun Juneja (R706431)
[03:48:22]     OK: email=tarun@samskrtaimmigration.com | phone=6479995601 | city=Cambridge | prov=ON
[03:48:24]   [1528/3703] Andrea Sollberger (R525073)
[03:48:25]     OK: email=andrea.sollberger@gmail.com | phone=6043755925 | city=Vancouver | prov=BC
[03:48:27]   [1529/3703] Setareh Moradiannejad (R706978)
[03:48:27]     OK: city=North Vancouver | prov=BC
[03:48:30]   [1530/3703] Perla De Ocampo-Kurtzman (R508301)
[03:48:30]     OK: email=info@pdkimmigrationconsulting.com | phone=6472480775 | city=Maple | prov=ON
[03:48:33]   [1531/3703] Trang Nguyen (R519869)
[03:48:34]     OK: email=Thutrang1007@gmail.com | phone=7786822664 | city=Vancouver | prov=BC
[03:48:36]   [1532/3703] Amrit Sran (R712948)
[03:48:36]     OK: email=amrit.sran@gmail.com | phone=7807299074 | city=Edmonton | prov=AB
[03:48:38]   [1533/3703] Nina Brachmann (R408119)
[03:48:38]     OK: email=nina@imagineimm.com | phone=6046285683 | city=Burnaby | prov=BC
[03:48:41]   [1534/3703] Hatim Laamri (R510940)
[03:48:41]     OK: email=hatim_ca@yahoo.com | phone=5143877824 | city=Montreal | prov=QC
[03:48:45]   [1535/3703] Surinder Bedi (R713340)
[03:48:45]     OK: city=Windsor | prov=ON
[03:48:47]   [1536/3703] Hatem Mohammed Ali Abdo (R731181)
[03:48:47]     OK: email=abdohatem82@hotmail.com | phone=3063139010 | city=Regina | prov=SK
[03:48:49]   [1537/3703] Rajender Bhinder (R407863)
[03:48:49]     OK: email=info@immigrationcompany.ca | phone=7809371995 | city=Edmonton | prov=AB
[03:48:52]   [1538/3703] Kyung Sun Lee (R534833)
[03:48:52]     OK: email=kyungsun.lee2014@gmail.com | phone=6043771225 | city=Vancouver | prov=BC
[03:48:56]   [1539/3703] Hardeep Singh (R707432)
[03:48:56]     OK: email=info@clickimmigration.com | phone=6477730008 | city=Brampton | prov=ON
[03:48:58]   [1540/3703] Neelu Kang (R705922)
[03:48:59]     OK: email=info@bluelotusimmigration.com | phone=7788291252 | city=Richmond | prov=BC
[03:49:02]   [1541/3703] Youness Bourhim (R709124)
[03:49:02]     OK: email=contact@younesscanadaimmigration.com | phone=2505003747 | city=Camrose | prov=AB
[03:49:04]   [1542/3703] Suzan Marie (R712559)
[03:49:04]     OK: phone=9022099902 | city=Halifax | prov=NS
[03:49:07]   [1543/3703] Leila Tafreshi Motlagh (R706802)
[03:49:07]     OK: email=Leila.Tafreshi@gmail.com | phone=7782514221 | city=Vancouver | prov=BC
[03:49:10]   [1544/3703] Joseph Rebibo ()
[03:49:10]     OK: email=joseph@rebibolegal.ca | phone=4384888464 | city=Montreal | prov=QC
[03:49:13]   [1545/3703] Malwina Wiacek (R711190)
[03:49:13]     OK: email=malwina@wiacekimmigration.com | phone=6042408602 | city=Vancouver | prov=BC
[03:49:16]   [1546/3703] Afshin Aghabalaie-Derakhshan (R708508)
[03:49:16]     OK: phone=6474643856 | city=Thornhill | prov=ON
[03:49:19]   [1547/3703] Desire Kayuki (R531939)
[03:49:19]     OK: email=desire@aventusimmigration.com | phone=6477724937 | city=Toronto | prov=ON
[03:49:22]   [1548/3703] Himmat Brar (R708231)
[03:49:22]     OK: email=himmatbrar@gmail.com | phone=4167052871 | city=Mississauga | prov=ON
[03:49:24]   [1549/3703] Chao Liu (R705487)
[03:49:24]     OK: email=liuchaochao@yahoo.com | phone=7783181020 | city=Richmond | prov=BC
[03:49:27]   [1550/3703] Mansour Motamedi (R416023)
[03:49:27]     OK: email=motamedidirect@gmail.com | city=West Vancouver | prov=BC
[03:49:29]   [1551/3703] Mary Ann Manalo (R709731)
[03:49:29]     OK: email=Anne.manalo0628@gmail.com | phone=3062613275 | city=Saskatoon | prov=SK
[03:49:33]   [1552/3703] Jasmine Pujante (R513708)
[03:49:33]     OK: city=Niagara Falls | prov=ON
[03:49:36]   [1553/3703] Beng Geok Yap (R511790)
[03:49:36]     OK: email=SAimmConsulting@gmail.com | phone=7788628611 | city=Burnaby | prov=BC
[03:49:38]   [1554/3703] Elias Korah (R510880)
[03:49:38]     OK: email=eliaskorah@yahoo.ca | phone=4166291170 | city=Brampton | prov=ON
[03:49:41]   [1555/3703] Pritpal Ranhotra (R417655)
[03:49:41]     OK: city=Toronto | prov=ON
[03:49:44]   [1556/3703] Marlou Poquiz (R512951)
[03:49:44]     OK: city=Regina | prov=SK
[03:49:47]   [1557/3703] Farhan Liaquat (R709002)
[03:49:47]     OK: phone=2045998039 | city=Winnipeg | prov=MB
[03:49:51]   [1558/3703] Nazli Mohajer (R415791)
[03:49:51]     OK: email=mohajer@mohajerimmigration.com | phone=7788954200 | city=Vancouver | prov=BC
[03:49:53]   [1559/3703] Cheney Cortes (R712146)
[03:49:54]     OK: email=cheneyc38@gmail.com | phone=5819281109 | city=Chateauguay | prov=QC
[03:49:56]   [1560/3703] Yiyang Sun (R706516)
[03:49:56]     OK: email=kidsun0912@gmail.com | phone=6044014406 | city=Coquitlam | prov=BC
[03:49:58]   [1561/3703] Jasneet Dua (R706507)
[03:49:58]     OK: email=jasneet.dua@acuityimmigration.com | phone=6045120075 | city=Delta | prov=BC
[03:50:01]   [1562/3703] Gabriel Leal Vazquez (R529689)
[03:50:01]     OK: city=New Westminster | prov=BC
[03:50:04]   [1563/3703] Sarabjeet Kaur (R705842)
[03:50:05]     OK: city=Brampton | prov=ON
[03:50:08]   [1564/3703] Jugraj Randhawa (R712841)
[03:50:08]     OK: email=info@jsrimmigration.com | phone=6472864266 | city=Brampton | prov=ON
[03:50:11]   [1565/3703] Osekhuemen Otabor (R711483)
[03:50:11]     OK: email=ose_success@yahoo.ca | phone=2043904221 | city=Winnipeg | prov=MB
[03:50:14]   [1566/3703] Usmon Kuchimov (R709414)
[03:50:14]     OK: city=Toronto | prov=ON
[03:50:16]   [1567/3703] Oscar Ruvalcaba Esparza (R709152)
[03:50:16]     OK: email=info@canadaespanol.com | phone=12365124664 | city=Vancouver | prov=BC
[03:50:19]   [1568/3703] Omololu Nick Apata (R710742)
[03:50:19]     OK: email=tespaultechnick@gmail.com | phone=6477701591 | city=Brampton | prov=ON
[03:50:21]   [1569/3703] Amandeep Gill (R523831)
[03:50:21]     OK: email=atoimmigration@outlook.com | phone=6477700941 | city=Brampton | prov=ON
[03:50:24]   [1570/3703] Weiguang Jiang (R712745)
[03:50:24]     OK: email=Forethoughtimmigration@hotmail.com | phone=9024023668 | city=Halifax | prov=NS
[03:50:27]   [1571/3703] Milita Uzunyan (R710729)
[03:50:27]     OK: email=militauzunyan@gmail.com | phone=7783203691 | city=Burnaby | prov=BC
[03:50:29]   [1572/3703] Gloria Gonzalez (R525612)
[03:50:29]     OK: email=gb.immigration@yahoo.com | city=Vancouver | prov=BC
[03:50:32]   [1573/3703] Grace Victoria Perez De Tagle (R706650)
[03:50:32]     OK: email=vvpt@me.com | phone=7787988656 | city=Vancouver | prov=BC
[03:50:35]   [1574/3703] Binyam Yemane Tekle (R731012)
[03:50:35]     OK: email=b.yemane.tekle@gmail.com | phone=5878896440 | city=New Westminster | prov=BC
[03:50:38]   [1575/3703] Huong Nguyen (R712083)
[03:50:38]     OK: email=huongaddress@gmail.com | phone=5877073749 | city=Calgary | prov=AB
[03:50:40]   [1576/3703] Yaping Xiao (R731481)
[03:50:40]     OK: email=angelaxiao888@gmail.com | phone=5872169162 | city=Calgary | prov=AB
[03:50:43]   [1577/3703] Marlene Jan (R412455)
[03:50:43]     OK: city=Burnaby | prov=BC
[03:50:46]   [1578/3703] Mina Yousefi (R421879)
[03:50:46]     OK: email=mina.yousefi@immiway.com | phone=9055971740 | city=Thornhill | prov=ON
[03:50:48]   [1579/3703] Yvonne Clevers (R528226)
[03:50:48]     OK: email=yvonne.clevers@carleton.ca | phone=6135202600 | city=Ottawa | prov=ON
[03:50:51]   [1580/3703] Sarah Heidt (R711182)
[03:50:51]     OK: city=Aurora | prov=ON
[03:50:54]   [1581/3703] Musbah Houhou (R506819)
[03:50:54]     OK: (minimal data)
[03:50:57]   [1582/3703] Vinod Kumar Chennath (R705986)
[03:50:57]     OK: email=vinodchennath@outlook.com | phone=7138766895 | city=Calgary | prov=AB
[03:50:59]   [1583/3703] Manisha Mittal (R710485)
[03:50:59]     OK: email=info@2mimmigration.com | phone=7802626000 | city=Calgary | prov=AB
[03:51:02]   [1584/3703] Ridham Gupta (R707919)
[03:51:02]     OK: email=ridhamguptard@gmail.com | phone=6135015002 | city=Kanata | prov=ON
[03:51:04]   [1585/3703] Nadezda Korogodina (R707766)
[03:51:04]     OK: email=nukorogodina@gmail.com | phone=6476858768 | city=Barrie | prov=ON
[03:51:06]   [1586/3703] Jaina Patel-Lad (R530869)
[03:51:06]     OK: email=jaina.patellad@torontomu.ca | phone=4169795000 | city=Toronto | prov=ON
[03:51:09]   [1587/3703] Ravinder Singh (R705573)
[03:51:09]     OK: email=rav@flywaygroup.ca | phone=3433333264 | city=Surrey | prov=BC
[03:51:13]   [1588/3703] Harikrishnan Kesavan (R711482)
[03:51:13]     OK: email=info.borderscapes@gmail.com | phone=6477618796 | city=Toronto | prov=ON
[03:51:16]   [1589/3703] Mohammad Yasar Shamsi (R707178)
[03:51:16]     OK: email=myshamsica@gmail.com | phone=4164766755 | city=Mississauga | prov=ON
[03:51:18]   [1590/3703] Gadea Tomas Cascales (R710134)
[03:51:18]     OK: email=gadeaimmigration@gmail.com | phone=5194008809 | city=Kitchener | prov=ON
[03:51:20]   [1591/3703] Ahmed Elzoghbi (R705691)
[03:51:20]     OK: email=a.zoghbi@canadazi.com | phone=5146389514 | city=Montreal | prov=QC
[03:51:24]   [1592/3703] Reza Masinaei (R706125)
[03:51:24]     OK: email=masinaei.reza@gmail.com | phone=7789844270 | city=North Vancouver | prov=BC
[03:51:26]   [1593/3703] Gurpreet Dhillon (R709469)
[03:51:27]     OK: email=soniadhillon21@gmail.com | phone=2505800984 | city=Victoria | prov=BC
[03:51:30]   [1594/3703] Harjas Kaur Cheema (R710844)
[03:51:30]     OK: email=harjas_cheema@yahoo.com | phone=6476133565 | city=Vaughan | prov=ON
[03:51:33]   [1595/3703] Imad Elhimer (R705976)
[03:51:33]     OK: email=imad.elhimer@gmail.com | phone=5144438414 | city=Saint-Laurent | prov=QC
[03:51:36]   [1596/3703] Katharina Kontaxis (R512662)
[03:51:36]     OK: email=connect@kismigration.ca | phone=5875459376
[03:51:38]   [1597/3703] Jennifer Mccahill (R713232)
[03:51:38]     OK: city=Vancouver | prov=BC
[03:51:41]   [1598/3703] Sanjeev Sehgal (R529963)
[03:51:41]     OK: email=sehgal0909@gmail.com | phone=6046521451 | city=Surrey | prov=BC
[03:51:43]   [1599/3703] Shaizinder Kaur (R533049)
[03:51:43]     OK: email=shaizy.dhaliwal@gmail.com | phone=3065395468 | city=Regina | prov=SK
[03:51:45]   [1600/3703] Rakesh Sirganagari (R705815)
[03:51:45]     OK: city=Scarborough | prov=ON
[03:51:48]   [1601/3703] Tukeni Obasi (R510504)
[03:51:49]     OK: email=canada@mapleeducation.ca | phone=2507870261 | city=Fort Saint John | prov=BC
[03:51:51]   [1602/3703] Yang Zhao (R707491)
[03:51:51]     OK: city=Blainville | prov=QC
[03:51:55]   [1603/3703] Shahin Akter (R406591)
[03:51:55]     OK: email=s_akter2006@hotmail.com | phone=6477781864 | city=Richmond Hill | prov=ON
[03:51:58]   [1604/3703] Ana Paula Cardoso (R408479)
[03:51:58]     OK: email=apcardoso@gmail.com | phone=4165161640 | city=Toronto | prov=ON
[03:52:00]   [1605/3703] Ranjit Dhaliwal (R523092)
[03:52:00]     OK: city=Surrey | prov=BC
[03:52:04]   [1606/3703] Ahmed Ojodun (R1034170)
[03:52:04]     OK: city=Grande Prairie | prov=AB
[03:52:06]   [1607/3703] Carlos Diaz Gil (R712161)
[03:52:06]     OK: email=Carlos278@live.com | phone=4165684382 | city=Richmond Hill | prov=ON
[03:52:10]   [1608/3703] Kieran Verboven (R420887)
[03:52:10]     OK: email=kieran@cambridgellp.com | phone=6479841453 | city=Toronto | prov=ON
[03:52:13]   [1609/3703] Mohammed Hafeez (R706043)
[03:52:13]     OK: email=hafeez143@hotmail.com | phone=6476807866 | city=Toronto | prov=ON
[03:52:16]   [1610/3703] Durriya Bharmal (R407839)
[03:52:16]     OK: email=dbharmal@migrationlaw.com | phone=4168620000
[03:52:19]   [1611/3703] Abdellah El Mzem (R706847)
[03:52:19]     OK: email=abdel.elmzem@hotmail.com | phone=5142400180 | city=Montreal | prov=QC
[03:52:23]   [1612/3703] Alejandra Buchan (R530003)
[03:52:23]     OK: city=Calgary | prov=AB
[03:52:26]   [1613/3703] Rodrigo Coelho (R535319)
[03:52:26]     OK: email=info@rdccanada.ca | city=Toronto | prov=ON
[03:52:29]   [1614/3703] Vaishali Jaitly (R731645)
[03:52:29]     OK: email=vaishali.jaitly@yahoo.ca | phone=6472222156 | city=Brampton | prov=ON
[03:52:31]   [1615/3703] Mihaela Boeriu (R407983)
[03:52:31]     OK: email=mihaela@cgsconsultants.com | phone=7783003791 | city=Maple Ridge | prov=BC
[03:52:35]   [1616/3703] Jagpreet Puri (R417439)
[03:52:35]     OK: phone=6479243393 | city=Toronto | prov=ON
[03:52:37]   [1617/3703] Rosa Mercedes Diaz Bardales (R528874)
[03:52:38]     OK: email=rosadiaz@roadmap2canada.com | phone=6476543959 | city=Barrie | prov=ON
[03:52:40]   [1618/3703] Greg Lebel (R530567)
[03:52:40]     OK: email=greg@boundlessimmigration.com | phone=4039993778 | city=Calgary | prov=AB
[03:52:42]   [1619/3703] Burak Kaplan (R515888)
[03:52:42]     OK: email=burakkaplan@hotmail.com | phone=4162306566 | city=Istanbul
[03:52:46]   [1620/3703] Serge Rostant Soh Nguifo (R1034026)
[03:52:46]     OK: city=Rockland | prov=ON
[03:52:49]   [1621/3703] Leanne Saldanha (R713345)
[03:52:49]     OK: email=leannec.saldanha@gmail.com | phone=6474068892 | city=Mississauga | prov=ON
[03:52:52]   [1622/3703] Karolina Nowak (R530899)
[03:52:52]     OK: email=info@novalifeimmi.com | phone=6475469289 | city=Mississauga | prov=ON
[03:52:56]   [1623/3703] Nitika Bansal (R712909)
[03:52:56]     OK: email=ask@visoval.ca | phone=2369945800 | city=Vancouver | prov=BC
[03:52:58]   [1624/3703] Chirag Nanavati (R508604)
[03:52:58]     OK: email=chirag.canada@gmail.com | phone=4168436686 | city=Brampton | prov=ON
[03:53:01]   [1625/3703] Pierangelo Lombos (R713198)
[03:53:01]     OK: city=Richmond | prov=BC
[03:53:04]   [1626/3703] Maftuna Kobiljonova (R712219)
[03:53:04]     OK: email=mafa.kob@gmail.com | phone=6476775530 | city=Stouffville | prov=ON
[03:53:07]   [1627/3703] Divya Gupta (R531557)
[03:53:08]     OK: city=Surrey | prov=BC
[03:53:10]   [1628/3703] Harpreet Kaur Pabla (R520839)
[03:53:10]     OK: email=preetkaur499@gmail.com | city=Edmonton | prov=AB
[03:53:13]   [1629/3703] Sana Jomaa (R506713)
[03:53:13]     OK: email=sjomaa@imasters.ca | phone=4033830133 | city=Calgary | prov=AB
[03:53:16]   [1630/3703] Yumeng Xia (R706593)
[03:53:16]     OK: email=stephen.xia@high-ly.ca | phone=2043060990 | city=Winnipeg | prov=MB
[03:53:19]   [1631/3703] Mojgan Boroujerdi (R515179)
[03:53:19]     OK: (minimal data)
[03:53:22]   [1632/3703] Danny Moncayo (R731427)
[03:53:22]     OK: email=moncayo.danny2022@gmail.com | phone=6476073611 | city=Toronto | prov=ON
[03:53:25]   [1633/3703] Shiffali Pathania (R709427)
[03:53:25]     OK: city=Edmonton | prov=AB
[03:53:28]   [1634/3703] Mathews Benny (R707563)
[03:53:28]     OK: email=Mathews.benny@kgraph.ca | phone=6476776562 | city=Toronto | prov=ON
[03:53:32]   [1635/3703] Alejandro Gonzalez (R710733)
[03:53:32]     OK: email=alejandro@mevoyacanada.net | phone=6478643157
[03:53:34]   [1636/3703] Sushil Kumar Kanojiya (R529242)
[03:53:34]     OK: email=sushil@setcanadaimmigration.com | phone=6044466637 | city=Surrey | prov=BC
[03:53:37]   [1637/3703] Navdeep Gautam (R706712)
[03:53:37]     OK: email=navdeepgautam14@gmail.com | phone=4036184245 | city=Calgary | prov=AB
[03:53:40]   [1638/3703] Eden Rizardo (R706312)
[03:53:40]     OK: email=immijourney2cad@gmail.com | phone=4038162660 | city=Calgary | prov=AB
[03:53:42]   [1639/3703] Miwa Karaki (R530543)
[03:53:42]     OK: email=miwa@study2020.ca | phone=7789170373 | city=Vancouver | prov=BC
[03:53:45]   [1640/3703] Thanh Chu (R533917)
[03:53:45]     OK: email=chuthanh@yahoo.com | phone=5879663468 | city=Calgary | prov=AB
[03:53:47]   [1641/3703] Vicky Singla (R511536)
[03:53:48]     OK: email=singlavicky@gmail.com | phone=6045433986 | city=Surrey | prov=BC
[03:53:51]   [1642/3703] Nimrit Kalra (R731352)
[03:53:51]     OK: email=M.N.PIMMIGRATIONCONSULTANCY@GMAIL.COM | phone=8826108989 | city=Dehli
[03:53:54]   [1643/3703] Saodat Khadjieva (R515185)
[03:53:54]     OK: email=sao@magellanimmigration.com | phone=6046529936 | city=Vancouver | prov=BC
[03:53:57]   [1644/3703] Longzhen (Jenny) Lin (R530573)
[03:53:57]     OK: email=jennyl@springwindimmigration.com | phone=647869-6678
[03:53:59]   [1645/3703] Sanjeev Garg (R410879)
[03:53:59]     OK: email=sanjeevpcl@yahoo.co.in | phone=6047210433 | city=Surrey | prov=BC
[03:54:03]   [1646/3703] Rachael Schlamb (R709026)
[03:54:03]     OK: email=rachaelacraigmyle@gmail.com | phone=6048364336 | city=Chilliwack | prov=BC
[03:54:05]   [1647/3703] Zheng Rong Wu (R710667)
[03:54:05]     OK: email=hhwzr@hotmail.com | phone=5146250908 | city=Saint-Laurent | prov=QC
[03:54:08]   [1648/3703] Payman Mehrani (R511781)
[03:54:08]     OK: email=3888601a@gmail.com | phone=7783888601 | city=West Vancouver | prov=BC
[03:54:12]   [1649/3703] Parminder Kaur (R707907)
[03:54:12]     OK: email=INFO@ZIRCONIMMIGRATION.COM | city=Brampton | prov=ON
[03:54:14]   [1650/3703] Jasmine Dhandi (R731716)
[03:54:14]     OK: city=London | prov=ON
[03:54:18]   [1651/3703] Ahmed Shoaib (R519976)
[03:54:18]     OK: email=support@utopiaimmigration.com | phone=+1613-228-2282 | city=Ottawa | prov=ON
[03:54:20]   [1652/3703] Zitai Fu (R707235)
[03:54:20]     OK: email=Ken@buuk.ca | phone=2049517540 | city=Winnipeg | prov=MB
[03:54:22]   [1653/3703] Xiang Li (R522126)
[03:54:22]     OK: email=lixiangadam@gmail.com | phone=7788855177 | city=Richmond | prov=BC
[03:54:24]   [1654/3703] Waheed Jalalzada (R708811)
[03:54:25]     OK: city=Mississauga | prov=ON
[03:54:27]   [1655/3703] Tania Verma (R713238)
[03:54:28]     OK: email=taniaverma178@gmail.com | phone=4373667217 | city=Toronto | prov=ON
[03:54:30]   [1656/3703] Ahmad Shajaie (R508014)
[03:54:30]     OK: email=ahmadshajaie@gmail.com | phone=5145918218 | city=Dollard-des-Ormeaux | prov=QC
[03:54:34]   [1657/3703] Tajana Tomic (R711397)
[03:54:34]     OK: email=vita.immigration@gmail.com | phone=5878895292 | city=Calgary | prov=AB
[03:54:36]   [1658/3703] Eina Batra (R709886)
[03:54:36]     OK: email=EINABATRA@GMAIL.COM | phone=6476067663 | city=Richmond Hill | prov=ON
[03:54:39]   [1659/3703] Parmjit Kaur - (R710865)
[03:54:39]     OK: email=Virdi.immigration@gmail.com | phone=3659948041 | city=Brampton | prov=ON
[03:54:41]   [1660/3703] Gerd Damitz (R409487)
[03:54:41]     OK: city=Toronto | prov=ON
[03:54:43]   [1661/3703] Vikram Jit Singh Chowdhary (R532445)
[03:54:43]     OK: email=vikramchowdhry@gmail.com | phone=6477213999 | city=Brampton | prov=ON
[03:54:46]   [1662/3703] Kapal Kumar Badhan (R709112)
[03:54:46]     OK: email=otcimmigration@gmail.com | phone=6047194930 | city=Delta | prov=BC
[03:54:49]   [1663/3703] Frida Espinal De Patrocinio (R712467)
[03:54:49]     OK: email=intstudiesservices@gmail.com | phone=2263498483 | city=Sarnia | prov=ON
[03:54:52]   [1664/3703] Tanusree Dasgupta (R705687)
[03:54:52]     OK: email=tanusree2000@gmail.com | phone=4165668982 | city=Brampton | prov=ON
[03:54:54]   [1665/3703] Amanda Gharios (R708278)
[03:54:54]     OK: email=amandagharios@gmail.com | phone=6472391089 | city=Mississauga | prov=ON
[03:54:57]   [1666/3703] Oleksandra Melnykova (R530931)
[03:54:57]     OK: email=alexandra8314@gmail.com | phone=4388787755 | city=Surrey | prov=BC
[03:55:00]   [1667/3703] Gurjit Nagi (R534081)
[03:55:00]     OK: email=Gurjit_nagi@hotmail.com | phone=6477715326 | city=Vaughan | prov=ON
[03:55:03]   [1668/3703] Maria Teresa Bondad (R529158)
[03:55:03]     OK: email=mpbondad@yahoo.com | phone=4032729455 | city=Calgary | prov=AB
[03:55:06]   [1669/3703] Xiaoxue Yu (R705565)
[03:55:06]     OK: city=Edmonton | prov=AB
[03:55:08]   [1670/3703] Ruby Cheang (R710104)
[03:55:08]     OK: email=rubychengca@gmail.com | phone=4169753825 | city=Toronto | prov=ON
[03:55:12]   [1671/3703] Heena Verma (R707012)
[03:55:12]     OK: city=Brampton | prov=ON
[03:55:15]   [1672/3703] Min Shao (R515943)
[03:55:15]     OK: email=shaomin7617@gmail.com | phone=6476097928 | city=Oakville | prov=ON
[03:55:18]   [1673/3703] Arafat Kalam (R705518)
[03:55:18]     OK: email=canada.kalam@gmail.com | city=Burnaby | prov=BC
[03:55:20]   [1674/3703] Bharuttee Gobin (R514111)
[03:55:20]     OK: email=bharuttee@gmail.com | phone=5879385797 | city=Edmonton | prov=AB
[03:55:23]   [1675/3703] Amir Saghafi (R506358)
[03:55:23]     OK: email=info@visapedia.com | phone=6049821477 | city=West Vancouver | prov=BC
[03:55:27]   [1676/3703] Kaitrin Laughlin (R514067)
[03:55:27]     OK: email=katie@canstartimmigration.ca | city=Burnaby | prov=BC
[03:55:30]   [1677/3703] Chetandeep Singh Turna (R535033)
[03:55:30]     OK: email=truvisionimm@gmail.com | phone=6046210477 | city=Surrey | prov=BC
[03:55:34]   [1678/3703] Harshdeep Singh Ahuja (R709119)
[03:55:34]     OK: email=rocketimmi@hotmail.com | phone=9029995551 | city=Guelph | prov=ON
[03:55:37]   [1679/3703] Harleen Dandona (R530859)
[03:55:37]     OK: email=info@nextworldcanada.com | phone=9057934700 | city=Brampton | prov=ON
[03:55:40]   [1680/3703] Thi Minh Chau Hoddinott (R532755)
[03:55:40]     OK: city=Winnipeg | prov=MB
[03:55:43]   [1681/3703] Aldrane Genius (R533971)
[03:55:43]     OK: city=Brampton | prov=ON
[03:55:45]   [1682/3703] Amrinder Singh Atwal (R707788)
[03:55:45]     OK: city=Mississauga | prov=ON
[03:55:48]   [1683/3703] Vijay Arora (R706555)
[03:55:49]     OK: city=Edmonton | prov=AB
[03:55:51]   [1684/3703] Jheanell Williams (R731414)
[03:55:51]     OK: email=diajheaimmigration@gmail.com | phone=2509869184 | city=Cranbrook | prov=BC
[03:55:53]   [1685/3703] Tajinder Bagri (R535849)
[03:55:53]     OK: email=tajinderbagri@gmail.com | phone=8788781987 | city=Surrey | prov=BC
[03:55:56]   [1686/3703] Merilo Elizabeth John (R731104)
[03:55:56]     OK: email=meriljoann@gmail.com | phone=6473901219 | city=Oshawa | prov=ON
[03:56:00]   [1687/3703] Bharat Paliwal (R708346)
[03:56:00]     OK: email=bharat@canadaimmigrationconsultant.com | phone=6476128320 | city=Mississauga | prov=ON
[03:56:02]   [1688/3703] Arisnel Mesidor (R519846)
[03:56:02]     OK: email=arisnel.mesidor@mesidorcanadianimmigration.com | phone=204-898-8510
[03:56:04]   [1689/3703] Ankit Anand (R710980)
[03:56:04]     OK: city=Mississauga | prov=ON
[03:56:08]   [1690/3703] Ashok Rattan (R708005)
[03:56:08]     OK: email=arattan05@gmail.com | phone=7789997564 | city=Vancouver | prov=BC
[03:56:11]   [1691/3703] Maria Schlossky (R527131)
[03:56:11]     OK: email=maria.schlossky@gmail.com | phone=6046575760 | city=Vancouver | prov=BC
[03:56:13]   [1692/3703] Avinash Maharajh (R706009)
[03:56:13]     OK: email=avin79maharajh@gmail.com | phone=6477857303 | city=Ajax | prov=ON
[03:56:16]   [1693/3703] Rajdeep Kaur Deol (R712756)
[03:56:16]     OK: city=Surrey | prov=BC
[03:56:19]   [1694/3703] Divya Lal (R506667)
[03:56:19]     OK: email=divya@truenorthvisa.com | phone=6473285995 | city=Markham | prov=ON
[03:56:22]   [1695/3703] Olawumi Fayemi (R731624)
[03:56:23]     OK: email=fayemiolawumi@yahoo.com | phone=5062273048 | city=Calgary | prov=AB
[03:56:25]   [1696/3703] Sana Waqar (R707540)
[03:56:25]     OK: email=Sanaimmigrationservice@gmail.com | phone=7783457455 | city=Orangeville | prov=ON
[03:56:28]   [1697/3703] Safira Sheikh (R419063)
[03:56:28]     OK: email=safirasheikh@gmail.com | phone=6477486635 | city=Toronto | prov=ON
[03:56:31]   [1698/3703] Vinay Sachdeva (R707205)
[03:56:31]     OK: email=vinaysachdeva66@gmail.com | phone=4168890554 | city=Oakville | prov=ON
[03:56:35]   [1699/3703] Svitlana Syvolotska (R708294)
[03:56:35]     OK: email=svitlana@svsimmigration.ca | phone=7822344185 | city=Halifax | prov=NS
[03:56:38]   [1700/3703] Ali Rostin (R507148)
[03:56:38]     OK: email=ali@rostin.ca | phone=6043581245 | city=Coquitlam | prov=BC
[03:56:41]   [1701/3703] Gail Mcintosh De Peza (R707258)
[03:56:41]     OK: email=gmcintosh767@hotmail.com | phone=6478981520 | city=Brampton | prov=ON
[03:56:43]   [1702/3703] Ariane Chavez Luviano (R533315)
[03:56:43]     OK: email=ariane@platformtocanada.ca | phone=6047859618 | city=Burnaby | prov=BC
[03:56:46]   [1703/3703] Serghei Vladica (R711916)
[03:56:46]     OK: email=svladica@sv-i.ca | phone=5145854465 | city=Montreal | prov=QC
[03:56:48]   [1704/3703] Marie Keita Amarteifio (R707665)
[03:56:48]     OK: email=marie@askiaimmigration.com | phone=0241318890 | city=Accra
[03:56:50]   [1705/3703] Shailesh Vashisht (R706409)
[03:56:50]     OK: email=skv68@yahoo.com | phone=4168415520 | city=Newmarket | prov=ON
[03:56:53]   [1706/3703] Mario Antolinez (R515931)
[03:56:53]     OK: email=antolinez@yahoo.com | phone=6048424707 | city=Burnaby | prov=BC
[03:56:56]   [1707/3703] Dirk Propp (R417407)
[03:56:56]     OK: email=dirk@iibc.ca | phone=306-979-2481 | city=Saskatoon | prov=SK
[03:56:59]   [1708/3703] Lika Ibrahim (R709072)
[03:56:59]     OK: email=info@liclarityimmigration.com | phone=6475075434 | city=Richmond Hill | prov=ON
[03:57:02]   [1709/3703] Michael Corrales (R533319)
[03:57:03]     OK: email=info@studyworklivemigratecanada.com | phone=6477857700 | city=Calgary | prov=AB
[03:57:06]   [1710/3703] Jinyu Yang (R531563)
[03:57:06]     OK: email=jinyusophie@gmail.com | phone=4168762305 | city=Markham | prov=ON
[03:57:09]   [1711/3703] Danielle Thériault (R510930)
[03:57:09]     OK: email=daniellestheriault@hotmail.com | city=Frederickton | prov=NB
[03:57:12]   [1712/3703] Rachelle Amici-Langi (R1032035)
[03:57:12]     OK: city=Montreal | prov=QC
[03:57:16]   [1713/3703] Arlene Tungohan (R420599)
[03:57:16]     OK: email=atungohan@gmail.com | phone=7789688646 | city=Toronto | prov=ON
[03:57:18]   [1714/3703] Ankit Nayyar (R512545)
[03:57:19]     OK: email=info@visaxpress.ca | phone=6479510951 | city=Brampton | prov=ON
[03:57:21]   [1715/3703] Sayed Hashymi (R513988)
[03:57:21]     OK: email=fawadhashimi@gmail.com | phone=6477731123 | city=Richmond Hill | prov=ON
[03:57:24]   [1716/3703] Ansal Kamal (R711426)
[03:57:24]     OK: email=ansalkamal@yahoo.com | phone=2268992177 | city=Cambridge | prov=ON
[03:57:26]   [1717/3703] Rouzbeh Asgari (R706138)
[03:57:26]     OK: email=rouzbeh.asgari@gmail.com | phone=3062800043 | city=Coquitlam | prov=BC
[03:57:29]   [1718/3703] Hui Zhang (R524643)
[03:57:29]     OK: email=admin@htscbc.com | phone=6044469844 | city=Burnaby | prov=BC
[03:57:32]   [1719/3703] Laman Soltanova (R710744)
[03:57:32]     OK: email=lyaman_soltanova@yahoo.com | phone=4168306835 | city=Toronto | prov=ON
[03:57:35]   [1720/3703] Keshav Singla (R705592)
[03:57:35]     OK: email=info@ovationimmigration.com | phone=7789293447 | city=Surrey | prov=BC
[03:57:37]   [1721/3703] Luyao Zhang (R710768)
[03:57:37]     OK: city=Winnipeg | prov=MB
[03:57:41]   [1722/3703] Yan Lee (R731464)
[03:57:41]     OK: city=Bedford | prov=NS
[03:57:44]   [1723/3703] Amir Radaii (R731565)
[03:57:44]     OK: phone=5146517353 | city=Montreal | prov=QC
[03:57:47]   [1724/3703] Mohammad Baseet (R707883)
[03:57:47]     OK: email=maismohd@gmail.com | phone=6479828000 | city=Oakville | prov=ON
[03:57:50]   [1725/3703] Peymaneh Shahidy Fard (R712719)
[03:57:50]     OK: city=Toronto | prov=ON
[03:57:53]   [1726/3703] Ying Yu (R706139)
[03:57:53]     OK: email=yingyu2013@gmail.com | phone=5146237539 | city=Longueuil | prov=QC
[03:57:56]   [1727/3703] Wenni Fang (R521858)
[03:57:56]     OK: email=nonini16@hotmail.com | phone=7807075892 | city=Edmonton | prov=AB
[03:57:58]   [1728/3703] Jenny Rico (R534131)
[03:57:58]     OK: email=ricojeni@gmail.com | phone=7059101236 | city=Barrie | prov=ON
[03:58:01]   [1729/3703] Marina Vespoli Snyder (R519265)
[03:58:01]     OK: email=marina@iamgoingtocanada.ca | city=Drummondville | prov=QC
[03:58:03]   [1730/3703] Sukhjinder Hans (R521422)
[03:58:03]     OK: city=Woodbridge | prov=ON
[03:58:06]   [1731/3703] Nathaly Arce (R709282)
[03:58:06]     OK: email=blanco.nathaly@gmail.com | phone=4168710579 | city=Toronto | prov=ON
[03:58:09]   [1732/3703] Jaeeun Lee (R526683)
[03:58:09]     OK: email=jlee.rcic@gmail.com | phone=4039188110 | city=Calgary | prov=AB
[03:58:12]   [1733/3703] Youssef Serghini Idrissi (R731307)
[03:58:12]     OK: email=youssef@justforcanada.com | city=Brossard | prov=QC
[03:58:15]   [1734/3703] Leen Ghozlani (R507991)
[03:58:15]     OK: email=leen@immigrationgrounds.com | phone=6478915336 | city=Mississauga | prov=ON
[03:58:18]   [1735/3703] Ramanpreet Kaur (R710311)
[03:58:18]     OK: email=ramanpreet21@gmail.com | phone=3657775979 | city=Brampton | prov=ON
[03:58:21]   [1736/3703] Rajwinder Sidhu (R531401)
[03:58:22]     OK: city=Surrey | prov=BC
[03:58:24]   [1737/3703] Liping Xu (R706903)
[03:58:24]     OK: email=xlppj@126.com | phone=4168275105 | city=Mississauga | prov=ON
[03:58:26]   [1738/3703] Tariq Adnan (R526188)
[03:58:27]     OK: email=info@rightsourceimmigration.com | phone=9053662448
[03:58:29]   [1739/3703] Jian Wang Chi (R712125)
[03:58:29]     OK: email=Sandskkvisa@gmail.com | phone=6479781822 | city=Markham | prov=ON
[03:58:33]   [1740/3703] Mona Parikh (R416991)
[03:58:33]     OK: city=Toronto | prov=ON
[03:58:35]   [1741/3703] Subbalakshmi Arunachalam Pillai (R705596)
[03:58:35]     OK: email=subbu.immigration@gmail.com | city=North Vancouver | prov=BC
[03:58:38]   [1742/3703] Guriqbal Singh Bhullar (R706023)
[03:58:38]     OK: email=GURIQBALSINGHBHULLAR@GMAIL.COM | phone=5875685464 | city=Calgary | prov=AB
[03:58:41]   [1743/3703] Preetinder Singh Rattan (R712197)
[03:58:41]     OK: email=Preetinder@ssiscanada.ca | phone=6476850892 | city=Brampton | prov=ON
[03:58:44]   [1744/3703] Said Chahoua (R523060)
[03:58:44]     OK: email=schahoua@gmail.com | phone=5144432284 | city=Montreal | prov=QC
[03:58:47]   [1745/3703] Parvinder Kaur Grewal (R530079)
[03:58:47]     OK: email=info@welkinimmigration.com | phone=7785515102 | city=Surrey | prov=BC
[03:58:50]   [1746/3703] Maricel Agustines (R525720)
[03:58:50]     OK: email=maricelagustines@gmail.com | phone=6044427848 | city=Coquitlam | prov=BC
[03:58:52]   [1747/3703] Ni Nan Zhang (R532657)
[03:58:52]     OK: email=business@deconsolution.com | phone=7789263258 | city=Burnaby | prov=BC
[03:58:54]   [1748/3703] Melanie Valerio-Marquez (R535037)
[03:58:54]     OK: email=dreambuildersimmigration@gmail.com | phone=7783214418 | city=Burnaby | prov=BC
[03:58:58]   [1749/3703] Zhuoshu Zhu (R712902)
[03:58:58]     OK: email=bettyzzs@outlook.com | phone=7783867790 | city=Richmond | prov=BC
[03:59:00]   [1750/3703] Mia Loebach-Readings (R414671)
[03:59:01]     OK: email=mia@lisinc.ca | phone=5194393031 | city=London | prov=ON
[03:59:03]   [1751/3703] Tony Lai (R413815)
[03:59:03]     OK: email=ciccocdn@hotmail.com | phone=9058872898 | city=Markham | prov=ON
[03:59:06]   [1752/3703] Mohammed Siddiqui (R706828)
[03:59:06]     OK: email=hameediaimmigration@gmail.com | phone=4166162904 | city=Brampton | prov=ON
[03:59:09]   [1753/3703] Ankit Kumar (R706700)
[03:59:09]     OK: email=ankit@westernoverseas.ca | phone=6472502083 | city=Mississauga | prov=ON
[03:59:11]   [1754/3703] Hai Yan Wu (R421583)
[03:59:11]     OK: email=maggie@jkenneyconsulting.com | phone=6045684200 | city=Vancouver | prov=BC
[03:59:14]   [1755/3703] Ramandeep Lohat (R708722)
[03:59:14]     OK: email=ramandeep@openarmsimmigration.com | phone=7785398899 | city=Mission | prov=BC
[03:59:16]   [1756/3703] Sean Halliday (R731354)
[03:59:17]     OK: email=seanhalliday56@gmail.com | phone=7059429645 | city=Sault Sainte Marie | prov=ON
[03:59:19]   [1757/3703] Igor Chebunin (R408823)
[03:59:19]     OK: email=ichebunin@gmail.com | phone=6047737730
[03:59:21]   [1758/3703] Jatin Sharad (R708029)
[03:59:21]     OK: city=Surrey | prov=BC
[03:59:25]   [1759/3703] Xuyue Liang (R530913)
[03:59:25]     OK: email=rafaelvan2011@gmail.com | phone=7783175752 | city=Burnaby | prov=BC
[03:59:27]   [1760/3703] Abdulfetah Abawajy (R731176)
[03:59:27]     OK: city=Halifax | prov=NS
[03:59:30]   [1761/3703] Seema Dhingra (R712080)
[03:59:30]     OK: email=seemahdhingra@gmail.com | phone=6472748848 | city=Brampton | prov=ON
[03:59:33]   [1762/3703] Fengyi Yang (R513571)
[03:59:33]     OK: email=flora@ccigca.com | phone=7786536396 | city=Surrey | prov=BC
[03:59:36]   [1763/3703] Zarina Sultanova (R707059)
[03:59:36]     OK: email=zarina@sultanova-immigration.com | city=Calgary | prov=AB
[03:59:38]   [1764/3703] Azadeh Seyedi (R535777)
[03:59:38]     OK: email=Azadehseyedi23@gmail.com | phone=4168586303 | city=Vaughan | prov=ON
[03:59:40]   [1765/3703] Shokoufe Koleini (R531963)
[03:59:40]     OK: city=Toronto | prov=ON
[03:59:43]   [1766/3703] Jashandeep Kaur (R709661)
[03:59:43]     OK: email=JASHAN_LUBANA@HOTMAIL.COM | phone=6474440072 | city=Brampton | prov=ON
[03:59:47]   [1767/3703] Jaskirat Singh Chugh (R706604)
[03:59:47]     OK: email=jas.chugh05@gmail.com | phone=7789512350 | city=Surrey | prov=BC
[03:59:50]   [1768/3703] Sanjeev Verma (R731696)
[03:59:50]     OK: email=avandraimmigration@gmail.com | phone=6475687774 | city=Brampton | prov=ON
[03:59:52]   [1769/3703] Amit Gupta (R411503)
[03:59:52]     OK: email=amitgupta@live.ca | phone=7807563290 | city=Edmonton | prov=AB
[03:59:54]   [1770/3703] Eunshil Monica Hong (R411983)
[03:59:54]     OK: email=hong3060@gmail.com | phone=6045689151 | city=Vancouver | prov=BC
[03:59:57]   [1771/3703] Armin Majedi (R706706)
[03:59:57]     OK: email=armin_majedi@yahoo.com | phone=6477414658 | city=Toronto | prov=ON
[03:59:59]   [1772/3703] Ami Mehta (R516828)
[03:59:59]     OK: email=INFO@SIIS.CA | phone=91-9428973911
[04:00:02]   [1773/3703] Rizwan Wali (R421063)
[04:00:02]     OK: email=rw@rwali.ca | phone=905 901 2379
[04:00:04]   [1774/3703] Rafael Rivera Nino (R731361)
[04:00:04]     OK: email=ricardo@stateraimm.com | phone=4375620923 | city=Mississauga | prov=ON
[04:00:07]   [1775/3703] Ramandeep Gill (R706276)
[04:00:07]     OK: email=inlandimmigration@gmail.com | phone=7789270006 | city=Surrey | prov=BC
[04:00:10]   [1776/3703] Anuraj Sandhu (R418399)
[04:00:10]     OK: email=headoffice@canamgroup.com | phone=91-172-5051600 | city=Chandigarh
[04:00:13]   [1777/3703] Jashandeep Singh (R709485)
[04:00:13]     OK: email=candlecanadaimmigrationinfo@gmail.com | phone=3065151777 | city=Calgary | prov=AB
[04:00:16]   [1778/3703] Oyebisi Bamgboye (R534657)
[04:00:16]     OK: email=manaximmigration@gmail.com | phone=6395600041 | city=Airdrie | prov=AB
[04:00:19]   [1779/3703] Jo-Ann Halstead (R524902)
[04:00:19]     OK: email=halstead.joann@gmail.com | phone=5145680115 | city=Montreal | prov=QC
[04:00:22]   [1780/3703] Ankurkumar Patel (R707324)
[04:00:23]     OK: email=info@migrataimmigration.com | phone=5877270880 | city=Kitchener | prov=ON
[04:00:25]   [1781/3703] Claudia Toulany (R731379)
[04:00:25]     OK: email=ctimmigrationcs@gmail.com | phone=9022662499 | city=Dartmouth | prov=NS
[04:00:27]   [1782/3703] Lenia Alves De Lima Almeida (R707165)
[04:00:27]     OK: email=lenia.almeida@gmail.com | phone=6044999280 | city=North Vancouver | prov=BC
[04:00:30]   [1783/3703] Sarin Surendran (R535795)
[04:00:30]     OK: city=Angus | prov=ON
[04:00:32]   [1784/3703] Rupesh Chaudhury (R708114)
[04:00:32]     OK: email=rupesh1_333@yahoo.com | phone=7789277721 | city=Delta | prov=BC
[04:00:34]   [1785/3703] Stacey Ly (R515056)
[04:00:35]     OK: (minimal data)
[04:00:38]   [1786/3703] Tanvir Nawaz (R712031)
[04:00:38]     OK: email=tanvir@empiricalimmigration.ca | phone=4166946677 | city=Toronto | prov=ON
[04:00:41]   [1787/3703] Nitin Sharma (R710366)
[04:00:41]     OK: email=contact@nitinimmigration.com | phone=4165188110 | city=Mississauga | prov=ON
[04:00:45]   [1788/3703] Carla Rodriguez Brito (R535763)
[04:00:45]     OK: (minimal data)
[04:00:48]   [1789/3703] Adebukola Offornze (R708479)
[04:00:48]     OK: email=adebukola.offornze@gmail.com | phone=4313352965 | city=Winnipeg | prov=MB
[04:00:50]   [1790/3703] Yassir El Ouarzadi (R706835)
[04:00:50]     OK: email=yassirimmigration@gmail.com | phone=+212682283626 | city=Casablanca
[04:00:53]   [1791/3703] Kuldeep Singh Kainth (R705684)
[04:00:53]     OK: email=rcic@gazelleimmigration.com | phone=7788061101 | city=Surrey | prov=BC
[04:00:55]   [1792/3703] Sandra Tellez Dominguez (R1041056)
[04:00:55]     OK: city=Halifax | prov=NS
[04:00:59]   [1793/3703] Rajat Khanna (R710870)
[04:00:59]     OK: email=rajat@pacglobal.ca | phone=9058568555 | city=Brampton | prov=ON
[04:01:02]   [1794/3703] Kanwar Shahi (R1032692)
[04:01:02]     OK: city=Surrey | prov=BC
[04:01:05]   [1795/3703] Ashwinderjit Kaur (R710861)
[04:01:05]     OK: email=drashwinder03@gmail.com | phone=6479143793 | city=Milton | prov=ON
[04:01:07]   [1796/3703] Jasveet Mehta (R708607)
[04:01:07]     OK: email=info@soberimmigration.com | phone=9055880606
[04:01:10]   [1797/3703] Amalsingh Badal (R510526)
[04:01:10]     OK: email=abadal@gmail.com | phone=6472236314
[04:01:13]   [1798/3703] Tarik El Ansari (R712392)
[04:01:13]     OK: email=t.lansari@gmail.com | phone=5145729649 | city=Laval | prov=QC
[04:01:15]   [1799/3703] Kelvin Wu (R533551)
[04:01:16]     OK: email=Kelvin.kh.wu@gmail.com | phone=6043183033 | city=Burnaby | prov=BC
[04:01:18]   [1800/3703] Tabitha Holland (R411967)
[04:01:18]     OK: email=tabithaholland@hotmail.com | phone=4166597474 | city=Toronto | prov=ON
[04:01:21]   [1801/3703] Luma Kassabji (R712622)
[04:01:21]     OK: email=lumakassabji72@gmail.com | phone=4383914319 | city=Saint-Laurent | prov=QC
[04:01:23]   [1802/3703] Harpal Hundal (R710709)
[04:01:23]     OK: email=kennyhundal@hotmail.com | phone=2502179682 | city=Victoria | prov=BC
[04:01:27]   [1803/3703] Surinder Phandar (R524264)
[04:01:27]     OK: email=ajaimmigration@gmail.com | phone=7788983116 | city=Surrey | prov=BC
[04:01:29]   [1804/3703] Lorenzo Ripanti (R707620)
[04:01:29]     OK: email=info@visaconsultingcanada.com | phone=6479640275 | city=200-2020 WINSTON PARK DROakville
[04:01:32]   [1805/3703] Susan Simon (R709726)
[04:01:32]     OK: city=Toronto | prov=ON
[04:01:34]   [1806/3703] Sara Maria Mencia Abreu (R711388)
[04:01:34]     OK: email=saramencia@gmail.com | phone=6472232502 | city=Stoney Creek | prov=ON
[04:01:36]   [1807/3703] Marina Shev (R534167)
[04:01:36]     OK: email=Weshev@gmail.com | phone=6472875505 | city=Thornhill | prov=ON
[04:01:40]   [1808/3703] Swarn Chaudhary (R507060)
[04:01:40]     OK: email=goldwin786@gmail.com | phone=7783844162 | city=Abbotsford | prov=BC
[04:01:43]   [1809/3703] Maniya Rafiei (R528093)
[04:01:43]     OK: email=maniya_rafiei@yahoo.ca | phone=6043458568 | city=Coquitlam | prov=BC
[04:01:46]   [1810/3703] Yan Chen (R408903)
[04:01:46]     OK: city=Burnaby | prov=BC
[04:01:48]   [1811/3703] Brahim Alidrissi Omari (R707777)
[04:01:49]     OK: email=AOB@AOBCANADA.CA | city=Saint-Laurent | prov=QC
[04:01:51]   [1812/3703] Yangyang Xu (R531355)
[04:01:51]     OK: email=yvonnexu2010@gmail.com | phone=6478658060 | city=Richmond Hill | prov=ON
[04:01:54]   [1813/3703] Asghar Janzadeh Paskiabi (R712307)
[04:01:54]     OK: email=admin@arsamcan.com | phone=4379294929 | city=Newmarket | prov=ON
[04:01:56]   [1814/3703] Elena Ramos Martin (R713339)
[04:01:57]     OK: email=elena.ramosma@gmail.com | phone=6049663892 | city=Vancouver | prov=BC
[04:01:59]   [1815/3703] Tarik Larouss (R708180)
[04:01:59]     OK: email=larouss1979@yahoo.fr | phone=4189556426 | city=Québec | prov=QC
[04:02:02]   [1816/3703] Makhbuba Ergasheva (R510006)
[04:02:02]     OK: email=makhbuba10@gmail.com | phone=6046188317 | city=Nanaimo | prov=BC
[04:02:05]   [1817/3703] Jason John (R731215)
[04:02:05]     OK: city=Brampton | prov=ON
[04:02:08]   [1818/3703] Sichu Xu (R527963)
[04:02:08]     OK: email=info@hantonimmigration.com | phone=7807225888 | city=Edmonton | prov=AB
[04:02:11]   [1819/3703] Yana Tasheva (R706097)
[04:02:11]     OK: email=ytasheva@gmail.com
[04:02:15]   [1820/3703] Priya Bharti (R706168)
[04:02:15]     OK: email=info@pbimmigration.ca | phone=9059300905 | city=Barrie | prov=ON
[04:02:18]   [1821/3703] Victoria Ewert (R509061)
[04:02:18]     OK: email=marivic2@shaw.ca | phone=7804503223 | city=Edmonton | prov=AB
[04:02:20]   [1822/3703] Elnaz Seyed Imani (R526618)
[04:02:20]     OK: email=elnaz.imani@gmail.com | phone=6476853875 | city=Newmarket | prov=ON
[04:02:23]   [1823/3703] Louay Cherri (R711201)
[04:02:23]     OK: city=Montreal | prov=QC
[04:02:27]   [1824/3703] Rukevwe Ojaruwedia (R705633)
[04:02:27]     OK: email=rukevwe.ojaruwedia@springwaterimmigration.ca | phone=4034019848 | city=Calgary | prov=AB
[04:02:30]   [1825/3703] Clémentine Aimée Makuate Simo (R1034019)
[04:02:30]     OK: city=Brossard | prov=QC
[04:02:33]   [1826/3703] Adnan Khan (R534819)
[04:02:33]     OK: email=adnanaftabkhan@gmail.com | phone=2262242948 | city=London | prov=ON
[04:02:35]   [1827/3703] Saaruban Sivaratnam (R519684)
[04:02:35]     OK: email=saaru10@gmail.com | phone=6477178226 | city=Maple | prov=ON
[04:02:39]   [1828/3703] Sihan Hao (R707333)
[04:02:39]     OK: email=hshmelody@gmail.com | phone=7789861108 | city=Richmond | prov=BC
[04:02:41]   [1829/3703] Sonia Sharma (R518095)
[04:02:41]     OK: email=SONIA@JRSIMMIGRATION.CA | phone=2503297786 | city=Fort Saint John | prov=BC
[04:02:45]   [1830/3703] Sushil Sharma (R707053)
[04:02:45]     OK: email=sharma.sushil2008@gmail.com | phone=6046790308 | city=Delta | prov=BC
[04:02:48]   [1831/3703] Arun Anand (R515126)
[04:02:48]     OK: email=info@duveraimmigration.com | city=Edmonton | prov=AB
[04:02:51]   [1832/3703] Ena Umana (R712231)
[04:02:51]     OK: email=ena.umana@niagaracollegetoronto.ca | phone=4167029352 | city=Toronto | prov=ON
[04:02:54]   [1833/3703] Mohamed Bayhihi (R515002)
[04:02:55]     OK: email=galaxy.p.f@gmail.com | phone=5142987723 | city=Terrebonne | prov=QC
[04:02:58]   [1834/3703] Male Dong (R706959)
[04:02:58]     OK: email=daisy.dong@alanecanada.com | phone=9023998101 | city=Bedford | prov=NS
[04:03:01]   [1835/3703] Shahrzad Farzin Vahid (R511840)
[04:03:01]     OK: email=SH.FV75@YAHOO.CA | phone=6044992530 | city=West Vancouver | prov=BC
[04:03:04]   [1836/3703] Paul Villeneuve (R420975)
[04:03:04]     OK: email=paulv@newtowncanada.com | phone=9022924992 | city=Halifax | prov=NS
[04:03:06]   [1837/3703] Ajmer Kaur (R412983)
[04:03:06]     OK: email=ajmer.akconsultants@shaw.ca | phone=7782976681 | city=Richmond | prov=BC
[04:03:09]   [1838/3703] Lien Huynh (R511675)
[04:03:09]     OK: email=lien.immigration@gmail.com | phone=4169928689 | city=Markham | prov=ON
[04:03:11]   [1839/3703] Chenyun Lu (R519761)
[04:03:11]     OK: email=kevin@yunimmigration.ca | phone=6478860914 | city=Markham | prov=ON
[04:03:14]   [1840/3703] Tarun Sabharwal (R706644)
[04:03:14]     OK: email=tarunsabharwal@mail.com | phone=4373889044 | city=Vaughan | prov=ON
[04:03:16]   [1841/3703] Pearl Boyle-Komolafe (R706554)
[04:03:16]     OK: email=Pearl.boylek@gmail.com | phone=4039997410 | city=Calgary | prov=AB
[04:03:19]   [1842/3703] Andrea Seepersaud (R515545)
[04:03:19]     OK: email=andrea@uppercanadaimmigration.ca | phone=6479883846 | city=Mississauga | prov=ON
[04:03:22]   [1843/3703] Ali Bateni (R407655)
[04:03:22]     OK: email=bacadconsulting@yahoo.ca | phone=6049865554 | city=North Vancouver | prov=BC
[04:03:24]   [1844/3703] Melody Mclorie (R515687)
[04:03:24]     OK: email=melody@wickinn.com | phone=7257253102 | city=Tofino | prov=BC
[04:03:26]   [1845/3703] Houman Golmohammad (R1034458)
[04:03:27]     OK: city=Winnipeg | prov=MB
[04:03:29]   [1846/3703] Radmila Lim (R414423)
[04:03:29]     OK: email=wilbedun16@icloud.com | phone=4169623334 | city=Toronto | prov=ON
[04:03:31]   [1847/3703] Bushra Nawaz (R706774)
[04:03:31]     OK: email=bushranawaz985@gmail.com | phone=4373454122 | city=Toronto | prov=ON
[04:03:35]   [1848/3703] Winnie Huang (R513062)
[04:03:35]     OK: email=wh@ilinkcanada.com | phone=403-456-7705 | city=Vancouver | prov=BC
[04:03:38]   [1849/3703] Yung Chien Li (R705453)
[04:03:38]     OK: email=laserenv@gmail.com | phone=4164318956 | city=Richmond Hill | prov=ON
[04:03:41]   [1850/3703] Neeraj Ghuman (R706670)
[04:03:41]     OK: email=chahalnk@gmail.com | phone=4036150283 | city=Surrey | prov=BC
[04:03:45]   [1851/3703] Claudia Palacio (R416911)
[04:03:45]     OK: email=claudia@cpalacio.com | phone=4164571460 | city=Barrie | prov=ON
[04:03:47]   [1852/3703] Jing (Emma) Wang (R421135)
[04:03:47]     OK: email=info@alongbc.com | city=Burnaby | prov=BC
[04:03:51]   [1853/3703] Shahid Jaure Khan (R708969)
[04:03:51]     OK: email=sagaimmigration@gmail.com | phone=6477176699 | city=Toronto | prov=ON
[04:03:53]   [1854/3703] Martha Leyton (R524530)
[04:03:53]     OK: email=Contact@GuidedImmigration.com | phone=+1(403)930-1670 | city=Calgary | prov=AB
[04:03:55]   [1855/3703] Elie Hajjar (R517342)
[04:03:55]     OK: email=consultant@impartimmigration.ca | phone=6132650666 | city=Ottawa | prov=ON
[04:03:57]   [1856/3703] Samar Khattab (R531955)
[04:03:57]     OK: email=info@eharbinger.ca | city=Montreal | prov=QC
[04:04:01]   [1857/3703] Chun Hong Shu (R706526)
[04:04:01]     OK: email=kevin@choiceit.ca | phone=7785540479 | city=Burnaby | prov=BC
[04:04:03]   [1858/3703] Anh Thu Nguyen (R513993)
[04:04:03]     OK: email=trusttoknowledge@gmail.com | phone=403 991 8795 | city=Foothills County | prov=AB
[04:04:06]   [1859/3703] Navneet Makkar (R712845)
[04:04:06]     OK: city=Edmonton | prov=AB
[04:04:08]   [1860/3703] Liliana Flores (R712320)
[04:04:08]     OK: email=lily_flores@yahoo.com | phone=6043451737 | city=Coquitlam | prov=BC
[04:04:11]   [1861/3703] Amandeep Singh (R707028)
[04:04:11]     OK: city=Edmonton | prov=AB
[04:04:13]   [1862/3703] Abdul Ghaffar Ghaffari (R512595)
[04:04:13]     OK: email=AGGHAFFARI@GMAIL.COM | phone=7788953690 | city=Surrey | prov=BC
[04:04:16]   [1863/3703] Thuy Linh Ha (R1034066)
[04:04:16]     OK: city=Edmonton | prov=AB
[04:04:18]   [1864/3703] Danh Luan Luu (R707782)
[04:04:18]     OK: email=andyluu.rcic@yesstudy.ca | phone=6478621301 | city=Toronto | prov=ON
[04:04:22]   [1865/3703] Jeffery Chu (R508119)
[04:04:22]     OK: email=jchu.canada@gmail.com | phone=6043510828 | city=Vancouver | prov=BC
[04:04:24]   [1866/3703] Sanghun Son (R513685)
[04:04:24]     OK: email=sanghunsam@gmail.com | city=Bedford | prov=NS
[04:04:27]   [1867/3703] Gurminder Hira (R103456)
[04:04:27]     OK: city=Abbotsford | prov=BC
[04:04:30]   [1868/3703] Ling Luo (R508631)
[04:04:30]     OK: city=Vancouver | prov=BC
[04:04:32]   [1869/3703] Laura Mayes (R533083)
[04:04:32]     OK: email=Laura@mayesimmigration.ca | phone=2899287832 | city=Acton | prov=ON
[04:04:35]   [1870/3703] Rufa Doria (R515966)
[04:04:35]     OK: email=rufad@dadimmigration.com | phone=4033946432 | city=Lethbridge | prov=AB
[04:04:37]   [1871/3703] Sachindra Sharma (R710509)
[04:04:37]     OK: email=sharmasachindra1@gmail.com | phone=5195899015 | city=Kitchener | prov=ON
[04:04:40]   [1872/3703] Chunmei Zhang (R707202)
[04:04:40]     OK: email=may.zhangchunmei@gmail.com | phone=5874365998 | city=Calgary | prov=AB
[04:04:43]   [1873/3703] Jafar Ghamat (R708084)
[04:04:43]     OK: email=jamimmigration@gmail.com | phone=6047269427 | city=Richmond | prov=BC
[04:04:46]   [1874/3703] Ana Lucia De Sousa Luna (R530471)
[04:04:46]     OK: email=contact@time4immigration.com | phone=6043280131 | city=Burnaby | prov=BC
[04:04:49]   [1875/3703] Abiola Okeowo (R526754)
[04:04:49]     OK: email=abiola.oakimmigration@gmail.com | phone=7789859011 | city=Calgary | prov=AB
[04:04:52]   [1876/3703] Sandeep Khangura (R708748)
[04:04:52]     OK: email=sandeepk.remax@gmail.com | phone=7787922000 | city=Surrey | prov=BC
[04:04:55]   [1877/3703] Anh Hoa Ho (R710115)
[04:04:55]     OK: email=flora.ho@kowniaimmigration.ca | phone=2508863186 | city=Toronto | prov=ON
[04:04:57]   [1878/3703] Amritpal Bains (R706758)
[04:04:58]     OK: email=amritofficials@gmail.com | phone=6047633227 | city=Surrey | prov=BC
[04:05:00]   [1879/3703] Hyoun Ju Choe (R508185)
[04:05:00]     OK: email=prudent1973@gmail.com | phone=4034022286 | city=Calgary | prov=AB
[04:05:03]   [1880/3703] Somaraja Pranavan (R705979)
[04:05:03]     OK: email=info@vrons.ca | phone=6475597780 | city=Toronto | prov=ON
[04:05:06]   [1881/3703] Mary Alibo (R711202)
[04:05:06]     OK: email=mareewilliamimmigration@gmail.com | phone=7802005042 | city=Edmonton | prov=AB
[04:05:09]   [1882/3703] Harikrishna Prakash Soni (R534189)
[04:05:09]     OK: email=hsoni@midasimmigration.com | phone=5875755559 | city=Calgary | prov=AB
[04:05:11]   [1883/3703] Basirat Naphew (R708517)
[04:05:11]     OK: email=team@guidedsteps.ca | phone=4372607837 | city=Toronto | prov=ON
[04:05:14]   [1884/3703] Stuti Chawla (R709893)
[04:05:14]     OK: email=scmail2011@gmail.com | phone=6046492402 | city=Surrey | prov=BC
[04:05:17]   [1885/3703] Ana Tae Medeiros De Barros (R708494)
[04:05:17]     OK: email=ana@medeirosimmigration.com | phone=6049990218 | city=Vancouver | prov=BC
[04:05:20]   [1886/3703] Attif Ihsan (R515516)
[04:05:20]     OK: email=attifihsan@hotmail.com | phone=6047205139 | city=Surrey | prov=BC
[04:05:22]   [1887/3703] Xi Chen (R710999)
[04:05:22]     OK: email=lexi.chen516@gmail.com | phone=6264284638 | city=Richmond | prov=BC
[04:05:25]   [1888/3703] James Robertson (R531149)
[04:05:25]     OK: email=struan@robertsonimmigration.ca | phone=7055597917 | city=Lakefield | prov=ON
[04:05:27]   [1889/3703] Taiwo Roluga (R516184)
[04:05:28]     OK: email=troluga@targlobalplacement.com | phone=4166622081 | city=Milton | prov=ON
[04:05:30]   [1890/3703] Marc Audet ()
[04:05:30]     OK: email=audet.marc@auraycapital.com | phone=5144998440 | city=Montreal | prov=QC
[04:05:33]   [1891/3703] Bingxuan Sun (R532203)
[04:05:33]     OK: email=bingxuansun@gmail.com | phone=7803282100 | city=Edmonton | prov=AB
[04:05:36]   [1892/3703] Hannah Flostrand (R731434)
[04:05:36]     OK: email=Hannah.flostrand@gmail.com | phone=6043386919 | city=Coquitlam | prov=BC
[04:05:39]   [1893/3703] Nikki Robart (R711161)
[04:05:39]     OK: email=nikkiroba@outlook.com | phone=4038297242 | city=Calgary | prov=AB
[04:05:42]   [1894/3703] Tejinder Bhateja (R513697)
[04:05:42]     OK: email=twimmigration@gmail.com | phone=5878892340 | city=Calgary | prov=AB
[04:05:44]   [1895/3703] Thi Kim Phuong Tran (R706610)
[04:05:44]     OK: email=kphuong1309@gmail.com | phone=4379721288 | city=Hamilton | prov=ON
[04:05:46]   [1896/3703] Harvinder Dhillon (R534709)
[04:05:46]     OK: email=daylightimmigration@gmail.com | phone=4039704113 | city=Calgary | prov=AB
[04:05:49]   [1897/3703] Ankit Maan (R709941)
[04:05:49]     OK: email=Ankitsirsma@gmail.com | phone=2045127004 | city=Mississauga | prov=ON
[04:05:52]   [1898/3703] Mehran Monsef (R712181)
[04:05:52]     OK: email=mehrangizmonsef@gmail.com | phone=6472295142 | city=Peterborough | prov=ON
[04:05:55]   [1899/3703] Anthony Lawley (R530951)
[04:05:55]     OK: email=anthony.lawley@iveygroup.ca | phone=7055716084 | city=Sudbury | prov=ON
[04:05:58]   [1900/3703] Mandeep Gill (R534749)
[04:05:58]     OK: email=info@amyrahimmigration.com | phone=6474046333 | city=Brampton | prov=ON
[04:06:00]   [1901/3703] Irena Bartoszewicz Szajna (R407591)
[04:06:00]     OK: email=irenaszajna@gmail.com | phone=9052900870 | city=Mississauga | prov=ON
[04:06:03]   [1902/3703] Jeazen Joy Kenept (R712170)
[04:06:03]     OK: email=jezeenk@gmail.com | phone=7789667135 | city=Victoria | prov=BC
[04:06:06]   [1903/3703] Geo Thomas (R711619)
[04:06:06]     OK: email=info@j4immigration.ca | phone=8259949987 | city=Calgary | prov=AB
[04:06:09]   [1904/3703] John Paul (R706766)
[04:06:09]     OK: email=john@goeasyimmigration.com | phone=9024994488 | city=Dartmouth | prov=NS
[04:06:11]   [1905/3703] Qin Yin (R707423)
[04:06:11]     OK: email=yinchloe@gmail.com | phone=5145539825 | city=Laprairie | prov=QC
[04:06:14]   [1906/3703] Yuna Han (R705381)
[04:06:14]     OK: email=yuna@dodream.ca | phone=4163233210 | city=Toronto | prov=ON
[04:06:17]   [1907/3703] Sharmila Boodhoo (R709833)
[04:06:17]     OK: email=sharmila654@yahoo.com | phone=2506190761 | city=Keremeos | prov=BC
[04:06:20]   [1908/3703] Wen Qin (R513157)
[04:06:20]     OK: email=info@visaca.ca
[04:06:23]   [1909/3703] Helen (Juanfang) Chen (R408911)
[04:06:23]     OK: email=2467613938@qq.com | phone=7789952366 | city=Coquitlam | prov=BC
[04:06:26]   [1910/3703] Thi Lan Huong Do (R705604)
[04:06:26]     OK: email=huonglando@gmail.com | phone=6473617288 | city=Toronto | prov=ON
[04:06:28]   [1911/3703] Iresha Hewa Wellalage ()
[04:06:28]     OK: email=is.hewawellalage@uwinnipeg.ca | phone=2047891458 | city=Winnipeg | prov=MB
[04:06:31]   [1912/3703] Maheep Pamma (R709848)
[04:06:31]     OK: email=mpamma@immizoneimmigration.ca | phone=4038161971 | city=Calgary | prov=AB
[04:06:33]   [1913/3703] Charlemagne Mfera (R508538)
[04:06:33]     OK: email=globalmferaimmigration@bell.net | phone=5148447460 | city=Montréal | prov=QC
[04:06:36]   [1914/3703] Aninditya Setyo (R514145)
[04:06:36]     OK: email=emailanin@gmail.com | city=Vancouver | prov=BC
[04:06:39]   [1915/3703] Santosh Suryawanshi (R512620)
[04:06:39]     OK: email=info@connectcanada.net | phone=4034544436 | city=Calgary | prov=AB
[04:06:43]   [1916/3703] Martine Varekamp-Bos (R420799)
[04:06:43]     OK: (minimal data)
[04:06:46]   [1917/3703] Ngoc Linh Bui (R530057)
[04:06:46]     OK: email=eduvietlink@gmail.com | phone=14034721685 | city=Calgary | prov=AB
[04:06:48]   [1918/3703] Mukta Rewari Sharma (R706238)
[04:06:48]     OK: email=thinkmoveimmigration@gmail.com | phone=2047715095 | city=Winnipeg | prov=MB
[04:06:51]   [1919/3703] Shimei Ma (R708765)
[04:06:51]     OK: city=Dartmouth | prov=NS
[04:06:54]   [1920/3703] Jason Wong (R709379)
[04:06:54]     OK: email=jw15492@gmail.com | phone=7788333688 | city=Richmond | prov=BC
[04:06:57]   [1921/3703] Purity Ndungu (R731718)
[04:06:57]     OK: city=Innisfil | prov=ON
[04:07:00]   [1922/3703] Tracy Anne Sanchez Pamon (R710079)
[04:07:00]     OK: email=tracypamon@gmail.com | phone=7788341722 | city=Burnaby | prov=BC
[04:07:03]   [1923/3703] Haoying Zhang (R709085)
[04:07:03]     OK: email=cassie.zhang00@hotmail.com | phone=2043060990 | city=Winnipeg | prov=MB
[04:07:06]   [1924/3703] Rupinderpal Kaur (R706971)
[04:07:06]     OK: city=Richmond | prov=BC
[04:07:09]   [1925/3703] Maxim Chevarie-Davis (R711775)
[04:07:09]     OK: email=chevariedavisimmigration@outlook.com | phone=5146600504 | city=Cap-aux-Meules | prov=QC
[04:07:12]   [1926/3703] Atamjeet Singh Walia (R535039)
[04:07:12]     OK: email=awalia@richfieldimmigration.com | phone=+919877287516 | city=Chandigarh
[04:07:15]   [1927/3703] Elvis Kannath (R512529)
[04:07:15]     OK: email=ekannath@gmail.com | phone=919496557700 | city=Thrissur
[04:07:18]   [1928/3703] Arezoo Memarzadeh (R707086)
[04:07:18]     OK: email=arezoo.memarzadeh@gmail.com | phone=6049131904 | city=West Vancouver | prov=BC
[04:07:20]   [1929/3703] Niloufer Ali (R706415)
[04:07:20]     OK: email=ali.niloufer@gmail.com | phone=+233540100766 | city=Accra
[04:07:23]   [1930/3703] Manveer Kaur (R709003)
[04:07:23]     OK: email=manveerkaur710@yahoo.com | phone=5877081565 | city=Edmonton | prov=AB
[04:07:26]   [1931/3703] Asuka King (R707010)
[04:07:26]     OK: email=asukaking@gmail.com | phone=2508194886 | city=Nanaimo | prov=BC
[04:07:29]   [1932/3703] Navjot Gill (R706550)
[04:07:29]     OK: email=gillnavjot13@gmail.com | phone=2049053131 | city=Winnipeg | prov=MB
[04:07:32]   [1933/3703] Louisa Supino (R419943)
[04:07:32]     OK: email=lsupino@solutionpluscanada.com | phone=5143692997 | city=Westmount | prov=QC
[04:07:35]   [1934/3703] Adel Golod (R705990)
[04:07:35]     OK: email=info@canadathenewhome.com | phone=2007660244 | city=Richmond Hill | prov=ON
[04:07:38]   [1935/3703] Syed Shah (R534963)
[04:07:38]     OK: email=arsalan@grandnorth.ca | phone=4168001946 | city=Milton | prov=ON
[04:07:41]   [1936/3703] Kristine Portus (R705913)
[04:07:41]     OK: email=kristineportus@yahoo.ca | phone=6478984093 | city=Toronto | prov=ON
[04:07:43]   [1937/3703] Palak Brahmbhatt (R514336)
[04:07:43]     OK: email=brahmbhatt.palak@gmail.com | phone=6303669558 | city=Elk Grove Village
[04:07:46]   [1938/3703] Beulah Jane Reyes (R1034555)
[04:07:46]     OK: city=Nanaimo | prov=BC
[04:07:49]   [1939/3703] Varunraj Cheviri K (R711381)
[04:07:50]     OK: email=info@vrckimmigration.com | phone=7783447602 | city=Surrey | prov=BC
[04:07:53]   [1940/3703] Cassandra Fultz (R514356)
[04:07:53]     OK: email=cassandra@dfimmigration.ca | phone=6474615111 | city=Toronto | prov=ON
[04:07:56]   [1941/3703] Arlene Garcia (R515171)
[04:07:56]     OK: email=arlenegarcia1231@gmail.com | phone=4035863987 | city=Taber | prov=AB
[04:07:58]   [1942/3703] Niranjan Seetharaman (R418639)
[04:07:58]     OK: email=westernimmigration1@gmail.com | phone=4168070505 | city=Toronto | prov=ON
[04:08:01]   [1943/3703] Fatoumata Binta Niane (R706975)
[04:08:01]     OK: email=admin@nensaimmigration.com | phone=6046101291 | city=Vancouver | prov=BC
[04:08:04]   [1944/3703] Raghid Shreih (R528761)
[04:08:04]     OK: email=shreih@gmail.com | phone=2265044888 | city=London | prov=ON
[04:08:06]   [1945/3703] Shohreh Mirzaei (R711855)
[04:08:06]     OK: city=West Vancouver | prov=BC
[04:08:09]   [1946/3703] Xin Zhang (R712730)
[04:08:09]     OK: email=zhangxin8679@hotmail.com | phone=6138786896 | city=Nepean | prov=ON
[04:08:13]   [1947/3703] Rajesh Chugh (R531451)
[04:08:13]     OK: email=RCHUGH7@GMAIL.COM | phone=403 891 6832 | city=Calgary | prov=AB
[04:08:15]   [1948/3703] Joel Slomp (R708611)
[04:08:15]     OK: email=joel@theadminbarn.ca | phone=7785480506 | city=Abbotsford | prov=BC
[04:08:18]   [1949/3703] Alejandra Medellin Castillo (R706279)
[04:08:18]     OK: email=ale@stepforwardimmigration.ca | phone=6044416839 | city=Burnaby | prov=BC
[04:08:21]   [1950/3703] Rupinderjit Kaur Avtar Singh Bal (R710340)
[04:08:21]     OK: email=immigratewiththeme@gmail.com | phone=6399970130 | city=Regina | prov=SK
[04:08:23]   [1951/3703] Naveen Chopra (R531791)
[04:08:23]     OK: email=Naveen@eepservices.in | phone=4312936259 | city=Winnipeg | prov=MB
[04:08:26]   [1952/3703] Yazhen Sun (R713093)
[04:08:26]     OK: email=yazhen@imagineimm.com | phone=2368658033 | city=Burnaby | prov=BC
[04:08:29]   [1953/3703] Paria Saridis (R712656)
[04:08:29]     OK: email=parisaridis21@gmail.com | phone=4163191727 | city=Richmond Hill | prov=ON
[04:08:31]   [1954/3703] Dung Thi Phuong (Jodi) Diep (R709129)
[04:08:31]     OK: email=jodi.diep@gmail.com | phone=7789551899 | city=Port Moody | prov=BC
[04:08:34]   [1955/3703] Rebecca Anwar (R711570)
[04:08:34]     OK: email=rebeccaanwar87@gmail.com | phone=7787105601 | city=Surrey | prov=BC
[04:08:37]   [1956/3703] Kamaldeep Singh (R713096)
[04:08:37]     OK: email=dhandalkks@outlook.com | phone=9024028530 | city=Halifax | prov=NS
[04:08:40]   [1957/3703] Pritpal Mahil (R706155)
[04:08:40]     OK: email=pritpalmahil@yahoo.com | phone=6047270440 | city=Surrey | prov=BC
[04:08:43]   [1958/3703] Sujit Paudyal (R533123)
[04:08:43]     OK: email=recruiting@greathirehub.com | phone=4169492167 | city=Kitchener | prov=ON
[04:08:45]   [1959/3703] Deepkamal Nandra (R710695)
[04:08:45]     OK: email=nandra.immigration@hotmail.com | phone=4039900048 | city=Calgary | prov=AB
[04:08:48]   [1960/3703] Ashish Agrawal (R706675)
[04:08:48]     OK: email=agrawal.ashish14@gmail.com | phone=6475032227 | city=Scarborough | prov=ON
[04:08:51]   [1961/3703] Hisseine Ladoual Ali (R731736)
[04:08:51]     OK: email=alihisseineladoual@gmail.com | phone=4389258632 | city=Talleyrand
[04:08:54]   [1962/3703] Rupinderjeet Sran (R707203)
[04:08:54]     OK: email=rupindersran10@gmail.com | phone=4035481126 | city=Calgary | prov=AB
[04:08:58]   [1963/3703] Samina Tampal (R708744)
[04:08:58]     OK: email=saminazt@gmail.com | phone=7055002531 | city=Barrie | prov=ON
[04:09:00]   [1964/3703] Neeta Setia (R713286)
[04:09:00]     OK: email=setianeeta@yahoo.com | phone=6043759941 | city=Surrey | prov=BC
[04:09:03]   [1965/3703] Hitesh Chugh (R709639)
[04:09:03]     OK: email=unpluggedimmigration@gmail.com | phone=7808620324 | city=Edmonton | prov=AB
[04:09:05]   [1966/3703] Amr Shehata (R530411)
[04:09:05]     OK: email=amro@cimma.ca | city=Coquitlam | prov=BC
[04:09:08]   [1967/3703] Lovedeep Singh (R507261)
[04:09:08]     OK: email=singh.lovedeep@gmail.com | phone=6045034311 | city=Surrey | prov=BC
[04:09:11]   [1968/3703] Amritbir Singh (R710530)
[04:09:11]     OK: email=amritbir.singh@outlook.com | phone=7802651400 | city=Edmonton | prov=AB
[04:09:14]   [1969/3703] Samarpreet Sidhu (R710894)
[04:09:15]     OK: email=creativesight08@gmail.com | phone=6475225089 | city=Brampton | prov=ON
[04:09:17]   [1970/3703] Manpreet Kaur (R710352)
[04:09:17]     OK: email=MANPREETVIRK93@GMAIL.COM | phone=4165641187 | city=Brampton | prov=ON
[04:09:20]   [1971/3703] Mohammad Kashem (R412935)
[04:09:20]     OK: (minimal data)
[04:09:23]   [1972/3703] Fei Zhao (R706989)
[04:09:23]     OK: email=sunnyzhao880@gmail.com | phone=7786827366 | city=Surrey | prov=BC
[04:09:25]   [1973/3703] Manpreet Kaur (R707271)
[04:09:25]     OK: email=mk0349085@gmail.com | phone=3659948109 | city=Brampton | prov=ON
[04:09:28]   [1974/3703] Beatriz Catelani Dias (R707041)
[04:09:28]     OK: email=beatriz_cdias@hotmail.com | phone=2669776434 | city=Markham | prov=ON
[04:09:30]   [1975/3703] Inderjit Singh Inderjit Singh (R706393)
[04:09:30]     OK: email=info@ijsimmigration.com | phone=6479361313 | city=Brampton | prov=ON
[04:09:33]   [1976/3703] Ramandeep Kaur Gill (R709491)
[04:09:33]     OK: email=rgill.1988@gmail.com | phone=6475510780 | city=Brampton | prov=ON
[04:09:36]   [1977/3703] Annu Malhi (R713189)
[04:09:36]     OK: email=annu.malhi@yahoo.com | phone=4037000900 | city=Calgary | prov=AB
[04:09:38]   [1978/3703] Richard Dennis (R422887)
[04:09:38]     OK: email=rkdennis@aol.com | phone=716-810-9488 | city=Accord
[04:09:41]   [1979/3703] Samiha Farah (R709028)
[04:09:41]     OK: email=samiha@intermigrationconsulting.ca | phone=7804442411 | city=Edmonton | prov=AB
[04:09:45]   [1980/3703] Francis Fuchs (R528780)
[04:09:45]     OK: email=frank.jf.fuchs@gmail.com | phone=2043963805 | city=Winnipeg | prov=MB
[04:09:47]   [1981/3703] Haesun Hwang (R531473)
[04:09:47]     OK: email=nextepimmigration@gmail.com | phone=2262247153 | city=London | prov=ON
[04:09:50]   [1982/3703] Yew Bunn (Gavin) Lai (R514828)
[04:09:50]     OK: email=gavin@canasin.ca | city=Toronto | prov=ON
[04:09:53]   [1983/3703] Omolola Awelewa (R533863)
[04:09:53]     OK: email=omolola.awelewa@gmail.com | phone=5875907825 | city=Edmonton | prov=AB
[04:09:55]   [1984/3703] Gassia Garabedian (R710586)
[04:09:55]     OK: email=gassiaimmigration@gmail.com | phone=6477124181 | city=Toronto | prov=ON
[04:09:58]   [1985/3703] Karamdeep Matharu (R707331)
[04:09:58]     OK: email=karam.raul@gmail.com | phone=7787091542 | city=Richmond | prov=BC
[04:10:00]   [1986/3703] Arvind Kadian (R522823)
[04:10:00]     OK: email=kadimmigration@gmail.com | phone=6479141545 | city=Toronto | prov=ON
[04:10:04]   [1987/3703] Kanwarbir Thind (R707680)
[04:10:04]     OK: email=KanwarThind@gmail.com | phone=6473945667 | city=Mississauga | prov=ON
[04:10:07]   [1988/3703] Demi Guo (R411471)
[04:10:07]     OK: email=demi@migropro.com | phone=6472905767 | city=Newmarket | prov=ON
[04:10:09]   [1989/3703] Hirdepal Brar (R531175)
[04:10:09]     OK: email=hirdepalbrar@gmail.com | city=Melfort | prov=SK
[04:10:12]   [1990/3703] Jyoti Palta Sharma (R706919)
[04:10:12]     OK: email=jyotipalta@hotmail.com | phone=4169975685 | city=Toronto | prov=ON
[04:10:16]   [1991/3703] Tysheina Mccoy (R708798)
[04:10:16]     OK: email=tysh.mccoy@hotmail.ca | phone=5875982670 | city=Edmonton | prov=AB
[04:10:18]   [1992/3703] Gurvir Kang (R706247)
[04:10:18]     OK: email=gurvirkang@gmail.com | phone=7788965528 | city=Surrey | prov=BC
[04:10:21]   [1993/3703] Siavash Hedayati (R535175)
[04:10:21]     OK: email=info@vlands.ca | phone=6478657479 | city=Toronto | prov=ON
[04:10:24]   [1994/3703] Lakhveer Singh (R531223)
[04:10:24]     OK: city=Surrey | prov=BC
[04:10:27]   [1995/3703] Rhia Balon (R512999)
[04:10:27]     OK: city=Calgary | prov=AB
[04:10:30]   [1996/3703] Junko Kamimura (R535663)
[04:10:30]     OK: email=jkamimura64@hotmail.com | phone=5879980244 | city=Calgary | prov=AB
[04:10:33]   [1997/3703] Carla Jill Masalonga (R707855)
[04:10:33]     OK: email=jill.masalonga@gmail.com | phone=6043606413 | city=Vancouver | prov=BC
[04:10:36]   [1998/3703] Diane Campos (R514134)
[04:10:36]     OK: email=dcampos@equalityimmigration.ca | phone=6475055197 | city=Toronto | prov=ON
[04:10:38]   [1999/3703] Noella Kolela Musuamba Mulowayi (R710942)
[04:10:38]     OK: email=mundoglobalservices@gmail.com | phone=9052441155 | city=Oshawa | prov=ON
[04:10:41]   [2000/3703] Md Muntasir Ul Alam (R707545)
[04:10:41]     OK: email=Muntasir100@gmail.com | phone=6049995484 | city=Surrey | prov=BC
[04:10:44]   [2001/3703] Hitesh Sharma (R709795)
[04:10:44]     OK: city=Brampton | prov=ON
[04:10:47]   [2002/3703] Tanvir Sami (R531507)
[04:10:47]     OK: email=tanvir24sami@yahoo.com | phone=6139833080 | city=Ottawa | prov=ON
[04:10:49]   [2003/3703] Md Sazid Imtiaz (R711664)
[04:10:49]     OK: email=info@OceanCross.ca | phone=4166901888 | city=Toronto | prov=ON
[04:10:52]   [2004/3703] Hyungshin Cho (R710431)
[04:10:52]     OK: email=hi.hscho@gmail.com | phone=6479967590 | city=Vaughan | prov=ON
[04:10:55]   [2005/3703] Morteza Idjadi (R708675)
[04:10:55]     OK: (minimal data)
[04:10:58]   [2006/3703] Ikjinder Singh Dhaliwal (R706508)
[04:10:59]     OK: email=info@dewimmigration.com | phone=6479836872 | city=Brampton | prov=ON
[04:11:02]   [2007/3703] Cathlin Sullivan (R707228)
[04:11:02]     OK: email=sullivancathlin@gmail.com | phone=6476878278 | city=Toronto | prov=ON
[04:11:04]   [2008/3703] Fangliang Yu (R706698)
[04:11:04]     OK: email=info@clynximmigration.ca | city=Saskatoon | prov=SK
[04:11:07]   [2009/3703] Rubin Cheruvallil Sebastian (R710140)
[04:11:07]     OK: email=rubinsbstn@gmail.com | phone=8254369076 | city=Edmonton | prov=AB
[04:11:09]   [2010/3703] Xinyang Li (R707243)
[04:11:10]     OK: email=lixinyang610@gmail.com | phone=9054419219 | city=Toronto | prov=ON
[04:11:13]   [2011/3703] Manhar Bassan (R531745)
[04:11:13]     OK: email=manhar@canadanewstart.com | phone=9056506903 | city=Mississauga | prov=ON
[04:11:15]   [2012/3703] Maria Van Der Meij (R420743)
[04:11:16]     OK: email=marianne@vandermeij.ca | phone=2505907080 | city=Sooke | prov=BC
[04:11:18]   [2013/3703] Lei Cindy Shi (R419119)
[04:11:18]     OK: email=cindy11231010@hotmail.com | phone=6046895153 | city=Richmond | prov=BC
[04:11:21]   [2014/3703] Morane Polo Dicette (R712294)
[04:11:21]     OK: email=polomorane17@yahoo.fr | phone=5147102828 | city=Montreal | prov=QC
[04:11:23]   [2015/3703] Manpreet Kaur Sabharwal (R707065)
[04:11:23]     OK: email=manpreet@inscol.com | phone=6473551110 | city=Etobicoke | prov=ON
[04:11:26]   [2016/3703] Katty Sanchez (R712279)
[04:11:26]     OK: email=kattymonicass@yahoo.ca | phone=4385332925 | city=Montreal | prov=QC
[04:11:28]   [2017/3703] Holly Browning (R535927)
[04:11:28]     OK: email=holly@bowvalleyimmigrationconsulting.com | phone=4036889891 | city=Cochrane | prov=AB
[04:11:31]   [2018/3703] Moghal Aslam Baig (R532905)
[04:11:31]     OK: email=aslambaig.ba@gmail.com | phone=6479364408 | city=Scarborough | prov=ON
[04:11:34]   [2019/3703] Denis Aimé Kuaté (R711773)
[04:11:34]     OK: city=Gatineau | prov=QC
[04:11:36]   [2020/3703] Ramanbir Mangat (R709009)
[04:11:36]     OK: city=Langley | prov=BC
[04:11:40]   [2021/3703] Emma Rodriguez (R535447)
[04:11:40]     OK: city=Madrid
[04:11:43]   [2022/3703] Kate Obetta ()
[04:11:43]     OK: email=k.obetta@ageduconsulting.com | phone=6475746907 | city=Toronto | prov=ON
[04:11:45]   [2023/3703] Kenrick Stewart (R1040684)
[04:11:45]     OK: city=Edmonton | prov=AB
[04:11:49]   [2024/3703] Amarpreet Brar (R711568)
[04:11:49]     OK: email=AMARPREETBRAR707@GMAIL.COM | phone=2265041160 | city=Mission | prov=BC
[04:11:52]   [2025/3703] Raveena Mangat (R535403)
[04:11:52]     OK: email=info@ncimmigrationservices.ca | phone=7785986247 | city=Kelowna | prov=BC
[04:11:54]   [2026/3703] Miao (Henry) Liu (R513897)
[04:11:55]     OK: email=liu_miao9999@hotmail.com | phone=7783794321 | city=Burnaby | prov=BC
[04:11:58]   [2027/3703] Sarah Brawley (R515144)
[04:11:58]     OK: email=sarah.adrienne.brawley@gmail.com | phone=4164540616 | city=Toronto | prov=ON
[04:12:01]   [2028/3703] Yao Zohou (R507902)
[04:12:01]     OK: email=canadaendirect@gmail.com | phone=5146580955 | city=Montreal | prov=QC
[04:12:04]   [2029/3703] Sarbjeet Walia (R534577)
[04:12:05]     OK: email=sarbwalia@gmail.com | phone=6048390850 | city=Surrey | prov=BC
[04:12:08]   [2030/3703] Armelle Rossetti Belime (R705530)
[04:12:08]     OK: email=arossetti@akovaimmigration.com | phone=4189328228
[04:12:10]   [2031/3703] Rajnish Sharma (R535967)
[04:12:10]     OK: email=sharmarajnish7433@gmail.com | phone=4168878246 | city=Kitchener | prov=ON
[04:12:13]   [2032/3703] Tanseer Iqbal (R522869)
[04:12:13]     OK: email=access2canada.india@gmail.com | phone=080-68448772
[04:12:15]   [2033/3703] Sanjeev Jethi (R709141)
[04:12:15]     OK: email=ca.jethi@gmail.com | city=Surrey | prov=BC
[04:12:18]   [2034/3703] Kaiyu Hsu (R706597)
[04:12:18]     OK: email=kaiyu.hsu17@gmail.com | phone=2367777717 | city=Vancouver | prov=BC
[04:12:21]   [2035/3703] Renu Kadian (R707400)
[04:12:21]     OK: email=kadianrenu25@gmail.com | phone=6478240999 | city=Caledon | prov=ON
[04:12:24]   [2036/3703] Brigitte Barakat (R705563)
[04:12:24]     OK: email=barakatbrigitte@gmail.com | phone=5142995150 | city=Montreal | prov=QC
[04:12:26]   [2037/3703] Vishavdeep Kaur (R707317)
[04:12:26]     OK: email=vishav4capic@gmail.com | phone=9055142973 | city=Brampton | prov=ON
[04:12:28]   [2038/3703] Min Jeong Kim (R709935)
[04:12:28]     OK: email=ewha93@hotmail.com | phone=2266633939 | city=London | prov=ON
[04:12:31]   [2039/3703] Patrick Bergeron (R709182)
[04:12:31]     OK: city=Rothesay | prov=NB
[04:12:34]   [2040/3703] Blake Doyle (R506463)
[04:12:34]     OK: email=blake@confederation.com | phone=9023673799 | city=Charlottetown | prov=PE
[04:12:37]   [2041/3703] Aditi Sharma (R712251)
[04:12:37]     OK: email=1803aditisharma@gmail.com | phone=6475351353 | city=Brampton | prov=ON
[04:12:40]   [2042/3703] Hao Luo (R530585)
[04:12:41]     OK: email=victorhaoluo@gmail.com | phone=6046150968 | city=Langley | prov=BC
[04:12:43]   [2043/3703] Niloofar Shadnik (R532363)
[04:12:43]     OK: phone=647-839-2903 | city=Richmond Hill | prov=ON
[04:12:46]   [2044/3703] Sergii Kolodii (R709206)
[04:12:46]     OK: email=kolodiy.sergiy@gmail.com | phone=4039291922 | city=Lethbridge | prov=AB
[04:12:49]   [2045/3703] Xinye Bob Zhang (R708945)
[04:12:49]     OK: email=info@yxcanada.com | phone=6475945432 | city=Richmond Hill | prov=ON
[04:12:51]   [2046/3703] Xiaoru Fang (R705728)
[04:12:51]     OK: email=staceyfang2020@gmail.com | phone=4168060077 | city=Mississauga | prov=ON
[04:12:54]   [2047/3703] Anamika Dhillon (R705504)
[04:12:54]     OK: city=Brampton | prov=ON
[04:12:57]   [2048/3703] Amandeep Mauj (R706659)
[04:12:57]     OK: email=amymauj@gmail.com | phone=6476314900 | city=Brampton | prov=ON
[04:13:01]   [2049/3703] Sumit Kumar Sharma (R711066)
[04:13:01]     OK: email=sumit784.sharma@gmail.com | phone=4374232452 | city=Etobicoke | prov=ON
[04:13:04]   [2050/3703] Sheetal Handoo (R705683)
[04:13:04]     OK: email=SHEETAL.HANDOO@GMAIL.COM | phone=6472867836 | city=Brampton | prov=ON
[04:13:06]   [2051/3703] Manuela Gruber Hersch (R511522)
[04:13:06]     OK: email=manuela@apeximmigrationcanada.com | phone=6046286602 | city=Burnaby | prov=BC
[04:13:09]   [2052/3703] Monika Cox (R523401)
[04:13:09]     OK: email=info@mcimms.com | phone=7806672070 | city=Edmonton | prov=AB
[04:13:12]   [2053/3703] Sylvie Karasira (R535899)
[04:13:13]     OK: email=karasira@yahoo.com | phone=4388795433 | city=Bois-des-Filion | prov=QC
[04:13:15]   [2054/3703] Maria Guinto (R508617)
[04:13:15]     OK: city=Maple | prov=ON
[04:13:18]   [2055/3703] Tiffany Chi (R508281)
[04:13:18]     OK: email=tiffany@jkenneyconsulting.com | phone=6045684200 | city=Vancouver | prov=BC
[04:13:21]   [2056/3703] Tinni Kanji (R516223)
[04:13:21]     OK: email=tskanji@gmail.com | phone=7807103917 | city=Edmonton | prov=AB
[04:13:24]   [2057/3703] Nikhil Bhardwaj (R707179)
[04:13:24]     OK: email=hiinikhil777@gmail.com | phone=6476735553 | city=Ajax | prov=ON
[04:13:26]   [2058/3703] Jonathan Mpoto (R1034033)
[04:13:26]     OK: city=Gatineau | prov=QC
[04:13:29]   [2059/3703] Sabrina Bouali (R708739)
[04:13:29]     OK: email=sbouali@sbi-consulting.ca | phone=5062533588 | city=Quebec | prov=QC
[04:13:32]   [2060/3703] Nuradin Surura (R712779)
[04:13:32]     OK: email=nsurura@gmail.com | phone=4036296411 | city=Calgary | prov=AB
[04:13:35]   [2061/3703] Amit Batra (R707024)
[04:13:35]     OK: email=info@GoldenPathwayImmigration.com | phone=6625281400 | city=Brampton | prov=ON
[04:13:38]   [2062/3703] Osaro Ezomo (R711785)
[04:13:38]     OK: email=osaroez@outlook.com | phone=2508898477 | city=Victoria | prov=BC
[04:13:41]   [2063/3703] Kulwinder Jandu (R709509)
[04:13:41]     OK: email=blissimmigration1@gmail.com | phone=7789960283 | city=Surrey | prov=BC
[04:13:44]   [2064/3703] Therese Machaalani (R414903)
[04:13:44]     OK: email=therese@machimmigration.com | phone=514-331-8310 | city=Saint-Laurent | prov=QC
[04:13:46]   [2065/3703] Babak Esfahani (R712380)
[04:13:46]     OK: email=bamdad.immigration@gmail.com | phone=7788668446 | city=Vancouver | prov=BC
[04:13:49]   [2066/3703] Saima Haque (R706891)
[04:13:49]     OK: email=shaque@live.com | phone=7783193133 | city=Surrey | prov=BC
[04:13:52]   [2067/3703] Ankita Patel (R709953)
[04:13:52]     OK: email=pankita33@yahoo.com | phone=6477192723 | city=Edmonton | prov=AB
[04:13:56]   [2068/3703] Eileena Su (R419759)
[04:13:56]     OK: email=migrate_serv@yahoo.com | phone=6043035852 | city=Richmond | prov=BC
[04:13:59]   [2069/3703] Tapan Malik (R706284)
[04:13:59]     OK: email=tapanmalik@yahoo.com | phone=7807198180 | city=Edmonton | prov=AB
[04:14:02]   [2070/3703] Peter Lam (R413895)
[04:14:02]     OK: (minimal data)
[04:14:04]   [2071/3703] Ravi Garg (R410871)
[04:14:04]     OK: email=ravikumar_garg@yahoo.com | phone=13068811494 | city=Chandigarh
[04:14:07]   [2072/3703] Hemalatha Alexander (R531187)
[04:14:07]     OK: email=info@alexanderimmigration.ca | phone=6477733673
[04:14:10]   [2073/3703] Sufian Ahmed (R406543)
[04:14:10]     OK: email=sufian2006@gmail.com | phone=9058585589 | city=Mississauga | prov=ON
[04:14:13]   [2074/3703] Li Rong Wei (R530747)
[04:14:13]     OK: email=jennywlr@gmail.com | phone=6043479099 | city=Coquitlam | prov=BC
[04:14:15]   [2075/3703] Rayan Bamdad (R712585)
[04:14:15]     OK: email=rayan@northhope.ca | phone=8184507821 | city=Miami
[04:14:18]   [2076/3703] Ntombizodwa (Cecilia) Mzvondiwa ()
[04:14:18]     OK: email=amien@worldaccessimmigration.com | phone=+27 21 2011551 | city=Grande Prairie | prov=AB
[04:14:21]   [2077/3703] Helen Brereton (R408199)
[04:14:21]     OK: email=h.brereton@brazolotgroup.com | phone=4504582186 | city=Hudson | prov=QC
[04:14:23]   [2078/3703] Mélanie Scattolin (R731299)
[04:14:23]     OK: email=melanie@immigrationscat.com | phone=4385205028 | city=Longueuil | prov=QC
[04:14:25]   [2079/3703] Regular21 Renewal ()
[04:14:25]     OK: email=regular21@capic.ca | phone=4164837044 | city=Toronto | prov=ON
[04:14:28]   [2080/3703] Md Hasan Iqbal (R526371)
[04:14:28]     OK: email=chaman.flower@gmail.com | phone=01717014724
[04:14:30]   [2081/3703] Md Mehrul Rajib (R708721)
[04:14:30]     OK: email=rajib.cop@gmail.com | phone=7806807142 | city=Edmonton | prov=AB
[04:14:32]   [2082/3703] Jobanjit Singh Hundal (R526826)
[04:14:33]     OK: email=HUNDAL.GRIFFIN134@GMAIL.COM | phone=6043535204 | city=Surrey | prov=BC
[04:14:35]   [2083/3703] Hossein Alavi (R531201)
[04:14:35]     OK: email=hosseinalavi08@gmail.com | phone=4384768418
[04:14:37]   [2084/3703] Sumiksha Randhawa (R707450)
[04:14:37]     OK: email=sumiksharya1991@gmail.com | phone=7783177452 | city=Vancouver | prov=BC
[04:14:40]   [2085/3703] Anh Pham (R713326)
[04:14:40]     OK: email=ngocanh932009@gmail.com | phone=6478891493 | city=Mississauga | prov=ON
[04:14:43]   [2086/3703] Balraj Singh (R706062)
[04:14:43]     OK: email=balraj@canloop.ca | phone=5879888574 | city=Edmonton | prov=AB
[04:14:47]   [2087/3703] Colleen Seiffert (R710382)
[04:14:47]     OK: email=seiffertcolleen@gmail.com | phone=5879907142 | city=Edmonton | prov=AB
[04:14:50]   [2088/3703] Daniel Hirschkorn (R506558)
[04:14:50]     OK: email=daniel@siecsi.com | phone=3066681057 | city=Saskatoon | prov=SK
[04:14:52]   [2089/3703] Karandeep Singh (R707627)
[04:14:52]     OK: email=karanrcic@gmail.com | phone=6393176145 | city=Mississauga | prov=ON
[04:14:55]   [2090/3703] Karanvir Palia (R708470)
[04:14:55]     OK: email=a00745719@gmail.com | phone=7788296744 | city=Delta | prov=BC
[04:14:58]   [2091/3703] Juliet Bodie (R710748)
[04:14:58]     OK: email=julietbodie@gmail.com | phone=5197177249 | city=Hamilton | prov=ON
[04:15:01]   [2092/3703] Angela Belair (R708851)
[04:15:01]     OK: email=angela@ashfordlaw.ca | phone=2263731669 | city=London | prov=ON
[04:15:04]   [2093/3703] Claudia Gonzalez (R513267)
[04:15:04]     OK: email=livingcanadalegal@gmail.com | phone=8328730000 | city=Calgary | prov=AB
[04:15:07]   [2094/3703] Kwok Wai (Alfred) Wong (R421511)
[04:15:07]     OK: email=alfred@lingwong.ca
[04:15:10]   [2095/3703] Marie Grace Sysing (R506608)
[04:15:10]     OK: email=MARIE@NAVAIMMIGRATION.CA | phone=7808639080 | city=Edmonton | prov=AB
[04:15:13]   [2096/3703] Renato Abanto (R507408)
[04:15:13]     OK: email=r.abanto@ab-alphaimmigration.com | phone=4036181874 | city=Calgary | prov=AB
[04:15:17]   [2097/3703] Unaiza Khan (R708799)
[04:15:17]     OK: email=info@exultimmigrations.com | phone=2368334453 | city=Chilliwack | prov=BC
[04:15:19]   [2098/3703] Shera Katrina Jinon-Morris (R706921)
[04:15:20]     OK: email=astrumcanada@gmail.com | phone=5193862937 | city=Kincardine | prov=ON
[04:15:22]   [2099/3703] Tuan Anh Nguyen (R508243)
[04:15:22]     OK: email=justin.atn77@gmail.com | phone=9059217887 | city=Mississauga | prov=ON
[04:15:24]   [2100/3703] Celwa Elkateb (R410303)
[04:15:24]     OK: email=celwa@rogers.com | phone=5194337036 | city=Hubbards | prov=NS
[04:15:27]   [2101/3703] Xueting Zhou (R709214)
[04:15:27]     OK: email=tingzhou0@gmail.com | phone=4039260209 | city=Calgary | prov=AB
[04:15:30]   [2102/3703] Darlene Goodman (R411247)
[04:15:30]     OK: email=dgoodman@networkcanada.ca | phone=2049428732 | city=Winnipeg | prov=MB
[04:15:34]   [2103/3703] Jagdeep Khalsa (R710178)
[04:15:34]     OK: email=bluesealimmigration@gmail.com | phone=5875943908 | city=Edmonton | prov=AB
[04:15:36]   [2104/3703] Mandeep Dhillon (R705505)
[04:15:36]     OK: email=indoglobalimmigrationservices@gmail.com | phone=6046180679 | city=Duncan | prov=BC
[04:15:38]   [2105/3703] Funda Pakel (R530957)
[04:15:38]     OK: email=fundailhan@gmail.com | phone=9053349320 | city=Oakville | prov=ON
[04:15:41]   [2106/3703] Candace Brown (R508013)
[04:15:41]     OK: email=browncandace@hotmail.com | phone=4165796229 | city=Baden | prov=ON
[04:15:44]   [2107/3703] Babita Gupta (R711013)
[04:15:44]     OK: email=Info@whiteseasimmigration.com | phone=6479737599 | city=Mississauga | prov=ON
[04:15:46]   [2108/3703] Christiane Kuehn (R532359)
[04:15:46]     OK: email=christiane.kuehn@gmail.com | phone=4373458573 | city=Toronto | prov=ON
[04:15:49]   [2109/3703] Mingwei (Danielle) Zhang (R705780)
[04:15:49]     OK: email=danielle.m.zhang@gmail.com | phone=2263459156 | city=Windsor | prov=ON
[04:15:52]   [2110/3703] Marwa Mohamed Elhosseiny (R707282)
[04:15:52]     OK: email=marwa@northpassimmigration.com | phone=6473278284 | city=Mississauga | prov=ON
[04:15:55]   [2111/3703] Oleg Samokhvalov (R518646)
[04:15:55]     OK: email=ollirus@yahoo.com | phone=6132555849 | city=Ottawa | prov=ON
[04:15:57]   [2112/3703] Rouya Abd Shoarian (R711515)
[04:15:58]     OK: email=royashoarian@gmail.com | phone=6478895135 | city=Richmond Hill | prov=ON
[04:16:00]   [2113/3703] Lidia Fernanda Alejandra Gonzalez Hernandez (R530825)
[04:16:00]     OK: email=immigrationservices@elcaminocanada.com | phone=604 791 5695
[04:16:02]   [2114/3703] Haifang Wang (R508394)
[04:16:02]     OK: email=emilywangh@gmail.com | phone=6479685353 | city=Markham | prov=ON
[04:16:05]   [2115/3703] Ali Raza (R525329)
[04:16:05]     OK: email=a.raza@uwinnipeg.ca | phone=2047869064 | city=Winnipeg | prov=MB
[04:16:08]   [2116/3703] Rajesh Sharma (R507005)
[04:16:08]     OK: email=punjconsultants@yahoo.ca | phone=4168268235 | city=Mississauga | prov=ON
[04:16:11]   [2117/3703] Esther Yanes (R421751)
[04:16:11]     OK: email=esther_yanes@hotmail.com | phone=9059452369 | city=Grimsby | prov=ON
[04:16:13]   [2118/3703] Yu Guo (R530085)
[04:16:13]     OK: email=etigcanada@outlook.com | city=Coquitlam | prov=BC
[04:16:17]   [2119/3703] Cynthia Germain (R706027)
[04:16:17]     OK: email=cgermain@craveimmigration.com | phone=4038909800 | city=Calgary | prov=AB
[04:16:19]   [2120/3703] Kirit Sardhara (R532135)
[04:16:20]     OK: email=ardasimmigration@gmail.com | phone=7787062711 | city=Surrey | prov=BC
[04:16:22]   [2121/3703] Varinder Jandu (R705516)
[04:16:22]     OK: city=Kitchener | prov=ON
[04:16:25]   [2122/3703] Satinderjit Grewal (R533977)
[04:16:25]     OK: city=Surrey | prov=BC
[04:16:28]   [2123/3703] Leslie Griesbach ()
[04:16:28]     OK: email=admin3@capic.ca | phone=4164837044 | city=Toronto | prov=ON
[04:16:31]   [2124/3703] Rajwinder Sandhu (R418423)
[04:16:31]     OK: email=rs@legacyimm.com | phone=6134541242
[04:16:34]   [2125/3703] Swaraj Prinja (R711699)
[04:16:34]     OK: email=SWARAJPRINJA@GMAIL.COM | phone=4312767278 | city=Winnipeg | prov=MB
[04:16:36]   [2126/3703] Baljeet Brar (R533885)
[04:16:36]     OK: email=bal_jeet@hotmail.com | phone=4035605917 | city=Calgary | prov=AB
[04:16:39]   [2127/3703] Roberta Andrade Carneiro (R710048)
[04:16:39]     OK: email=bebeta_carneiro@yahoo.com | phone=5145749227 | city=Rosemère | prov=QC
[04:16:41]   [2128/3703] Corina Cichiuciuc (R507678)
[04:16:41]     OK: email=ccichiuciuc@gmail.com | city=Vancouver | prov=BC
[04:16:44]   [2129/3703] Elina Grigoryan (R517480)
[04:16:44]     OK: email=info@rightwaycanada.com | phone=6474947977
[04:16:47]   [2130/3703] Alexander Irete (R534785)
[04:16:47]     OK: email=airete@basepointimmigration.com | phone=8252565155 | city=Calgary | prov=AB
[04:16:50]   [2131/3703] Viktoria Kovacs (R708992)
[04:16:50]     OK: email=griffili8@yahoo.ca | phone=4166041020 | city=Toronto | prov=ON
[04:16:53]   [2132/3703] Amritpal Singh (R520238)
[04:16:53]     OK: email=amrit.imm@gmail.com | phone=6478914852 | city=Brampton | prov=ON
[04:16:56]   [2133/3703] Jeoffrey Trevor Typoco (R534563)
[04:16:56]     OK: email=jtypoco@gmail.com | phone=63289428208 | city=San Juan
[04:16:59]   [2134/3703] Upinder Bedi (R706772)
[04:16:59]     OK: email=info@pacglobal.ca | city=Mississauga | prov=ON
[04:17:01]   [2135/3703] Rhonda Williams (R421383)
[04:17:01]     OK: city=Coquitlam | prov=BC
[04:17:04]   [2136/3703] Marilyn Mekhail (R532027)
[04:17:04]     OK: email=marilynmekhail@gmail.com | phone=6475302093 | city=Mississauga | prov=ON
[04:17:07]   [2137/3703] Aziz Fatima (R718447)
[04:17:07]     OK: email=azizfatima803@gmail.com | phone=9028808189 | city=Halifax | prov=NS
[04:17:09]   [2138/3703] Waleed Abdel Khalek (R528090)
[04:17:09]     OK: email=waleedhany@hotmail.com | phone=4167323570 | city=Mississauga | prov=ON
[04:17:11]   [2139/3703] Hajeong Jung ()
[04:17:12]     OK: email=aboutcanadaimmigration@gmail.com | phone=6043662725 | city=Vancouver | prov=BC
[04:17:15]   [2140/3703] Michele Matallana (R708670)
[04:17:15]     OK: email=mmatallana2017@hotmail.com | phone=5879905536 | city=Edmonton | prov=AB
[04:17:18]   [2141/3703] Hardeep Choudhary (R707836)
[04:17:18]     OK: email=hardeep_choudhary@outlook.com | phone=4039187795 | city=Calgary | prov=AB
[04:17:20]   [2142/3703] Abdelilah Tanji (R103133)
[04:17:20]     OK: city=Montreal | prov=QC
[04:17:24]   [2143/3703] Maria Teresa Penalosa (R417143)
[04:17:24]     OK: email=mtop@rogers.com | phone=6477225817 | city=Scarborough | prov=ON
[04:17:26]   [2144/3703] Christine White-Davis-Kelly (R706763)
[04:17:26]     OK: email=cawdkelly@yahoo.com | city=Kelowna | prov=BC
[04:17:29]   [2145/3703] Cam Minh Truong (R710105)
[04:17:29]     OK: email=truongcamminh1978@gmail.com | phone=3065202122 | city=Regina | prov=SK
[04:17:32]   [2146/3703] Wafa Abdullah (R531621)
[04:17:32]     OK: city=Saint-Constant | prov=QC
[04:17:34]   [2147/3703] Leanne Bartlett (R1031565)
[04:17:34]     OK: city=Eastern Passage | prov=NS
[04:17:37]   [2148/3703] Ravinder Jaswal (R708310)
[04:17:37]     OK: email=RAVINDERJASWAL41@GMAIL.COM | phone=4038272491 | city=Calgary | prov=AB
[04:17:41]   [2149/3703] Livharlin Sandhu (R709466)
[04:17:41]     OK: email=livharlins@gmail.com | phone=6475880030 | city=Airdrie | prov=AB
[04:17:44]   [2150/3703] Michael Lieffers (R523314)
[04:17:44]     OK: email=michael@mibbusiness.ca | phone=3062270227 | city=Saskatoon | prov=SK
[04:17:48]   [2151/3703] Linda Azucena Salas Perez (R510397)
[04:17:48]     OK: email=lindafraser10@hotmail.com | phone=6047715025 | city=Vancouver | prov=BC
[04:17:50]   [2152/3703] Muhannad Fares (R708475)
[04:17:50]     OK: email=mfares@ivsimmigration.com | phone=4168160838 | city=Mississauga | prov=ON
[04:17:52]   [2153/3703] Parulben Patel (R509773)
[04:17:52]     OK: email=patelcanimmigration@gmail.com | phone=4035422159
[04:17:55]   [2154/3703] Inderpal Singh (R711533)
[04:17:55]     OK: email=INDER.SINGHON@GMAIL.COM | phone=3654401635 | city=Brampton | prov=ON
[04:17:58]   [2155/3703] Nancy Hildebrand (R1034257)
[04:17:58]     OK: city=Tillsonburg | prov=ON
[04:18:01]   [2156/3703] Ravneet Kaur Brar (R520985)
[04:18:01]     OK: city=Brampton | prov=ON
[04:18:04]   [2157/3703] Ye Tao (R420215)
[04:18:04]     OK: email=andrew.tao@yes-imm.com | phone=5148352393 | city=Montreal | prov=QC
[04:18:07]   [2158/3703] Jeeyoung Jang (R510820)
[04:18:07]     OK: email=jyjang@kimokran.ca | phone=6048938330 | city=Vancouver | prov=BC
[04:18:10]   [2159/3703] Czarina Rodriguez (R510635)
[04:18:10]     OK: email=czarina.rodriguez@clsconsultingltd.com | phone=7808082815 | city=Lloydminster | prov=SK
[04:18:13]   [2160/3703] Chen Chen (R712426)
[04:18:13]     OK: email=cccy06@gmail.com | phone=2046985640 | city=Winnipeg | prov=MB
[04:18:17]   [2161/3703] Supreet Manocha (R731248)
[04:18:17]     OK: email=supreetmanocha.14@gmail.com | phone=6475293000 | city=Brampton | prov=ON
[04:18:19]   [2162/3703] Savneet Kaur (R708756)
[04:18:19]     OK: city=Calgary | prov=AB
[04:18:22]   [2163/3703] Pradyuman Jhala (R511054)
[04:18:22]     OK: email=pjhala@spscanada.com | phone=9053629393 | city=Toronto | prov=ON
[04:18:25]   [2164/3703] Anass Jaghar (R710676)
[04:18:25]     OK: email=aji_canada@outlook.com | phone=4166971354 | city=Mississauga | prov=ON
[04:18:28]   [2165/3703] Sernur Sancay (R1034297)
[04:18:28]     OK: city=Vancouver | prov=BC
[04:18:31]   [2166/3703] Eddy Chin (R409047)
[04:18:31]     OK: email=eddy@eddychin.ca | phone=9057073386 | city=Thornhill | prov=ON
[04:18:35]   [2167/3703] Scott Campbell (R520696)
[04:18:35]     OK: email=scott@kciscanada.ca | phone=9026288577 | city=Charlottetown | prov=PE
[04:18:37]   [2168/3703] Zouhair Taba (R710398)
[04:18:38]     OK: email=zouhair_taba@yahoo.fr | phone=5142177916 | city=Laval | prov=QC
[04:18:40]   [2169/3703] Thumesha Jayatilake (R535893)
[04:18:40]     OK: email=thumeshad@gmail.com | phone=6473947017 | city=Ottawa | prov=ON
[04:18:43]   [2170/3703] Ktaifi Chokri ()
[04:18:43]     OK: email=cktaifi@kclegal.ca | phone=4389906400 | city=Montreal | prov=QC
[04:18:47]   [2171/3703] Nikesh Amit (R709883)
[04:18:47]     OK: email=nikeshamit@hotmail.com | phone=4165089404 | city=Mississauga | prov=ON
[04:18:50]   [2172/3703] Iryna Atamanchuk (R712265)
[04:18:50]     OK: email=info@ataimmigration.com | phone=6475041746 | city=Vaughan | prov=ON
[04:18:52]   [2173/3703] Cristeta Castillo (R512540)
[04:18:52]     OK: email=kcimmigrationsolutions@gmail.com | phone=4168214139 | city=Scarborough | prov=ON
[04:18:54]   [2174/3703] Pui Ying (Pauline) Tan (R712252)
[04:18:55]     OK: email=paulinetanhk@gmail.com | phone=5872220902 | city=Calgary | prov=AB
[04:18:57]   [2175/3703] Mayya Krymchakova (R507780)
[04:18:57]     OK: email=mayya@rogers.com | phone=4168446292 | city=Thornhill | prov=ON
[04:18:59]   [2176/3703] Mario Aycardo (R514094)
[04:18:59]     OK: email=newcanadians@yahoo.ca | phone=4034045877 | city=Calgary | prov=AB
[04:19:02]   [2177/3703] Balaji Shanmugam (R532147)
[04:19:02]     OK: email=saicanada1926@gmail.com | phone=4035603480 | city=Calgary | prov=AB
[04:19:05]   [2178/3703] Mubeen Fowzia (R530479)
[04:19:05]     OK: (minimal data)
[04:19:08]   [2179/3703] Steven Sumi (R419847)
[04:19:08]     OK: email=sumi@sumi-international.com | phone=9058488415 | city=Burlington | prov=ON
[04:19:11]   [2180/3703] Martin Gonsalves (R713104)
[04:19:11]     OK: email=martingonsalves.ca@gmail.com | phone=6475516424 | city=Oshawa | prov=ON
[04:19:14]   [2181/3703] Anthony Ekpe (R713015)
[04:19:14]     OK: email=captgambo@gmail.com | phone=5064255668 | city=Woodstock | prov=NB
[04:19:16]   [2182/3703] Mohammad Ali Azam Khan (R413271)
[04:19:16]     OK: email=niluazam@yahoo.com | phone=8802222292990 | city=Dhaka
[04:19:19]   [2183/3703] Mohammad Iqbal (R708919)
[04:19:20]     OK: email=nayyer.iqbal@aliyyimmigration.com | phone=6476125499 | city=Mississauga | prov=ON
[04:19:23]   [2184/3703] Serge Ignatieff (R528113)
[04:19:23]     OK: city=Point Claire | prov=QC
[04:19:26]   [2185/3703] Manojkumar Malik (R512444)
[04:19:26]     OK: email=manojmalik1965@gmail.com | phone=6044353360 | city=Delta | prov=BC
[04:19:28]   [2186/3703] Daniela Rojano Correa (R709847)
[04:19:28]     OK: email=daniela_rojano@hotmail.com | phone=9054413167 | city=Whitby | prov=ON
[04:19:30]   [2187/3703] Kafiluddin Haider (R712968)
[04:19:30]     OK: email=artxpress@rogers.com | phone=4165609428 | city=Richmond Hill | prov=ON
[04:19:33]   [2188/3703] Osei Bonsu (R525327)
[04:19:33]     OK: email=Bbonsu55@gmail.com | phone=011233558238668 | city=Accra
[04:19:35]   [2189/3703] Olivier Murgier (R706562)
[04:19:35]     OK: email=olivier@mosaic-immigration.ca | city=Dartmouth | prov=NS
[04:19:37]   [2190/3703] Xin Gao (R1033240)
[04:19:37]     OK: email=wanderingscholar.visaedu@gmail.com | phone=6047296919 | city=Vancouver | prov=BC
[04:19:40]   [2191/3703] Andrew Vanslyke (R510847)
[04:19:40]     OK: email=andrew.vanslyke@gv5consulting.ca | phone=8763322864 | city=Kirkland Lake | prov=ON
[04:19:42]   [2192/3703] Syed Taqi Zaidi (R710374)
[04:19:42]     OK: email=szaidi@hartzimmigration.com | phone=4039983681 | city=Calgary | prov=AB
[04:19:44]   [2193/3703] Manan Gupta (R713020)
[04:19:45]     OK: (minimal data)
[04:19:48]   [2194/3703] Willian Brito Santos (R531759)
[04:19:48]     OK: email=willianbs01@gmail.com | phone=7786862071 | city=Port Coquitlam | prov=BC
[04:19:50]   [2195/3703] Mohamed Rachid Trissia (R420535)
[04:19:50]     OK: email=info@pro-immigration.ca | phone=5145581541 | city=Montreal | prov=QC
[04:19:53]   [2196/3703] Sean Tangsoc (R532855)
[04:19:53]     OK: email=sonderimmigration@gmail.com | phone=4036126707 | city=Victoria | prov=BC
[04:19:56]   [2197/3703] Sunita Sharma (R532149)
[04:19:56]     OK: email=kishkindha_s@hotmail.com | phone=7788875591 | city=Surrey | prov=BC
[04:19:59]   [2198/3703] Sharini Wijeyesekera (R705609)
[04:19:59]     OK: email=sharinimw@gmail.com | phone=6479134320 | city=Mississauga | prov=ON
[04:20:01]   [2199/3703] Elizabeth Monroe (R514308)
[04:20:01]     OK: email=liz@cpiinc.ca | phone=4168431209 | city=Shediac | prov=NB
[04:20:05]   [2200/3703] Yixin Jiang (R705566)
[04:20:05]     OK: email=krystaljiang@hotmail.com | phone=6479844048 | city=Toronto | prov=ON
[04:20:07]   [2201/3703] Amédomé Guidi (R712173)
[04:20:07]     OK: email=LEORIGIN@YAHOO.COM | phone=4384028432 | city=Petawawa | prov=ON
[04:20:10]   [2202/3703] Vanessa Loughlin (R513127)
[04:20:10]     OK: email=vanessa.loughlin@gmail.com | phone=6047543693 | city=North Vancouver | prov=BC
[04:20:13]   [2203/3703] Akshar Mistry (R706304)
[04:20:13]     OK: email=akshar.mistry@gmail.com | phone=2508997054 | city=Kelowna | prov=BC
[04:20:16]   [2204/3703] Navpreet Aujla (R708691)
[04:20:16]     OK: city=Brampton | prov=ON
[04:20:19]   [2205/3703] Ranielia De Dios (R533325)
[04:20:19]     OK: email=ranierose@yahoo.com | phone=5877850441 | city=Sherwood Park | prov=AB
[04:20:22]   [2206/3703] Jo Balbiran (R509354)
[04:20:22]     OK: city=Lloydminster | prov=AB
[04:20:25]   [2207/3703] Renate Sedlmeier (R508905)
[04:20:26]     OK: email=immigration@germanchamber.ca | phone=4165987082 | city=Toronto | prov=ON
[04:20:28]   [2208/3703] Elena Anca Tismanariu (R420447)
[04:20:28]     OK: email=agti_recrutement@sympatico.ca | phone=5147022556 | city=Montreal | prov=QC
[04:20:31]   [2209/3703] Amitkumar Rameshchandra Trivedi (R731316)
[04:20:31]     OK: city=Etobicoke | prov=ON
[04:20:34]   [2210/3703] Xiaoling Jian (R526901)
[04:20:34]     OK: city=Markham | prov=ON
[04:20:36]   [2211/3703] Merlita Ryder (R514190)
[04:20:36]     OK: city=9408-105th AvenueFort Saint John
[04:20:39]   [2212/3703] Gurdeep Kaur (R710776)
[04:20:39]     OK: email=gurdeepkaur310@gmail.com | phone=6475330005 | city=Brampton | prov=ON
[04:20:41]   [2213/3703] Alexander Kim (R709934)
[04:20:41]     OK: email=akim@hbiconsult.com | phone=7789512472 | city=Surrey | prov=BC
[04:20:45]   [2214/3703] Varshaben Suthar (R535263)
[04:20:45]     OK: email=vtrupa@gmail.com | phone=6477122331 | city=Scarborough | prov=ON
[04:20:48]   [2215/3703] Rohish Sharma (R535251)
[04:20:48]     OK: email=rohishsharma81@gmail.com | phone=2042930805 | city=Winnipeg | prov=MB
[04:20:51]   [2216/3703] Amadou Bah (R706709)
[04:20:51]     OK: email=amadoub.bah@gmail.com | phone=5148859742 | city=Chicoutimi | prov=QC
[04:20:54]   [2217/3703] Sebastian Mundarain Parra (R711929)
[04:20:54]     OK: email=sebastianmundarain@gmail.com | phone=6138620027 | city=Ottawa | prov=ON
[04:20:57]   [2218/3703] Liseth Ibanez (R706340)
[04:20:58]     OK: email=lisethfernanda18@hotmail.com | phone=7809665679 | city=Edmonton | prov=AB
[04:21:01]   [2219/3703] Syed Javed Hussain (R706130)
[04:21:01]     OK: city=Scarborough | prov=ON
[04:21:03]   [2220/3703] Earl Melfri Acenas (R516822)
[04:21:03]     OK: email=EARLACENAS@ACENASIMMIGRATION.CA | phone=5794235999 | city=Montreal | prov=QC
[04:21:06]   [2221/3703] Jaswinderpal Gill (R522825)
[04:21:06]     OK: email=jesse.gill@ZipThruBorders.com | phone=7807100909 | city=Edmonton | prov=AB
[04:21:08]   [2222/3703] Janet Yates (R421783)
[04:21:08]     OK: email=ca@canadavisainfo.com | phone=4162229699 | city=Richmond Hill | prov=ON
[04:21:10]   [2223/3703] Huanqi Li (R414295)
[04:21:10]     OK: email=goldentranslation@gmail.com | phone=6047227573 | city=Surrey | prov=BC
[04:21:13]   [2224/3703] Magandeep Dhillon (R705748)
[04:21:13]     OK: email=magandeep.dhillon@gmail.com | phone=7787842425 | city=Vancouver | prov=BC
[04:21:15]   [2225/3703] Navdeep Bal (R710987)
[04:21:15]     OK: email=nbal2146@gmail.com | phone=4166484173 | city=Brampton | prov=ON
[04:21:19]   [2226/3703] April Sanders (R1034382)
[04:21:19]     OK: email=aprillouisesanders@gmail.com | phone=4039710451 | city=Calgary | prov=AB
[04:21:22]   [2227/3703] Alireza Boroumand (R506310)
[04:21:22]     OK: email=Iconimmigration.group@gmail.com | phone=6047702404 | city=North Vancouver | prov=BC
[04:21:25]   [2228/3703] May Chai (R710840)
[04:21:25]     OK: email=mayzchai@gmail.com | phone=4164599662 | city=Richmond Hill | prov=ON
[04:21:28]   [2229/3703] Shamsheer Sran (R533533)
[04:21:28]     OK: email=hello@rvic.ca | phone=6046147842 | city=Abbotsford | prov=BC
[04:21:31]   [2230/3703] Akhil Jain (R710455)
[04:21:31]     OK: email=jain.akhil2511@gmail.com | phone=7783189184 | city=Surrey | prov=BC
[04:21:33]   [2231/3703] Ramanpreet Deo (R711004)
[04:21:33]     OK: email=deox1880@mylaurier.ca | phone=9739306930 | city=Brampton | prov=ON
[04:21:36]   [2232/3703] Catherine Buitenweg (R519546)
[04:21:36]     OK: city=Port Coquitlam | prov=BC
[04:21:38]   [2233/3703] Yu Dong Li (R509081)
[04:21:38]     OK: email=isabel.li.5241@gmail.com | phone=6478919311 | city=Toronto | prov=ON
[04:21:41]   [2234/3703] Murat Kocak (R707694)
[04:21:41]     OK: email=contact@mckimmigrationcanada.com | phone=6479708236 | city=Toronto | prov=ON
[04:21:44]   [2235/3703] Julia Brodyansky (R408231)
[04:21:44]     OK: email=jbrodyansky@gmail.com | phone=6478686824 | city=Richmond Hill | prov=ON
[04:21:47]   [2236/3703] Juvilyn Arellano (R709629)
[04:21:47]     OK: email=arellanojuvilyn@rocketmail.com | phone=4038294111 | city=Calgary | prov=AB
[04:21:50]   [2237/3703] Liyana Arachchige Eranga De Silva (R708976)
[04:21:50]     OK: email=desilva.laed@gmail.com | phone=6473272261 | city=Niagara Falls | prov=ON
[04:21:53]   [2238/3703] Liz Mathew (R705420)
[04:21:53]     OK: email=lizcjohnson@hotmail.com | phone=9057821230 | city=Etobicoke | prov=ON
[04:21:56]   [2239/3703] Harpreet Kaur (R708441)
[04:21:56]     OK: city=Brampton | prov=ON
[04:22:00]   [2240/3703] Anmol Aggarwal (R708965)
[04:22:00]     OK: email=aggarwalanmol01996@gmail.com | phone=9059565700 | city=Brampton | prov=ON
[04:22:03]   [2241/3703] Mohammad Gani (R530501)
[04:22:03]     OK: email=info@mlgimmigration.com | phone=7808024035 | city=Edmonton | prov=AB
[04:22:07]   [2242/3703] Shi He Tang (R713092)
[04:22:07]     OK: city=Richmond Hill | prov=ON
[04:22:10]   [2243/3703] Hamza Achkor (R711452)
[04:22:10]     OK: email=achkor.hamza@gmail.com | phone=5145120675 | city=Laval | prov=QC
[04:22:13]   [2244/3703] Zulima Del Carmen Machado Rojo (R535921)
[04:22:13]     OK: email=info@zumaimmigration.com | phone=4388242229 | city=Montreal | prov=QC
[04:22:16]   [2245/3703] Jeshel Joyohoy (R533043)
[04:22:16]     OK: email=jajoyohoy@yahoo.com | phone=5879873122 | city=Edmonton | prov=AB
[04:22:19]   [2246/3703] Enreet Mann (R709669)
[04:22:19]     OK: email=mitt@mittmigration.ca | city=Edmonton | prov=AB
[04:22:22]   [2247/3703] Radhika Ichhpuniani (R713100)
[04:22:22]     OK: email=radhika@homeportimmigration.ca | phone=5063779387 | city=Moncton | prov=NB
[04:22:24]   [2248/3703] Harmandeep Dhillon (R508094)
[04:22:25]     OK: email=dhillon@starimmigration.com | phone=9054573131 | city=Brampton | prov=ON
[04:22:27]   [2249/3703] Murid Abbas Malik (R509156)
[04:22:27]     OK: email=malik_unv@yahoo.ca | phone=4166174252 | city=Toronto | prov=ON
[04:22:30]   [2250/3703] Kate Simms (R713081)
[04:22:30]     OK: email=katesimms12@gmail.com | phone=7097645990 | city=Lusail
[04:22:32]   [2251/3703] Stella Jonah (R515087)
[04:22:32]     OK: email=info@eagleviewimmigration.com | phone=6479251936 | city=Chatham | prov=ON
[04:22:35]   [2252/3703] Ying Ting (R420439)
[04:22:35]     OK: email=jenniferyingting@gmail.com | phone=6475888852 | city=Toronto | prov=ON
[04:22:37]   [2253/3703] Sharmina Arip (R706399)
[04:22:37]     OK: email=sharmina.arip@yahoo.ca | phone=4319992789 | city=Winnipeg | prov=MB
[04:22:40]   [2254/3703] Kamal Channi (R408775)
[04:22:41]     OK: email=kamal.channi@gmail.com | phone=6474773673 | city=Toronto | prov=ON
[04:22:44]   [2255/3703] Dhara Vyas (R711702)
[04:22:44]     OK: email=vyasdhara21@gmail.com | phone=5068993336 | city=Caledon | prov=ON
[04:22:47]   [2256/3703] Joselito Dela Cruz (R712491)
[04:22:47]     OK: email=joseyvr20@gmail.com | phone=7785120188 | city=Richmond | prov=BC
[04:22:50]   [2257/3703] Garima Sood (R709599)
[04:22:50]     OK: email=garima_sood1@hotmail.com | phone=6473091404 | city=Brampton | prov=ON
[04:22:53]   [2258/3703] Hemant Kaushal (R712462)
[04:22:54]     OK: city=Calgary | prov=AB
[04:22:56]   [2259/3703] Samir Sleiman (R514492)
[04:22:56]     OK: email=SLEIMAN.SAM@GMAIL.COM | phone=7804572333 | city=Edmonton | prov=AB
[04:22:59]   [2260/3703] John Tola (R707952)
[04:22:59]     OK: email=info@jtolaimmigrationservices.ca | phone=7783927353 | city=Kelowna | prov=BC
[04:23:01]   [2261/3703] Sheryl Pham (R533473)
[04:23:01]     OK: (minimal data)
[04:23:04]   [2262/3703] Joe Greenholtz (R411319)
[04:23:04]     OK: email=joe@hjgconsulting.com | phone=6042412432 | city=Coquitlam | prov=BC
[04:23:07]   [2263/3703] Mina George Sha Ibrahim (R534397)
[04:23:07]     OK: email=Info@minaibrahimimmigration.com | phone=6477719488 | city=Brampton | prov=ON
[04:23:10]   [2264/3703] Simran Jot Singh (R708776)
[04:23:10]     OK: email=simranjotsingh@outlook.in | phone=6046174480 | city=Surrey | prov=BC
[04:23:12]   [2265/3703] Meng (Kevin) Zhang (R515945)
[04:23:12]     OK: email=payment@canadavisabang.com | phone=9056046577 | city=Markham | prov=ON
[04:23:15]   [2266/3703] Palak Bedi (R706281)
[04:23:15]     OK: email=palakbedi1987@gmail.com | phone=4034979853 | city=Calgary | prov=AB
[04:23:18]   [2267/3703] Inderpreet Deol (R711410)
[04:23:18]     OK: email=inderpreetdeol89@gmail.com | phone=5195892563 | city=Kitchener | prov=ON
[04:23:21]   [2268/3703] Simranjeet Sadiora (R708160)
[04:23:21]     OK: email=simran.sadiora86@gmail.com | phone=7785982587 | city=Abbotsford | prov=BC
[04:23:23]   [2269/3703] Alexis Chouinard-Ruest (R1032099)
[04:23:23]     OK: city=Quebec | prov=QC
[04:23:26]   [2270/3703] Sophie Aubugeau (R423143)
[04:23:26]     OK: email=saphire.services@yahoo.com | phone=+33622446221 | city=Soulac
[04:23:28]   [2271/3703] Egidija Benotiene (R520583)
[04:23:28]     OK: email=egita.benotas@gmail.com | phone=4169861273 | city=Toronto | prov=ON
[04:23:31]   [2272/3703] Jatin Bhagat (R713220)
[04:23:31]     OK: email=jatinrb80@yahoo.com | phone=6472480352 | city=Brampton | prov=ON
[04:23:34]   [2273/3703] Hyeyung Park (R511417)
[04:23:34]     OK: email=victoria0803@gmail.com | phone=780-240-3091
[04:23:38]   [2274/3703] Lakhvinder Kaur (R712703)
[04:23:38]     OK: email=Info@lacanadianimmigration.ca | phone=4034129191
[04:23:41]   [2275/3703] Navneet Parmar (R706372)
[04:23:41]     OK: email=navneetparmar31@yahoo.ca | phone=5873507850 | city=Calgary | prov=AB
[04:23:44]   [2276/3703] Monika Bhurji (R706584)
[04:23:44]     OK: email=highviewimmigration@gmail.com | phone=7788895337 | city=Surrey | prov=BC
[04:23:46]   [2277/3703] Pankaj Sharma Bhardwaj Dutt (R708706)
[04:23:46]     OK: email=pankaj.291991@gmail.com | phone=4033977078 | city=Calgary | prov=AB
[04:23:50]   [2278/3703] Ali Hedayati (R531469)
[04:23:50]     OK: email=alihedayati@hotmail.com | phone=6042006060 | city=Vancouver | prov=BC
[04:23:52]   [2279/3703] Ted Yen Jenyu Lem (R533417)
[04:23:52]     OK: email=Ted-Lem@outlook.com | phone=6473251833 | city=North York | prov=ON
[04:23:55]   [2280/3703] Samir Fayad (R711323)
[04:23:55]     OK: city=Montreal | prov=QC
[04:23:58]   [2281/3703] Jack Hui (R412167)
[04:23:58]     OK: email=jackhui@intercanor.com | phone=3067817055 | city=Regina | prov=SK
[04:24:00]   [2282/3703] Henry Goslett (R411279)
[04:24:01]     OK: email=hgoslett@bizimmigration.com | phone=4163681222 | city=Toronto | prov=ON
[04:24:03]   [2283/3703] Mohit Thapar (R708673)
[04:24:03]     OK: email=info@canproimmigration.ca | phone=7787231195 | city=Surrey | prov=BC
[04:24:06]   [2284/3703] Xueping Situ (R534185)
[04:24:06]     OK: email=christysitu8@gmail.com | phone=4164942888 | city=Toronto | prov=ON
[04:24:09]   [2285/3703] Jayavadee Sooben (R532845)
[04:24:09]     OK: email=info@jsimmigration.net | phone=6043139885 | city=Langley | prov=BC
[04:24:12]   [2286/3703] Yordano Noriega (R712043)
[04:24:12]     OK: email=yordanonoriega@hotmail.com | phone=5197015965 | city=London | prov=ON
[04:24:14]   [2287/3703] Catherine Lamonde (R705424)
[04:24:14]     OK: email=catherine.lamonde@lamonde.ca | phone=5144359949 | city=Montreal | prov=QC
[04:24:17]   [2288/3703] Robert Dykstra (R526291)
[04:24:17]     OK: email=robert@bondimm.ca | phone=2042894347 | city=Winnipeg | prov=MB
[04:24:20]   [2289/3703] Mandeep Singh (R712680)
[04:24:20]     OK: email=itzmanny@gmail.com | phone=5149917509 | city=Ottawa | prov=ON
[04:24:22]   [2290/3703] Mai Habib (R527505)
[04:24:22]     OK: email=aml_96@yahoo.com | phone=9052796663 | city=Etobicoke | prov=ON
[04:24:25]   [2291/3703] Gurpreet Khaira (R413175)
[04:24:25]     OK: email=gurpreet@cwccanada.com | phone=9054587707 | city=Brampton | prov=ON
[04:24:28]   [2292/3703] Surpreet Kaur Sandhu Dhiman (R707684)
[04:24:28]     OK: email=info@wsisl.ca | phone=7804330109 | city=Edmonton | prov=AB
[04:24:30]   [2293/3703] Jagan Kumar Sivaramakrishnan (R706271)
[04:24:30]     OK: email=towardscanada@outlook.com | phone=6476549783 | city=Mississauga | prov=ON
[04:24:34]   [2294/3703] Sarah Syed (R706688)
[04:24:34]     OK: email=Sarah.Obaid@inteco.ca | phone=2049524607 | city=Winnipeg | prov=MB
[04:24:37]   [2295/3703] Million Tafesse (R420031)
[04:24:37]     OK: email=mtafesse@ciecsi.org | phone=4033987203 | city=Calgary | prov=AB
[04:24:40]   [2296/3703] Florence Mfoafo Mcarthy (R415615)
[04:24:40]     OK: email=afoamcarthy@yahoo.ca | phone=4039032973 | city=Fort Saskatchewan | prov=AB
[04:24:43]   [2297/3703] Priya Khurana (R709933)
[04:24:43]     OK: city=Edmonton | prov=AB
[04:24:46]   [2298/3703] Irma Maier (R415039)
[04:24:46]     OK: email=i.maier@cciss.ca | phone=2048229773 | city=Morden | prov=MB
[04:24:49]   [2299/3703] Batoul Rezaie (R706346)
[04:24:49]     OK: email=info@rezaieimmigration.com | phone=6478491180 | city=Toronto | prov=ON
[04:24:52]   [2300/3703] Ka Ying Wong (R711935)
[04:24:52]     OK: email=emailkennes@gmail.com | phone=85295491368 | city=Central
[04:24:54]   [2301/3703] Faryal Hussain (R532651)
[04:24:54]     OK: email=Faryal@cicadvice.com | phone=6478775247 | city=Mississauga | prov=ON
[04:24:57]   [2302/3703] Kimberly Kerloff (R517406)
[04:24:57]     OK: email=kimberlykerloff@gmail.com | city=Regina | prov=SK
[04:25:00]   [2303/3703] Sarabjeet Kaur (R706630)
[04:25:00]     OK: email=info@reviveimmigration.com | phone=+1 506 800 9200
[04:25:03]   [2304/3703] Ana Martins (R709816)
[04:25:03]     OK: email=anacmartinsba@gmail.com | phone=5878890695 | city=Calgary | prov=AB
[04:25:05]   [2305/3703] Faheem Anwar (R406959)
[04:25:05]     OK: email=cdismontreal@hotmail.com | phone=5142270290 | city=Montreal | prov=QC
[04:25:08]   [2306/3703] Vitalii Vovk (R708208)
[04:25:08]     OK: email=vovkimmigration@outlook.com | phone=7787000228 | city=Vancouver | prov=BC
[04:25:10]   [2307/3703] Yuki Shiraishi (R419175)
[04:25:10]     OK: email=yuki1@visajpcanada.com | phone=6046845772 | city=Vancouver | prov=BC
[04:25:13]   [2308/3703] Rupali Gulati (R508731)
[04:25:13]     OK: email=rupalisgulati@gmail.com | phone=4162680596 | city=Oakville | prov=ON
[04:25:16]   [2309/3703] Van Duy Khiem Le (R707018)
[04:25:16]     OK: phone=2048986626
[04:25:18]   [2310/3703] Neha Vig (R707096)
[04:25:18]     OK: email=wonderlandimmigration@gmail.com | phone=4747749008 | city=Saskatoon | prov=SK
[04:25:21]   [2311/3703] Gagandeep Kaur Sidhu (R710133)
[04:25:21]     OK: email=gaganghuman31@hotmail.com | phone=6476421332 | city=Mississauga | prov=ON
[04:25:25]   [2312/3703] Miao Yu (R712370)
[04:25:25]     OK: email=monreve2014@gmail.com | phone=9029695046 | city=Montague | prov=PE
[04:25:28]   [2313/3703] Md Omar Faruk Khan (R707605)
[04:25:28]     OK: email=info@okimmigration.ca | phone=4039039013 | city=Calgary | prov=AB
[04:25:31]   [2314/3703] Vikas Chauhan (R731462)
[04:25:31]     OK: phone=+1 437 365 4321 | city=Toronto | prov=ON
[04:25:33]   [2315/3703] Tejinder Singh (R706202)
[04:25:33]     OK: email=lakhdeep1982@gmail.com | phone=4034730518 | city=Calgary | prov=AB
[04:25:36]   [2316/3703] Daljit Kalkat (R708009)
[04:25:36]     OK: phone=6043005577 | city=Abbotsford | prov=BC
[04:25:39]   [2317/3703] Deepak Kohli (R413599)
[04:25:39]     OK: city=Brampton | prov=ON
[04:25:42]   [2318/3703] Jing Yi (Selena) Lliu (R707332)
[04:25:42]     OK: email=twinwayimmigration@gmail.com | phone=7788833107 | city=Burnaby | prov=BC
[04:25:45]   [2319/3703] Harvinder Kaur (R711415)
[04:25:45]     OK: city=Edmonton | prov=AB
[04:25:48]   [2320/3703] Eric Katz (R412975)
[04:25:48]     OK: email=info@migrationtocanada.com | phone=4163639977 | city=Toronto | prov=ON
[04:25:50]   [2321/3703] Lina Liu (R526911)
[04:25:50]     OK: email=mingliang234432@hotmail.com | phone=7788653228 | city=Burnaby | prov=BC
[04:25:53]   [2322/3703] Jessie Tuldague (R514170)
[04:25:53]     OK: email=jessietuldague@yahoo.ca | phone=6479214315 | city=Toronto | prov=ON
[04:25:55]   [2323/3703] David Leblanc (R413999)
[04:25:56]     OK: (minimal data)
[04:25:58]   [2324/3703] Jennifer Hay (R710190)
[04:25:58]     OK: email=jhay@debakkerlaw.ca | phone=8073452356 | city=Thunder Bay | prov=ON
[04:26:01]   [2325/3703] Yasuyo Yagi (R533211)
[04:26:01]     OK: email=yasuyo_kawanishi@hotmail.com | phone=6046845709 | city=Richmond | prov=BC
[04:26:04]   [2326/3703] Philip Mooney (R406239)
[04:26:04]     OK: email=pm1@bellnet.ca | phone=2897727832 | city=Burlington | prov=ON
[04:26:07]   [2327/3703] Jiwan Jyoti (R712964)
[04:26:07]     OK: email=jyoti.arora301@gmail.com | phone=6476432060 | city=Regina | prov=SK
[04:26:10]   [2328/3703] Ying Zhang (R525698)
[04:26:10]     OK: email=zhangying719@gmail.com | phone=7097495286 | city=Saint John's | prov=NL
[04:26:13]   [2329/3703] Aileen Farrol (R410623)
[04:26:13]     OK: email=aileen@farrolconsulting.com | city=Kitchener | prov=ON
[04:26:16]   [2330/3703] Kimia Moshirifar (R534895)
[04:26:16]     OK: city=202A
[04:26:19]   [2331/3703] Valerie Kouangue Djapa (R708863)
[04:26:19]     OK: email=valeriedjapa@vi2vals-immigration.ca | phone=5149698002 | city=Baie-Comeau | prov=QC
[04:26:22]   [2332/3703] Shubham (Sam) Bhanot (R731497)
[04:26:23]     OK: email=shubhambhanot1980@gmail.com | phone=6478808801 | city=Etobicoke | prov=ON
[04:26:25]   [2333/3703] Agatha Roldan (R417935)
[04:26:25]     OK: email=agatha.roldan@gmail.com | phone=6047825001 | city=Toronto | prov=ON
[04:26:27]   [2334/3703] Denis Korobov (R508008)
[04:26:27]     OK: email=denis.k@cwrvisa.ca | phone=7789991826 | city=Vancouver | prov=BC
[04:26:30]   [2335/3703] Ly Bich Tram Nguyen (R712760)
[04:26:30]     OK: email=INFO@LUATCANADA.COM | phone=2899331673 | city=Hamilton | prov=ON
[04:26:33]   [2336/3703] Marjorie Newman (R506273)
[04:26:33]     OK: city=Edmonton | prov=AB
[04:26:35]   [2337/3703] Sandra Peters (R526605)
[04:26:35]     OK: email=sandra.peters33@gmail.com | phone=4165880069 | city=Toronto | prov=ON
[04:26:39]   [2338/3703] Nav Aman Deep Singh (R711283)
[04:26:39]     OK: email=ns@pulsarimmigration.com | phone=4379879553 | city=Brampton | prov=ON
[04:26:42]   [2339/3703] Joytvinder Bhatti (R710421)
[04:26:42]     OK: city=Edmonton | prov=AB
[04:26:45]   [2340/3703] Kamalpreet  Kaur Sagoo (R708650)
[04:26:45]     OK: email=lotus2510@gmail.com | phone=5875001187 | city=Calgary | prov=AB
[04:26:48]   [2341/3703] Donald Vega Ponce (R529881)
[04:26:48]     OK: email=donald_vega@yahoo.com | phone=7786289460 | city=Richmond | prov=BC
[04:26:50]   [2342/3703] Bockarie Banya (R707797)
[04:26:50]     OK: email=contact@freetownimmigration.com | phone=2262218197 | city=Windsor | prov=ON
[04:26:53]   [2343/3703] Bassey Ewa (R707792)
[04:26:53]     OK: email=polarlandimmigration@gmail.com | phone=7808380454 | city=Fort McMurray | prov=AB
[04:26:55]   [2344/3703] Lei Chen (R712970)
[04:26:55]     OK: city=Scarborough | prov=ON
[04:26:58]   [2345/3703] Catherine Kavanagh-Despatie (R512877)
[04:26:58]     OK: email=ckavanagh@pfcollins.com | phone=7097386523 | city=Saint John's | prov=NL
[04:27:01]   [2346/3703] Rakesh Sharma (R418999)
[04:27:01]     OK: email=alliance67@gmail.com | phone=6047251234 | city=White Rock | prov=BC
[04:27:03]   [2347/3703] Smithamol Prakash (R711471)
[04:27:04]     OK: email=smithaanishnair@gmail.com | phone=7789518731 | city=Surrey | prov=BC
[04:27:06]   [2348/3703] John Puthenpurayil (R532097)
[04:27:06]     OK: email=info@myownvisas.com | phone=437 361 5191 | city=Toronto | prov=ON
[04:27:09]   [2349/3703] Gillian Gay (R712962)
[04:27:09]     OK: email=gilliangay@hotmail.com | phone=3065014144 | city=Regina | prov=SK
[04:27:11]   [2350/3703] Bavneet Kaur Amloh (R731721)
[04:27:11]     OK: city=Brampton | prov=ON
[04:27:14]   [2351/3703] Sharanjit Singh (R706581)
[04:27:14]     OK: email=sharanjit1986@gmail.com | phone=3065910922 | city=Windsor | prov=ON
[04:27:16]   [2352/3703] Brian Lai (R525683)
[04:27:16]     OK: email=brianylai1204@gmail.com | phone=3433331407 | city=Toronto | prov=ON
[04:27:19]   [2353/3703] Anna Maria Argel (R535419)
[04:27:19]     OK: city=Barrie | prov=ON
[04:27:22]   [2354/3703] Gurpreet Singh Jagdev (R706599)
[04:27:22]     OK: email=gsj@seahawkimmigration.com | phone=3064700213 | city=Victoria | prov=BC
[04:27:24]   [2355/3703] Oscar Burillo Gonzalez (R707278)
[04:27:24]     OK: city=Richmond Hill | prov=ON
[04:27:27]   [2356/3703] Damandeep Brar (R706503)
[04:27:27]     OK: email=info@brarzimmigration.ca | phone=6043003678 | city=Abbotsford | prov=BC
[04:27:30]   [2357/3703] Ankur Arora (R518980)
[04:27:30]     OK: email=ankur@asquareimmi.com | phone=6479528032 | city=Toronto | prov=ON
[04:27:32]   [2358/3703] Kateryna Grinshpon (R713086)
[04:27:32]     OK: email=kate.grinshpon@gmail.com | phone=4037024004 | city=Calgary | prov=AB
[04:27:35]   [2359/3703] Md. Shabbir Imam (R707599)
[04:27:36]     OK: city=Surrey | prov=BC
[04:27:38]   [2360/3703] Febin Tom (R531841)
[04:27:38]     OK: email=febintom@gmail.com | phone=6476550655 | city=Scarborough | prov=ON
[04:27:41]   [2361/3703] Cosima Mcdonald (R710878)
[04:27:41]     OK: phone=4373530500 | city=Sarnia | prov=ON
[04:27:43]   [2362/3703] Shruti Mutneja (R710270)
[04:27:43]     OK: email=owraimmigration@gmail.com | phone=5879685101 | city=Calgary | prov=AB
[04:27:46]   [2363/3703] Vineet Bansal (R533191)
[04:27:47]     OK: phone=647-786-8971 | city=Mississauga | prov=ON
[04:27:49]   [2364/3703] Taj Uddin (R515430)
[04:27:49]     OK: city=Calgary | prov=AB
[04:27:52]   [2365/3703] Taelim Kim (R524774)
[04:27:52]     OK: email=rcic@bloomimm.com | phone=6046158742 | city=Vancouver | prov=BC
[04:27:54]   [2366/3703] Bhawandeep Singh (R731178)
[04:27:54]     OK: email=info@leoimmigrations.ca | phone=7802030062 | city=Edmonton | prov=AB
[04:27:56]   [2367/3703] Precious Jakaza (R711583)
[04:27:56]     OK: email=pjakaza@gmail.com | phone=7789919843 | city=Surrey | prov=BC
[04:27:59]   [2368/3703] Prabhjot Bhatia (R710993)
[04:27:59]     OK: email=INFO.RIVERPOOLIMMIGRATION@GMAIL.COM | phone=4166170684 | city=Brampton | prov=ON
[04:28:02]   [2369/3703] Rajbir Singh (R709597)
[04:28:02]     OK: email=rajbir.dhillon80@hotmail.com | phone=4036300225 | city=Calgary | prov=AB
[04:28:04]   [2370/3703] Maria Perreault (R417191)
[04:28:04]     OK: email=ladymariaperreault@hotmail.com | phone=4169322294 | city=Toronto | prov=ON
[04:28:08]   [2371/3703] Manpreet Kaur (R711027)
[04:28:08]     OK: email=rcic@plicanada.com | phone=6043324321 | city=Surrey | prov=BC
[04:28:11]   [2372/3703] Arashdeep Kaur (R1034406)
[04:28:11]     OK: city=Woodstock | prov=ON
[04:28:14]   [2373/3703] Qingyu Liu (R731362)
[04:28:14]     OK: email=imm_rockyliu@hotmail.com | phone=2269751471 | city=Whitchurch-Stouffville | prov=ON
[04:28:17]   [2374/3703] Surya Arora (R525811)
[04:28:17]     OK: email=surya.arora3@gmail.com | phone=6048970195 | city=Surrey | prov=BC
[04:28:20]   [2375/3703] Zahra Forghani (R534735)
[04:28:20]     OK: email=info@forvisa.ca | city=Coquitlam | prov=BC
[04:28:22]   [2376/3703] Rehman-Ullah Khan (R507838)
[04:28:23]     OK: email=aalaa_conseil@live.co.uk | phone=4167105608 | city=Kitchener | prov=ON
[04:28:25]   [2377/3703] Abbas Ghods (R731561)
[04:28:25]     OK: email=abs_ghods@yahoo.com | phone=6475001833 | city=Toronto | prov=ON
[04:28:28]   [2378/3703] Gina Byun (R1034854)
[04:28:28]     OK: city=Toronto | prov=ON
[04:28:31]   [2379/3703] Osama Abbas (R705448)
[04:28:31]     OK: email=laraibimmigration@gmail.com | phone=2899527854 | city=Mississauga | prov=ON
[04:28:34]   [2380/3703] Laurence Darles (R713009)
[04:28:34]     OK: email=laurence.darles.artim@gmail.com | phone=8194306598 | city=Montreal | prov=QC
[04:28:37]   [2381/3703] Mario Ghafari (R731395)
[04:28:37]     OK: city=Ottawa | prov=ON
[04:28:40]   [2382/3703] Yvonne Chow (R512694)
[04:28:40]     OK: email=iccrc.yvonne@gmail.com | phone=6478333883 | city=Whitchurch-Stouffville | prov=ON
[04:28:42]   [2383/3703] Rakesh Ahuja (R706489)
[04:28:43]     OK: email=ahujaimmigration@gmail.com | phone=7788837420 | city=Surrey | prov=BC
[04:28:46]   [2384/3703] Shruti Chadha (R531395)
[04:28:46]     OK: email=info@ybric.com | phone=6472614166 | city=Surrey | prov=BC
[04:28:48]   [2385/3703] Svetlana Balaba (R523803)
[04:28:48]     OK: email=svetlana.balaba@gmail.com | phone=4169497196 | city=Toronto | prov=ON
[04:28:51]   [2386/3703] Nejib Dermech (R709027)
[04:28:51]     OK: email=nejib.dermech@gmail.com | phone=5147143906 | city=Montreal | prov=QC
[04:28:55]   [2387/3703] Wali Farah (R410543)
[04:28:55]     OK: email=wfarah@rogers.com | phone=6132527331 | city=Ottawa | prov=ON
[04:28:57]   [2388/3703] Inderjit Singh Gill (R707249)
[04:28:57]     OK: email=indergillca@gmail.com | phone=2048981076 | city=Winnipeg | prov=MB
[04:29:01]   [2389/3703] Gwenda Van Veldhuizen - Helmig (R420775)
[04:29:01]     OK: email=veldhuizen@visa4you.nl | phone=+31-528-391111 | city=Pieperij 11Veeningen
[04:29:04]   [2390/3703] Maksim Gonyakin (R519863)
[04:29:04]     OK: email=poboxtoronto@gmail.com | phone=4168574957 | city=Toronto | prov=ON
[04:29:07]   [2391/3703] Sarabjit Dhadwal (R530457)
[04:29:07]     OK: email=sjdhadwal@yahoo.com | phone=7789865394 | city=Abbotsford | prov=BC
[04:29:11]   [2392/3703] Qiuling Wu (R513240)
[04:29:11]     OK: email=Qiuling.Wu@dal.ca | phone=9024941566 | city=Halifax | prov=NS
[04:29:14]   [2393/3703] Danijela Golic (R712739)
[04:29:14]     OK: email=golicd01@gmail.com | city=New Westminster | prov=BC
[04:29:17]   [2394/3703] Selim Koyuncu (R413679)
[04:29:17]     OK: email=sal@masterimmigrationservices.ca | city=Vancouver | prov=BC
[04:29:20]   [2395/3703] Vickneswary Aingkaran (R533593)
[04:29:20]     OK: email=vicky.aingkaran@gmail.com | phone=6479893136 | city=Richmond Hill | prov=ON
[04:29:22]   [2396/3703] Murtala Yusuf (R532289)
[04:29:22]     OK: email=mbyusuf@hotmail.com | phone=7808819919 | city=Fort McMurray | prov=AB
[04:29:24]   [2397/3703] Angela Ogundele (R705930)
[04:29:24]     OK: email=angelaa.jacobs@yahoo.ca | phone=9053470037 | city=Thorold | prov=ON
[04:29:27]   [2398/3703] Sarina Sidhu (R710720)
[04:29:27]     OK: email=sarina_sidhu@yahoo.com | phone=4385222327 | city=Pointe-Claire | prov=QC
[04:29:30]   [2399/3703] Yong Yu (R706621)
[04:29:30]     OK: email=frank@cedarhill.io | city=Ottawa | prov=ON
[04:29:34]   [2400/3703] Rajan Thind (R707268)
[04:29:34]     OK: email=Rthind101@gmail.com | phone=6048976458 | city=Surrey | prov=BC
[04:29:37]   [2401/3703] Biao Wang (R534583)
[04:29:37]     OK: email=barry@cnvisa.ca | phone=416-888-7930 | city=Mississauga | prov=ON
[04:29:40]   [2402/3703] Lena Sokalsky (R706602)
[04:29:40]     OK: email=lenasokalsky@gmail.com | phone=4164360548 | city=Thornhill | prov=ON
[04:29:43]   [2403/3703] Kapil Bhattarai (R534669)
[04:29:43]     OK: city=Edmonton | prov=AB
[04:29:46]   [2404/3703] Muhammad Afzal (R406487)
[04:29:46]     OK: email=afzal@asaimmigration.com | phone=3069522889 | city=Saskatoon | prov=SK
[04:29:49]   [2405/3703] Leonardo Di Leone (R508001)
[04:29:49]     OK: email=info@dileonegroup.com | phone=5873166555
[04:29:52]   [2406/3703] Azar Amirsalam (R406855)
[04:29:53]     OK: email=azaramirsalam@visascanada.com | phone=4164958170 | city=Toronto | prov=ON
[04:29:55]   [2407/3703] David Evans (R710672)
[04:29:55]     OK: email=dw.evans@gmail.com | phone=2899947242 | city=Waterloo | prov=ON
[04:29:57]   [2408/3703] Yougui Chen (R705365)
[04:29:57]     OK: (minimal data)
[04:29:59]   [2409/3703] Alieh Sabetraftar (R533485)
[04:30:00]     OK: city=Business  Address: 206- 10255 Yonge StreetRichmond Hill
[04:30:02]   [2410/3703] Farough Alimoradi (R731313)
[04:30:02]     OK: email=rockycrestvisaventures@gmail.com | phone=6139792265 | city=Stittsville | prov=ON
[04:30:05]   [2411/3703] Jose Kanjiramnilkunnathil Philip (R531583)
[04:30:05]     OK: email=dreamzhubimmigration@gmail.com | phone=6477024347 | city=Toronto | prov=ON
[04:30:07]   [2412/3703] Besma Labdazi (R711610)
[04:30:07]     OK: email=kamelbessma@gmail.com | phone=6476408234 | city=Milton | prov=ON
[04:30:10]   [2413/3703] Eunice Acquah (R533591)
[04:30:10]     OK: email=eunice@acquahimmigration.com | city=Toronto | prov=ON
[04:30:13]   [2414/3703] Cherin Lam (R706017)
[04:30:13]     OK: email=cherinlam@pierview-immigration.com | phone=6048071567 | city=Vancouver | prov=BC
[04:30:16]   [2415/3703] Rajeshwar Singh (R711697)
[04:30:16]     OK: email=RIVERGATEIMMIGRATION@GMAIL.COM
[04:30:18]   [2416/3703] Edmund Mendoza (R710211)
[04:30:18]     OK: email=e_mendoza04@yahoo.com | phone=7809098436 | city=Edmonton | prov=AB
[04:30:21]   [2417/3703] Sajan Sajan (R707927)
[04:30:21]     OK: email=Sajan.arora84@gmail.com | phone=6049615706 | city=Surrey | prov=BC
[04:30:24]   [2418/3703] Xiaoxia Sun (R531517)
[04:30:24]     OK: email=ellen25sun@gmail.com | phone=6132613579
[04:30:26]   [2419/3703] Chrismina Gracia Mortel (R707094)
[04:30:26]     OK: email=cmortel05@gmail.com | phone=4168256220 | city=Toronto | prov=ON
[04:30:28]   [2420/3703] Melanie Rivera (R506462)
[04:30:28]     OK: email=melanie@cornerstoneglobal.net | phone=7807487119 | city=Fort McMurray | prov=AB
[04:30:32]   [2421/3703] Pushpdeep Kambo (R705885)
[04:30:32]     OK: email=pushpkambo@hotmail.com | phone=6049612718 | city=Surrey | prov=BC
[04:30:35]   [2422/3703] Marjorie Edrada Diego (R521425)
[04:30:35]     OK: email=edrada_marjorie@yahoo.com | phone=7788558554 | city=Burnaby | prov=BC
[04:30:38]   [2423/3703] Carolina Li (R414359)
[04:30:38]     OK: email=carolinalcy@gmail.com | phone=6047792591 | city=Richmond | prov=BC
[04:30:40]   [2424/3703] Alastair Dsouza (R410063)
[04:30:40]     OK: email=alastair@can-quest.com | phone=009714291213 | city=Deira
[04:30:43]   [2425/3703] Sébastien Bianchin (R706544)
[04:30:43]     OK: email=info@upnorthimmigration.com | phone=8197557829 | city=Gatineau | prov=QC
[04:30:45]   [2426/3703] Jaskaran Kingra (R712126)
[04:30:46]     OK: city=Surrey | prov=BC
[04:30:48]   [2427/3703] Karen Klouth (R516181)
[04:30:48]     OK: email=a7canadian@gmail.com | phone=5878887888 | city=Calgary | prov=AB
[04:30:51]   [2428/3703] Lotica Liddle (R711142)
[04:30:51]     OK: phone=2892421056
[04:30:53]   [2429/3703] Patricia Sanguinetti (R710093)
[04:30:53]     OK: email=psanguinetti@shaw.ca | phone=5878997287 | city=Calgary | prov=AB
[04:30:56]   [2430/3703] Cynthia Nwabuokei (R710687)
[04:30:56]     OK: email=info@qsimmigration.com | phone=6478788444 | city=Markham | prov=ON
[04:31:00]   [2431/3703] Tajinder Sharma (R521843)
[04:31:00]     OK: email=Executiveimm@gmail.com | phone=2049622294 | city=Winnipeg | prov=MB
[04:31:03]   [2432/3703] Wei Liu (R709240)
[04:31:03]     OK: email=xyskoa@hotmail.com | phone=3068070884 | city=Saskatoon | prov=SK
[04:31:05]   [2433/3703] Kirti Pal Singh Kalra (R709035)
[04:31:05]     OK: email=kirti_pal@hotmail.com | phone=6476416255 | city=Toronto | prov=ON
[04:31:09]   [2434/3703] Oluwatomi Orojimi (R709023)
[04:31:09]     OK: email=educatetomi@gmail.com | phone=6478798081 | city=Brampton | prov=ON
[04:31:12]   [2435/3703] Razvan Dupleac (R512167)
[04:31:12]     OK: city=Saint-Hubert | prov=QC
[04:31:14]   [2436/3703] Claudette (Aka Claudia) Mcpherson (R508540)
[04:31:14]     OK: email=gatewayimmigrations@gmail.com | phone=9055870177 | city=Toronto | prov=ON
[04:31:18]   [2437/3703] Kirandeep Singh (R532167)
[04:31:18]     OK: email=kirandeep_s@hotmail.com | phone=6478303015 | city=Scarborough | prov=ON
[04:31:21]   [2438/3703] Olukayode Jegede (R1034534)
[04:31:21]     OK: city=Winnipeg | prov=MB
[04:31:24]   [2439/3703] Christopher Obiekwe (R731708)
[04:31:24]     OK: city=Winnipeg | prov=MB
[04:31:26]   [2440/3703] Harpreet Seehra (R535239)
[04:31:26]     OK: email=khseehra@gmail.com | phone=4169394413 | city=Mississauga | prov=ON
[04:31:29]   [2441/3703] Nitin Chadha (R706306)
[04:31:30]     OK: email=nitin@connect2fly.ca | phone=7789173375 | city=Delta | prov=BC
[04:31:32]   [2442/3703] Yilin Guo (R511479)
[04:31:32]     OK: email=aurora@aais.ca | city=Surrey | prov=BC
[04:31:34]   [2443/3703] Ali Murtaza (R1034113)
[04:31:35]     OK: city=Prince Albert | prov=SK
[04:31:37]   [2444/3703] Hetalkumar Khamar (R528085)
[04:31:37]     OK: email=khamarhetal@gmail.com | phone=4165713739 | city=Mississauga | prov=ON
[04:31:40]   [2445/3703] Ashfaque Choudhry (R709760)
[04:31:40]     OK: email=ashimmigrationconsultant@gmail.com | phone=6478320557 | city=Pickering | prov=ON
[04:31:43]   [2446/3703] Cristina De Paula Avelino (R532969)
[04:31:43]     OK: email=cristina.naturologa@gmail.com | phone=7053038425 | city=Etobicoke | prov=ON
[04:31:45]   [2447/3703] Ahyeong Yu (R711522)
[04:31:45]     OK: email=yu.ahyeong@gmail.com | phone=7787230126 | city=Vancouver | prov=BC
[04:31:48]   [2448/3703] Natalia Agusti Rezende (R711682)
[04:31:48]     OK: email=natalia@agustiimmigration.com | phone=4038353969 | city=Thunder Bay | prov=ON
[04:31:51]   [2449/3703] Ruwan Egodage (R534365)
[04:31:51]     OK: email=ruwancms@gmail.com | phone=0112086940 | city=Brampton | prov=ON
[04:31:54]   [2450/3703] Ngoc Thao Nguyen (R708627)
[04:31:54]     OK: email=thao@ntnimmigration.com | phone=4168992125 | city=Toronto | prov=ON
[04:31:56]   [2451/3703] Amir Ardalan Ansari (R709304)
[04:31:56]     OK: email=ardalan.ansari@gmail.com | phone=7788892670 | city=Vancouver | prov=BC
[04:31:59]   [2452/3703] Sheba Singh (R705784)
[04:31:59]     OK: email=sheba.singh@canarch.ca | phone=5875860077 | city=Calgary | prov=AB
[04:32:01]   [2453/3703] Jennifer Roy (R418007)
[04:32:01]     OK: email=jenroyca@gmail.com | phone=5143933013 | city=Montreal | prov=QC
[04:32:05]   [2454/3703] Supanai Sookmark (R731188)
[04:32:05]     OK: email=supanais@gmail.com | phone=6137914403 | city=Orleans | prov=ON
[04:32:08]   [2455/3703] Kayosha Wilson (R519200)
[04:32:08]     OK: city=Regina | prov=SK
[04:32:11]   [2456/3703] Shashank Handa (R711180)
[04:32:11]     OK: email=shashankh@yahoo.com | phone=5874332694 | city=Calgary | prov=AB
[04:32:13]   [2457/3703] Shabbir Bharmal (R711179)
[04:32:13]     OK: email=exporaimmigration@gmail.com | phone=2899277580 | city=Ottawa | prov=ON
[04:32:16]   [2458/3703] Matthew Sell (R418679)
[04:32:16]     OK: email=matthew@cipcanada.com | phone=6047228930 | city=Vancouver | prov=BC
[04:32:18]   [2459/3703] Ostap Bosak (R707276)
[04:32:18]     OK: city=Bradford | prov=ON
[04:32:21]   [2460/3703] Ian Cowie (R512314)
[04:32:21]     OK: email=ian@arcimmigration.com | phone=9055358888 | city=Newmarket | prov=ON
[04:32:24]   [2461/3703] Shawn Mark (R415255)
[04:32:24]     OK: email=shawnmark29@hotmail.com | phone=6478914839 | city=Mississauga | prov=ON
[04:32:27]   [2462/3703] Lik Yan Leung (R706778)
[04:32:27]     OK: email=info@tohiyo.com | city=Calgary | prov=AB
[04:32:29]   [2463/3703] Harmanjot Sodhi (R419535)
[04:32:29]     OK: email=harmanjot@gmail.com | phone=4168483930 | city=Brampton | prov=ON
[04:32:31]   [2464/3703] Ting Zhang (R731688)
[04:32:31]     OK: city=Winnipeg | prov=MB
[04:32:34]   [2465/3703] Adam Jones (R706771)
[04:32:34]     OK: email=adam@jonesconsultingservices.ca | phone=4165436437 | city=Milton | prov=ON
[04:32:36]   [2466/3703] Harleen Juneja (R706801)
[04:32:37]     OK: email=landbirdimmigration@gmail.com | phone=4372409747 | city=Toronto | prov=ON
[04:32:40]   [2467/3703] Johnson Varughese (R516104)
[04:32:40]     OK: email=lifeashore@hotmail.com | phone=4168276265 | city=Etobicoke | prov=ON
[04:32:42]   [2468/3703] Jihaotian Zhang (R706519)
[04:32:43]     OK: city=Kanata | prov=ON
[04:32:46]   [2469/3703] Kadine Taylor (R534551)
[04:32:46]     OK: email=kcsmikle@yahoo.ca | phone=3065913288 | city=Regina | prov=SK
[04:32:48]   [2470/3703] Palmoha Turner (R731401)
[04:32:48]     OK: email=palnoha@yahoo.com | phone=6394710079 | city=Saskatoon | prov=SK
[04:32:51]   [2471/3703] Curdel Palmer-Grant (R522679)
[04:32:51]     OK: email=info@cpimmigrationplus.com | phone=6479576997 | city=Markham | prov=ON
[04:32:54]   [2472/3703] Olalekan Olasiyan (R713078)
[04:32:54]     OK: email=olalekan.olasiyan@gmail.com | phone=4313363045 | city=Winnipeg | prov=MB
[04:32:57]   [2473/3703] Lisa De Leon (R422359)
[04:32:57]     OK: email=lisa@l3jimmigration.ca | phone=403-457-5472 | city=L3J IMMIGRATION
[04:33:00]   [2474/3703] Equbay Kidane (R731611)
[04:33:00]     OK: email=equbayhaile@gmail.com | city=Calgary | prov=AB
[04:33:02]   [2475/3703] Aarthi Andrea Vijaykumar (R712941)
[04:33:03]     OK: email=me.andreakumar@gmail.com | phone=6473951067 | city=Toronto | prov=ON
[04:33:05]   [2476/3703] Jasdeep Panag (R708902)
[04:33:05]     OK: email=octocoimmigration@gmail.com | phone=6475190761 | city=Brampton | prov=ON
[04:33:08]   [2477/3703] Sandy Erdemir (R531835)
[04:33:08]     OK: email=sandy@edumatch.ca | phone=6478800118 | city=Toronto | prov=ON
[04:33:11]   [2478/3703] Sharmin Alam (R706173)
[04:33:11]     OK: city=Toronto | prov=ON
[04:33:14]   [2479/3703] Ashok Kumar Kolla (R712416)
[04:33:14]     OK: email=ashok.kolla@gmail.com | phone=5146498300 | city=Brantford | prov=ON
[04:33:16]   [2480/3703] Darya Omelchenko (R508675)
[04:33:16]     OK: email=daryao8888@gmail.com | phone=2048989342 | city=Winnipeg | prov=MB
[04:33:19]   [2481/3703] Monaliza Ruiz (R410367)
[04:33:19]     OK: email=mruiz@ficcanada.com | phone=8558214831 | city=Scarborough | prov=ON
[04:33:21]   [2482/3703] Mahshid Hejazi (R709582)
[04:33:21]     OK: email=mahshidhejazi1920@yahoo.com | phone=6047165853 | city=North Vancouver | prov=BC
[04:33:23]   [2483/3703] Nihar Ranjan Majumder (R711992)
[04:33:23]     OK: email=majumderimmigration@gmail.com | phone=7807777178 | city=Edmonton | prov=AB
[04:33:26]   [2484/3703] Raj Chauhan (R713349)
[04:33:26]     OK: email=rajchauhan.28@hotmail.com | phone=7789983590 | city=Delta | prov=BC
[04:33:29]   [2485/3703] Hui Zhang ()
[04:33:29]     OK: email=hui.zhang@capic.ca | phone=4164837044 | city=Burnaby | prov=BC
[04:33:32]   [2486/3703] Hitesh Gupta (R707068)
[04:33:32]     OK: email=guptahitesh89@gmail.com | phone=6472509944 | city=Brampton | prov=ON
[04:33:35]   [2487/3703] Khushwant Singh (R707426)
[04:33:35]     OK: email=peacearchimmigration@gmail.com | phone=6044453618 | city=Delta | prov=BC
[04:33:39]   [2488/3703] Deobarran Charran (R408783)
[04:33:39]     OK: email=dcdocuments@rogers.com | phone=4168400629 | city=Toronto | prov=ON
[04:33:41]   [2489/3703] Xiao Yin Wang (R534581)
[04:33:42]     OK: email=wangxiaoyinemily@gmail.com | phone=7788466438 | city=West Vancouver | prov=BC
[04:33:44]   [2490/3703] Lida Habibi Rezaei (R731348)
[04:33:44]     OK: city=Hamilton | prov=ON
[04:33:47]   [2491/3703] Melanie Miles (R522391)
[04:33:47]     OK: email=solutionsmsmiles@gmail.com | phone=6138053664 | city=Ottawa | prov=ON
[04:33:49]   [2492/3703] Rajesh Kothari (R712616)
[04:33:49]     OK: email=rkothari@agentraj.ca | phone=416-587-5348 | city=Brampton | prov=ON
[04:33:52]   [2493/3703] Jaspreet Kaur (R707036)
[04:33:52]     OK: email=jaspreetchd@gmail.com | phone=6479972486 | city=Hamilton | prov=ON
[04:33:55]   [2494/3703] Usman Tahir (R707421)
[04:33:55]     OK: email=usman@futurixconsultants.com | phone=6473336171 | city=Mississauga | prov=ON
[04:33:58]   [2495/3703] Taibat Akindele (R713013)
[04:33:58]     OK: city=Brampton | prov=ON
[04:34:01]   [2496/3703] Kiran Anwar (R710981)
[04:34:01]     OK: email=kiran.fju@live.com | phone=6046795339 | city=Surrey | prov=BC
[04:34:04]   [2497/3703] Warren Green (R411311)
[04:34:04]     OK: email=greenw@telusplanet.net | phone=4036529604 | city=High River | prov=AB
[04:34:06]   [2498/3703] Monique Lamontagne (R508539)
[04:34:06]     OK: email=prairie.immigration@gmail.com | city=Saskatoon | prov=SK
[04:34:09]   [2499/3703] Kye Young Kim (R533685)
[04:34:09]     OK: email=emincanada@outlook.com | phone=8259949434 | city=Calgary | prov=AB
[04:34:13]   [2500/3703] Samia Ishaq (R508154)
[04:34:13]     OK: email=samia.gillani@gmail.com | phone=2892428511 | city=Milton | prov=ON
[04:34:15]   [2501/3703] Cassandra Gill (R712893)
[04:34:15]     OK: email=cassandra.gill@mail.utoronto.ca | phone=3654994070 | city=Toronto | prov=ON
[04:34:18]   [2502/3703] Aharon Avendano Toledano (R731224)
[04:34:18]     OK: email=cinematographer@hotmail.ca | phone=4164768432 | city=Toronto | prov=ON
[04:34:20]   [2503/3703] Vishal Kapoor (R707177)
[04:34:21]     OK: email=info@sawubonacanada.com | phone=6474847000 | city=Mississauga | prov=ON
[04:34:23]   [2504/3703] Kai Zheng (R422167)
[04:34:23]     OK: email=reakaizheng@gmail.com | phone=4163888659 | city=Newmarket | prov=ON
[04:34:26]   [2505/3703] Jennifer Johnson (R709916)
[04:34:26]     OK: email=jennifer@icavec.ca | phone=8075001912
[04:34:29]   [2506/3703] Mankur Kalra (R708304)
[04:34:29]     OK: email=mankurkalra@hotmail.com | phone=7782220100 | city=Surrey | prov=BC
[04:34:32]   [2507/3703] Amani Bouhdid (R512642)
[04:34:32]     OK: email=ameni_b@yahoo.fr | phone=5146912584 | city=Blainville | prov=QC
[04:34:34]   [2508/3703] Melissa Rousseau (R711599)
[04:34:34]     OK: email=melissa@onvisioncanada.com | phone=5799571233 | city=Montreal | prov=QC
[04:34:36]   [2509/3703] Korinn Rubis (R709610)
[04:34:36]     OK: email=info@syelimmigration.ca | phone=2899257447 | city=Hamilton | prov=ON
[04:34:40]   [2510/3703] Jacob Thomas (R521643)
[04:34:40]     OK: phone=5879307017 | city=Edmonton | prov=AB
[04:34:43]   [2511/3703] Mang Gao (R519106)
[04:34:43]     OK: email=ellengao15@hotmail.com | phone=6044176099 | city=Langley | prov=BC
[04:34:46]   [2512/3703] Ramazan Nassery (R514760)
[04:34:46]     OK: city=Fort McMurray | prov=AB
[04:34:49]   [2513/3703] Walid Ammaneh (R528822)
[04:34:49]     OK: email=walidammane@gmail.com | city=Toronto | prov=ON
[04:34:52]   [2514/3703] Alexey Alferov (R712140)
[04:34:52]     OK: email=info@vintenimmigration.com | phone=2363394282 | city=Vancouver | prov=BC
[04:34:55]   [2515/3703] Avni Marfatia (R415239)
[04:34:55]     OK: email=avni@uniquecg.com | phone=4162924559 | city=Toronto | prov=ON
[04:34:57]   [2516/3703] Arlene De Vera (R707083)
[04:34:57]     OK: email=arlenedevera.immigration@gmail.com | phone=6474511624 | city=Scarborough | prov=ON
[04:35:00]   [2517/3703] Roli Mathur (R708113)
[04:35:00]     OK: city=Vancouver | prov=BC
[04:35:02]   [2518/3703] Robert Williams (R1032910)
[04:35:02]     OK: email=rob@rwilliams.legal | phone=2048001535 | city=Winnipeg | prov=MB
[04:35:05]   [2519/3703] Atieh Bahrami (R708515)
[04:35:06]     OK: email=abahrami@vivo-canada.com | phone=4182276939 | city=Saint Georges De Beauce | prov=QC
[04:35:09]   [2520/3703] Minjung Shin (R515778)
[04:35:09]     OK: email=gdaycanada.forum@gmail.com | phone=6044492868 | city=Burnaby | prov=BC
[04:35:11]   [2521/3703] Mariam Butrus (R408327)
[04:35:11]     OK: email=mbutrus@cshimmigration.com | phone=9052647773 | city=Woodbridge | prov=ON
[04:35:14]   [2522/3703] Manjeet Singh Bir (R706089)
[04:35:14]     OK: email=bir.manjeetsingh@outlook.com | phone=6475499063 | city=Mississauga | prov=ON
[04:35:17]   [2523/3703] Santvana Sharma (R707002)
[04:35:17]     OK: email=sharma.90santvana@gmail.com | phone=4313377444 | city=Brandon | prov=MB
[04:35:20]   [2524/3703] Wendy Lam (R1031457)
[04:35:20]     OK: city=Waterloo | prov=ON
[04:35:23]   [2525/3703] Jing Wang (R526147)
[04:35:23]     OK: email=LynnWvancouver@gmail.com | phone=6046554789 | city=Burnaby | prov=BC
[04:35:25]   [2526/3703] Maria Lorenza De Jesus (R532967)
[04:35:25]     OK: email=malorenzadejesus@yahoo.com | phone=4036085446 | city=Calgary | prov=AB
[04:35:28]   [2527/3703] Jayvee Olfindo (R711813)
[04:35:28]     OK: email=consulting@olcorp.ca | phone=6395549791 | city=Regina | prov=SK
[04:35:31]   [2528/3703] Vivian Zipchian (R711400)
[04:35:31]     OK: email=vzipchian@yahoo.com | phone=8255238858 | city=Sherwood Park | prov=AB
[04:35:33]   [2529/3703] Asha Bhalla (R710027)
[04:35:34]     OK: email=ashabhalla4@gmail.com | phone=7057729187 | city=Peterborough | prov=ON
[04:35:36]   [2530/3703] Boon Khoo (R413383)
[04:35:36]     OK: email=boonlkhoo@gmail.com | phone=5195005198 | city=Waterloo | prov=ON
[04:35:39]   [2531/3703] Maria Vittoria Tomaselli (R524425)
[04:35:39]     OK: email=mariavittoriatomaselli@hotmail.com | phone=+35699506215 | city=San Giljan
[04:35:41]   [2532/3703] Hemant Sharma (R507015)
[04:35:42]     OK: email=hemant.sharma@britishoxford.com | phone=9057906500 | city=Brampton | prov=ON
[04:35:45]   [2533/3703] Michael Derry (R1032624)
[04:35:45]     OK: email=mike@mikederry.ca | phone=5875776453 | city=Calgary | prov=AB
[04:35:49]   [2534/3703] Amir Hossein Samaei (R706476)
[04:35:49]     OK: email=amirhosseinsamaei@gmail.com | phone=5144095517 | city=Chateauguay | prov=QC
[04:35:52]   [2535/3703] Nicolas Roy (R517405)
[04:35:52]     OK: email=info@bayimmigration.ca | phone=6478663534 | city=Toronto | prov=ON
[04:35:55]   [2536/3703] Neha Gogna (R708342)
[04:35:55]     OK: email=info@gognaimmigration.com | phone=7802441907 | city=Edmonton | prov=AB
[04:35:58]   [2537/3703] Valentina Artemieva (R705368)
[04:35:58]     OK: email=bellvalentina@gmail.com | city=Deux-Montagnes | prov=QC
[04:36:01]   [2538/3703] Samar Shah (R418839)
[04:36:01]     OK: email=shah@transam.ca | phone=9058496920 | city=Oakville | prov=ON
[04:36:04]   [2539/3703] Tirthdai Singh (R516477)
[04:36:04]     OK: email=sandra@cae-s.com | phone=6479818294 | city=Brampton | prov=ON
[04:36:07]   [2540/3703] Fatima Bhagwani (R709820)
[04:36:07]     OK: email=fatimabhagwani@me.com | phone=6472039955 | city=Toronto | prov=ON
[04:36:10]   [2541/3703] Sona Noorzai (R532065)
[04:36:10]     OK: email=sona.noorzai@gmail.com | phone=6476787662 | city=Toronto | prov=ON
[04:36:13]   [2542/3703] Mary Adeyanju (R531127)
[04:36:13]     OK: city=Arnprior | prov=ON
[04:36:17]   [2543/3703] Mandeep Basara (R712376)
[04:36:17]     OK: email=mandeep_basara@hotmail.com | phone=6474083772 | city=Brampton | prov=ON
[04:36:19]   [2544/3703] Mudassar Mukhtar (R710176)
[04:36:19]     OK: email=mudassar@live.ca | phone=6473765671 | city=Brampton | prov=ON
[04:36:21]   [2545/3703] Sanjeev Sharma (R707682)
[04:36:21]     OK: email=info@sambhavimmigration.ca | phone=9057951000 | city=Mississauga | prov=ON
[04:36:24]   [2546/3703] Lv He (R1033359)
[04:36:24]     OK: city=Toronto | prov=ON
[04:36:28]   [2547/3703] Qian Yao Fan (R526622)
[04:36:28]     OK: email=info@ascanadvisory.com | phone=6474788522 | city=Stouffville | prov=ON
[04:36:31]   [2548/3703] Dijins Madathikudiyil (R524968)
[04:36:31]     OK: email=headersglobal@gmail.com | phone=4169511985 | city=Brampton | prov=ON
[04:36:34]   [2549/3703] Norah Vollmer (R513120)
[04:36:34]     OK: email=norah.vollmer@carleton.ca | phone=6138663043 | city=Ottawa | prov=ON
[04:36:36]   [2550/3703] Ripudaman Singh (R708115)
[04:36:36]     OK: (minimal data)
[04:36:38]   [2551/3703] Georges Hage (R515532)
[04:36:38]     OK: email=hage.georges@gmail.com | phone=5149924992 | city=Saint-Laurent | prov=QC
[04:36:41]   [2552/3703] Frank Goldberg (R411175)
[04:36:41]     OK: email=fhg@cdnvisa.com | phone=2043182347 | city=Winnipeg | prov=MB
[04:36:43]   [2553/3703] Ziaad Ghantous (R515097)
[04:36:43]     OK: email=ziaad@ghantousimmigration.com | phone=5145855661 | city=Laval-des-Rapides | prov=QC
[04:36:45]   [2554/3703] Rosalinda Ong (R416759)
[04:36:45]     OK: email=rosie@ongandassociates.com | phone=4164998890 | city=Toronto | prov=ON
[04:36:47]   [2555/3703] Lifen Wu (R705834)
[04:36:47]     OK: email=ashley.lifen@gmail.com | phone=6478968602 | city=Oshawa | prov=ON
[04:36:50]   [2556/3703] Capic Epp (R987678)
[04:36:50]     OK: email=epp@capic.ca | phone=4164837044 | city=Toronto | prov=ON
[04:36:52]   [2557/3703] Viktoriia Schuler (R531065)
[04:36:52]     OK: email=victoria@vgimmigration.ca | phone=3063217505 | city=Saskatoon | prov=SK
[04:36:56]   [2558/3703] Naomi Donaldson (R517930)
[04:36:56]     OK: email=info@eaglesberg.ca | city=Brampton | prov=ON
[04:36:59]   [2559/3703] Anna Favel (R532199)
[04:36:59]     OK: city=Vernon | prov=BC
[04:37:02]   [2560/3703] Min Kwon (R529664)
[04:37:02]     OK: city=Montreal | prov=QC
[04:37:04]   [2561/3703] Yuanji Sun (R713048)
[04:37:04]     OK: email=yuanji.sun@queensu.ca | phone=2362350868 | city=Vancouver | prov=BC
[04:37:07]   [2562/3703] Randriamalala Ghislain Chan Kong (R531417)
[04:37:07]     OK: city=Montreal | prov=QC
[04:37:09]   [2563/3703] Shilpa Arya (R706736)
[04:37:09]     OK: email=shilpa.arya@gmail.com | phone=4164140580 | city=Mississauga | prov=ON
[04:37:12]   [2564/3703] Fahim Shaikh (R515611)
[04:37:12]     OK: city=Mississauga | prov=ON
[04:37:15]   [2565/3703] Ravneet Bawa (R532913)
[04:37:15]     OK: email=ravneet@charterimmigration.com | phone=6044990909 | city=Surrey | prov=BC
[04:37:17]   [2566/3703] Noor Jinah (R535897)
[04:37:17]     OK: email=info@alwaysimmigration.com | phone=6477160143 | city=Mississauga | prov=ON
[04:37:20]   [2567/3703] Sandeep Dhillon (R709471)
[04:37:20]     OK: email=s.dhillon@coastwideimmigration.com | phone=2502008000 | city=Kelowna | prov=BC
[04:37:22]   [2568/3703] Kanwarpreet Kaur (R534805)
[04:37:22]     OK: email=kan.preet64@gmail.com | phone=2049141520 | city=Edmonton | prov=AB
[04:37:25]   [2569/3703] Kinjalben Dobariya (R530845)
[04:37:25]     OK: city=Calgary | prov=AB
[04:37:27]   [2570/3703] Yumi Ueda (R420623)
[04:37:27]     OK: city=Vancouver | prov=BC
[04:37:31]   [2571/3703] Clement Reddy (R518122)
[04:37:31]     OK: email=reddyimmigration@gmail.com | phone=6045938333 | city=Surrey | prov=BC
[04:37:33]   [2572/3703] Andy Chan ()
[04:37:33]     OK: email=immefile.admin@capic.ca | phone=4164837044 | city=Toronto | prov=ON
[04:37:36]   [2573/3703] Sanchit Mahajan (R731174)
[04:37:36]     OK: email=san@amk.global | phone=6472410911 | city=Mississauga | prov=ON
[04:37:39]   [2574/3703] Brent Anotado (R708525)
[04:37:39]     OK: email=brent.anotado@yahoo.ca | phone=4036300712 | city=Calgary | prov=AB
[04:37:43]   [2575/3703] Pratima Devichand (R409735)
[04:37:43]     OK: email=info@newleafcanada.com | phone=9028523221 | city=Halifax | prov=NS
[04:37:46]   [2576/3703] Mohammad Reza Shidfar (R419127)
[04:37:46]     OK: email=reza.shidfar@gmail.com | phone=4167323278 | city=Toronto | prov=ON
[04:37:50]   [2577/3703] Rakesh Gupta (R533983)
[04:37:50]     OK: email=RAKESHKGUPTA1009@GMAIL.COM | phone=6479392669 | city=Mississauga | prov=ON
[04:37:52]   [2578/3703] Deanne Acres-Lans (R508363)
[04:37:53]     OK: city=Orleans | prov=ON
[04:37:55]   [2579/3703] Glecerio Abayon (R529408)
[04:37:55]     OK: email=abayon-3428@hotmail.com | phone=+639298176573 | city=Quezon City
[04:37:58]   [2580/3703] Soraya Sharma (R711596)
[04:37:58]     OK: email=soraya.sharma1@gmail.com | phone=7809157737 | city=Edmonton | prov=AB
[04:38:01]   [2581/3703] Jiancheng Gao (R711229)
[04:38:01]     OK: email=iccgao@gmail.com | phone=6474712555 | city=Markham | prov=ON
[04:38:04]   [2582/3703] Anita Shams (R712234)
[04:38:04]     OK: city=Scarborough | prov=ON
[04:38:07]   [2583/3703] Wei Shen (R419079)
[04:38:07]     OK: email=davidshen99@gmail.com | phone=6476552118 | city=Toronto | prov=ON
[04:38:11]   [2584/3703] Heena Jolly (R525837)
[04:38:11]     OK: email=hjolly@stepupimmigration.com | phone=7808858115 | city=Edmonton | prov=AB
[04:38:13]   [2585/3703] Sandeep Kaur (R709467)
[04:38:13]     OK: email=sandeeph.sran@gmail.com | phone=6479367597 | city=Cambridge | prov=ON
[04:38:15]   [2586/3703] Quang Tuy Dinh (R708164)
[04:38:15]     OK: email=tuydinh@gmail.com | phone=9024563718 | city=Bedford | prov=NS
[04:38:19]   [2587/3703] Guang Hua Gao (R103127)
[04:38:19]     OK: phone=4162982236 | city=Toronto | prov=ON
[04:38:22]   [2588/3703] Xiaochun Yao (R532385)
[04:38:22]     OK: email=laurindayao@gmail.com | phone=6043393256 | city=Vancouver | prov=BC
[04:38:25]   [2589/3703] Yixuan Chen (R511457)
[04:38:25]     OK: email=yeechen1031@gmail.com | phone=7788985280 | city=West Vancouver | prov=BC
[04:38:28]   [2590/3703] Binh Nguyen (R521483)
[04:38:28]     OK: city=Toronto | prov=ON
[04:38:30]   [2591/3703] Shu Hua Han (R511464)
[04:38:30]     OK: email=hanshuhua@hotmail.com | phone=2508934978 | city=Victoria | prov=BC
[04:38:32]   [2592/3703] Randeep Inder Singh Dhaliwal (R706851)
[04:38:32]     OK: phone=4165197632 | city=Brampton | prov=ON
[04:38:36]   [2593/3703] Pei Wen Wang (R708812)
[04:38:36]     OK: email=janetwang.immigration@gmail.com | phone=7782881528 | city=Richmond | prov=BC
[04:38:39]   [2594/3703] Maria Stella Francis- Singh (R707108)
[04:38:39]     OK: email=mfrancissingh@gmail.com | phone=6478828779 | city=Brampton | prov=ON
[04:38:43]   [2595/3703] Suzanne Elaine Russo (R706249)
[04:38:43]     OK: email=suz_stone@hotmail.com | phone=6048094424 | city=Campbell River | prov=BC
[04:38:46]   [2596/3703] Navjeet Kaur (R708641)
[04:38:46]     OK: email=navimmigrationservices@gmail.com | phone=3062014464 | city=Regina | prov=SK
[04:38:48]   [2597/3703] Jyoti Upadhyay Luitel (R708652)
[04:38:49]     OK: city=Montreal | prov=QC
[04:38:51]   [2598/3703] Miguel Govea (R707431)
[04:38:51]     OK: email=info@goveaimmigration.com | phone=4165283257 | city=Toronto | prov=ON
[04:38:53]   [2599/3703] Oumesh Arjoon (R712291)
[04:38:53]     OK: email=oumesh@arjoonimmigrationservices.ca | phone=5063285025 | city=Moncton | prov=NB
[04:38:56]   [2600/3703] Ellery Vagilidad (R507553)
[04:38:56]     OK: email=info@eco-immigration.com | phone=5144027756 | city=Montreal | prov=QC
[04:39:00]   [2601/3703] Varinder Kaur (Brenda) Jagpal (R528868)
[04:39:00]     OK: email=brenda.jagpal@gmail.com | city=LaSalle | prov=QC
[04:39:02]   [2602/3703] Scott Smith (R422495)
[04:39:02]     OK: email=scott@iheartcanada.ca | phone=6479462182 | city=Toronto | prov=ON
[04:39:06]   [2603/3703] Kjeld Hansen (R507248)
[04:39:06]     OK: email=kjeldhansen98@gmail.com | phone=6048858410 | city=Chilliwack | prov=BC
[04:39:09]   [2604/3703] Harkiranpreet Dhaliwal (R711437)
[04:39:09]     OK: email=dhaliwal.harkiranpreet@gmail.com | phone=6047830185 | city=Vancouver | prov=BC
[04:39:11]   [2605/3703] Ningning Cao (R709757)
[04:39:11]     OK: email=upnextimmigration.info@gmail.com | phone=6048329395 | city=Vancouver | prov=BC
[04:39:14]   [2606/3703] Ritu Shergill (R512825)
[04:39:14]     OK: email=shergillgal@yahoo.com | phone=9052307488 | city=Brampton | prov=ON
[04:39:16]   [2607/3703] Faiyaz Hasan (R705940)
[04:39:16]     OK: email=faiyaz_hasan@yahoo.com | phone=6479788011 | city=Scarborough | prov=ON
[04:39:18]   [2608/3703] Kamaljit Dhaliwal (R531271)
[04:39:18]     OK: email=Kamal@firstimmigration.ca | phone=6047441793 | city=Abbotsford | prov=BC
[04:39:22]   [2609/3703] Catalina Atienza (R510715)
[04:39:22]     OK: email=atienzacatalina1@gmail.com | phone=6478863061 | city=Brampton | prov=ON
[04:39:24]   [2610/3703] Christine Poulin (R508192)
[04:39:25]     OK: email=c.poulin@immigrationelite.com | city=Montreal | prov=QC
[04:39:27]   [2611/3703] Steven Tratner (R532225)
[04:39:27]     OK: email=stevent@immsol.com | phone=6616616376 | city=Toronto | prov=ON
[04:39:30]   [2612/3703] Gargi Mohal (R711844)
[04:39:30]     OK: email=mohalgargi@yahoo.com | phone=7788655785 | city=Delta | prov=BC
[04:39:33]   [2613/3703] Edelmira Cruz Roquez (R409359)
[04:39:33]     OK: email=edelmiracruz@hotmail.com | phone=5149987718 | city=Terrebonne | prov=QC
[04:39:36]   [2614/3703] Mumtaz Khan (R413223)
[04:39:36]     OK: email=khan@mkco.ca | phone=6045915824 | city=Delta | prov=BC
[04:39:39]   [2615/3703] Akshey Kumar (R413735)
[04:39:39]     OK: email=info@kb1consulting.com | phone=780424-9795
[04:39:41]   [2616/3703] Abdi-Rashid Mohamed (R711873)
[04:39:41]     OK: city=Mississauga | prov=ON
[04:39:44]   [2617/3703] Stanley Ukah (R104075)
[04:39:44]     OK: phone=9059619051 | city=Hamilton | prov=ON
[04:39:46]   [2618/3703] Vaughan Mirkhani (R707038)
[04:39:46]     OK: email=Mirkhaniv@gmail.com | city=Richmond Hill | prov=ON
[04:39:50]   [2619/3703] Jamile Hijazi (R708430)
[04:39:50]     OK: email=hejazimmigration@gmail.com | phone=4038521073 | city=Edmonton | prov=AB
[04:39:52]   [2620/3703] Jennifer Wang (R421103)
[04:39:52]     OK: email=jwwang@nccgroupinc.com | phone=9053058863 | city=Markham | prov=ON
[04:39:55]   [2621/3703] Arlene Ruiz (R509379)
[04:39:55]     OK: email=arlene.ruiz@alexeneimmigration.com | phone=3067153755 | city=Saskatoon | prov=SK
[04:39:59]   [2622/3703] Mahipal Patel (R707635)
[04:39:59]     OK: email=askmahipalpatel@gmail.com | phone=6478215886 | city=Ajax | prov=ON
[04:40:01]   [2623/3703] Robindeep Brar (R705386)
[04:40:01]     OK: email=robinbrar.email@gmail.com | phone=4313363340 | city=Winnipeg | prov=MB
[04:40:05]   [2624/3703] Baiba Elstina (R709208)
[04:40:05]     OK: email=baiba@beiccanada.com | phone=6474695890 | city=Toronto | prov=ON
[04:40:08]   [2625/3703] Jeanne Ocampo (R532327)
[04:40:08]     OK: email=info@jcoimmigration.ca | city=Ottawa | prov=ON
[04:40:11]   [2626/3703] Walter Garchinski (R410855)
[04:40:11]     OK: email=wgarchinski@sasktel.net | phone=3063736902 | city=Saskatoon | prov=SK
[04:40:13]   [2627/3703] Jeremiah Thomas (R707721)
[04:40:13]     OK: email=jeremiah@plummerimmigration.ca | phone=4168312154 | city=Brampton | prov=ON
[04:40:17]   [2628/3703] Shakuntala Soden (R510400)
[04:40:17]     OK: email=emigratemaple@gmail.com | phone=6049713108 | city=North Vancouver | prov=BC
[04:40:20]   [2629/3703] Vikramjit Singh Bansal (R708181)
[04:40:20]     OK: city=Calgary | prov=AB
[04:40:23]   [2630/3703] Kenny Wan (R421095)
[04:40:23]     OK: email=kenny@kennywan.com | phone=9053058089 | city=Markham | prov=ON
[04:40:25]   [2631/3703] Victoria Laskowski (R731359)
[04:40:25]     OK: email=victorialaskowski01@gmail.com | phone=2898794224 | city=Barrie | prov=ON
[04:40:27]   [2632/3703] Bhawna Vasudev (R530807)
[04:40:27]     OK: email=Bhawnavasudev1@gmail.com | phone=4379986206 | city=Brampton | prov=ON
[04:40:30]   [2633/3703] Sylvia Bendo (R407751)
[04:40:30]     OK: email=bendoimmigration@gmail.com | phone=4164585504 | city=Toronto | prov=ON
[04:40:33]   [2634/3703] Miho Shimizu (R419143)
[04:40:33]     OK: email=miho@cipcanada.com | phone=6047253837 | city=Vancouver | prov=BC
[04:40:36]   [2635/3703] Maria Regina Ramos (R507861)
[04:40:36]     OK: email=regina.ramos@live.com | phone=4036809135 | city=Calgary | prov=AB
[04:40:39]   [2636/3703] Harmanpreet Kaur (R711718)
[04:40:39]     OK: city=Delta | prov=BC
[04:40:41]   [2637/3703] Mohamed Saheer Mohamed Ismail (R531597)
[04:40:41]     OK: email=everyonetocanada@gmail.com | phone=4167314149 | city=Toronto | prov=ON
[04:40:45]   [2638/3703] Snehalkumar Patel (R514537)
[04:40:45]     OK: email=admin@quickimmigrationpro.com | phone=4169160712 | city=Brampton | prov=ON
[04:40:48]   [2639/3703] Gia Tan (Steven) Tran (R528122)
[04:40:48]     OK: city=Burnaby | prov=BC
[04:40:51]   [2640/3703] Katia Seaborn (R522620)
[04:40:51]     OK: email=katia.seaborn@ksimmigration.org | phone=5148868162 | city=Montreal | prov=QC
[04:40:54]   [2641/3703] Gurpreet Oshan (R534915)
[04:40:54]     OK: city=Surrey | prov=BC
[04:40:57]   [2642/3703] Mujde Okuyaz (R506277)
[04:40:57]     OK: email=mujde.okuyaz@gmail.com | city=Vancouver | prov=BC
[04:40:59]   [2643/3703] Rawan Halteh (R531877)
[04:41:00]     OK: email=libertylaws@yahoo.com | phone=6478701976 | city=Mississauga | prov=ON
[04:41:02]   [2644/3703] Rajesh Asrani (R525854)
[04:41:02]     OK: email=rajeshasrani@gmail.com | phone=4372281362 | city=Markham | prov=ON
[04:41:04]   [2645/3703] Vivien Lee (R414063)
[04:41:04]     OK: email=vlee@canadavisalaw.com | phone=604-875-9338 | city=720-999 West BroadwayVancouver
[04:41:07]   [2646/3703] Juri Kim (R706441)
[04:41:07]     OK: email=jurikim85@gmail.com | phone=6048023021 | city=Burnaby | prov=BC
[04:41:10]   [2647/3703] Jasvir Pannu (R711711)
[04:41:10]     OK: email=pannuj@gmail.com | phone=7342775767 | city=Canton
[04:41:13]   [2648/3703] Amy Park (R710319)
[04:41:13]     OK: email=aroundtheworld1000@yahoo.ca | phone=4037106722 | city=Calgary | prov=AB
[04:41:15]   [2649/3703] Duke Sherwood (R514755)
[04:41:15]     OK: email=clinton@sherwoodimmigration.com | phone=647-866 4628
[04:41:17]   [2650/3703] Biao Han (R712969)
[04:41:17]     OK: email=hanparalegal@gmail.com | phone=6476321158 | city=Markham | prov=ON
[04:41:21]   [2651/3703] Adesuwa Obazee (R706070)
[04:41:21]     OK: email=adesuwaobazeercic@gmail.com | phone=6472434682 | city=Oshawa | prov=ON
[04:41:24]   [2652/3703] Harjot Kaur Otal (R532547)
[04:41:24]     OK: email=info@desirecanadaimmigration.com | city=Surrey | prov=BC
[04:41:27]   [2653/3703] Jaskiran Grewal (R707868)
[04:41:27]     OK: email=Kiran_grewal2010@ymail.com | phone=6479190031 | city=Caledon | prov=ON
[04:41:30]   [2654/3703] Shervani Pinto (R705693)
[04:41:30]     OK: email=shervani@kineticimmigration.com | phone=4379888147 | city=Toronto | prov=ON
[04:41:33]   [2655/3703] Samira Raouda (R526598)
[04:41:33]     OK: email=samira@triipcanada.com | phone=4162364548 | city=Toronto | prov=ON
[04:41:36]   [2656/3703] Yumiko Sakurai (R508285)
[04:41:36]     OK: email=ysakuray@gmail.com | phone=6046845772 | city=Vancouver | prov=BC
[04:41:39]   [2657/3703] Hanako Woodward (R1032024)
[04:41:39]     OK: city=Surrey | prov=BC
[04:41:41]   [2658/3703] Khushpreet Billing (R520448)
[04:41:41]     OK: email=INFO@ACUMENIMMIGRATION.CA | phone=4378884442 | city=Surrey | prov=BC
[04:41:43]   [2659/3703] Paula Medina (R712821)
[04:41:43]     OK: email=paulalmedina528@gmail.com | phone=5194943310 | city=London | prov=ON
[04:41:47]   [2660/3703] Amritpal Kaur (R708477)
[04:41:47]     OK: email=ackaur@yahoo.ca | phone=7788595479 | city=Surrey | prov=BC
[04:41:50]   [2661/3703] Sujaree Smith (R705383)
[04:41:50]     OK: email=sujareesmith@gmail.com | phone=7788834159 | city=Kelowna | prov=BC
[04:41:53]   [2662/3703] Anne Mccaughey (R534453)
[04:41:53]     OK: city=Cobourg | prov=ON
[04:41:55]   [2663/3703] Amandeep Singh (R705436)
[04:41:55]     OK: email=amanat_singh760@yahoo.com | phone=6472835550 | city=Brampton | prov=ON
[04:41:57]   [2664/3703] Wen Shen (R706532)
[04:41:57]     OK: email=wenvivishen@gmail.com | phone=7786820196 | city=Langley | prov=BC
[04:42:00]   [2665/3703] Shawnalee Dozovado Turner (R710965)
[04:42:00]     OK: email=sdozovado@gmail.com | phone=6478695923 | city=Ajax | prov=ON
[04:42:03]   [2666/3703] Sepideh Poorabedi Bodagh (R731753)
[04:42:03]     OK: city=Toronto | prov=ON
[04:42:06]   [2667/3703] Sean Muller (R712549)
[04:42:06]     OK: email=sm.zerofive@gmail.com | phone=6046426161 | city=Vancouver | prov=BC
[04:42:09]   [2668/3703] Keiko Hoehn (R512249)
[04:42:09]     OK: email=keikohoehn@gmail.com | phone=4169856043 | city=Toronto | prov=ON
[04:42:12]   [2669/3703] Irina Gushan (R707845)
[04:42:12]     OK: email=igushan@gmail.com | phone=6048050581 | city=Pitt Meadows | prov=BC
[04:42:15]   [2670/3703] Mrunalini Sheth (R711279)
[04:42:15]     OK: email=m.d.sheth@outlook.com | phone=6475225096 | city=Brampton | prov=ON
[04:42:18]   [2671/3703] Naxin Li (R531993)
[04:42:18]     OK: email=linda30sims@yahoo.ca | phone=4165688219 | city=Toronto | prov=ON
[04:42:22]   [2672/3703] Janendra Chauhan (R709315)
[04:42:22]     OK: email=janendra.chauhan@yahoo.com | phone=6477107066 | city=Brampton | prov=ON
[04:42:24]   [2673/3703] Rhea Patel (R530163)
[04:42:24]     OK: email=rheakamboj@hotmail.com | phone=6049085888 | city=Surrey | prov=BC
[04:42:28]   [2674/3703] Paramjit Sarwara (R709174)
[04:42:28]     OK: email=paramjitrcic@gmail.com | phone=5878947897 | city=Calgary | prov=AB
[04:42:31]   [2675/3703] Ghidaa Badawi (R708572)
[04:42:31]     OK: email=ghidabadawi@gmail.com | phone=5149611200 | city=Brossard | prov=QC
[04:42:34]   [2676/3703] Harmandeep Kaur . (R1040718)
[04:42:34]     OK: city=Stoney Creek | prov=ON
[04:42:37]   [2677/3703] Anwarul Karim (R511978)
[04:42:37]     OK: city=Calgary | prov=AB
[04:42:40]   [2678/3703] Vu Anh Pham (R731335)
[04:42:40]     OK: city=Vancouver | prov=BC
[04:42:43]   [2679/3703] Hassan Saleem (R709359)
[04:42:43]     OK: email=hassanic2020@gmail.com | phone=3062807599 | city=Saskatoon | prov=SK
[04:42:46]   [2680/3703] Mofolusho Agboola (R509527)
[04:42:46]     OK: email=magboola@moafconsulting.com | phone=+2349094579336 | city=Burlington | prov=ON
[04:42:49]   [2681/3703] Dina Beshry (R519812)
[04:42:49]     OK: city=Calgary | prov=AB
[04:42:53]   [2682/3703] Carolina Lopez Ovalles (R532005)
[04:42:53]     OK: city=Toronto | prov=ON
[04:42:56]   [2683/3703] Brian Aboud (R509601)
[04:42:56]     OK: email=brian@totalvisacanada.ca | phone=6136808472 | city=Ottawa | prov=ON
[04:42:58]   [2684/3703] Soma Noorzai (R514550)
[04:42:59]     OK: email=snoorzai@migrationlaw.com | phone=6476868966 | city=Toronto | prov=ON
[04:43:02]   [2685/3703] Mandeep Sarkaria (R532137)
[04:43:02]     OK: phone=7789959594 | city=Surrey | prov=BC
[04:43:04]   [2686/3703] Gurvinder Mann (R530597)
[04:43:04]     OK: email=mann.gurvinder94@gmail.com | phone=7789577100 | city=Surrey | prov=BC
[04:43:08]   [2687/3703] Leo Lui (R508208)
[04:43:08]     OK: email=leoluidesign@gmail.com | phone=7782277679 | city=Vancouver | prov=BC
[04:43:10]   [2688/3703] Gerard Haggett (R531467)
[04:43:11]     OK: email=ghimmigrationsvcs@gmail.com | phone=204 333 0744 | city=Winnipeg | prov=MB
[04:43:14]   [2689/3703] Victor Wokekoro (R532255)
[04:43:14]     OK: city=Calgary | prov=AB
[04:43:17]   [2690/3703] Prashant Charla (R525651)
[04:43:17]     OK: email=prashantcharla@gmail.com | phone=7782375643 | city=Surrey | prov=BC
[04:43:19]   [2691/3703] Monica Hisani Kreiser (R519117)
[04:43:19]     OK: email=hisani.kreiser@utoronto.ca | phone=4164099699 | city=Toronto | prov=ON
[04:43:21]   [2692/3703] Harkaran Sawhney (R710889)
[04:43:22]     OK: email=harkaran.sawhney@gmail.com | phone=4372211034 | city=Mississauga | prov=ON
[04:43:25]   [2693/3703] Haster Lau (R413951)
[04:43:25]     OK: email=listsv.sm@gmail.com | phone=4162712680 | city=Richmond Hill | prov=ON
[04:43:28]   [2694/3703] Sukhchain Singh Deol (R532723)
[04:43:28]     OK: email=surewayimmigration@gmail.com | phone=7806501000 | city=Edmonton | prov=AB
[04:43:31]   [2695/3703] Lucas Nonnemacher (R535933)
[04:43:31]     OK: email=lucas@maritimesimmigration.ca | phone=9024109046 | city=Bedford | prov=NS
[04:43:34]   [2696/3703] Chun Xiao Song (R512629)
[04:43:34]     OK: email=goldkeycanada@gmail.com | phone=7788391888 | city=Burnaby | prov=BC
[04:43:37]   [2697/3703] Meghan Denega (R514263)
[04:43:37]     OK: email=meghan@symyimmigration.com | phone=7807611836 | city=Edmonton | prov=AB
[04:43:40]   [2698/3703] Iman Abbas (R709024)
[04:43:40]     OK: email=info@secantimmigration.com | phone=2899659877 | city=Hamilton | prov=ON
[04:43:43]   [2699/3703] Gursimran Kamboj (R707834)
[04:43:43]     OK: email=gsk.pec@gmail.com | phone=4167231016 | city=Brampton | prov=ON
[04:43:46]   [2700/3703] Olivia Namuddu (R713256)
[04:43:46]     OK: email=olivianamuddu88@gmail.com | phone=6472749376 | city=Charlottetown | prov=PE
[04:43:48]   [2701/3703] Km Shahinoor Islam (R711951)
[04:43:48]     OK: email=tapon@nextspaceca.com | phone=+880 1711526292 | city=Dhaka
[04:43:51]   [2702/3703] Moina Kamal (R709483)
[04:43:51]     OK: email=moina.meraj@gmail.com | phone=6473000876 | city=Richmond Hill | prov=ON
[04:43:53]   [2703/3703] Anouar Nemry (R513695)
[04:43:53]     OK: email=nemrya@thegreatdominion.com | phone=6139004007 | city=Gatineau | prov=QC
[04:43:56]   [2704/3703] Marie Sharonne Sandrine Ponpon (R527612)
[04:43:56]     OK: city=Brandon | prov=MB
[04:43:59]   [2705/3703] Anita Froese (R731652)
[04:43:59]     OK: email=anita.froese@gmail.com | phone=5193229464 | city=Leamington | prov=ON
[04:44:02]   [2706/3703] Shirley Ramirez Erazo (R531235)
[04:44:02]     OK: email=shirleyrec@hotmail.com | phone=6477664358 | city=Toronto | prov=ON
[04:44:05]   [2707/3703] Ranjeet Sohi (R422751)
[04:44:05]     OK: email=info@canriseimmigration.com | phone=7785651717 | city=Surrey | prov=BC
[04:44:08]   [2708/3703] Barbara Silver ()
[04:44:08]     OK: email=barbara.silver@senecac.on.ca | phone=4164915050 | city=Toronto | prov=ON
[04:44:11]   [2709/3703] Joel Usana (R712334)
[04:44:11]     OK: email=Joel_usana@yahoo.ca | phone=6478967634 | city=Toronto | prov=ON
[04:44:14]   [2710/3703] Laura Martinez Martin (R1040651)
[04:44:14]     OK: city=Toronto | prov=ON
[04:44:16]   [2711/3703] Shahab Syed (R509808)
[04:44:16]     OK: email=amsimmigration@yahoo.com | phone=4168332870 | city=Toronto | prov=ON
[04:44:19]   [2712/3703] Hariharaprasath Padmanaban (R516583)
[04:44:19]     OK: email=hari@havenimmigration.com | phone=2049637220 | city=Winnipeg | prov=MB
[04:44:22]   [2713/3703] Dharmendra Ramrakhiani (R506942)
[04:44:22]     OK: (minimal data)
[04:44:24]   [2714/3703] Li Juan Dai (R731482)
[04:44:24]     OK: email=jenniferdai8@gmail.com | phone=7783220266 | city=Richmond | prov=BC
[04:44:27]   [2715/3703] Yun Zhan (R711892)
[04:44:27]     OK: email=zyalison@gmail.com | phone=8292198219 | city=Oakville | prov=ON
[04:44:29]   [2716/3703] Ismail Jasat (R412463)
[04:44:29]     OK: email=ismailjasat@hotmail.com | phone=4164290700 | city=Toronto | prov=ON
[04:44:31]   [2717/3703] Jagmohan Sangha (R519602)
[04:44:31]     OK: email=info@jayimmigration.com | phone=4168201822 | city=Brampton | prov=ON
[04:44:34]   [2718/3703] Kelly Arthurs (R509891)
[04:44:34]     OK: email=karthurs@sfu.ca | phone=6046003094 | city=Creston | prov=BC
[04:44:37]   [2719/3703] Alireza Geraminejad (R706257)
[04:44:37]     OK: email=agerami1945@gmail.com | phone=5145706393 | city=Montreal | prov=QC
[04:44:40]   [2720/3703] Sharoq Alam (R711208)
[04:44:40]     OK: email=Hamdardimmigration@gmail.com | phone=4168599375 | city=Mississauga | prov=ON
[04:44:42]   [2721/3703] Donya Kamrani (R706067)
[04:44:42]     OK: email=dkamrani@yahoo.com | phone=6046714320 | city=Vancouver | prov=BC
[04:44:45]   [2722/3703] Ritu Varma (R708156)
[04:44:45]     OK: email=ritz23varma@gmail.com | phone=2503032311 | city=Brampton | prov=ON
[04:44:48]   [2723/3703] Sang Do Kim (R513905)
[04:44:48]     OK: email=kayk@uvanu.com | phone=6044164782 | city=Vancouver | prov=BC
[04:44:51]   [2724/3703] Farnaz Amin-Tavakoli (R706461)
[04:44:51]     OK: email=farnazatavakoli@gmail.com | phone=4164776097 | city=Toronto | prov=ON
[04:44:54]   [2725/3703] Simran Bhatti (R710782)
[04:44:54]     OK: email=midtowncanadaimmigration@gmail.com | phone=6048182339 | city=Surrey | prov=BC
[04:44:56]   [2726/3703] Taranjeet Kaur Taranjeet Kaur (R731703)
[04:44:56]     OK: city=Brampton | prov=ON
[04:44:59]   [2727/3703] Elisa Alvarez (R731691)
[04:44:59]     OK: city=London | prov=ON
[04:45:01]   [2728/3703] Brijesh Dhameliya (R1040741)
[04:45:01]     OK: phone=5062297207 | city=Moncton | prov=NB
[04:45:05]   [2729/3703] Preet Bal Sahrawat (R533489)
[04:45:05]     OK: email=preet@globusimmigration.com | phone=9054613710 | city=Brampton | prov=ON
[04:45:07]   [2730/3703] Maryam Darvishi (R707279)
[04:45:07]     OK: email=darvishi@gmail.com | phone=6479854229 | city=Richmond Hill | prov=ON
[04:45:10]   [2731/3703] Masoud Manzouri (R731448)
[04:45:11]     OK: email=masoud.manzouri@queensu.ca | phone=7788879092 | city=Victoria | prov=BC
[04:45:14]   [2732/3703] Bing Wang (R705570)
[04:45:14]     OK: email=BINGRCIC@GMAIL.COM | phone=6048188889 | city=Richmond | prov=BC
[04:45:16]   [2733/3703] Carman Gosselin (R510167)
[04:45:16]     OK: email=carman.gosselin@gettocanada.com | phone=3065468340 | city=Regina | prov=SK
[04:45:19]   [2734/3703] Gursharan Sidhu (R523973)
[04:45:19]     OK: city=Calgary | prov=AB
[04:45:21]   [2735/3703] Bindu Parmar (R710120)
[04:45:21]     OK: email=parmarbindu@hotmail.com | phone=9057821505 | city=Caledon | prov=ON
[04:45:25]   [2736/3703] Sze Man Emily Yiu (R518241)
[04:45:25]     OK: email=emily.ysm@gmail.com | phone=5875821921 | city=Calgary | prov=AB
[04:45:28]   [2737/3703] Elif Leber (R530553)
[04:45:28]     OK: city=Hamilton | prov=ON
[04:45:31]   [2738/3703] Narinder Longia (R534443)
[04:45:31]     OK: email=longianarinder@gmail.com | phone=4379910289 | city=Brampton | prov=ON
[04:45:35]   [2739/3703] Simrandeep Kaur (R1034361)
[04:45:35]     OK: city=Regina | prov=SK
[04:45:38]   [2740/3703] Satoko Matsushita (R422711)
[04:45:38]     OK: email=satokoimmigration@hotmail.ca | phone=7783862619 | city=Vancouver | prov=BC
[04:45:41]   [2741/3703] Yiwen Cai (R105392)
[04:45:41]     OK: city=North York | prov=ON
[04:45:44]   [2742/3703] Sylvain Thibault (R1031997)
[04:45:44]     OK: email=sylvaintibo@gmail.com | phone=5145758873 | city=Montreal | prov=QC
[04:45:48]   [2743/3703] Rupinder Singh Dhillon (R708738)
[04:45:48]     OK: email=info@deccanimmigration.com | phone=6045007082 | city=New Westminster | prov=BC
[04:45:50]   [2744/3703] Mika Ebisawa (R707895)
[04:45:50]     OK: email=mika@visaship.ca | phone=8672926969 | city=Whitehorse
[04:45:53]   [2745/3703] Dvir Egdal (R536029)
[04:45:53]     OK: email=dvir@egdalimmigration.com | phone=7802573847 | city=Edmonton | prov=AB
[04:45:55]   [2746/3703] Mingyan Yang (R513300)
[04:45:55]     OK: city=Oakville | prov=ON
[04:45:58]   [2747/3703] Elham Fallahmanshadi (R710065)
[04:45:58]     OK: city=Coquitlam | prov=BC
[04:46:00]   [2748/3703] Dinu Puthuparampil Jose (R531499)
[04:46:00]     OK: email=info@mygrat.ca | city=Toronto | prov=ON
[04:46:03]   [2749/3703] Asmita Multani (R711477)
[04:46:03]     OK: email=asmitamultani@gmail.com | phone=6042097922 | city=Surrey | prov=BC
[04:46:06]   [2750/3703] Michelange Obas (R706147)
[04:46:06]     OK: email=achery@philoservicesimmigration.ca | phone=5143217598 | city=1373
[04:46:08]   [2751/3703] Tatiana Vasil'eva (R530673)
[04:46:08]     OK: email=redked2006@gmail.com | phone=6472252738 | city=Toronto | prov=ON
[04:46:10]   [2752/3703] Prithipal Singh Gill (R422735)
[04:46:11]     OK: email=PSGILL.ELABS@YAHOO.COM | phone=7696002828 | city=Jalandhar
[04:46:13]   [2753/3703] Tanaka Mushayavanhu (R707754)
[04:46:13]     OK: email=info@trigpointimmigration.ca | phone=4379845955 | city=Edmonton | prov=AB
[04:46:16]   [2754/3703] Viral Modi (R710486)
[04:46:16]     OK: email=Viralkmodi@gmail.com | phone=4164354041 | city=Brampton | prov=ON
[04:46:19]   [2755/3703] Jacqueline Aquino (R406983)
[04:46:19]     OK: city=Toronto | prov=ON
[04:46:22]   [2756/3703] Yvonne Myers (R509496)
[04:46:22]     OK: email=yjmyers@gmail.com | phone=7097282950 | city=Saint John's | prov=NL
[04:46:24]   [2757/3703] Di Wang (R532247)
[04:46:24]     OK: email=kelvin@linkingconsulting.ca | phone=9054655138 | city=Toronto | prov=ON
[04:46:27]   [2758/3703] Rositsa Ivanova (R706015)
[04:46:27]     OK: email=rivanova@mdmimmigration.ca | phone=4319985136 | city=Edmonton | prov=AB
[04:46:29]   [2759/3703] Nasir Gord (R705790)
[04:46:29]     OK: email=gordnasir@gmail.com | phone=6479654001 | city=Mississauga | prov=ON
[04:46:32]   [2760/3703] Sidorela Metolli (R712748)
[04:46:32]     OK: email=sidorelametolli@gmail.com | phone=6472730302 | city=Etobicoke | prov=ON
[04:46:35]   [2761/3703] Robert Webster (R713344)
[04:46:35]     OK: email=robert@gnic.ca | phone=9058098859 | city=Bowmanville | prov=ON
[04:46:37]   [2762/3703] Juchan Choi (R409087)
[04:46:37]     OK: email=jcbcpm@gmail.com | phone=6044610100 | city=Burnaby | prov=BC
[04:46:40]   [2763/3703] Dang Khanh Ngoc Nguyen (R534463)
[04:46:40]     OK: email=cozykainc@gmail.com | phone=6478738667 | city=Toronto | prov=ON
[04:46:43]   [2764/3703] Jawed Karim (R532361)
[04:46:43]     OK: email=Joeykarim786@gmail.com | phone=6472904458 | city=Mississauga | prov=ON
[04:46:46]   [2765/3703] Carol Mckenzie (R511160)
[04:46:46]     OK: email=strategicimmigration@gmail.com | phone=4034665987 | city=Calgary | prov=AB
[04:46:48]   [2766/3703] Brigitte Khayat (R533681)
[04:46:48]     OK: email=info@khayat.ca | phone=4168355836 | city=Milton | prov=ON
[04:46:51]   [2767/3703] Jasminder Pal Singh Johal (R1034395)
[04:46:51]     OK: city=Abbotsford | prov=BC
[04:46:54]   [2768/3703] Jaspreet Singh Mandair (R712254)
[04:46:54]     OK: email=Shahbaazimmigration@gmail.com | phone=4389792949 | city=Edmonton | prov=AB
[04:46:57]   [2769/3703] Nareshkumar Narayanbhai Chavda (R506403)
[04:46:57]     OK: email=globayan@gmail.com | phone=6478956790 | city=Vaughan | prov=ON
[04:47:00]   [2770/3703] Linda Lee (R514488)
[04:47:00]     OK: email=linda.jy.lee89@gmail.com | phone=7809662606 | city=Edmonton | prov=AB
[04:47:03]   [2771/3703] Ronald Mckay (R415455)
[04:47:03]     OK: email=ronemckay@gmail.com | phone=6042331128 | city=Vancouver | prov=BC
[04:47:06]   [2772/3703] Allan Ralph Basa (R709872)
[04:47:06]     OK: email=ralphzbasa@yahoo.com | phone=6479070265 | city=Scarborough | prov=ON
[04:47:09]   [2773/3703] Vinayak Patil (R710216)
[04:47:09]     OK: email=vinvinayak@gmail.com | phone=3062014946 | city=Langley | prov=BC
[04:47:12]   [2774/3703] Carmen Montana (R712450)
[04:47:12]     OK: email=elen343@hotmail.com | phone=4038184154 | city=Calgary | prov=AB
[04:47:15]   [2775/3703] Andrea Tejeda (R532209)
[04:47:15]     OK: email=aletejeda72@gmail.com | phone=4168714202 | city=Toronto | prov=ON
[04:47:18]   [2776/3703] Jib Walsh (R707983)
[04:47:18]     OK: email=jib.walsh@enrootimmigration.ca | phone=2508893446 | city=Victoria | prov=BC
[04:47:21]   [2777/3703] Esha Sharma (R520835)
[04:47:21]     OK: email=eshadr@gmail.com | phone=6478632861 | city=Pickering | prov=ON
[04:47:23]   [2778/3703] John Dalrymple (R707296)
[04:47:23]     OK: email=john@jtdimmigration.com | phone=6477252777 | city=Fernando De La Mora
[04:47:26]   [2779/3703] Zohreh Bahrami (R533607)
[04:47:26]     OK: email=bahrami.zohreh@gmail.com | phone=6177776703 | city=Coquitlam | prov=BC
[04:47:29]   [2780/3703] Beerinder Mann (R710483)
[04:47:29]     OK: email=beerinder.mann@gmail.com | phone=6479856266 | city=Brampton | prov=ON
[04:47:32]   [2781/3703] Satinder Nijjar (R707504)
[04:47:32]     OK: email=info@triarkimmigration.com | phone=3069213998 | city=Victoria | prov=BC
[04:47:35]   [2782/3703] Yongqing Zhuang (R705730)
[04:47:35]     OK: email=qingzhy@gmail.com | phone=2043335622 | city=Winnipeg | prov=MB
[04:47:38]   [2783/3703] Cassandra Culpepper (R731467)
[04:47:38]     OK: email=cassandraculpepper@gmail.com | phone=6472364042 | city=Thornhill | prov=ON
[04:47:42]   [2784/3703] Kiranpreet Sidhu (R705620)
[04:47:42]     OK: email=ksidhuhr@gmail.com | phone=9057816009 | city=Brampton | prov=ON
[04:47:45]   [2785/3703] Han Hui Su (R419767)
[04:47:45]     OK: email=michaelsu21@yahoo.ca | phone=4168239368 | city=Markham | prov=ON
[04:47:47]   [2786/3703] Meena Sharma (R418967)
[04:47:47]     OK: email=mina@advantageimmigration.com | phone=6472843444 | city=Mississauga | prov=ON
[04:47:50]   [2787/3703] Yve Camae Biriaei Najafabadi (R731618)
[04:47:50]     OK: email=yvebiryaee@gmail.com | phone=4379736277 | city=Stoney Creek | prov=ON
[04:47:53]   [2788/3703] Lin Sha Xu (R421663)
[04:47:53]     OK: email=julia.xu@greattriumph.com | phone=6472813680 | city=Toronto | prov=ON
[04:47:56]   [2789/3703] Marleine Ghostine Abi Nassif (R512890)
[04:47:56]     OK: email=marlene.ghostine@gmail.com | phone=6477966275 | city=Ajax | prov=ON
[04:47:59]   [2790/3703] Eon Joung Lee (R711466)
[04:47:59]     OK: email=ejleemosaic@gmail.com | phone=7789796390 | city=Maple Ridge | prov=BC
[04:48:01]   [2791/3703] Aqsa Nadeem ()
[04:48:01]     OK: email=anade043@uottawa.ca | city=Oakville | prov=ON
[04:48:05]   [2792/3703] Ivy Anigbogu (R731100)
[04:48:05]     OK: email=anigboguivy@gmail.com | phone=5482555660 | city=Kitchener | prov=ON
[04:48:08]   [2793/3703] Se Kyung Park (R530781)
[04:48:08]     OK: email=eroodaif@gmail.com | phone=2048008255 | city=Winnipeg | prov=MB
[04:48:11]   [2794/3703] Gurmail Singh (R531381)
[04:48:11]     OK: email=contactuniglobal@gmail.com | phone=6045079962 | city=Surrey | prov=BC
[04:48:14]   [2795/3703] Iryna Smirnova (R530789)
[04:48:14]     OK: email=projetcanadaic@gmail.com | phone=5142224106 | city=Mont-Tremblant | prov=QC
[04:48:16]   [2796/3703] Debjani Niyogi (R707122)
[04:48:16]     OK: email=ndebjani123@yahoo.com | phone=4377752133 | city=Brampton | prov=ON
[04:48:19]   [2797/3703] Siavash Haji Akbari Fini (R709549)
[04:48:19]     OK: email=siavash.fini@brcompass.ca | phone=7786831129 | city=Vancouver | prov=BC
[04:48:22]   [2798/3703] Amaoge Omenye (R706932)
[04:48:22]     OK: email=amomenye@gmail.com | phone=6479387435 | city=Toronto | prov=ON
[04:48:25]   [2799/3703] Meghna Dhingra (R513938)
[04:48:25]     OK: phone=9953933237 | city=CAD Immigration Inc.
[04:48:28]   [2800/3703] Iveta Daicova (R731689)
[04:48:28]     OK: email=immigration@korridoor.com | city=Courtenay | prov=BC
[04:48:31]   [2801/3703] Allen Young (R515250)
[04:48:32]     OK: email=allen@canfc.com | phone=6045518488 | city=Vancouver | prov=BC
[04:48:35]   [2802/3703] Byoungduk Lee (R518340)
[04:48:35]     OK: city=Toronto | prov=ON
[04:48:38]   [2803/3703] Jenna Cameron (R731341)
[04:48:38]     OK: email=jenna_cameron@ridleycollege.com | phone=2896971273 | city=Saint Catharines | prov=ON
[04:48:41]   [2804/3703] Sahil Vashist (R534609)
[04:48:41]     OK: email=sahilvashist@live.com | phone=4034000261 | city=Calgary | prov=AB
[04:48:44]   [2805/3703] Luis Mata Aldana (R709188)
[04:48:44]     OK: email=jacobolam@gmail.com | phone=4372635983 | city=Pickering | prov=ON
[04:48:47]   [2806/3703] Motunrayo Margaret Adewale (R709703)
[04:48:48]     OK: email=tunrayoluv@hotmail.co.uk | phone=3439965157 | city=Windsor | prov=ON
[04:48:51]   [2807/3703] Michael Landry Tagne Fogue (R708313)
[04:48:51]     OK: email=michaelfogue@gmail.com | phone=4389347274 | city=Laval | prov=QC
[04:48:54]   [2808/3703] Jecris Tubigon (R529130)
[04:48:54]     OK: email=info@northeastcentral.ca | city=Toronto | prov=ON
[04:48:57]   [2809/3703] Jingxue Chang (R519092)
[04:48:57]     OK: city=Burnaby | prov=BC
[04:48:59]   [2810/3703] Simarjot Singh Jassal (R705435)
[04:48:59]     OK: email=simar@canzaimmigration.com | phone=4377712295 | city=Brampton | prov=ON
[04:49:02]   [2811/3703] Diane Lacasse (R511091)
[04:49:02]     OK: email=dgl.main11@gmail.com | phone=3065869001 | city=Regina | prov=SK
[04:49:05]   [2812/3703] Sahil Sayal (R705838)
[04:49:05]     OK: email=mailbeingcanada@gmail.com | phone=+1(905)9042704 | city=Brampton | prov=ON
[04:49:08]   [2813/3703] Omar Rios Garcia (R711503)
[04:49:09]     OK: email=the.cooling.1917@gmail.com | phone=5147915255 | city=Montreal | prov=QC
[04:49:12]   [2814/3703] Mahsima Tavoosi-Monfared (R709021)
[04:49:12]     OK: email=mahsima.tavoosi@yahoo.com | phone=6474514940 | city=Toronto | prov=ON
[04:49:15]   [2815/3703] Xiaohan Ling (R731471)
[04:49:15]     OK: city=Saskatoon | prov=SK
[04:49:17]   [2816/3703] Nisha Rathore (R706570)
[04:49:17]     OK: email=chaseglobalimmigration@gmail.com | city=Calgary | prov=AB
[04:49:20]   [2817/3703] Akashdeep Karwal (R526742)
[04:49:20]     OK: email=a.karwal@rightlineimmigration.com | phone=5874346457 | city=Calgary | prov=AB
[04:49:23]   [2818/3703] Jigar Upadhyay (R525585)
[04:49:24]     OK: email=upadhyay.jigar@gmail.com | phone=2045838570 | city=Winnipeg | prov=MB
[04:49:26]   [2819/3703] Illaticci Sarmiento (R705747)
[04:49:26]     OK: email=diana@itsimmigration.ca | phone=14389280874 | city=Montreal | prov=QC
[04:49:29]   [2820/3703] Majid Raja (R707733)
[04:49:29]     OK: email=majid@yomenau.com | phone=2368777444 | city=Burnaby | prov=BC
[04:49:31]   [2821/3703] Upkar Singh (R513627)
[04:49:32]     OK: email=us@westportimmi.ca | phone=4034014125 | city=London | prov=ON
[04:49:34]   [2822/3703] Chihiro Sasaki (R1053817)
[04:49:34]     OK: city=Vancouver | prov=BC
[04:49:37]   [2823/3703] Cecilia Boyle (R528492)
[04:49:37]     OK: email=cecilia@boyleimmigration.com | phone=3062028013 | city=Saskatoon | prov=SK
[04:49:40]   [2824/3703] Nourelhoda Nassar (R530619)
[04:49:40]     OK: email=info@sidera.ca | phone=+201067592101 | city=Laval | prov=QC
[04:49:43]   [2825/3703] Pritpal Puri (R417447)
[04:49:43]     OK: email=pritpal.puri@gmail.com | phone=7809059057 | city=Edmonton | prov=AB
[04:49:46]   [2826/3703] Haiyan Gao (R528268)
[04:49:46]     OK: email=gaohaiyaner@yahoo.com | phone=6478771500 | city=Oakville | prov=ON
[04:49:49]   [2827/3703] Toyosi Labeodan (R531971)
[04:49:49]     OK: city=Edmonton | prov=AB
[04:49:52]   [2828/3703] Dawood Shakir (R708413)
[04:49:52]     OK: email=dawood@shakir.ca | phone=7783195253 | city=Vancouver | prov=BC
[04:49:55]   [2829/3703] Adriana Whiteside (R711325)
[04:49:55]     OK: email=adriana.whiteside@gmail.com | phone=6473034831 | city=Toronto | prov=ON
[04:49:58]   [2830/3703] Sanchit Ahuja (R535139)
[04:49:58]     OK: email=rssanchit@gmail.com | city=Brampton | prov=ON
[04:50:01]   [2831/3703] Rajinder Jagpal (R517986)
[04:50:01]     OK: email=jagpalraj@eccvisa.com | phone=4162741947 | city=Toronto | prov=ON
[04:50:04]   [2832/3703] Lori Shaw (R529860)
[04:50:04]     OK: email=lorishaw@uvic.ca | phone=2507217668 | city=Victoria | prov=BC
[04:50:06]   [2833/3703] Kan Tik Chan (R710841)
[04:50:06]     OK: city=Richmond Hill | prov=ON
[04:50:10]   [2834/3703] Panebi Oboh (R510503)
[04:50:10]     OK: email=panebi86@yahoo.com | phone=2507870261 | city=Fort Saint John | prov=BC
[04:50:12]   [2835/3703] Iqbal Kaur (R528215)
[04:50:12]     OK: email=amariqbalkaur@gmail.com | phone=6477193001 | city=Oshawa | prov=ON
[04:50:14]   [2836/3703] Waldemar Gorniak (R510560)
[04:50:15]     OK: email=w.gorniak@hotmail.com | phone=4169939871
[04:50:17]   [2837/3703] Rosalia Arsenue (R534641)
[04:50:17]     OK: city=Saint Catharines | prov=ON
[04:50:20]   [2838/3703] Jelena Radomirovic (R707399)
[04:50:20]     OK: email=jrimmigration@mail.com | phone=5193004204 | city=Windsor | prov=ON
[04:50:23]   [2839/3703] Balvinder Pahl (R416895)
[04:50:23]     OK: city=First Floor
[04:50:25]   [2840/3703] Apolka Rohanszky (R706152)
[04:50:25]     OK: email=apolkar@advenaimmigration.com | phone=4169106159 | city=Toronto | prov=ON
[04:50:28]   [2841/3703] Parminder Singh (R708708)
[04:50:28]     OK: city=Surrey | prov=BC
[04:50:31]   [2842/3703] Harkirandeep Grewal (R516185)
[04:50:31]     OK: email=info@fargocanada.com | phone=7807055288 | city=Edmonton | prov=AB
[04:50:33]   [2843/3703] Abhishek Sharma (R705746)
[04:50:33]     OK: email=ak.sharma.eng85@gmail.com | phone=3633630043 | city=Kingston | prov=ON
[04:50:36]   [2844/3703] Simrit Kaur Malhi (R709244)
[04:50:36]     OK: email=rejoiceimmigrationservices@gmail.com | phone=3655400800 | city=London | prov=ON
[04:50:39]   [2845/3703] Marjan Atashi Golestan (R709386)
[04:50:39]     OK: email=atashigolestan@yahoo.com | phone=6479373803 | city=Toronto | prov=ON
[04:50:41]   [2846/3703] Raj Saran (R508022)
[04:50:42]     OK: email=raj@siriusimmigration.com | phone=6047760061 | city=Abbotsford | prov=BC
[04:50:44]   [2847/3703] Nataliia St. Amand (R710288)
[04:50:44]     OK: email=st.amand.immigration@gmail.com | phone=3069616741 | city=Prince Albert | prov=SK
[04:50:46]   [2848/3703] Karanbir Benipal (R706942)
[04:50:46]     OK: email=karan@skyriseimmigration.ca | phone=5145588000 | city=Dorion-Vaudreuil | prov=QC
[04:50:50]   [2849/3703] Thouraya Saidi (R418223)
[04:50:50]     OK: email=info@immigrationassistance.ca | phone=5144182525 | city=Montreal | prov=QC
[04:50:52]   [2850/3703] Shuk Han Wan (R421087)
[04:50:52]     OK: email=kuthawan@hotmail.com | phone=4168009775 | city=Toronto | prov=ON
[04:50:55]   [2851/3703] Kim-Phuong Nguyen (R509928)
[04:50:55]     OK: email=kim@nguyenimmigration.ca | phone=7809055025 | city=Edmonton | prov=AB
[04:50:58]   [2852/3703] Adnane Rhorchi (R533585)
[04:50:58]     OK: email=canadavite@gmail.com | phone=4388797902 | city=Montreal | prov=QC
[04:51:01]   [2853/3703] Jessica Gamez Rocha (R509547)
[04:51:01]     OK: email=jgr.immigration@gmail.com | phone=4037152247 | city=Coaldale | prov=AB
[04:51:04]   [2854/3703] Kim K.C. Ly (R508234)
[04:51:04]     OK: email=kly@bordersimmigration.com | phone=5194333081 | city=London | prov=ON
[04:51:07]   [2855/3703] Philipp Reichert (R510545)
[04:51:07]     OK: email=philipp.reichert@ubc.ca | phone=2508078288 | city=Kelowna | prov=BC
[04:51:09]   [2856/3703] Davinder Gera (R731685)
[04:51:09]     OK: city=Brampton | prov=ON
[04:51:12]   [2857/3703] Maria Elisa Mendoza (R712150)
[04:51:13]     OK: email=applications@memimmigration.ca | phone=5874617724 | city=Spruce Grove | prov=AB
[04:51:16]   [2858/3703] Constantina Tsiontis (R422543)
[04:51:16]     OK: email=dina@kosmospro.ca | phone=6473828118 | city=Toronto | prov=ON
[04:51:19]   [2859/3703] Harpreet Kainth (R705438)
[04:51:19]     OK: email=Neeturakhra@yahoo.ca | phone=6047834045 | city=Surrey | prov=BC
[04:51:21]   [2860/3703] Vineet Aneja (R531723)
[04:51:21]     OK: email=vineet.aneja82@gmail.com | phone=6043386400 | city=Surrey | prov=BC
[04:51:24]   [2861/3703] Jaime Bravo (R705995)
[04:51:24]     OK: email=info@jcbglobal-cic.ca | phone=6047827496 | city=Vancouver | prov=BC
[04:51:28]   [2862/3703] Joanne Adorna (R513942)
[04:51:28]     OK: email=joanne@migrazen.com | phone=3065523472 | city=Regina | prov=SK
[04:51:31]   [2863/3703] Paula Hashimoto Hirata (R526358)
[04:51:31]     OK: email=info@hnlimmigration.com | phone=4385281176 | city=Montreal | prov=QC
[04:51:34]   [2864/3703] Harpreet Dhillon (R707817)
[04:51:34]     OK: email=dhillon.hpsd@gmail.com | phone=7785220670 | city=Delta | prov=BC
[04:51:37]   [2865/3703] Sukhvir Singh Virdi (R706871)
[04:51:37]     OK: email=3asimmigration@gmail.com | phone=4036198734 | city=Chestermere | prov=AB
[04:51:40]   [2866/3703] Joo Yeon Kim (R516360)
[04:51:40]     OK: email=goddess1977@hotmail.com | phone=6042222323 | city=Vancouver | prov=BC
[04:51:43]   [2867/3703] Minh Anh Pham (R707784)
[04:51:43]     OK: city=Airdrie | prov=AB
[04:51:45]   [2868/3703] Chuchu Chen (R709319)
[04:51:45]     OK: email=business.oceancross@gmail.com | phone=6049101669 | city=Burnaby | prov=BC
[04:51:48]   [2869/3703] Naveen Dasari (R710131)
[04:51:48]     OK: email=naveen2608@gmail.com | city=Montreal | prov=QC
[04:51:51]   [2870/3703] Manpreet Singh Manpreet Singh (R711688)
[04:51:51]     OK: email=turtleimmigration@gmail.com | phone=5879896215 | city=Edmonton | prov=AB
[04:51:53]   [2871/3703] Yerusalem Berhane (R519180)
[04:51:53]     OK: city=London | prov=ON
[04:51:57]   [2872/3703] Rhoneil Velasco (R533187)
[04:51:57]     OK: email=rho@velasco.ca | phone=4039984510 | city=Calgary | prov=AB
[04:52:00]   [2873/3703] Wen Xu (R532627)
[04:52:00]     OK: email=wenxu2009@gmail.com | phone=6475207083 | city=Aurora | prov=ON
[04:52:03]   [2874/3703] Dennis Mercado (R515220)
[04:52:03]     OK: email=dtmercado@gmail.com | phone=9028019071 | city=Halifax | prov=NS
[04:52:06]   [2875/3703] Mahlagha Shahid (R418879)
[04:52:06]     OK: email=may@mayshahid.com | phone=4163919298 | city=Toronto | prov=ON
[04:52:09]   [2876/3703] Thomas Tofigh (R509045)
[04:52:09]     OK: email=amir@mbis.ca | city=North Vancouver | prov=BC
[04:52:12]   [2877/3703] Jungeun Park (R514565)
[04:52:13]     OK: email=alexjepark@gmail.com | phone=6046460085 | city=Vancouver | prov=BC
[04:52:16]   [2878/3703] Gagandeep Verma (R710127)
[04:52:16]     OK: email=GAGAN@VLINKIMMIGRATION.COM | phone=7803900053 | city=Edmonton | prov=AB
[04:52:18]   [2879/3703] Fei Fei Li (R521445)
[04:52:18]     OK: email=feifei.sakfi@gmail.com | phone=6477802588 | city=Georgetown | prov=ON
[04:52:21]   [2880/3703] Upamdeep Kaur (R1034351)
[04:52:21]     OK: phone=6478250201
[04:52:24]   [2881/3703] Paul Salazar (R523490)
[04:52:24]     OK: email=paul@salcanglobal.com | phone=5198416000 | city=Waterloo | prov=ON
[04:52:26]   [2882/3703] Jessica Cao (R513920)
[04:52:26]     OK: email=littlej_mcao@yahoo.com | phone=7788918191 | city=Surrey | prov=BC
[04:52:28]   [2883/3703] Manikandan Pichai (R530029)
[04:52:28]     OK: email=manikandanpichai@yahoo.co.in | phone=5879850699 | city=Edmonton | prov=AB
[04:52:31]   [2884/3703] Xiaoxian Chen (R712229)
[04:52:32]     OK: email=letspassielts2020@gmail.com | phone=7808600188 | city=Edmonton | prov=AB
[04:52:34]   [2885/3703] Gurpreet Kaur Thind (R706632)
[04:52:34]     OK: email=thindgurpreetkaur@gmail.com | phone=7788182200 | city=Delta | prov=BC
[04:52:37]   [2886/3703] Gursimranjeet Singh (R708579)
[04:52:37]     OK: email=gurimann94@icloud.com | phone=4372309293 | city=Orangeville | prov=ON
[04:52:39]   [2887/3703] Lei Mei (R415527)
[04:52:39]     OK: email=mary@openworldcanada.com | phone=6045187428 | city=Vancouver | prov=BC
[04:52:42]   [2888/3703] Yildiz Ozaydemir (R525111)
[04:52:42]     OK: email=starozaydemir@yahoo.com | phone=4168544209 | city=Hamilton | prov=ON
[04:52:44]   [2889/3703] Ailian Liu (R512979)
[04:52:44]     OK: city=Calgary | prov=AB
[04:52:46]   [2890/3703] Shubham Kumar (R731147)
[04:52:47]     OK: email=shubhcanada6@gmail.com | phone=4373350035 | city=Edmonton | prov=AB
[04:52:49]   [2891/3703] Amee Sandhu (R705699)
[04:52:49]     OK: email=amksandhu20@gmail.com | phone=6478617475 | city=Waterloo | prov=ON
[04:52:52]   [2892/3703] Baljit Sandhu (R418439)
[04:52:52]     OK: email=bsandhu@multilinksimmigration.com | phone=4039252233 | city=Lethbridge | prov=AB
[04:52:55]   [2893/3703] Richa Raj (R1034503)
[04:52:55]     OK: city=Burlington | prov=ON
[04:52:58]   [2894/3703] Leticia Forteath (R710403)
[04:52:58]     OK: email=tishforteath@gmail.com | phone=3696485142 | city=Calgary | prov=AB
[04:53:01]   [2895/3703] Roula Salam (R706792)
[04:53:01]     OK: email=rsalam@salmarimmigration.ca | phone=7808629172 | city=Edmonton | prov=AB
[04:53:04]   [2896/3703] Larry Delong (R508116)
[04:53:04]     OK: email=lgd@delongimmigration.ca | city=Fredericton | prov=NB
[04:53:07]   [2897/3703] Lizett Avila Cabrera (R731239)
[04:53:07]     OK: email=lizavilac@yahoo.com | phone=7787921001 | city=Coquitlam | prov=BC
[04:53:10]   [2898/3703] Zhaobin Liu (R515061)
[04:53:10]     OK: email=ImmPluz@gmail.com | phone=3065150678 | city=Regina | prov=SK
[04:53:13]   [2899/3703] Chidinma Igboanugo (R532479)
[04:53:13]     OK: email=chidi@ashvilleimmigration.ca | phone=6066067788 | city=Newcastle | prov=ON
[04:53:15]   [2900/3703] Bawendmanegre Desiree Nadege Ouedraogo Ouedraogo (R518532)
[04:53:15]     OK: email=NADEGE@AOFIMMIGRATION.COM | phone=6475510079 | city=Ottawa | prov=ON
[04:53:19]   [2901/3703] Bin Li (R509888)
[04:53:19]     OK: email=binli99@hotmail.com | phone=7809383868 | city=Edmonton | prov=AB
[04:53:21]   [2902/3703] Patricia Havitov (R709843)
[04:53:21]     OK: email=PATRICIA.HAVITOV@GMAIL.COM | phone=5145529111 | city=Montreal | prov=QC
[04:53:25]   [2903/3703] Corazon Ilao (R509413)
[04:53:25]     OK: email=crznilao@gmail.com | phone=4167952672 | city=Toronto | prov=ON
[04:53:28]   [2904/3703] Sreekanth Edayath (R708557)
[04:53:28]     OK: email=edayathsreekanth@gmail.com | phone=2897834429 | city=Etobicoke | prov=ON
[04:53:31]   [2905/3703] Mandeep Dhaliwal (R709480)
[04:53:31]     OK: email=breezeimmigration@gmail.com | phone=6048257715 | city=Abbotsford | prov=BC
[04:53:34]   [2906/3703] Brianna Carney (R513760)
[04:53:34]     OK: email=briannahuene@yahoo.ca | phone=4038071901 | city=Calgary | prov=AB
[04:53:36]   [2907/3703] Andrew Marriner (R534065)
[04:53:36]     OK: email=andrewmarriner@gmail.com | phone=2368823863 | city=Vanderhoof | prov=BC
[04:53:39]   [2908/3703] Zahra Siadat (R419247)
[04:53:39]     OK: email=info@redleafimmigration.com | phone=6047603616 | city=Coquitlam | prov=BC
[04:53:41]   [2909/3703] Adeola Igbalajobi (R513450)
[04:53:41]     OK: email=dgproorgs@gmail.com | phone=2044414136 | city=Brandon | prov=MB
[04:53:44]   [2910/3703] Marie Deitz (R409647)
[04:53:44]     OK: email=mariedeitz@standardimmigration.com | phone=6043381798 | city=Vancouver | prov=BC
[04:53:46]   [2911/3703] Haiyan Xie (R711091)
[04:53:46]     OK: email=sarahyanx123@gmail.com | phone=2066962005 | city=Richmond | prov=BC
[04:53:50]   [2912/3703] Shun Lam (R507414)
[04:53:50]     OK: email=sw.lam@rockiesimmigration.ca | phone=+1-587-353-4111
[04:53:52]   [2913/3703] Bruce Ferreira-Wells (R410719)
[04:53:52]     OK: email=bruce@immigrationservices.ca | phone=4166518889 | city=Toronto | prov=ON
[04:53:55]   [2914/3703] Davinder Kumar (R532379)
[04:53:55]     OK: email=davinder4nk@gmail.com | phone=6477832922 | city=Brampton | prov=ON
[04:53:58]   [2915/3703] Sanjay Verma (R523346)
[04:53:58]     OK: email=s.verma@live.ca | phone=7788938444 | city=Surrey | prov=BC
[04:54:00]   [2916/3703] Abdollah Fathi-Nejad (R706682)
[04:54:00]     OK: email=abel@abelwayimmigration.com | phone=6042625741 | city=Vancouver | prov=BC
[04:54:04]   [2917/3703] Nancy Arseneault (R731306)
[04:54:04]     OK: email=nancy.arseneault_co@outlook.com | phone=4505132035 | city=Cap-de-la-Madeleine | prov=QC
[04:54:06]   [2918/3703] Sahil Mangla (R707378)
[04:54:06]     OK: email=info@masimmigration.com | phone=4169310012 | city=Brampton | prov=ON
[04:54:09]   [2919/3703] Jiawei Liu (R525169)
[04:54:09]     OK: email=liujiawei8915@gmail.com | phone=6479899789 | city=Toronto | prov=ON
[04:54:11]   [2920/3703] Chao Lang (R712797)
[04:54:12]     OK: email=langchao123@hotmail.com | phone=7802310470 | city=Edmonton | prov=AB
[04:54:14]   [2921/3703] Deokjun Yoon (R531529)
[04:54:14]     OK: email=deokjun.yoon@gmail.com | phone=+821097946653 | city=Ansan
[04:54:16]   [2922/3703] Rania Hamdan (R411583)
[04:54:16]     OK: email=info@iccanada.ca | phone=6132553376 | city=Gatineau | prov=QC
[04:54:19]   [2923/3703] Dikshant Dawar (R708550)
[04:54:19]     OK: email=dikshant.dawar@gmail.com | phone=4379861143 | city=Brampton | prov=ON
[04:54:22]   [2924/3703] Ritika Sharma (R709042)
[04:54:22]     OK: email=ritikasharma1989@yahoo.com | phone=9024128082 | city=Halifax | prov=NS
[04:54:25]   [2925/3703] Xinling Shi (R533509)
[04:54:25]     OK: email=joyce@xinlingimm.com | phone=6478686208 | city=Thornhill | prov=ON
[04:54:28]   [2926/3703] Reena Bali (R523157)
[04:54:28]     OK: email=reenabali29@yahoo.ca | phone=6479655071 | city=Brampton | prov=ON
[04:54:30]   [2927/3703] Amandeep Singh (R708893)
[04:54:30]     OK: email=amancheema91@gmail.com | phone=5199920329 | city=Mississauga | prov=ON
[04:54:33]   [2928/3703] Hanne Nauwelaerts (R1034450)
[04:54:33]     OK: city=Listowel | prov=ON
[04:54:35]   [2929/3703] Tesla Fagetan (R709133)
[04:54:35]     OK: email=teslafagetan@gmail.com | phone=2899903788 | city=Saint Catharines | prov=ON
[04:54:38]   [2930/3703] Amrit Kahlon (R531925)
[04:54:38]     OK: email=AMRIT.KAHLON@GMAIL.COM | phone=7788626871 | city=Langley | prov=BC
[04:54:41]   [2931/3703] Min Xu (R534257)
[04:54:41]     OK: email=irisxu1024@outlook.com | phone=7783899488 | city=Delta | prov=BC
[04:54:43]   [2932/3703] Olga Golovachova (R709030)
[04:54:43]     OK: city=Ottawa | prov=ON
[04:54:46]   [2933/3703] Jiale Yu (R800034)
[04:54:46]     OK: email=zack.yu@dal.ca | city=Halifax | prov=NS
[04:54:48]   [2934/3703] Farha Hafsaoui (R529895)
[04:54:48]     OK: email=enquiry@farhaconsulting.com | city=Gatineau | prov=QC
[04:54:51]   [2935/3703] Ergun Sen (R533957)
[04:54:51]     OK: email=agirdan2@yahoo.com | phone=4167003727 | city=Toronto | prov=ON
[04:54:54]   [2936/3703] Oluwatosin Anifowose (R532897)
[04:54:54]     OK: email=tosin@redlaneimmigration.com | phone=3062093842 | city=Regina | prov=SK
[04:54:57]   [2937/3703] Priyanka Khanna (R713245)
[04:54:57]     OK: email=khannaimmigration@outlook.com | phone=2049157674 | city=Winnipeg | prov=MB
[04:55:00]   [2938/3703] Veronica Sepehr (R731655)
[04:55:00]     OK: email=veronica.sepehr@gmail.com | phone=3236730002 | city=Guelph | prov=ON
[04:55:03]   [2939/3703] Olga Consuelo Ramos Loya (R529712)
[04:55:03]     OK: email=olga@globalclassgroup.com | phone=7789601559 | city=Port Coquitlam | prov=BC
[04:55:06]   [2940/3703] Haibin Jiang (R518626)
[04:55:07]     OK: email=sherpaimmigration@outlook.com | phone=6043750962 | city=Burnaby | prov=BC
[04:55:10]   [2941/3703] Arefin Azam (R711103)
[04:55:10]     OK: email=tasif@aaimmigration.ca | phone=4168416729
[04:55:13]   [2942/3703] Sylvie Bertrand (R407799)
[04:55:13]     OK: email=sylvie@Lbimmigration.com | phone=5142773355 | city=Laurentides | prov=QC
[04:55:17]   [2943/3703] Rajat Dang (R708977)
[04:55:17]     OK: email=rajatdang@gmail.com | phone=2046888120 | city=Winnipeg | prov=MB
[04:55:19]   [2944/3703] Lee-Ching Susan Kao (R510147)
[04:55:20]     OK: email=susankao_tieus@yahoo.com | city=Richmond | prov=BC
[04:55:23]   [2945/3703] Timothy Morson (R416007)
[04:55:23]     OK: email=tim@morson.ca | phone=5148455454 | city=Montreal | prov=QC
[04:55:25]   [2946/3703] Komal Papneja (R535749)
[04:55:25]     OK: email=papneja.komal@gmail.com | city=Brampton | prov=ON
[04:55:28]   [2947/3703] Wenqing Zhao (R712859)
[04:55:28]     OK: email=phoebe.naviservices@gmail.com | phone=6478286025 | city=Richmond Hill | prov=ON
[04:55:31]   [2948/3703] Gurleen Singh (R706171)
[04:55:31]     OK: email=ginni.toor@gmail.com | phone=4377780035 | city=Brampton | prov=ON
[04:55:34]   [2949/3703] Inderpreet Arora (R533287)
[04:55:34]     OK: email=7104637@outlook.com | phone=6045933301 | city=Surrey | prov=BC
[04:55:37]   [2950/3703] Debanjan Banerjee (R707760)
[04:55:37]     OK: email=banerjee.debanjan@ymail.com | phone=9054810787 | city=Etobicoke | prov=ON
[04:55:41]   [2951/3703] Arun Singh (R527218)
[04:55:41]     OK: (minimal data)
[04:55:43]   [2952/3703] Etsuko Wallace (R1034496)
[04:55:43]     OK: email=wallace.etsuko@gmail.com | phone=7802469720 | city=Saint Albert | prov=AB
[04:55:45]   [2953/3703] Shriya Sharma (R707200)
[04:55:45]     OK: email=shriya@hiveimmigration.ca | phone=6474600227 | city=Brampton | prov=ON
[04:55:47]   [2954/3703] Ana Cecilia Lascano (R731291)
[04:55:47]     OK: email=lascanoc1@gmail.com | phone=7788866461 | city=Coquitlam | prov=BC
[04:55:50]   [2955/3703] Aji Sam Mathews (R713065)
[04:55:50]     OK: email=ajisammathews@gmail.com | phone=3436301212 | city=Haileybury | prov=ON
[04:55:53]   [2956/3703] Xiao Ying Dong (R514235)
[04:55:53]     OK: email=LDINVEST@FOXMAIL.COM | phone=7786802636 | city=Hangzhou
[04:55:55]   [2957/3703] Jeremy Birkenstock (R731152)
[04:55:56]     OK: city=Saint Catharines | prov=ON
[04:55:59]   [2958/3703] Kiatphong Hanmethee (R411639)
[04:55:59]     OK: email=info@thai-canada.com | phone=7783713731 | city=Burnaby | prov=BC
[04:56:02]   [2959/3703] Saeid Hasani (R707056)
[04:56:02]     OK: email=saeidhasani@gmail.com | city=Richmond Hill | prov=ON
[04:56:06]   [2960/3703] Matthew Nelson (R705656)
[04:56:06]     OK: email=matt.nelson@pricanada.com | phone=6047107925 | city=Port Moody | prov=BC
[04:56:08]   [2961/3703] Ebaad Bhatti (R515968)
[04:56:08]     OK: email=Contact@high5immigration.com | phone=4374360280 | city=Mississauga | prov=ON
[04:56:11]   [2962/3703] Mouli Tasnuva (R708677)
[04:56:11]     OK: email=mziccanada@gmail.com | phone=7806802358 | city=Edmonton | prov=AB
[04:56:14]   [2963/3703] Eva Osorio Nieto (R509638)
[04:56:14]     OK: email=osorioeva@yahoo.ca | phone=9027176664 | city=Halifax | prov=NS
[04:56:16]   [2964/3703] Manjit Kaur (R731727)
[04:56:16]     OK: city=Etobicoke | prov=ON
[04:56:18]   [2965/3703] Sanjay Sharma (R709081)
[04:56:18]     OK: email=unboximmigration@gmail.com | city=Thornhill | prov=ON
[04:56:21]   [2966/3703] Sonny Young (R513085)
[04:56:21]     OK: city=Edmonton | prov=AB
[04:56:24]   [2967/3703] Binod Shrestha (R709082)
[04:56:24]     OK: email=admin@whitebunnyimmigration.com | phone=6477214666 | city=Brampton | prov=ON
[04:56:27]   [2968/3703] Jasbir Kaur Gurinder Singh Aulakh (R706509)
[04:56:27]     OK: email=jasbir118@yahoo.com | phone=6045378433 | city=Surrey | prov=BC
[04:56:29]   [2969/3703] Howard Wang (R535489)
[04:56:29]     OK: city=Regina | prov=SK
[04:56:32]   [2970/3703] Melissa Jobe (R708279)
[04:56:32]     OK: email=melissa.jobe@sd71.bc.ca | phone=2507032904 | city=Comox | prov=BC
[04:56:34]   [2971/3703] Tahira Rafiq Butt (R709125)
[04:56:34]     OK: email=tahirabutt2014@yahoo.com | phone=6474071065 | city=Mississauga | prov=ON
[04:56:37]   [2972/3703] Thillaiambalam Sivasubramanian (R712607)
[04:56:37]     OK: email=sivadvk@aol.com | phone=3069302390 | city=Prince Albert | prov=SK
[04:56:40]   [2973/3703] Gagandeep Bains (R1053980)
[04:56:40]     OK: city=London | prov=ON
[04:56:43]   [2974/3703] Ashok Paudel (R534929)
[04:56:43]     OK: email=pdlashoka@gmail.com | phone=6137701747 | city=Brampton | prov=ON
[04:56:47]   [2975/3703] Mathai George Nooranal (R712642)
[04:56:47]     OK: email=mathainooranal@gmail.com | phone=6049026356 | city=Vancouver | prov=BC
[04:56:50]   [2976/3703] Jun (Forrest) Wu (R513958)
[04:56:50]     OK: email=canmanintl@gmail.com | phone=7783225569 | city=Surrey | prov=BC
[04:56:52]   [2977/3703] Sayed Mehdi Ahmadi Mehr (R516101)
[04:56:52]     OK: email=smahmadimehr@yahoo.com | phone=6047103943 | city=North Vancouver | prov=BC
[04:56:56]   [2978/3703] Carlos Hoyos Tello (R412063)
[04:56:56]     OK: email=hoyper@yahoo.com | phone=5148789663 | city=Montreal | prov=QC
[04:56:58]   [2979/3703] Rocky Law (R514943)
[04:56:58]     OK: email=rock_law@hotmail.com | phone=4035683178 | city=Calgary | prov=AB
[04:57:01]   [2980/3703] Asmani Maan (R712120)
[04:57:01]     OK: email=mannharjinder76@gmail.com | phone=7785515180 | city=Surrey | prov=BC
[04:57:04]   [2981/3703] Riddhi Bhatt (R708852)
[04:57:04]     OK: email=riddhibhatt9@gmail.com | phone=6138849909 | city=Kanata | prov=ON
[04:57:07]   [2982/3703] Phuong Dao (R711627)
[04:57:07]     OK: email=racheldao.910@gmail.com | phone=6475518873 | city=Toronto | prov=ON
[04:57:10]   [2983/3703] Ling Jin (R708095)
[04:57:10]     OK: email=lynnljin@gmail.com | phone=6986980478 | city=Halifax | prov=NS
[04:57:13]   [2984/3703] Satvinder Arora (R709250)
[04:57:13]     OK: email=simerarora18@gmail.com | phone=7788629798 | city=Surrey | prov=BC
[04:57:16]   [2985/3703] Maggie Ozen (R507950)
[04:57:16]     OK: email=ozenimm@gmail.com | phone=51397788 | city=Richmond | prov=BC
[04:57:19]   [2986/3703] Aditya Gaur (R707116)
[04:57:19]     OK: email=aditya.gaur@shaw.ca | phone=7782284157 | city=Nanaimo | prov=BC
[04:57:23]   [2987/3703] Alicia Corpuz (R509663)
[04:57:23]     OK: email=aliciacorpuz@iaiservices.ca | phone=9052673382 | city=Mississauga | prov=ON
[04:57:25]   [2988/3703] Harman Preet Singh (R706447)
[04:57:25]     OK: email=harman.singh.law@gmail.com | phone=7788330581 | city=Surrey | prov=BC
[04:57:29]   [2989/3703] Amy Nguyen (R535729)
[04:57:29]     OK: email=amynguyen@vinmax-immigration.com | phone=5878894722
[04:57:32]   [2990/3703] Xiaoni Wang (R707461)
[04:57:32]     OK: email=xiaoniwangca@gmail.com | phone=4379815099 | city=Toronto | prov=ON
[04:57:35]   [2991/3703] Chi Thanh Le (R707015)
[04:57:35]     OK: (minimal data)
[04:57:37]   [2992/3703] Ariel Senara (R513131)
[04:57:38]     OK: email=WELCOMETOCANADA@YAHOO.COM | phone=4377727250 | city=Toronto | prov=ON
[04:57:40]   [2993/3703] Pedro Centeno (R408567)
[04:57:40]     OK: city=Edmonton | prov=AB
[04:57:43]   [2994/3703] Annette Campos Hernandez (R532387)
[04:57:43]     OK: email=net92@hotmail.com | phone=7807175305 | city=Edmonton | prov=AB
[04:57:46]   [2995/3703] Rajveer Kaur Kaler (R709657)
[04:57:46]     OK: email=Info@statusmoveimmigration.com | phone=6475352340 | city=Brampton | prov=ON
[04:57:49]   [2996/3703] Christna Stubbs ()
[04:57:49]     OK: email=Christna.Stubbs@capic.ca | phone=4164837044 | city=Toronto | prov=ON
[04:57:51]   [2997/3703] Hellen Martínez (R708307)
[04:57:51]     OK: email=hmartinez@intiwasicanada.ca | phone=4036078636 | city=Calgary | prov=AB
[04:57:53]   [2998/3703] Mohamed Othman Lotfi Amin (R709882)
[04:57:53]     OK: email=MOHAMMEDOSMAN88@GMAIL.COM | phone=4372138742 | city=Kitchener | prov=ON
[04:57:57]   [2999/3703] Ashrafnisa Kassam (R524321)
[04:57:57]     OK: email=ash1.kassam@gmail.com | phone=7809090380 | city=Edmonton | prov=AB
[04:57:59]   [3000/3703] Sukhbir Singh (R711285)
[04:57:59]     OK: email=SUKHBIRCAN@GMAIL.COM | phone=6046031910 | city=Langley | prov=BC
[04:58:02]   [3001/3703] Satnam Pannu (R422295)
[04:58:02]     OK: email=pannuimmigration@gmail.com | phone=4035684433 | city=Calgary | prov=AB
[04:58:05]   [3002/3703] Moyosore Sadiq ()
[04:58:05]     OK: email=moyosoresadiq@yahoo.com | phone=6478188946 | city=Saint Thomas | prov=ON
[04:58:08]   [3003/3703] Olga Rivkin (R417831)
[04:58:08]     OK: email=or@cilcan.ca | phone=5148789494 | city=Montreal | prov=QC
[04:58:10]   [3004/3703] Mehran Tahriri (R420007)
[04:58:10]     OK: email=info@tabatabaee.com | phone=4164901931 | city=Toronto | prov=ON
[04:58:13]   [3005/3703] Nina Andreeva (R512238)
[04:58:13]     OK: email=info@da-canada.ca | phone=6479970101 | city=Richmond Hill | prov=ON
[04:58:16]   [3006/3703] Joy Chukwu-Osazuwa (R1034418)
[04:58:16]     OK: city=Saint John's | prov=NL
[04:58:20]   [3007/3703] Noureen Kabani (R710246)
[04:58:20]     OK: email=nrkabani@gmail.com | phone=6474101029 | city=Toronto | prov=ON
[04:58:23]   [3008/3703] Toktam Kashefnia (R731567)
[04:58:23]     OK: email=t.kashefnia@gmail.com | phone=4388718185 | city=Laval | prov=QC
[04:58:25]   [3009/3703] Pavneet Singh Sidhu (R707315)
[04:58:25]     OK: email=sunny_sidhu04@hotmail.com | phone=7808072857 | city=Edmonton | prov=AB
[04:58:28]   [3010/3703] Farrah Rostami (R523617)
[04:58:28]     OK: email=info@bopimmigration.ca | phone=7785585184 | city=Coquitlam | prov=BC
[04:58:31]   [3011/3703] Camila Vieira Mendes De Melo (R706008)
[04:58:31]     OK: email=camilavieira1978@gmail.com | phone=6476757827 | city=Toronto | prov=ON
[04:58:33]   [3012/3703] Abhishek Nanda (R731192)
[04:58:34]     OK: phone=4376055007
[04:58:36]   [3013/3703] Ebibomo Obaro (R416647)
[04:58:36]     OK: email=eobaro@mapleeducation.ca | phone=2507870228 | city=Fort Saint John | prov=BC
[04:58:39]   [3014/3703] Anushka Peiris (R711003)
[04:58:39]     OK: email=anushkapeiris@directpathcanada.com | phone=2043308048 | city=Winnipeg | prov=MB
[04:58:42]   [3015/3703] Christina Camarce (R507796)
[04:58:42]     OK: email=ccamarce@rpcl.ca | phone=7808181100 | city=Edmonton | prov=AB
[04:58:44]   [3016/3703] Maritess Umali (R710977)
[04:58:45]     OK: email=Umalicis@yahoo.com | phone=4036135658 | city=Calgary | prov=AB
[04:58:47]   [3017/3703] Petro Grabovyi (R522405)
[04:58:47]     OK: email=petro.grabovyi@gmail.com | phone=3069880412 | city=Regina | prov=SK
[04:58:49]   [3018/3703] Milena Pereira Pires Assinger (R711449)
[04:58:49]     OK: email=milena@blueblossom.ca | phone=6047205069 | city=New Westminster | prov=BC
[04:58:52]   [3019/3703] Hong Ki Ip (R706946)
[04:58:52]     OK: email=tedip0311@gmail.com | phone=6044018588 | city=Langley | prov=BC
[04:58:55]   [3020/3703] Yan Feng (R713172)
[04:58:55]     OK: email=alexyan.feng@gmail.com | phone=6479920866 | city=Toronto | prov=ON
[04:58:57]   [3021/3703] Yichuan Tian (R534559)
[04:58:57]     OK: email=eofficeinca@gmail.com | phone=9059034866 | city=Toronto | prov=ON
[04:59:00]   [3022/3703] Yasaman Shiva Tagh Bostani (R713004)
[04:59:00]     OK: email=yas.bostani.immigration@gmail.com | phone=7799286513 | city=Maple Ridge | prov=BC
[04:59:04]   [3023/3703] Navdeep Sharma (R706019)
[04:59:04]     OK: email=contact@lastresortvisasolutions.com | phone=6472200007 | city=Mississauga | prov=ON
[04:59:07]   [3024/3703] Bibi Maudhoo (R415359)
[04:59:07]     OK: city=Brampton | prov=ON
[04:59:09]   [3025/3703] Corbin Peter ()
[04:59:09]     OK: email=corbin.peter@capic.ca | phone=4164837044 | city=Toronto | prov=ON
[04:59:11]   [3026/3703] Ruth Ella Minevich (R707396)
[04:59:12]     OK: email=ellami@gmail.com | phone=6479966429 | city=Thornhill | prov=ON
[04:59:15]   [3027/3703] Editha Corrales (R409287)
[04:59:15]     OK: email=corrales@corrales.ca | phone=6047772757 | city=Burnaby | prov=BC
[04:59:18]   [3028/3703] Noemi Freitas Naboulsi (R533963)
[04:59:18]     OK: email=noemi.freitas@newharbourimmigration.com | phone=7802315855 | city=Edmonton | prov=AB
[04:59:20]   [3029/3703] Ketumi Alasa (R532889)
[04:59:20]     OK: city=Calgary | prov=AB
[04:59:23]   [3030/3703] Sahil Verma (R708802)
[04:59:23]     OK: email=info@coastlineimmigration.ca | phone=7809384858 | city=Edmonton | prov=AB
[04:59:26]   [3031/3703] Mubo Obaro (R513088)
[04:59:26]     OK: email=mobaro@mapleeducation.ca | phone=2507870228 | city=Fort Saint John | prov=BC
[04:59:29]   [3032/3703] Soroush Fini (R510535)
[04:59:29]     OK: email=soroush.hajiakbari@gmail.com | phone=4188177724 | city=Thornhill | prov=ON
[04:59:31]   [3033/3703] Matthew Mcdonald (R516046)
[04:59:31]     OK: city=Toronto | prov=ON
[04:59:35]   [3034/3703] Amre Qahawish (R417455)
[04:59:35]     OK: email=aqahawish@timc.ca | phone=5142336707 | city=Montreal | prov=QC
[04:59:38]   [3035/3703] Festus Omogiate (R531233)
[04:59:38]     OK: email=festus.omogiate1@yahoo.com | phone=2049993897 | city=Chestermere | prov=AB
[04:59:40]   [3036/3703] Sandra Restrepo Suarez (R417751)
[04:59:40]     OK: email=info@canadamonarca.com | phone=5145749071 | city=Montreal | prov=QC
[04:59:43]   [3037/3703] Alesia Skachkova (R1034539)
[04:59:43]     OK: city=Mont-Royal | prov=QC
[04:59:46]   [3038/3703] Gauravpreet Shelly (R530873)
[04:59:46]     OK: email=shellygaurav@gmail.com | phone=7807607770 | city=Edmonton | prov=AB
[04:59:49]   [3039/3703] Sannia Taha (R527944)
[04:59:49]     OK: email=sdwana.immigration@gmail.com | phone=4035605098 | city=Calgary | prov=AB
[04:59:51]   [3040/3703] Kashyap Vyas (R713165)
[04:59:51]     OK: email=kdvyas1991@gmail.com | phone=2264022828 | city=Sarnia | prov=ON
[04:59:54]   [3041/3703] Amandeep Sharma (R708060)
[04:59:54]     OK: city=Edmonton | prov=AB
[04:59:56]   [3042/3703] Fariborz Amirziai (R406863)
[04:59:57]     OK: email=fariborz@ziai.ca | phone=4168407774 | city=Toronto | prov=ON
[04:59:59]   [3043/3703] Mhammad Reza Asadi (R710235)
[04:59:59]     OK: email=Yarsaimmigration.ca@gmail.com | phone=6047638817 | city=Port Coquitlam | prov=BC
[05:00:02]   [3044/3703] Vishu Mehta (R514426)
[05:00:02]     OK: email=mehta.vishu001@gmail.com | phone=4165673532 | city=Brampton | prov=ON
[05:00:05]   [3045/3703] Navtej Singh (R524299)
[05:00:05]     OK: email=NAVTEJ6812@GMAIL.COM | phone=6047264300 | city=Surrey | prov=BC
[05:00:07]   [3046/3703] Johanne Boivin Drapeau (R509220)
[05:00:07]     OK: email=INFO@VISAPOURCANADA.COM | phone=5148333663 | city=Saint-Zotique | prov=QC
[05:00:10]   [3047/3703] Aashish Kumar (R705541)
[05:00:10]     OK: email=INFO@THEWESTWORLDIMMIGRATION.COM | city=Barrie | prov=ON
[05:00:13]   [3048/3703] Min Xie (R706460)
[05:00:13]     OK: email=royalcitizenimmigration@gmail.com | phone=7783788896 | city=Richmond | prov=BC
[05:00:17]   [3049/3703] Thi Quynh Nga Tu (R706375)
[05:00:17]     OK: email=v2cimmigration@gmail.com | phone=3069148786 | city=Saskatoon | prov=SK
[05:00:20]   [3050/3703] Jasleen Khurana (R510151)
[05:00:20]     OK: email=apaceimmigrationservices@gmail.com | phone=6045884268 | city=Surrey | prov=BC
[05:00:23]   [3051/3703] Palak Chadha (R532713)
[05:00:23]     OK: email=info@aspirationimmigration.ca | phone=7802678136 | city=Edmonton | prov=AB
[05:00:26]   [3052/3703] Sandeep Mahajan (R532515)
[05:00:26]     OK: email=mahajansandeep21@gmail.com | phone=6473272743 | city=Mississauga | prov=ON
[05:00:28]   [3053/3703] Toshiyasu Uehara (R420631)
[05:00:28]     OK: email=tuehara@qlseeker.ca | phone=6472955108 | city=Toronto | prov=ON
[05:00:32]   [3054/3703] Harpreet Bhatti (R506840)
[05:00:32]     OK: email=info@imm2can.com | phone=6045968588 | city=Surrey | prov=BC
[05:00:34]   [3055/3703] Sofia Berumen Castro (R709712)
[05:00:34]     OK: email=sofiberumen@gmail.com | phone=4037030377 | city=Calgary | prov=AB
[05:00:37]   [3056/3703] Mina Habibnejad (R731115)
[05:00:37]     OK: email=minahabibnejad@gmail.com | phone=6479825535 | city=London | prov=ON
[05:00:40]   [3057/3703] Rita Duggan (R527271)
[05:00:40]     OK: email=rd@canadaarrive.com | phone=4165542606 | city=York | prov=ON
[05:00:42]   [3058/3703] Tariq Khan (R521305)
[05:00:42]     OK: email=rmsservices67@gmail.com | phone=6472988265 | city=Toronto | prov=ON
[05:00:45]   [3059/3703] Zhengwen Wang (R712857)
[05:00:45]     OK: email=easonwang.ca@gmail.com | phone=6729990951 | city=Richmond | prov=BC
[05:00:47]   [3060/3703] Olena Hlazkova (R731234)
[05:00:47]     OK: phone=7808872883 | city=Edmonton | prov=AB
[05:00:50]   [3061/3703] Brittney Wernicke (R712030)
[05:00:50]     OK: email=bmwernicke@gmail.com | phone=2505508365 | city=Vernon | prov=BC
[05:00:53]   [3062/3703] Lisett Bozo Sanchez (R529593)
[05:00:53]     OK: email=lisett@lisimmigration.com | phone=6473511515 | city=Toronto | prov=ON
[05:00:56]   [3063/3703] Nivida Sharma (R707064)
[05:00:56]     OK: city=Edmonton | prov=AB
[05:00:59]   [3064/3703] Yong Shen (R519560)
[05:00:59]     OK: email=meicicanada@gmail.com | phone=7788747188 | city=Surrey | prov=BC
[05:01:01]   [3065/3703] Mabrouki Abdennbi (R414855)
[05:01:01]     OK: email=amabroukiconseil@gmail.com | phone=5145579644 | city=Montreal | prov=QC
[05:01:04]   [3066/3703] Brenda Pizano Hurtado (R709213)
[05:01:04]     OK: email=brenda.pizano.rcic@gmail.com | phone=438 476 8418 | city=Quebec | prov=QC
[05:01:06]   [3067/3703] Liangdu Li (R524191)
[05:01:06]     OK: email=liliangdu@gmail.com | phone=4388788341 | city=Montreal | prov=QC
[05:01:10]   [3068/3703] Parwinder Kaur (R706085)
[05:01:10]     OK: city=Edmonton | prov=AB
[05:01:12]   [3069/3703] Rekha Mcnutt ()
[05:01:12]     OK: email=Rmcnutt@caronpartners.com | phone=4037704014 | city=Calgary | prov=AB
[05:01:15]   [3070/3703] Sha Li (R707882)
[05:01:15]     OK: email=lisal@canglowimmigration.com | phone=7789890655 | city=Richmond | prov=BC
[05:01:19]   [3071/3703] Marko Vitorovich (R421023)
[05:01:19]     OK: city=Toronto | prov=ON
[05:01:21]   [3072/3703] Preeti Singh (R731455)
[05:01:21]     OK: email=preeti.msingh109@yahoo.com | phone=6475544680 | city=Orillia | prov=ON
[05:01:23]   [3073/3703] Oluwatosin Ajayi (R1040906)
[05:01:23]     OK: city=Airdrie | prov=AB
[05:01:26]   [3074/3703] Katina Hunter Sutcliffe ()
[05:01:26]     OK: email=katina@huntersutcliffe.ca | phone=4166164321 | city=Toronto | prov=ON
[05:01:29]   [3075/3703] Aakriti Mittal (R731368)
[05:01:29]     OK: email=aakriti.mittal07@gmail.com | phone=4312790911 | city=Winnipeg | prov=MB
[05:01:32]   [3076/3703] Jamie Fiegel (R516166)
[05:01:32]     OK: email=jfiegel@fiegelcarr.com | phone=7169137899 | city=Buffalo
[05:01:35]   [3077/3703] Alanna Negri (R710086)
[05:01:35]     OK: email=alanna.negri@gmail.com | phone=5878344011 | city=Calgary | prov=AB
[05:01:38]   [3078/3703] Sarina Hoi (R411951)
[05:01:38]     OK: email=shoi@oceanpacificca.com | phone=2508858931 | city=Victoria | prov=BC
[05:01:41]   [3079/3703] Lisa Griffin Ndour (R512863)
[05:01:41]     OK: email=info@lgnservices.com | phone=5062331005 | city=Moncton | prov=NB
[05:01:44]   [3080/3703] Shivani Singh (R710657)
[05:01:44]     OK: email=shivani710657@gmail.com | phone=7806164144 | city=Edmonton | prov=AB
[05:01:46]   [3081/3703] Iman Borhanifar (R731612)
[05:01:47]     OK: email=rep.borhani@gmail.com | phone=6474500450 | city=Toronto | prov=ON
[05:01:50]   [3082/3703] Wahab Shobowale (R706112)
[05:01:50]     OK: email=emshowah@gmail.com | phone=5068981211 | city=Saint John | prov=NB
[05:01:53]   [3083/3703] Shavinder Kaur (R707443)
[05:01:53]     OK: email=shavinder210@gmail.com | phone=3654400210 | city=Edmonton | prov=AB
[05:01:56]   [3084/3703] Gurdev Chahal (R706083)
[05:01:56]     OK: email=chahal4u@hotmail.com | phone=6477661124 | city=Brampton | prov=ON
[05:01:59]   [3085/3703] Zhan Zhao (R706977)
[05:01:59]     OK: email=iris-zhao@hotmail.com | phone=7783880820 | city=Surrey | prov=BC
[05:02:02]   [3086/3703] Tushar Chawla (R532951)
[05:02:02]     OK: email=tchawla@globalhutimmigration.com | phone=9053251908 | city=Niagara Falls | prov=ON
[05:02:05]   [3087/3703] Mary Huss (R706743)
[05:02:05]     OK: city=Ottawa | prov=ON
[05:02:07]   [3088/3703] Shihana Juman (R710944)
[05:02:07]     OK: email=jumanshihana@gmail.com | phone=6472925694 | city=Toronto | prov=ON
[05:02:10]   [3089/3703] Linda Cheng (R508049)
[05:02:10]     OK: email=LCHENG@fairmontshipping.com | phone=6046022838 | city=Vancouver | prov=BC
[05:02:12]   [3090/3703] Ehsan Bayat (R534327)
[05:02:12]     OK: email=dgis.immigration@gmail.com | phone=7789395211
[05:02:15]   [3091/3703] Erdenebayar Purev (R519101)
[05:02:15]     OK: email=orientwest.immigration@gmail.com | phone=6478225571 | city=Mississauga | prov=ON
[05:02:18]   [3092/3703] Jaehyun Park (R510391)
[05:02:18]     OK: email=jimmypark0902@gmail.com | phone=7788470902 | city=New Westminster | prov=BC
[05:02:21]   [3093/3703] Simranjit Rathore (R535227)
[05:02:21]     OK: email=maplelink.immigration@gmail.com | phone=7802450592 | city=Edmonton | prov=AB
[05:02:24]   [3094/3703] Amanda Dawod (R1032717)
[05:02:24]     OK: city=Edmonton | prov=AB
[05:02:26]   [3095/3703] Brenda Ashe (R416335)
[05:02:26]     OK: email=brenda@venturecic.com | phone=7809826229 | city=Sherwood Park | prov=AB
[05:02:29]   [3096/3703] Lida Berenjian (R731418)
[05:02:29]     OK: email=lidaberenjian@yahoo.ca | phone=6477040029 | city=Richmond Hill | prov=ON
[05:02:31]   [3097/3703] Sabria Fuqhaa (R706355)
[05:02:31]     OK: email=info@nerabaimmigration.com | city=Oakville | prov=ON
[05:02:34]   [3098/3703] Li Shao (R510342)
[05:02:34]     OK: email=ucan2can.shirley@gmail.com | phone=6042821673 | city=Richmond | prov=BC
[05:02:36]   [3099/3703] Dauda Raji (R710077)
[05:02:36]     OK: email=daudaraji@gmail.com | phone=4167277766 | city=Kitchener | prov=ON
[05:02:39]   [3100/3703] Steven Hsieh (R412087)
[05:02:39]     OK: email=steventmhsieh@yahoo.com | phone=6042733599 | city=Richmond | prov=BC
[05:02:42]   [3101/3703] Vipin Vikraman (R531647)
[05:02:42]     OK: email=vipin@elevate-immigration.com
[05:02:46]   [3102/3703] Mario Antonio Salinas Landeros (R712175)
[05:02:46]     OK: email=mario@whitewolfcanada.com | phone=6049991305 | city=Vancouver | prov=BC
[05:02:49]   [3103/3703] Harwinder Dhillon (R731544)
[05:02:49]     OK: phone=6479924185 | city=Brampton | prov=ON
[05:02:52]   [3104/3703] Gurleen Kaur (R708265)
[05:02:52]     OK: email=kaurgurleenca@gmail.com | phone=6473946677 | city=Oakville | prov=ON
[05:02:54]   [3105/3703] Kawaljit Parmar (R530901)
[05:02:54]     OK: email=info@opalliteimmigration.com | phone=6046442830 | city=Delta | prov=BC
[05:02:57]   [3106/3703] Majida Ahmad (R710707)
[05:02:57]     OK: email=msab.ahmad@gmail.com | phone=7809936172 | city=Edmonton | prov=AB
[05:03:00]   [3107/3703] Ricardo Velasquez (R711803)
[05:03:00]     OK: email=velasquezimmigration@gmail.com | phone=5196973498 | city=London | prov=ON
[05:03:02]   [3108/3703] Masa Cerovina (R532933)
[05:03:02]     OK: email=mashacerovina@gmail.com | phone=6045004783 | city=New Westminster | prov=BC
[05:03:05]   [3109/3703] Charlene Elliott (R512879)
[05:03:05]     OK: email=celliott@pfcollins.com | phone=7097386525 | city=Saint John's | prov=NL
[05:03:07]   [3110/3703] Ermias Yohannes (R532279)
[05:03:07]     OK: email=eyohannes2000@yahoo.com | phone=4039036565 | city=Calgary | prov=AB
[05:03:09]   [3111/3703] Yuting Lin (R711663)
[05:03:09]     OK: email=info@impressionca.com | phone=4319993868 | city=Winnipeg | prov=MB
[05:03:13]   [3112/3703] Angrez Angurana (R708062)
[05:03:13]     OK: email=angrez@visaplus.ca | phone=9054886150 | city=Brampton | prov=ON
[05:03:16]   [3113/3703] Alpa Bhatt (R707696)
[05:03:16]     OK: email=alpabhatt09@gmail.com | city=Toronto | prov=ON
[05:03:19]   [3114/3703] Mansi Sanghvi (R530667)
[05:03:19]     OK: email=mansircic@gmail.com | phone=4166624755 | city=Vaughan | prov=ON
[05:03:22]   [3115/3703] Ka Yan Hamorn Chung (R713186)
[05:03:22]     OK: email=admin@hamornchung.com | phone=+1(437)4437344
[05:03:25]   [3116/3703] Gurupdesh Sohal (R516605)
[05:03:25]     OK: email=gssohal01@gmail.com | phone=6048054606 | city=Surrey | prov=BC
[05:03:28]   [3117/3703] Shubhangi Vikhe Patil (R708882)
[05:03:28]     OK: email=info@snvims.com | phone=6479091497 | city=Brampton | prov=ON
[05:03:31]   [3118/3703] Fiona Lobo ()
[05:03:31]     OK: email=fiona@capic.ca | phone=4164837044 | city=Toronto | prov=ON
[05:03:35]   [3119/3703] Chintan Nayak (R531493)
[05:03:35]     OK: email=chintan@aviateimmigration.com | phone=4168350060 | city=Etobicoke | prov=ON
[05:03:37]   [3120/3703] Stephanie Murdoch (R519888)
[05:03:37]     OK: email=stephaniemurdoch@outlook.com | phone=5148796512 | city=Montreal | prov=QC
[05:03:39]   [3121/3703] Ellen Yachnin (R706321)
[05:03:39]     OK: city=Toronto | prov=ON
[05:03:41]   [3122/3703] Jashandeep Kaur Khehra (R712273)
[05:03:41]     OK: email=jashan7kaur@gmail.com | phone=5878891965 | city=Calgary | prov=AB
[05:03:45]   [3123/3703] Bhagwatie Tiwarie (R529196)
[05:03:45]     OK: email=info@abtlegal.ca | phone=6476254225 | city=Brampton | prov=ON
[05:03:47]   [3124/3703] Gurwinder Gill (R707831)
[05:03:47]     OK: city=Edmonton | prov=AB
[05:03:49]   [3125/3703] Florence Akpan (R519833)
[05:03:49]     OK: city=London | prov=ON
[05:03:52]   [3126/3703] Yuvika Khanija (R705739)
[05:03:52]     OK: email=Yuvika@sayhomecanada.com | phone=3657884500 | city=Brampton | prov=ON
[05:03:54]   [3127/3703] Ming Xi Zhao (R531651)
[05:03:54]     OK: email=sophiazhao2002@gmail.com | phone=7788595997 | city=Burnaby | prov=BC
[05:03:57]   [3128/3703] Ana Aycardo (R530045)
[05:03:57]     OK: email=ana_aycardo@yahoo.ca | phone=4033995877 | city=Calgary | prov=AB
[05:04:01]   [3129/3703] Jie Yu (R534593)
[05:04:01]     OK: email=uvimmigration.ca@gmail.com | phone=6045185955 | city=Surrey | prov=BC
[05:04:03]   [3130/3703] Manpreet Kaur (R710864)
[05:04:03]     OK: email=manpreetkghotra@gmail.com | phone=6473902312 | city=Brampton | prov=ON
[05:04:05]   [3131/3703] Robin Edoh (R410167)
[05:04:05]     OK: email=robin_cia@bellnet.ca | phone=4162032002 | city=Toronto | prov=ON
[05:04:08]   [3132/3703] Ying Qi (R513465)
[05:04:08]     OK: email=ivyqi@aiwei.ca | phone=9055302282 | city=Markham | prov=ON
[05:04:11]   [3133/3703] Emeka Ekwosimba (R713045)
[05:04:11]     OK: email=simbavinc@gmail.com | phone=7808852493 | city=Edmonton | prov=AB
[05:04:14]   [3134/3703] Shumirai Wamambo (R529885)
[05:04:14]     OK: email=wamamboshumirai@yahoo.com | phone=9629628960 | city=Montreal | prov=QC
[05:04:16]   [3135/3703] Cari Gombinsky (R411207)
[05:04:16]     OK: email=carig@immsol.com | phone=4166616376 | city=Toronto | prov=ON
[05:04:19]   [3136/3703] Hardarshan Singh (R711656)
[05:04:19]     OK: email=hardarshansingh@yahoo.co.nz | phone=7783479783 | city=Chestermere | prov=AB
[05:04:21]   [3137/3703] Gagandeep Kaur (R535673)
[05:04:21]     OK: email=cansetgoimmigration@gmail.com | phone=6476855482 | city=Brampton | prov=ON
[05:04:24]   [3138/3703] Claude Thibault (R709049)
[05:04:24]     OK: email=claudethibault2@gmail.com | phone=8197347077 | city=Rouyn | prov=QC
[05:04:27]   [3139/3703] Lahcen Darhouani (R708452)
[05:04:27]     OK: email=lahcen.darhouani@gmail.com | phone=4184543553 | city=Quebec | prov=QC
[05:04:30]   [3140/3703] Olga Kamel (R711376)
[05:04:30]     OK: email=olga.kamel1985@gmail.com | phone=5062920376 | city=Fredericton | prov=NB
[05:04:33]   [3141/3703] Daniela Carmona (R705441)
[05:04:33]     OK: email=danacris6@gmail.com | phone=6042022087 | city=Burnaby | prov=BC
[05:04:36]   [3142/3703] Mariana Jereghi (R535895)
[05:04:36]     OK: email=jereghimariana@mail.ru | phone=5147040877 | city=Montreal | prov=QC
[05:04:39]   [3143/3703] Haocheng Xu (R712805)
[05:04:39]     OK: email=20hx9@queensu.ca | phone=6047267773 | city=Richmond | prov=BC
[05:04:43]   [3144/3703] Barry Beckerman (R705939)
[05:04:43]     OK: email=emilybeckerman@hotmail.com | phone=4168021481 | city=Vaughan | prov=ON
[05:04:45]   [3145/3703] Alina Roman (R508879)
[05:04:45]     OK: email=alinaroman1978@yahoo.com | phone=7788687383 | city=Delta | prov=BC
[05:04:49]   [3146/3703] Maxima Cusi (R507794)
[05:04:49]     OK: email=emma_cusi@yahoo.ca | phone=7784322073 | city=Victoria | prov=BC
[05:04:52]   [3147/3703] Yuanzi Zhang (R731465)
[05:04:52]     OK: email=zyzcanada@hotmail.com | phone=7783259563 | city=Vancouver | prov=BC
[05:04:54]   [3148/3703] Carolyn Watson (R1034337)
[05:04:54]     OK: city=Hamilton | prov=ON
[05:04:56]   [3149/3703] Katie Jenkins (R731345)
[05:04:57]     OK: email=katie.medinaimmigration@gmail.com | phone=5488660184 | city=London | prov=ON
[05:05:00]   [3150/3703] Juthika Rajwade (R514549)
[05:05:00]     OK: email=rajwade.juthika@gmail.com | city=Surrey | prov=BC
[05:05:03]   [3151/3703] Mark Mahmoud Sohrabi (R419567)
[05:05:03]     OK: email=mark.sohrabi@outlook.com | phone=+971585777979 | city=Dubai
[05:05:05]   [3152/3703] Nwanneka Ahaotu (R706826)
[05:05:05]     OK: email=nwanneka_ahaotu@yahoo.com | phone=6136982093 | city=Ottawa | prov=ON
[05:05:08]   [3153/3703] Pamela Fernandez Arellano (R709571)
[05:05:08]     OK: email=pamela.f.arellano@gmail.com | phone=4039752710 | city=Calgary | prov=AB
[05:05:10]   [3154/3703] Avinash Suthar (R705984)
[05:05:10]     OK: email=ASUTHAR1608@GMAIL.COM | phone=6479727224 | city=Brampton | prov=ON
[05:05:12]   [3155/3703] Abdel Rahman El Solakhy (R410263)
[05:05:12]     OK: email=canadamanager@hotmail.com | phone=+965-22405419 | city=Hawalli
[05:05:16]   [3156/3703] Ankush Gaddu (R531561)
[05:05:16]     OK: email=info@wishimmigration.ca | phone=7783787165 | city=Surrey | prov=BC
[05:05:19]   [3157/3703] M'baye Ousseynou (R705822)
[05:05:19]     OK: email=ousseynoumbaye77@hotmail.com | phone=7802202574 | city=Edmonton | prov=AB
[05:05:22]   [3158/3703] Monica O'brien (Admin) ()
[05:05:22]     OK: email=education@capic.ca | phone=4164837044 | city=Toronto | prov=ON
[05:05:25]   [3159/3703] Kashif Khan (R708542)
[05:05:25]     OK: email=kash.khan@astepforwardeducation.ca | phone=2892218981 | city=Saint John | prov=NB
[05:05:27]   [3160/3703] Juliana Cavalcanti Portela De Melo (R710555)
[05:05:27]     OK: email=cmelo.juliana@gmail.com | phone=7789527416 | city=New Westminster | prov=BC
[05:05:30]   [3161/3703] Michelle Sahni (R712399)
[05:05:30]     OK: email=20mms11@queensu.ca | phone=4166184558 | city=Markham | prov=ON
[05:05:33]   [3162/3703] Kiese Mindana (R532037)
[05:05:33]     OK: email=INFO@COSMOPOLITANIS.COM | phone=7804591281 | city=Saint Albert | prov=AB
[05:05:36]   [3163/3703] Harpreet Rajput (R706165)
[05:05:36]     OK: city=Surrey | prov=BC
[05:05:39]   [3164/3703] Shaleen Kaur (R1034199)
[05:05:39]     OK: city=Brampton | prov=ON
[05:05:42]   [3165/3703] George Niu (R731641)
[05:05:42]     OK: city=Edmonton | prov=AB
[05:05:44]   [3166/3703] Baljinder Singh (R710725)
[05:05:44]     OK: email=bs7785487300@gmail.com | phone=6729661666 | city=Abbotsford | prov=BC
[05:05:47]   [3167/3703] Atinuke Matilukuro (R526156)
[05:05:47]     OK: email=teekaywing@yahoo.com | phone=3065803551 | city=Regina | prov=SK
[05:05:49]   [3168/3703] Jun Jiang (R412535)
[05:05:49]     OK: email=r412535@gmail.com | phone=6047875555 | city=Vancouver | prov=BC
[05:05:52]   [3169/3703] Olivia Zhao Scarr (R521026)
[05:05:52]     OK: email=olivia@cieig.com | phone=2508995825 | city=Kelowna | prov=BC
[05:05:56]   [3170/3703] Krishn Vaish (R707869)
[05:05:56]     OK: city=Cambridge | prov=ON
[05:05:58]   [3171/3703] Emmanuel Otiotio (R522182)
[05:05:58]     OK: email=EOTIOTIO@HOTMAIL.COM | phone=9055252247 | city=Waterdown | prov=ON
[05:06:01]   [3172/3703] Kelly Mackinnon (R708635)
[05:06:01]     OK: email=kelly@capebretonpartnership.com | city=Sydney | prov=NS
[05:06:04]   [3173/3703] Sylvie Guiguemdé (R708001)
[05:06:04]     OK: email=fleurdorchidee@videotron.ca | phone=4385244300 | city=Laval | prov=QC
[05:06:07]   [3174/3703] Ivie Ayemere (R731636)
[05:06:07]     OK: email=ivieyems12@gmail.com | city=Lethbridge | prov=AB
[05:06:11]   [3175/3703] Jonalee Bandoquillo (R527903)
[05:06:11]     OK: email=joybandoquillo@yahoo.com | phone=2506826670 | city=Kamloops | prov=BC
[05:06:14]   [3176/3703] Ravinder Gandhi (R706873)
[05:06:14]     OK: email=ravinder.gandhi@hotmail.com | phone=6476493700 | city=Mississauga | prov=ON
[05:06:17]   [3177/3703] Prabhmeet Arora (R710985)
[05:06:17]     OK: email=Prabhmeet.arora1997@gmail.com | phone=2045832055 | city=Calgary | prov=AB
[05:06:20]   [3178/3703] Maura Medina Gomez (R534883)
[05:06:20]     OK: email=maura.medina@gmail.com | phone=4389381547 | city=Montreal | prov=QC
[05:06:23]   [3179/3703] Nana Hong (R531895)
[05:06:23]     OK: city=Fredericton | prov=NB
[05:06:25]   [3180/3703] Tetiana Liadenko (R534845)
[05:06:25]     OK: email=tatiana.cgsis@gmail.com | phone=6477301241 | city=Toronto | prov=ON
[05:06:28]   [3181/3703] Anjana Vinod Kumar (R705963)
[05:06:28]     OK: email=anjanavkumar@gmail.com | phone=4038918155 | city=Calgary | prov=AB
[05:06:31]   [3182/3703] Mildred Castellanos Escamilla (R706268)
[05:06:31]     OK: email=mcastel1981@gmail.com | phone=4038350029 | city=Calgary | prov=AB
[05:06:34]   [3183/3703] Naresh Rohra (R705632)
[05:06:34]     OK: email=richirichimmigration@hotmail.com | phone=647-581-7000 | city=Brampton | prov=ON
[05:06:36]   [3184/3703] Stephen Burry (R705498)
[05:06:36]     OK: email=freedommigrate@gmail.com | phone=4035202277 | city=Calgary | prov=AB
[05:06:39]   [3185/3703] Lovjit Kaur (R710863)
[05:06:39]     OK: email=loveybhullar18@yahoo.com | phone=6046536304 | city=Abbotsford | prov=BC
[05:06:42]   [3186/3703] Chung Yan Wong (R421519)
[05:06:42]     OK: email=truman@taie.ca | phone=6478185202 | city=Toronto | prov=ON
[05:06:44]   [3187/3703] Kanwaljit Singh (R512537)
[05:06:44]     OK: email=careerplus.director@gmail.com | phone=7807098600 | city=Edmonton | prov=AB
[05:06:48]   [3188/3703] Olashile Yakub (R532875)
[05:06:48]     OK: email=info@viewpointimmigration.ca | phone=6047996749 | city=Chilliwack | prov=BC
[05:06:51]   [3189/3703] Ibrahima Traore (R712387)
[05:06:51]     OK: email=Indeximmigrationcanada@gmail.com | city=Chambly | prov=QC
[05:06:54]   [3190/3703] Denise Cecile Vandenhurk (R420783)
[05:06:55]     OK: email=denise@vaic-inc.com | phone=3066349208 | city=Macoun | prov=SK
[05:06:57]   [3191/3703] Ooma Ramroop (R417615)
[05:06:58]     OK: email=w_ramroop@yahoo.ca | phone=6473897700 | city=Mississauga | prov=ON
[05:07:00]   [3192/3703] Nitish Chopra (R731038)
[05:07:00]     OK: email=chopranitish90@gmail.com | phone=7808852201 | city=Edmonton | prov=AB
[05:07:03]   [3193/3703] Hao Quan (R705627)
[05:07:03]     OK: email=info@arrivia.ca | phone=5149637826 | city=Montreal | prov=QC
[05:07:06]   [3194/3703] Venkatesh Krishna (R706678)
[05:07:06]     OK: email=venkatesh.krishna@gmail.com | phone=6477075839 | city=Mississauga | prov=ON
[05:07:09]   [3195/3703] Ravinder Hari (R711593)
[05:07:09]     OK: email=Royaloakimmigration@gmail.com | phone=5873771994 | city=Chestermere | prov=AB
[05:07:12]   [3196/3703] Sukhwinder Kainth (R535661)
[05:07:12]     OK: email=info@kainthis.ca | phone=8885246844 | city=Brampton | prov=ON
[05:07:14]   [3197/3703] Timothy Gartner (R531069)
[05:07:14]     OK: city=Edmonton | prov=AB
[05:07:17]   [3198/3703] Ciprian Bolah (R713252)
[05:07:18]     OK: email=ciprianbolah@gmail.com | phone=3064902018 | city=North Battleford | prov=SK
[05:07:20]   [3199/3703] Chandan Singh (R710898)
[05:07:20]     OK: city=1910-135 Hillcrest Avenue
[05:07:23]   [3200/3703] Daphne Lavina (R422615)
[05:07:23]     OK: email=headoffice@immigrationcoach.ca | phone=+63-2-8568-1425
[05:07:25]   [3201/3703] Li Cao (R525157)
[05:07:25]     OK: email=li.cao@nucanada.ca | phone=(604) 354 2020
[05:07:28]   [3202/3703] Ajay Sharma (R533155)
[05:07:28]     OK: email=ajz_sharma@hotmail.com | phone=2368803891 | city=Surrey | prov=BC
[05:07:31]   [3203/3703] Adlin Babantaj (R708473)
[05:07:31]     OK: email=WHITEDOVEIMMIGRATION@GMAIL.COM | phone=7788920490 | city=Abbotsford | prov=BC
[05:07:33]   [3204/3703] Dunmoye Lawal (R713115)
[05:07:33]     OK: email=info@damjoyimmigration.com | phone=4036677832 | city=Lethbridge | prov=AB
[05:07:35]   [3205/3703] Jing Liu (R705688)
[05:07:35]     OK: email=andyliu.van@gmail.com | phone=6044049368 | city=Richmond | prov=BC
[05:07:38]   [3206/3703] Sukhvinder Dhillon (R530857)
[05:07:38]     OK: email=skdhillon1982@gmail.com | phone=6478633395 | city=Oakville | prov=ON
[05:07:41]   [3207/3703] Hamed Mansouri (R706344)
[05:07:41]     OK: city=Vancouver | prov=BC
[05:07:45]   [3208/3703] Jing Xu (R421647)
[05:07:45]     OK: email=cjxcanada@gmail.com | phone=5149457198 | city=Montreal | prov=QC
[05:07:47]   [3209/3703] Lily Lee (R422567)
[05:07:47]     OK: city=Toronto | prov=ON
[05:07:49]   [3210/3703] Treasa Pappachan (R708018)
[05:07:49]     OK: email=treasa@adaptconsultants.ca | phone=6478360456 | city=Saint Catharines | prov=ON
[05:07:51]   [3211/3703] Jaspreet Kaur (R513288)
[05:07:51]     OK: email=jkaur@connectinternational.ca | phone=6478384575 | city=Brampton | prov=ON
[05:07:53]   [3212/3703] James Kim (R531959)
[05:07:54]     OK: email=jamesminkim89@gmail.com | phone=6046190407 | city=Port Moody | prov=BC
[05:07:57]   [3213/3703] Gerrie Wagner (R706293)
[05:07:57]     OK: email=gerrie@gotoicebreaker.com | city=Coquitlam | prov=BC
[05:07:59]   [3214/3703] Lori-Ann Cyr (R708649)
[05:08:00]     OK: email=lori@diversis.ca | phone=5067379601 | city=Edmundston | prov=NB
[05:08:02]   [3215/3703] Hemlata Punj (R533743)
[05:08:02]     OK: email=hemlatapunj@outlook.com | phone=9028807800 | city=Halifax | prov=NS
[05:08:05]   [3216/3703] Sandra Carballo (R508574)
[05:08:05]     OK: email=spanishspoken@hotmail.com | phone=2045700872 | city=Brandon | prov=MB
[05:08:08]   [3217/3703] Israel Rodriguez Miralles (R709231)
[05:08:08]     OK: city=Calgary | prov=AB
[05:08:11]   [3218/3703] Harvinder Kaur (R708930)
[05:08:11]     OK: email=JYHIMMIGRATION@GMAIL.COM | phone=7789616000 | city=Surrey | prov=BC
[05:08:13]   [3219/3703] Nandini Pokhrel (R535755)
[05:08:14]     OK: email=nandinica18@gmail.com | phone=4168294753 | city=Whitby | prov=ON
[05:08:16]   [3220/3703] Yvonne Sackeyfio (R522186)
[05:08:16]     OK: email=info@cibimmigration.com | phone=7809078121 | city=Edmonton | prov=AB
[05:08:19]   [3221/3703] Dory Jade ()
[05:08:19]     OK: email=dory.jade@capic.ca | phone=4164837044 | city=Toronto | prov=ON
[05:08:21]   [3222/3703] Huanhuan Li (R530365)
[05:08:21]     OK: email=lixingyun@hotmail.fr | phone=5146384568 | city=Montreal | prov=QC
[05:08:24]   [3223/3703] Taibi Khachani (R712382)
[05:08:24]     OK: email=t.khachani@gmail.com | phone=5142969526 | city=Terrebonne | prov=QC
[05:08:26]   [3224/3703] Odunola Bola-Adesope (R708296)
[05:08:26]     OK: email=j29immigration@gmail.com | phone=4379810123 | city=Milton | prov=ON
[05:08:28]   [3225/3703] Anu Bhumbla (R731119)
[05:08:29]     OK: email=anubhumbla@aol.com | phone=7802201356 | city=Edmonton | prov=AB
[05:08:31]   [3226/3703] Bhavna Sharma (R530853)
[05:08:31]     OK: email=cedarimmi@gmail.com | phone=6476403544 | city=Brampton | prov=ON
[05:08:35]   [3227/3703] Ann Bowen (R709530)
[05:08:35]     OK: email=cabanngirl@gmail.com | phone=8676894088 | city=Whitehorse
[05:08:38]   [3228/3703] Erin Rooney (R710886)
[05:08:38]     OK: city=Nelson | prov=BC
[05:08:41]   [3229/3703] Md Shah Raihan Mozid (R533445)
[05:08:42]     OK: email=info@shamoz.ca | phone=4378865941 | city=Scarborough | prov=ON
[05:08:45]   [3230/3703] Ngoc Van Chieng (R533909)
[05:08:45]     OK: (minimal data)
[05:08:47]   [3231/3703] Eunsook Lee (R414143)
[05:08:47]     OK: email=soo@globalpluscanada.com | phone=7802005643 | city=Edmonton | prov=AB
[05:08:50]   [3232/3703] Colin Cribbin (R711827)
[05:08:50]     OK: email=colin.cribbin@gmail.com | phone=7783021587 | city=Whistler | prov=BC
[05:08:52]   [3233/3703] Mirna Farahat (R531421)
[05:08:52]     OK: email=Ethosimmigrationservices@gmail.com | phone=5874326238 | city=Calgary | prov=AB
[05:08:55]   [3234/3703] Prateek Babbar (R506314)
[05:08:55]     OK: email=settleimmigration@gmail.com | phone=4166021007 | city=Woodbridge | prov=ON
[05:08:57]   [3235/3703] Bin Li (R706864)
[05:08:57]     OK: email=info@bensimmigration.com | phone=5197215522 | city=London | prov=ON
[05:09:00]   [3236/3703] Yalda Ghani Varzaneh (R533361)
[05:09:00]     OK: city=Newmarket | prov=ON
[05:09:02]   [3237/3703] Jackson Wu (R512673)
[05:09:02]     OK: email=immigration.jw@gmail.com | phone=7787721002 | city=Vancouver | prov=BC
[05:09:06]   [3238/3703] Bouzaffour Seghir (R510528)
[05:09:06]     OK: email=seghir.bouzaffour@gmail.com | phone=5142983264 | city=Brossard | prov=QC
[05:09:08]   [3239/3703] Jasjeet Kang (R710307)
[05:09:08]     OK: email=Dreamfeathers4u@gmail.com | phone=7802435264 | city=Edmonton | prov=AB
[05:09:10]   [3240/3703] Victoria Soluade (R706423)
[05:09:11]     OK: city=Windsor | prov=ON
[05:09:13]   [3241/3703] Mohammad Al-Sultan Al-Ghoury (R528335)
[05:09:13]     OK: email=alghourym@gmail.com | phone=5149654541 | city=Montreal | prov=QC
[05:09:16]   [3242/3703] Mitika Jain (R103437)
[05:09:17]     OK: city=Surrey | prov=BC
[05:09:20]   [3243/3703] Anmoldeep Nagra (R531491)
[05:09:20]     OK: (minimal data)
[05:09:22]   [3244/3703] Solange Belluz (R705480)
[05:09:22]     OK: email=canadianvirtualoffice@gmail.com | city=Toronto | prov=ON
[05:09:25]   [3245/3703] Bogdan Egorov (R712897)
[05:09:25]     OK: email=bogdan.egorov1@gmail.com | phone=4165673015 | city=Barrie | prov=ON
[05:09:29]   [3246/3703] Akbar Zaeri (R731531)
[05:09:29]     OK: email=zaeriakbar612@gmail.com | phone=5145723302 | city=Montreal | prov=QC
[05:09:31]   [3247/3703] Ping Dang (R713202)
[05:09:32]     OK: email=yidacanada@gmail.com | phone=6138681599 | city=Kanata | prov=ON
[05:09:34]   [3248/3703] Manminder Khosa (R513604)
[05:09:34]     OK: email=manminderkhosa@yahoo.ca | phone=6476463000 | city=Brampton | prov=ON
[05:09:37]   [3249/3703] Sandrine Bunch (R707419)
[05:09:37]     OK: (minimal data)
[05:09:40]   [3250/3703] Gemma Mendez-Smith (R707445)
[05:09:40]     OK: email=gemma@lbdimmigration.ca | phone=5198819473 | city=Formosa | prov=ON
[05:09:42]   [3251/3703] Peter Ratnam Ananda Thilaga Ratnam (R508605)
[05:09:42]     OK: email=rrcics.peter@gmail.com | phone=6048324145 | city=Surrey | prov=BC
[05:09:45]   [3252/3703] Xia Zhang (R533231)
[05:09:45]     OK: email=mzhangca@gmail.com | phone=6478672396 | city=Oakville | prov=ON
[05:09:48]   [3253/3703] Abdelaziz Ammari (R1033872)
[05:09:48]     OK: city=Montreal | prov=QC
[05:09:50]   [3254/3703] Carrie Yu Zhao (R507146)
[05:09:50]     OK: city=Markham | prov=ON
[05:09:53]   [3255/3703] Pu Zhang (R532347)
[05:09:53]     OK: email=zhangpu65@gmail.com | phone=7788592896 | city=Vancouver | prov=BC
[05:09:55]   [3256/3703] Neetu Syal (R711416)
[05:09:55]     OK: email=neetsyal@gmail.com | phone=6047615408 | city=Surrey | prov=BC
[05:09:58]   [3257/3703] Regina Lee (R414047)
[05:09:58]     OK: email=reginalee@mbb.ca | phone=9054757676 | city=Toronto | prov=ON
[05:10:01]   [3258/3703] Huihui Liu (R708000)
[05:10:01]     OK: city=Richmond | prov=BC
[05:10:04]   [3259/3703] Kevin Thibbles (R713044)
[05:10:04]     OK: email=kthibbles@kevinthibbles.com | phone=6479076890 | city=Pickering | prov=ON
[05:10:07]   [3260/3703] Margaret Jibodu (R506584)
[05:10:07]     OK: email=info.cisg@gmail.com | phone=6479924830 | city=Woodbridge | prov=ON
[05:10:10]   [3261/3703] Shernette Smith (R709227)
[05:10:10]     OK: email=livedimmigration@gmail.com | phone=9028186020 | city=Dartmouth | prov=NS
[05:10:12]   [3262/3703] Leonard Nweze (R416639)
[05:10:12]     OK: email=leo@canadachoiceimmigration.com | phone=14168900485 | city=Canada Choice Immigration Inc.
[05:10:15]   [3263/3703] Aline Costa (R710053)
[05:10:16]     OK: email=costalinecanada@gmail.com | phone=5877001662 | city=Calgary | prov=AB
[05:10:18]   [3264/3703] Susana Najar De Lima (R510038)
[05:10:18]     OK: email=gabynajar@hotmail.com | phone=7806867717 | city=Edmonton | prov=ON
[05:10:21]   [3265/3703] Maria Lorena Martinez (R522496)
[05:10:21]     OK: email=lorena@juvoimmigration.com | phone=2042298189 | city=Winnipeg | prov=MB
[05:10:24]   [3266/3703] Youssef Zakhour (R421983)
[05:10:24]     OK: email=josephzakhour@yahoo.ca
[05:10:27]   [3267/3703] Yuen Kei Ng (R710215)
[05:10:27]     OK: email=venus@venusng.com | phone=+85262545069 | city=Tsim Sha Tsui
[05:10:30]   [3268/3703] Brijeshkumar Rathi (R517946)
[05:10:30]     OK: email=brij.rathi1@gmail.com | phone=7809539090 | city=Edmonton | prov=AB
[05:10:33]   [3269/3703] Omolajipe Sanwoolu (R514181)
[05:10:34]     OK: email=lajipefaleyimu@gmail.com | city=Calgary | prov=AB
[05:10:37]   [3270/3703] Karan Suneja (R710277)
[05:10:37]     OK: email=karansuneja1992@gmail.com | phone=00918826699686 | city=Jalandhar
[05:10:40]   [3271/3703] Vasimakhtar Shaikh (R418903)
[05:10:40]     OK: email=info@transglobevisa.com | phone=4168228552 | city=Brampton | prov=ON
[05:10:42]   [3272/3703] Yasmin Esmail (R410415)
[05:10:42]     OK: email=yasmine@shaw.ca | phone=6044510736 | city=Burnaby | prov=BC
[05:10:45]   [3273/3703] Melba Lapham Cardenas (R710170)
[05:10:46]     OK: email=melba@laphamimmigration.com | phone=2182181874 | city=Port Moody | prov=BC
[05:10:48]   [3274/3703] Azaat Shatru Kapoor (R731631)
[05:10:48]     OK: email=uniwaysimmigration@gmail.com | phone=6478944164 | city=Mississauga | prov=ON
[05:10:51]   [3275/3703] Oluwatoyin Okutinyang (R515694)
[05:10:51]     OK: email=info@visionlinkimmigration.com | phone=6479250396 | city=Windsor | prov=ON
[05:10:54]   [3276/3703] Charles Edorh (R523255)
[05:10:54]     OK: email=info.odyca.immigration@gmail.com | phone=5148043091 | city=Milton | prov=ON
[05:10:58]   [3277/3703] Marites Sumagui (R708856)
[05:10:58]     OK: email=tess@bayanihancanada.com | phone=7786975536 | city=Burnaby | prov=BC
[05:11:00]   [3278/3703] Kashif Khan (R509859)
[05:11:00]     OK: email=ridetocanada@gmail.com | phone=6476747433 | city=Scarborough | prov=ON
[05:11:03]   [3279/3703] Xiaofan Fan (R709512)
[05:11:03]     OK: city=Richmond Hill | prov=ON
[05:11:06]   [3280/3703] Renu Kulshrestha (R523862)
[05:11:06]     OK: city=Mississauga | prov=ON
[05:11:08]   [3281/3703] Sze Kit Ceiky Ip (R707804)
[05:11:09]     OK: email=ceikyip@go-beyond.ca | phone=7788146018 | city=Vancouver | prov=BC
[05:11:12]   [3282/3703] Emily Low (R708049)
[05:11:12]     OK: email=emilia628@hotmail.com | phone=5198597009 | city=London | prov=ON
[05:11:15]   [3283/3703] Maneesh Goswami (R528160)
[05:11:15]     OK: email=maneesh@indicanimmigration.com | phone=7804482311 | city=Edmonton | prov=AB
[05:11:17]   [3284/3703] Rajesh Joseph (R530097)
[05:11:17]     OK: city=Delta | prov=BC
[05:11:21]   [3285/3703] Galina Vladimirova (R514110)
[05:11:21]     OK: email=info@canadaopen.org | phone=6478674776 | city=Toronto | prov=ON
[05:11:23]   [3286/3703] Neeru Gupta (R710854)
[05:11:23]     OK: email=steernorthimmigration@gmail.com | phone=2505960443 | city=Prince George | prov=BC
[05:11:26]   [3287/3703] Gurjit Kaur (R710637)
[05:11:26]     OK: email=gurjitkaur1270@gmail.com | phone=9029433990 | city=Dartmouth | prov=NS
[05:11:29]   [3288/3703] Helen Michaelidou (R513561)
[05:11:29]     OK: email=info@hmgimmigration.com | city=Stouffville | prov=ON
[05:11:32]   [3289/3703] Marcela Sanchez (R712636)
[05:11:32]     OK: email=marcelasanchezimmigration@gmail.com | phone=4038607478 | city=Edmonton | prov=AB
[05:11:35]   [3290/3703] Ankit Pandya (R535427)
[05:11:35]     OK: email=info@inspire2immigrate.ca | phone=4378864873
[05:11:38]   [3291/3703] Basil Elsersawi (R531833)
[05:11:38]     OK: email=elserbasil@brockimmigration.com | phone=4166392139 | city=Pickering | prov=ON
[05:11:41]   [3292/3703] Uchenna Echefu (R707189)
[05:11:41]     OK: email=info@newrealmimmigration.com | phone=5876464512 | city=Fort McMurray | prov=AB
[05:11:45]   [3293/3703] Xia Xu (R514328)
[05:11:45]     OK: city=Richmond Hill | prov=ON
[05:11:48]   [3294/3703] Balwant Badwal (R530421)
[05:11:48]     OK: email=lgwics@outlook.com | phone=6046130614 | city=Abbotsford | prov=BC
[05:11:50]   [3295/3703] Caroline Makau (R533077)
[05:11:50]     OK: email=carol.makau@gmail.com | phone=2044305492 | city=Winnipeg | prov=MB
[05:11:52]   [3296/3703] Ravinder Singh Sohi (R523683)
[05:11:52]     OK: email=rssohi@yahoo.com | phone=4038269150 | city=Calgary | prov=AB
[05:11:55]   [3297/3703] Leena Khosla (R710642)
[05:11:55]     OK: email=leena.khosla10@gmail.com | phone=6042174114 | city=Abbotsford | prov=BC
[05:11:58]   [3298/3703] Rupinder Rupana (R710015)
[05:11:58]     OK: email=director@multiwayimmigration.com | phone=7809529345 | city=Edmonton | prov=AB
[05:12:00]   [3299/3703] Anna Carolina Kuinsler Muniz (R1034339)
[05:12:00]     OK: city=Edmonton | prov=AB
[05:12:03]   [3300/3703] Veevek Bhatia (R705999)
[05:12:03]     OK: email=veevek@canadaimmigrationxperts.com | phone=6044849474 | city=Vancouver | prov=BC
[05:12:06]   [3301/3703] Johannah Gomez (R710169)
[05:12:06]     OK: email=johannah.moreno@gmail.com | phone=2892513323 | city=Cobourg | prov=ON
[05:12:09]   [3302/3703] Daljit Virring (R522164)
[05:12:09]     OK: email=contact@vistaraimmigration.com | phone=7802631887 | city=Edmonton | prov=AB
[05:12:11]   [3303/3703] Meenu Kapoor (R707714)
[05:12:11]     OK: city=Winnipeg | prov=MB
[05:12:14]   [3304/3703] Sanjeev Sharma (R706865)
[05:12:14]     OK: email=soundwavesimmigration@gmail.com | phone=7783788215 | city=Delta | prov=BC
[05:12:17]   [3305/3703] Luis Quiroga (R711433)
[05:12:17]     OK: email=tempus.canada.immigration@gmail.com | phone=4168394615 | city=Niagara Falls | prov=ON
[05:12:20]   [3306/3703] Wiem Mahmoud (R1031999)
[05:12:20]     OK: city=Ottawa | prov=ON
[05:12:23]   [3307/3703] Gaurav Ahuja (R708142)
[05:12:23]     OK: email=info@inciseimmigration.com | phone=6478990732 | city=Brampton | prov=ON
[05:12:26]   [3308/3703] Sumbal Anees (R533601)
[05:12:27]     OK: email=info@immisa.ca | phone=6474101067 | city=Mississauga | prov=ON
[05:12:29]   [3309/3703] Sara Naghedi-Ahmadi (R731457)
[05:12:29]     OK: email=SARNAGHEDI@GMAIL.COM | phone=4039711195 | city=Calgary | prov=AB
[05:12:31]   [3310/3703] James Weir (R706486)
[05:12:31]     OK: email=jweirimmigration@gmail.com | phone=2509384480 | city=Kelowna | prov=BC
[05:12:35]   [3311/3703] Badr-Eddyn Zahiri (R103162)
[05:12:35]     OK: email=info@sib-canada.com | phone=5149957100 | city=2000
[05:12:38]   [3312/3703] Zaheer-Ud-Din Babar (R530823)
[05:12:38]     OK: email=info@consultz.ca | phone=4166973399 | city=Toronto | prov=ON
[05:12:41]   [3313/3703] Amarjeet Kaur Wadhwa (R706364)
[05:12:41]     OK: email=kaur.ammie@gmail.com | phone=6475339473 | city=Mississauga | prov=ON
[05:12:44]   [3314/3703] Rajdeep Dhadwal (R711829)
[05:12:45]     OK: email=dhadwalrajdeep@gmail.com | phone=6475260554 | city=Brampton | prov=ON
[05:12:48]   [3315/3703] Phu La (R523470)
[05:12:48]     OK: email=ricky@soundadvicecanada.com | phone=4039904375 | city=Calgary | prov=AB
[05:12:50]   [3316/3703] Ganga Jora (R705712)
[05:12:50]     OK: email=joraimmigration@gmail.com | phone=2048998282 | city=Winnipeg | prov=MB
[05:12:53]   [3317/3703] Vikramjeet Singh (R705864)
[05:12:53]     OK: (minimal data)
[05:12:56]   [3318/3703] Doreen Masih (R707406)
[05:12:56]     OK: email=masih.doreen@gmail.com | phone=4163013026 | city=Mississauga | prov=ON
[05:12:59]   [3319/3703] Zohreh Kondori (R711623)
[05:12:59]     OK: email=info@raahcanada.com | phone=6046006035 | city=200-1847 Marine DriveWest Vancouver
[05:13:02]   [3320/3703] Komi Lino Ankou (R708645)
[05:13:02]     OK: email=keliscanimmigration@gmail.com | phone=5144520076 | city=Saint-Laurent | prov=QC
[05:13:06]   [3321/3703] Maryam Muhammad-Yusuf (R516026)
[05:13:06]     OK: email=momyusuf@yahoo.co.uk | phone=9055235753 | city=Hamilton | prov=ON
[05:13:09]   [3322/3703] Marjorie Quintos (R507150)
[05:13:09]     OK: email=marjorie@mercan.com | phone=5142829214 | city=Montreal | prov=QC
[05:13:11]   [3323/3703] Manpreet Goraya (R709844)
[05:13:11]     OK: email=Skyshotimmigration@gmail.com | phone=9022663051 | city=Dartmouth | prov=NS
[05:13:14]   [3324/3703] Vikas Arora (R708006)
[05:13:15]     OK: email=arora.v@hotmail.com | phone=4038377449 | city=Langley | prov=BC
[05:13:17]   [3325/3703] Hoang Mien Tho Dang (R710845)
[05:13:17]     OK: email=hatimmigration@gmail.com | phone=8254593636 | city=Edmonton | prov=AB
[05:13:20]   [3326/3703] Jinhe Wang (R1034106)
[05:13:20]     OK: email=jinhe929@gmail.com | phone=7785229929 | city=Delta | prov=BC
[05:13:23]   [3327/3703] Sara Guerrero (R1033910)
[05:13:23]     OK: city=Burnaby | prov=BC
[05:13:26]   [3328/3703] Ma Richel Bautista (R712115)
[05:13:26]     OK: city=Newmarket | prov=ON
[05:13:29]   [3329/3703] Ana Canseco (R731678)
[05:13:29]     OK: city=Airdrie | prov=AB
[05:13:31]   [3330/3703] Justin Foot (R531847)
[05:13:31]     OK: email=jf@justrightimmigration.com | phone=4316883321 | city=Winnipeg | prov=MB
[05:13:34]   [3331/3703] Amandeep Dhaliwal (R711500)
[05:13:34]     OK: email=adhaliwal2008@hotmail.com | phone=6476187084 | city=Brampton | prov=ON
[05:13:37]   [3332/3703] Parbhjinder Dhillon (R709644)
[05:13:37]     OK: email=info@prabhimmigration.ca | phone=4038880061 | city=Calgary | prov=AB
[05:13:40]   [3333/3703] Jagdeep Chahal (R423191)
[05:13:40]     OK: email=consultjagdeep@gmail.com | phone=4037988888 | city=Calgary | prov=AB
[05:13:43]   [3334/3703] Amanpreet Singh Punia (R708243)
[05:13:43]     OK: email=info@fgsconsultancies.com | phone=4318778777 | city=Winnipeg | prov=MB
[05:13:46]   [3335/3703] Zhenjiang Zhu (R529274)
[05:13:46]     OK: email=zhuzhenjiang18@gmail.com | phone=6479892518 | city=Markham | prov=ON
[05:13:48]   [3336/3703] Sulabh Mahajan (R1034215)
[05:13:48]     OK: city=Brampton | prov=ON
[05:13:51]   [3337/3703] Paul Arthur Giraud (R507431)
[05:13:51]     OK: email=info@recrutement-canada.ca | phone=8194811247 | city=Charlemagne | prov=QC
[05:13:54]   [3338/3703] Leena Ratti (R1034201)
[05:13:54]     OK: email=ratti.leena@gmail.com | phone=6478647818 | city=Brampton | prov=ON
[05:13:57]   [3339/3703] Rupal Aghada (R532575)
[05:13:57]     OK: email=rupalaghada@gmail.com | phone=3065020947 | city=Scarborough | prov=ON
[05:13:59]   [3340/3703] Sheryl Rose Newman (R711430)
[05:14:00]     OK: email=sherylrose.newman@gmail.com | phone=6048287412 | city=Surrey | prov=BC
[05:14:02]   [3341/3703] Selvin Mejia (R712709)
[05:14:02]     OK: email=selvin@dlawgroup.ca | phone=5199143380 | city=London | prov=ON
[05:14:05]   [3342/3703] Aleksandra Koscielak (R524811)
[05:14:05]     OK: city=Calgary | prov=AB
[05:14:08]   [3343/3703] Vitaliy Sokolov (R705408)
[05:14:08]     OK: email=vitaliy.v.sokolov@gmail.com | phone=6476088177 | city=Toronto | prov=ON
[05:14:10]   [3344/3703] Leland Malkus (R710061)
[05:14:10]     OK: city=Edmonton | prov=AB
[05:14:13]   [3345/3703] Julieta Manzano (R708363)
[05:14:13]     OK: city=Windsor | prov=ON
[05:14:15]   [3346/3703] Manoj Goswami (R531861)
[05:14:15]     OK: city=Regina | prov=SK
[05:14:19]   [3347/3703] Sant Singh (R708422)
[05:14:19]     OK: email=info@santimmigration.ca | phone=7787792400 | city=Surrey | prov=BC
[05:14:22]   [3348/3703] Regina Moreira (R705393)
[05:14:22]     OK: city=Montreal | prov=QC
[05:14:24]   [3349/3703] Marilyn Taupan (R512611)
[05:14:24]     OK: city=Breslau | prov=ON
[05:14:26]   [3350/3703] Xiaohui Liang (R513399)
[05:14:27]     OK: email=maggielxh@gmail.com | city=Waterloo | prov=ON
[05:14:29]   [3351/3703] Hortence Kamga (R713201)
[05:14:29]     OK: email=contact@santagaimmigration.com | phone=4184404314 | city=Montreal | prov=QC
[05:14:31]   [3352/3703] David Najera Alva (R713021)
[05:14:31]     OK: email=david.najera1@gmail.com | phone=4039261753 | city=Calgary | prov=AB
[05:14:33]   [3353/3703] Palak Gupta (R706954)
[05:14:33]     OK: email=skylinerimmigration@gmail.com | phone=2045572194 | city=Winnipeg | prov=MB
[05:14:36]   [3354/3703] Gerharda Reuvekamp-Been (R509784)
[05:14:36]     OK: email=info@visa2canada.ca | phone=204-717-4426 | city=Brandon | prov=MB
[05:14:38]   [3355/3703] Jodie Sum Yin Li (R531983)
[05:14:39]     OK: email=jodieli33@gmail.com | phone=85265690403 | city=Central
[05:14:42]   [3356/3703] Corinne Shipley (R712931)
[05:14:42]     OK: city=Revelstoke | prov=BC
[05:14:45]   [3357/3703] Midaley Shirley-Fletcher (R708676)
[05:14:45]     OK: email=msfimmigrationsolutions@gmail.com | phone=9022209750 | city=Bedford | prov=NS
[05:14:48]   [3358/3703] Monika Dhillon (R530065)
[05:14:48]     OK: email=infoimpact19@gmail.com | phone=7789893500 | city=Surrey | prov=BC
[05:14:51]   [3359/3703] Alandrino Verdillo (R420895)
[05:14:51]     OK: email=engrverdillo@aol.com | phone=2897520097 | city=Brampton | prov=ON
[05:14:53]   [3360/3703] Xi Li (R530777)
[05:14:53]     OK: city=Westmount | prov=QC
[05:14:56]   [3361/3703] Dotan Shenhav (R524583)
[05:14:56]     OK: email=dotan.ca@gmail.com | city=Toronto | prov=ON
[05:15:00]   [3362/3703] Saad Elmansori (R708409)
[05:15:00]     OK: email=s_elmansori@yahoo.com | phone=5142079852
[05:15:02]   [3363/3703] Kamal Lalwani (R706180)
[05:15:02]     OK: city=North York | prov=ON
[05:15:06]   [3364/3703] Mary Angelica Potes Martinez (R705528)
[05:15:06]     OK: email=mapm.canada@gmail.com | phone=4379949022 | city=Kitchener | prov=ON
[05:15:09]   [3365/3703] Bruce Perreault (R417183)
[05:15:09]     OK: email=bruce@perreaultandassociates.com | phone=4169322294 | city=Toronto | prov=ON
[05:15:12]   [3366/3703] Zsuzsanna Meder (R415479)
[05:15:12]     OK: email=meder@rogers.com | phone=4165911450 | city=Toronto | prov=ON
[05:15:15]   [3367/3703] Syed Khan (R413239)
[05:15:15]     OK: email=syed.khan@icanhelpimmigration.com | phone=6045017862 | city=Surrey | prov=BC
[05:15:18]   [3368/3703] Mohammad Sadegh Geranbaha (R707922)
[05:15:18]     OK: email=s.geranbaha@gmail.com | phone=7789170079 | city=Coquitlam | prov=BC
[05:15:21]   [3369/3703] Rana Ayyash (R529913)
[05:15:21]     OK: email=info@parallel49immigration.ca | phone=4166487623 | city=Mississauga | prov=ON
[05:15:24]   [3370/3703] Ma Buena Bowman (R515495)
[05:15:24]     OK: email=buena@unoimmigration.com | phone=3063041954 | city=Meadow Lake | prov=SK
[05:15:28]   [3371/3703] Rachit Chopra (R532441)
[05:15:28]     OK: email=Rachit@avenuesabroad.in | phone=6476715027 | city=Brampton | prov=ON
[05:15:30]   [3372/3703] Shanshan Chen (R707014)
[05:15:30]     OK: phone=7788624308 | city=Surrey | prov=BC
[05:15:32]   [3373/3703] Aniruddhsinhji Raol (R517975)
[05:15:32]     OK: email=aniruddhraol@gmail.com | phone=4163882999 | city=Mississauga | prov=ON
[05:15:36]   [3374/3703] Shirin Mukherjee (R507323)
[05:15:36]     OK: email=shirin.mukherjee@gmail.com | phone=4163094352 | city=Toronto | prov=ON
[05:15:38]   [3375/3703] Steven Le (R413991)
[05:15:38]     OK: email=steven@lenotary.com | phone=6043238499 | city=Vancouver | prov=BC
[05:15:41]   [3376/3703] Shivangi Kalra (R707341)
[05:15:41]     OK: email=shivangi@olympusimmigration.ca | phone=6479827448 | city=Brampton | prov=ON
[05:15:43]   [3377/3703] Ali-Reza Haghjou (R411551)
[05:15:43]     OK: email=alireza@haghjou.ca | phone=7782882537 | city=North Vancouver | prov=BC
[05:15:45]   [3378/3703] Andy Rodriguez Peralta (R417895)
[05:15:46]     OK: city=Ottawa | prov=ON
[05:15:49]   [3379/3703] Amir Ismail (R412319)
[05:15:49]     OK: email=info@amirismail.com | phone=+92-21-35652860
[05:15:51]   [3380/3703] Somayeh Esmaillu (R509912)
[05:15:51]     OK: email=somy.esmaillu@gmail.com | phone=7788723656 | city=Coquitlam | prov=BC
[05:15:53]   [3381/3703] Ting Cui (R731547)
[05:15:54]     OK: email=cuitingnwnu@gmail.com | phone=5489911967 | city=Oakville | prov=ON
[05:15:56]   [3382/3703] Chintan Patel (R712206)
[05:15:56]     OK: email=CMPATEL123@GMAIL.COM | phone=4377770082 | city=Surrey | prov=BC
[05:15:59]   [3383/3703] Parampreet Singh (R731509)
[05:15:59]     OK: email=PARAMPREET2759@GMAIL.COM | phone=6393176883 | city=Saskatoon | prov=SK
[05:16:02]   [3384/3703] Manju Hirani (R706106)
[05:16:02]     OK: city=Surrey | prov=BC
[05:16:04]   [3385/3703] Milagros Gonzalez De Nemer (R522187)
[05:16:04]     OK: email=milagros424@gmail.com | phone=9027194622 | city=Dartmouth | prov=NS
[05:16:06]   [3386/3703] Jung Chul Nam (R707117)
[05:16:07]     OK: email=jnam@stu-view.com | phone=5875788002 | city=Calgary | prov=AB
[05:16:09]   [3387/3703] Janmeet Singh Grewal (R707708)
[05:16:09]     OK: email=j.grewal44@gmail.com | phone=7807164944 | city=Edmonton | prov=AB
[05:16:11]   [3388/3703] Manjit Rai (R708347)
[05:16:11]     OK: email=mrai1636@gmail.com | phone=4374215101 | city=Brampton | prov=ON
[05:16:14]   [3389/3703] Justina Kewal ()
[05:16:14]     OK: email=newscoordinator3@capic.ca | phone=6472017682 | city=Scarborough | prov=ON
[05:16:17]   [3390/3703] Ma. Luisa Callahan (R706113)
[05:16:17]     OK: email=luisa.callahan@elmakariosimmigration.com | phone=5879829150 | city=Sherwood Park | prov=AB
[05:16:19]   [3391/3703] Rosanne Steinke (R514310)
[05:16:19]     OK: city=Courtenay | prov=BC
[05:16:23]   [3392/3703] Anilkumar Bhaskaran (R706690)
[05:16:23]     OK: city=Surrey | prov=BC
[05:16:26]   [3393/3703] Nana Manga Matuba (R708101)
[05:16:26]     OK: email=nana_mng@yahoo.fr | phone=4385233332 | city=Longueuil | prov=QC
[05:16:29]   [3394/3703] Pragnesh Patel (R509259)
[05:16:29]     OK: email=info@bgsimmigration.com | city=Toronto | prov=ON
[05:16:32]   [3395/3703] Wagjyl Lacbongan-Tinipac (R530115)
[05:16:32]     OK: city=Calgary | prov=AB
[05:16:35]   [3396/3703] Rocio Dona (R731673)
[05:16:35]     OK: email=rociodona@hotmail.com | phone=6049383789 | city=Vancouver | prov=BC
[05:16:38]   [3397/3703] Chucrallah Tabib (R420023)
[05:16:38]     OK: email=info@tabib.ca | phone=5148450000 | city=Brossard | prov=QC
[05:16:41]   [3398/3703] Shelly Xu ()
[05:16:42]     OK: email=accounting@capic.ca | phone=4164837044 | city=Toronto | prov=ON
[05:16:44]   [3399/3703] Dora Job (R524251)
[05:16:44]     OK: email=doraveronica@yahoo.ca | phone=204 794 0501
[05:16:47]   [3400/3703] Meng Lan (R710313)
[05:16:47]     OK: email=lanmeng_1123@hotmail.com | phone=5149926567 | city=Montreal | prov=QC
[05:16:50]   [3401/3703] Salim Takieddine (R508130)
[05:16:50]     OK: email=MD@GLI-CORP.CA | phone=7808015233
[05:16:52]   [3402/3703] Rajeev Sharma (R532587)
[05:16:52]     OK: email=rajeev@saicanada.ca | phone=7806666025 | city=Leduc | prov=AB
[05:16:54]   [3403/3703] Anika Henderson (R506549)
[05:16:54]     OK: email=anika@imagineimmigration.ca | phone=3067784041 | city=Swift Current | prov=SK
[05:16:57]   [3404/3703] Muhammad Tayyub Shahid (R712047)
[05:16:57]     OK: email=tayyubshahid29@gmail.com | phone=4168756114 | city=Mississauga | prov=ON
[05:17:00]   [3405/3703] Jing Wang (R531351)
[05:17:00]     OK: email=foxwanda@hotmail.com | phone=6047263758 | city=Richmond | prov=BC
[05:17:03]   [3406/3703] Larissa Castelluber (R710678)
[05:17:03]     OK: phone=6725881360 | city=Abbotsford | prov=BC
[05:17:05]   [3407/3703] Ashok Chaudhary (R709241)
[05:17:05]     OK: email=movingwheels2@gmail.com | phone=9058675455 | city=Kitchener | prov=ON
[05:17:08]   [3408/3703] Jeremie Misquitta (R531581)
[05:17:08]     OK: city=Mississauga | prov=ON
[05:17:10]   [3409/3703] Fei Chen (R513813)
[05:17:10]     OK: email=fchenrcic@gmail.com | phone=6478879298 | city=Toronto | prov=ON
[05:17:14]   [3410/3703] Jia Chiann Huang (R531213)
[05:17:14]     OK: email=chiann.huang@gmail.com | phone=7786837550 | city=North Vancouver | prov=BC
[05:17:17]   [3411/3703] Lisa Haley (R530885)
[05:17:17]     OK: email=l.haley@utoronto.ca | phone=6472167565 | city=Toronto | prov=ON
[05:17:20]   [3412/3703] Michael Costello (R731426)
[05:17:20]     OK: phone=5066726700 | city=Saint John | prov=NB
[05:17:23]   [3413/3703] Satyendra Verma (R708754)
[05:17:23]     OK: city=Brampton | prov=ON
[05:17:26]   [3414/3703] Claudie Lamontagne (R534429)
[05:17:26]     OK: email=clamontagne@immigrationprimo.ca | phone=5819994215 | city=Saint-Romuald | prov=QC
[05:17:28]   [3415/3703] Test5 Account ()
[05:17:29]     OK: email=test5@capic.ca | phone=4164837044 | city=Toronto | prov=ON
[05:17:31]   [3416/3703] Mahemud Chudesara (R711743)
[05:17:32]     OK: email=chudesara@gmail.com | phone=5879737864 | city=Calgary | prov=AB
[05:17:35]   [3417/3703] Archana Ananthanarayan (R705495)
[05:17:35]     OK: email=Archana@bluelily.ca | phone=6047645473 | city=Burnaby | prov=BC
[05:17:38]   [3418/3703] Marina Waitzman (R516130)
[05:17:39]     OK: email=marina@mwimmigration.ca | phone=4033996263 | city=Calgary | prov=AB
[05:17:42]   [3419/3703] Mirza Asma Azim (R711337)
[05:17:42]     OK: email=asma.azimabbas@gmail.com | phone=2262240215 | city=London | prov=ON
[05:17:45]   [3420/3703] Parvinder Singh Barring (R517421)
[05:17:45]     OK: city=Surrey | prov=BC
[05:17:47]   [3421/3703] Sarunkumar Kotte (R707685)
[05:17:47]     OK: email=sarun@valasa.ca | phone=6479783674 | city=Toronto | prov=ON
[05:17:50]   [3422/3703] Zhan Zhang (R731303)
[05:17:50]     OK: email=contact@esh-immi.ca | phone=5877176511 | city=Edmonton | prov=AB
[05:17:53]   [3423/3703] Navdeep Singh Buttar (R712506)
[05:17:53]     OK: email=navdeepbuttar@yahoo.com | phone=5149624733 | city=Brampton | prov=ON
[05:17:55]   [3424/3703] Dalia Milmantas (R415687)
[05:17:56]     OK: city=Toronto | prov=ON
[05:17:58]   [3425/3703] Xiaoxiao Wang (R713343)
[05:17:58]     OK: city=Toronto | prov=ON
[05:18:01]   [3426/3703] Carlos Oliveira (R511174)
[05:18:01]     OK: email=carlos.oliveira@newctdefence.com | phone=4164101555 | city=Toronto | prov=ON
[05:18:04]   [3427/3703] Siaka Sylla (R708390)
[05:18:04]     OK: email=dessyllas@gmail.com | phone=5145464472 | city=Montreal | prov=QC
[05:18:07]   [3428/3703] Gurjot Singh Sidhu (R713056)
[05:18:08]     OK: email=gsidhu@blueriversimmi.com | phone=2509861699 | city=Surrey | prov=BC
[05:18:11]   [3429/3703] Quynh Le (R706056)
[05:18:11]     OK: email=peterle@fcbimmigration.ca | city=Calgary | prov=AB
[05:18:13]   [3430/3703] Hui Zhang ()
[05:18:13]     OK: email=communications@capic.ca | phone=4164837044 | city=Toronto | prov=ON
[05:18:17]   [3431/3703] Lei Ru (R418031)
[05:18:17]     OK: email=joeru@henryglobal.ca | phone=4162980866 | city=Markham | prov=ON
[05:18:20]   [3432/3703] Andrea Dunne (R533571)
[05:18:20]     OK: email=info@msideimmigration.com | phone=6049026202 | city=Squamish | prov=BC
[05:18:23]   [3433/3703] Musthafa Backer (R524131)
[05:18:23]     OK: email=canadavisagate@gmail.com | phone=6479488801 | city=Mississauga | prov=ON
[05:18:26]   [3434/3703] Sushant Sharma (R707970)
[05:18:26]     OK: email=sushantxsharma@hotmail.com | city=Coquitlam | prov=BC
[05:18:28]   [3435/3703] Olukayode Adebogun (R406439)
[05:18:29]     OK: (minimal data)
[05:18:31]   [3436/3703] Amer Rehman (R515343)
[05:18:31]     OK: (minimal data)
[05:18:34]   [3437/3703] Mohammed Hawamdeh (R525812)
[05:18:35]     OK: email=mohawamdeh@hotmail.com | phone=2506674110 | city=Nanaimo | prov=BC
[05:18:37]   [3438/3703] Sukhman Singh (R524271)
[05:18:37]     OK: email=sukhmansingh999@gmail.com | phone=5874352587 | city=Calgary | prov=AB
[05:18:40]   [3439/3703] Asma Sabir (R706451)
[05:18:40]     OK: city=Toronto | prov=ON
[05:18:42]   [3440/3703] Ali Asif (R531047)
[05:18:43]     OK: email=aasif@allisonsconsulting.com | phone=4035611793 | city=Calgary | prov=AB
[05:18:46]   [3441/3703] Satnam Singh (R731339)
[05:18:46]     OK: email=DEVSAMSINGH7@GMAIL.COM | phone=9054606630 | city=Brampton | prov=ON
[05:18:48]   [3442/3703] Mitra Royan (R711371)
[05:18:48]     OK: email=contact@royanimmigration.com | phone=6043489697 | city=Vancouver | prov=BC
[05:18:51]   [3443/3703] Bhupender Singh (R707240)
[05:18:51]     OK: city=Surrey | prov=BC
[05:18:55]   [3444/3703] Jatinderjeet Bassi (R407631)
[05:18:55]     OK: email=jbassi@bic-canada.com | city=Brampton | prov=ON
[05:18:58]   [3445/3703] Felicia Ewoenam Tsekumah (R1031042)
[05:18:58]     OK: email=felicia.tsekumah@gmail.com | phone=6476759400 | city=Brampton | prov=ON
[05:19:01]   [3446/3703] Nantarath Wichaidit (R510093)
[05:19:01]     OK: email=Wichaidit8333@gmail.com | phone=6042634887 | city=Vancouver | prov=BC
[05:19:04]   [3447/3703] Harjit Pooni (R707701)
[05:19:04]     OK: email=HARJITPOONI@YAHOO.CO.IN | phone=6479620904 | city=Brampton | prov=ON
[05:19:06]   [3448/3703] Lilia Iyamabo (R531913)
[05:19:07]     OK: city=Barrie | prov=ON
[05:19:10]   [3449/3703] Monica Larissa Chavez Avila (R532367)
[05:19:10]     OK: email=mlca4385@gmail.com | phone=4038920189 | city=Lethbridge | prov=AB
[05:19:13]   [3450/3703] Ramandeep Kaur (R706256)
[05:19:13]     OK: email=paikimmigrationconsulting@gmail.com | phone=7783456253 | city=Abbotsford | prov=BC
[05:19:16]   [3451/3703] Ali Ashraf Khan (R506628)
[05:19:16]     OK: email=urs.associate@gmail.com | phone=6045537403 | city=New Westminster | prov=BC
[05:19:20]   [3452/3703] Leonidas (Rosa) Arias De Leon (R705908)
[05:19:20]     OK: email=tdlimmigration@gmail.com | phone=5148156536 | city=Montreal | prov=QC
[05:19:23]   [3453/3703] Maninderjit Singh (R706132)
[05:19:23]     OK: email=maninder191@gmail.com | phone=4379896511 | city=Toronto | prov=ON
[05:19:25]   [3454/3703] Harmeet Kaur (R517180)
[05:19:25]     OK: city=Surrey | prov=BC
[05:19:28]   [3455/3703] Joan Calipes (R711315)
[05:19:28]     OK: email=joancalipes@yahoo.com | phone=4502100537 | city=Saint-Jean | prov=QC
[05:19:31]   [3456/3703] Arvinder Billing (R525891)
[05:19:31]     OK: email=abilling@3tenimmigration.com | phone=2506499238 | city=Prince George | prov=BC
[05:19:34]   [3457/3703] Jacqueline Bousfield (R710047)
[05:19:34]     OK: email=j_bous@hotmail.com | phone=4034654097 | city=Olds | prov=AB
[05:19:38]   [3458/3703] Jagpreet Singh Bhinder (R706813)
[05:19:38]     OK: city=Brampton | prov=ON
[05:19:41]   [3459/3703] Tu Phuong Banh (R407511)
[05:19:41]     OK: email=silvia@canadaises.com | phone=7783893729 | city=Vancouver | prov=BC
[05:19:43]   [3460/3703] Rosanne Sciortino (R418615)
[05:19:43]     OK: email=homeland@rogers.com | phone=4164369887 | city=Woodbridge | prov=ON
[05:19:45]   [3461/3703] Gurcharan Chawla (R509473)
[05:19:45]     OK: city=210
[05:19:48]   [3462/3703] Kanwardeep Singh (R511672)
[05:19:48]     OK: city=Mississauga | prov=ON
[05:19:51]   [3463/3703] Jasmi Guron (R731706)
[05:19:51]     OK: city=Airdrie | prov=AB
[05:19:54]   [3464/3703] Xiaohong Chen (R525227)
[05:19:54]     OK: email=michelle.xh.chen@gmail.com | phone=4169993262 | city=Scarborough | prov=ON
[05:19:57]   [3465/3703] Anahita Tohidi (R530357)
[05:19:57]     OK: email=immigrationservices@atpatron.com | phone=4169097931 | city=Aurora | prov=ON
[05:19:59]   [3466/3703] Zeenath Singh (R531131)
[05:19:59]     OK: city=Brampton | prov=ON
[05:20:03]   [3467/3703] Pankaj Jangra (R712395)
[05:20:03]     OK: email=broadstarimmigration@gmail.com | phone=7783840070 | city=Surrey | prov=BC
[05:20:05]   [3468/3703] Juby Mathew (R706183)
[05:20:05]     OK: email=juby.cbi@gmail.com | phone=6044011311 | city=Prince George | prov=BC
[05:20:08]   [3469/3703] Nikita Najhoon (R712843)
[05:20:08]     OK: email=profile@carnelianimmigration.com | phone=7789958683 | city=Burnaby | prov=BC
[05:20:10]   [3470/3703] Akiko Fujita (R509402)
[05:20:10]     OK: email=akiko@patriamlaw.com | phone=7786543878 | city=Vancouver | prov=BC
[05:20:13]   [3471/3703] Kenny Tam (R420127)
[05:20:13]     OK: email=kenny_tam38@yahoo.com | phone=7785885036 | city=Burnaby | prov=BC
[05:20:16]   [3472/3703] Titilayo Mgbolu (R520752)
[05:20:16]     OK: email=titi@layoimmigration.ca | phone=3658815000 | city=Oshawa | prov=ON
[05:20:18]   [3473/3703] Joseph Kenney (R413119)
[05:20:18]     OK: email=jkenney@jkenneyconsulting.com | phone=6046492627 | city=Vancouver | prov=BC
[05:20:20]   [3474/3703] Man Ho So (R535973)
[05:20:20]     OK: email=mhs@zebraimmigration.com | city=Vancouver | prov=BC
[05:20:23]   [3475/3703] Vishwas Aggrawal (R705801)
[05:20:23]     OK: email=vishwas@yoshier.com | city=Brampton | prov=ON
[05:20:26]   [3476/3703] Elizabeth Oduntan (R416695)
[05:20:26]     OK: city=Winnipeg | prov=MB
[05:20:28]   [3477/3703] Shanshan Luo (R519304)
[05:20:28]     OK: email=shan.luo@smu.ca | phone=9024205436 | city=Halifax | prov=NS
[05:20:30]   [3478/3703] Charanjeet Bains (R709306)
[05:20:30]     OK: email=channibains1@gmail.com | phone=6477807736 | city=Brampton | prov=ON
[05:20:32]   [3479/3703] Faisal Nour (R713314)
[05:20:32]     OK: email=faisal@redradius.ca | phone=6475217331 | city=Toronto | prov=ON
[05:20:35]   [3480/3703] Priyanka Purewal (R712357)
[05:20:36]     OK: email=iampeeps995@gmail.com | phone=7786862792 | city=Surrey | prov=BC
[05:20:39]   [3481/3703] Ilya Dolgonos (R526274)
[05:20:39]     OK: email=ilya.dolgonos@gmail.com | phone=2045998083 | city=Winnipeg | prov=MB
[05:20:42]   [3482/3703] Ruby Gupta (R710448)
[05:20:42]     OK: email=guptaruby@hotmail.com | phone=7787739711 | city=Delta | prov=BC
[05:20:45]   [3483/3703] William Singh (R709185)
[05:20:45]     OK: email=newriseimmigration@gmail.com | phone=6478775543 | city=Brampton | prov=ON
[05:20:47]   [3484/3703] Mandeep Singh Sra (R711081)
[05:20:47]     OK: email=mandeepsra48@gmail.com | phone=4372245072 | city=Ajax | prov=ON
[05:20:50]   [3485/3703] Anil Sharma (R710893)
[05:20:50]     OK: email=anilkrsharma@protonmail.com | phone=6047210070 | city=Delta | prov=BC
[05:20:53]   [3486/3703] Yee Hang Peri Asta Wong (R713110)
[05:20:54]     OK: email=periwong@yahoo.com | phone=7802392789 | city=Edmonton | prov=AB
[05:20:57]   [3487/3703] Nitin Arora (R534305)
[05:20:57]     OK: email=nitin_arora81@yahoo.co.in | phone=5873701000 | city=Lethbridge | prov=AB
[05:20:59]   [3488/3703] Dayna Mccaul (R530721)
[05:20:59]     OK: email=dayna333t@gmail.com | phone=8073575106 | city=Thunder Bay | prov=ON
[05:21:01]   [3489/3703] Jagdeep Kailey (R535381)
[05:21:01]     OK: email=immigration@omramglobal.com | phone=2822820234 | city=Brampton | prov=ON
[05:21:04]   [3490/3703] Joseph Daniel Soriano (R706265)
[05:21:04]     OK: email=sorianoimmigrationconsulting@gmail.com | phone=5879205788 | city=Calgary | prov=AB
[05:21:08]   [3491/3703] Ling Yu (R519207)
[05:21:08]     OK: email=evaling.yu@gmail.com | phone=7788985172 | city=Langley | prov=BC
[05:21:10]   [3492/3703] Jayrangkumar Sureshchandra Pathak (R1036264)
[05:21:10]     OK: city=Brampton | prov=ON
[05:21:13]   [3493/3703] Fawzi Ghosn (R707520)
[05:21:13]     OK: email=info@scionimmigration.com | city=Ottawa | prov=ON
[05:21:16]   [3494/3703] Eunjae Mclean (R711262)
[05:21:16]     OK: (minimal data)
[05:21:19]   [3495/3703] Mojtaba Javanbakhti (R731114)
[05:21:19]     OK: email=javanbakhty@yahoo.com | phone=6472002261 | city=Richmond Hill | prov=ON
[05:21:22]   [3496/3703] Emilin Alvarenga Cruz (R532671)
[05:21:22]     OK: email=alva1987@yahoo.ca | phone=5198708693 | city=London | prov=ON
[05:21:25]   [3497/3703] John-Paris Philips (R417247)
[05:21:25]     OK: email=johnparisphilips@gmail.com | phone=4168238800 | city=Toronto | prov=ON
[05:21:28]   [3498/3703] Francisco Rebolledo Ortiz (R710082)
[05:21:28]     OK: email=info@decidecanada.org | phone=6046007357 | city=Vancouver | prov=BC
[05:21:31]   [3499/3703] Yazid Zaina (R706184)
[05:21:31]     OK: email=yzaina@versed.ca | phone=6479978003 | city=London | prov=ON
[05:21:34]   [3500/3703] Kavitha Dhankhar (R708548)
[05:21:34]     OK: email=dhankhar.kavitha@gmail.com | phone=6479897761 | city=Brampton | prov=ON
[05:21:37]   [3501/3703] Cindy Kiernan (R535393)
[05:21:37]     OK: email=KiernanImmigrationServices@hotmail.com | phone=2894394262 | city=Paris | prov=ON
[05:21:39]   [3502/3703] Manpreet Kaur Randhawa (R713218)
[05:21:40]     OK: email=20mkr4@queensu.ca | phone=5874351414 | city=Calgary | prov=AB
[05:21:42]   [3503/3703] Laila Sabbagh (R705752)
[05:21:42]     OK: email=lailasabbagh57@gmail.com | phone=6472957069 | city=Toronto | prov=ON
[05:21:45]   [3504/3703] Jebunnesa Chowdhury (R706371)
[05:21:45]     OK: email=contact@jcmigrate.ca | phone=6475127112 | city=Whitby | prov=ON
[05:21:48]   [3505/3703] Ramir Ocbena (R535737)
[05:21:48]     OK: email=migrateupnorth@gmail.com | phone=2505523308 | city=Prince George | prov=BC
[05:21:52]   [3506/3703] Juliana De Carvalho Vergilio (R531801)
[05:21:52]     OK: email=juliana_vergilio@hotmail.com | phone=7788797502 | city=Maple Ridge | prov=BC
[05:21:55]   [3507/3703] Ramanpreet Sandhu (R707309)
[05:21:55]     OK: email=rsiccanada@gmail.com | phone=7806556929 | city=Edmonton | prov=AB
[05:21:57]   [3508/3703] Aime Alves Moreira (R523209)
[05:21:58]     OK: email=aime.amorim@gmail.com | phone=7789278771 | city=Vancouver | prov=BC
[05:22:00]   [3509/3703] Amal Miranda (R511241)
[05:22:00]     OK: email=Amal_miranda@hotmail.com | phone=6479808908 | city=Brighton | prov=ON
[05:22:02]   [3510/3703] Julian Bernadette Ferron (R712171)
[05:22:02]     OK: email=julianferron13@gmail.com | phone=7057102373 | city=Barrie | prov=ON
[05:22:05]   [3511/3703] Tannia Gonzalez (R411239)
[05:22:05]     OK: email=tgonzalez@alternativacanada.com | phone=6474283400 | city=Toronto | prov=ON
[05:22:07]   [3512/3703] Lola Kushakova (R531969)
[05:22:08]     OK: phone=6135818797 | city=Ottawa | prov=ON
[05:22:10]   [3513/3703] Ana Maria Guevara Leon (R1034042)
[05:22:10]     OK: city=Lévis | prov=QC
[05:22:12]   [3514/3703] Ziaul Hasan (R708175)
[05:22:12]     OK: email=zianewage@gmail.com | phone=4165777633 | city=Saskatoon | prov=SK
[05:22:15]   [3515/3703] Michelle Gao (R535645)
[05:22:15]     OK: email=michelleyfgao@gmail.com | phone=4165644556 | city=Toronto | prov=ON
[05:22:18]   [3516/3703] Evelyn Enns (R510240)
[05:22:19]     OK: email=bev64y@hotmail.com | phone=2508720270 | city=Kelowna | prov=BC
[05:22:21]   [3517/3703] Amandeep Sohal (R535803)
[05:22:21]     OK: email=sohal.aman@outlook.com | phone=3653565553 | city=Thornbury | prov=ON
[05:22:24]   [3518/3703] Nadisha Berry-Mitchell (R707464)
[05:22:24]     OK: city=Toronto | prov=ON
[05:22:27]   [3519/3703] Abhijeet Singh (R1034543)
[05:22:27]     OK: city=Welland | prov=ON
[05:22:30]   [3520/3703] Amandeep Dahiya (R707586)
[05:22:30]     OK: email=amandeeprania13@gmail.com | phone=4034366000 | city=Calgary | prov=AB
[05:22:32]   [3521/3703] Alicea North (R532205)
[05:22:32]     OK: city=Saint Catharines | prov=ON
[05:22:35]   [3522/3703] Paola Coloma (R709849)
[05:22:35]     OK: email=paocoloma@yahoo.com | phone=7789263081 | city=Vancouver | prov=BC
[05:22:37]   [3523/3703] Nimin Raj (R522069)
[05:22:38]     OK: email=niminraj@gmail.com | phone=+971555483319 | city=Abu Dhabi
[05:22:40]   [3524/3703] Steven Johnston (R506588)
[05:22:40]     OK: email=immigration.advisor1@gmail.com | phone=8194861070 | city=Gatineau | prov=QC
[05:22:43]   [3525/3703] Hassan Shariq (R534159)
[05:22:43]     OK: city=Mississauga | prov=ON
[05:22:46]   [3526/3703] Karanpreet Singh (R711073)
[05:22:46]     OK: email=greyhawk1699@gmail.com | phone=5872243888 | city=Calgary | prov=AB
[05:22:48]   [3527/3703] Akashpreet Kaur (R710469)
[05:22:48]     OK: email=akashpreet.k@yahoo.com | phone=6475330818 | city=Brampton | prov=ON
[05:22:51]   [3528/3703] J'moi Whyte (R709052)
[05:22:52]     OK: email=info@jfimmigration.ca | city=Scarborough | prov=ON
[05:22:54]   [3529/3703] Amit Halbhavi (R533369)
[05:22:54]     OK: email=amithalbhavi123@gmail.com | phone=4378795360 | city=Etobicoke | prov=ON
[05:22:56]   [3530/3703] Somya Satija (R707624)
[05:22:56]     OK: city=Mississauga | prov=ON
[05:22:58]   [3531/3703] Tejpal Sandhu (R510833)
[05:22:58]     OK: email=tejssandhu@gmail.com | phone=6478874035 | city=Brampton | prov=ON
[05:23:01]   [3532/3703] Jacobus Kriek (R413711)
[05:23:01]     OK: email=cobus@matrixvisa.com | phone=6043950801 | city=Maple Ridge | prov=BC
[05:23:04]   [3533/3703] Jimmy Mathew (R707502)
[05:23:04]     OK: email=jim.mathew7@gmail.com | phone=3064600330 | city=Edmonton | prov=AB
[05:23:07]   [3534/3703] Zakia Griffin (R530081)
[05:23:07]     OK: email=zakiag08@gmail.com | city=Pincourt | prov=QC
[05:23:10]   [3535/3703] Cesar Cubillos Morales (R709109)
[05:23:10]     OK: city=Tavistock | prov=ON
[05:23:12]   [3536/3703] Charanjit S Kalra (R708868)
[05:23:12]     OK: email=kalraz2000@gmail.com | phone=7788969552 | city=Surrey | prov=BC
[05:23:15]   [3537/3703] Ashmpreet Gill (R533009)
[05:23:15]     OK: email=ashmpreet@gmail.com | phone=6043758594 | city=Surrey | prov=BC
[05:23:17]   [3538/3703] Andrew Blair (R526216)
[05:23:17]     OK: email=ahblair@yahoo.com | phone=9027172639 | city=Halifax | prov=NS
[05:23:20]   [3539/3703] Kitty Yung (R526976)
[05:23:20]     OK: email=kittypakyung@gmail.com | phone=4033836444 | city=Calgary | prov=AB
[05:23:22]   [3540/3703] Damanjeet Kaur (R708544)
[05:23:22]     OK: email=daman.jeet@yahoo.com | phone=4169843555 | city=Cambridge | prov=ON
[05:23:24]   [3541/3703] Buenas Aires Rivera (R705814)
[05:23:24]     OK: phone=6473276813 | city=Toronto | prov=ON
[05:23:27]   [3542/3703] Roger Dinner (R711764)
[05:23:27]     OK: email=immigrationlegally@gmail.com | phone=8009680289 | city=Trenton | prov=ON
[05:23:30]   [3543/3703] Xiyi Liang (R528008)
[05:23:30]     OK: email=xiyiceeliang@gmail.com | city=Winnipeg | prov=MB
[05:23:32]   [3544/3703] Ramesh Kumar Shankar (R518268)
[05:23:32]     OK: email=rameshrd12@yahoo.ca | phone=4163710710 | city=Milton | prov=ON
[05:23:36]   [3545/3703] Venus Abdolhoseini (R531681)
[05:23:36]     OK: email=info@alefimmigration.com | phone=6043645864 | city=North Vancouver | prov=BC
[05:23:38]   [3546/3703] Niamh O'shea (R707204)
[05:23:38]     OK: email=niamh.c.oshea@gmail.com | phone=6132994163 | city=Ottawa | prov=ON
[05:23:41]   [3547/3703] John-Paul Requejo (R731664)
[05:23:41]     OK: email=jp.requejo@sprucewoodimmigration.com | phone=4374341664 | city=Brampton | prov=ON
[05:23:43]   [3548/3703] Puja Jain (R533033)
[05:23:43]     OK: email=headstartimmigrationservices@gmail.com | phone=6478363574 | city=Brampton | prov=ON
[05:23:47]   [3549/3703] Qing Wang (R712816)
[05:23:47]     OK: email=wq_ca@yahoo.com | phone=4169951078 | city=Stouffville | prov=ON
[05:23:49]   [3550/3703] Lisziel Nogoy De Guzman (R707424)
[05:23:50]     OK: email=Zel_011725@yahoo.com | phone=7782237182 | city=Delta | prov=BC
[05:23:53]   [3551/3703] Ying Ying Luo (R532007)
[05:23:53]     OK: email=liying.immi@gmail.com | phone=7783197011 | city=Surrey | prov=BC
[05:23:56]   [3552/3703] Mingzhe Gao (R710114)
[05:23:56]     OK: email=consultant@welcomeca.com | phone=4373637578 | city=Toronto | prov=ON
[05:23:58]   [3553/3703] Ronald Byrne (R511106)
[05:23:58]     OK: email=Rgbimmigration@outlook.com | phone=6139201584 | city=Fredericton | prov=NB
[05:24:01]   [3554/3703] Manjeet Babrah (R705745)
[05:24:01]     OK: email=babrah.manjeet@gmail.com | phone=4168239455 | city=Mississauga | prov=ON
[05:24:04]   [3555/3703] Kyunghee Kim (R522016)
[05:24:04]     OK: email=kathy.kim@live.com | phone=7783229070 | city=Courtenay | prov=BC
[05:24:06]   [3556/3703] Silvia Milicia (R535931)
[05:24:06]     OK: email=silvia@ithacaimmigration.com | city=Kelowna | prov=BC
[05:24:09]   [3557/3703] Wei Wei (R705399)
[05:24:09]     OK: email=williehml@gmail.com | phone=7789033577 | city=North Vancouver | prov=BC
[05:24:12]   [3558/3703] Chitra Bhatia (R514121)
[05:24:12]     OK: email=chitra@canadaimmigrationxperts.com | phone=+1-604-484-9474
[05:24:15]   [3559/3703] Gaganpreet Lamba (R515609)
[05:24:15]     OK: email=gaganlamba059@gmail.com | phone=2895691441 | city=Brampton | prov=ON
[05:24:18]   [3560/3703] Paula Barry Mercer (R509082)
[05:24:18]     OK: email=paula@inspiredimmigration.com | phone=9028779748 | city=Liverpool | prov=NS
[05:24:21]   [3561/3703] Candy Hui (R707168)
[05:24:21]     OK: email=cjimmigrations@gmail.com | phone=3065816688 | city=Regina | prov=SK
[05:24:24]   [3562/3703] Sandeep Kaur (R708747)
[05:24:24]     OK: city=Sturdies Bay | prov=BC
[05:24:27]   [3563/3703] Eva Knof (R413567)
[05:24:27]     OK: email=eva@selectnannies.ca | phone=9053274000 | city=Niagara Falls | prov=ON
[05:24:30]   [3564/3703] Ravi Hooda (R530187)
[05:24:30]     OK: email=callravi4168255032@gmail.com | phone=4168255032 | city=Brampton | prov=ON
[05:24:32]   [3565/3703] Mahender Parmar (R710493)
[05:24:32]     OK: email=msparmar248@gmail.com | phone=9058677137 | city=Brampton | prov=ON
[05:24:35]   [3566/3703] Sanjay Grover (R535527)
[05:24:35]     OK: email=sanjay@blueplanetimmigration.com | phone=7788822806 | city=New Westminster | prov=BC
[05:24:37]   [3567/3703] Hadi Mansouri (R512494)
[05:24:37]     OK: email=info@mansouri-immigration.com | phone=6044685747
[05:24:40]   [3568/3703] Huan He (R1034477)
[05:24:40]     OK: city=Halifax | prov=NS
[05:24:43]   [3569/3703] Kamalpreet Kaur Kamalpreet Kaur (R707110)
[05:24:43]     OK: email=Kamalkaurimmigration@gmail.com | phone=6477027657 | city=Brampton | prov=ON
[05:24:45]   [3570/3703] Jocelyn Peters (R710599)
[05:24:46]     OK: email=jpeters888@hotmail.co.uk | phone=7782567488 | city=Fort Saint John | prov=BC
[05:24:48]   [3571/3703] Carlos Rodriguez Franco (R711195)
[05:24:48]     OK: email=carodriguezfranco@gmail.com | phone=6043457378 | city=Langley | prov=BC
[05:24:51]   [3572/3703] Raunica Ahluwalia (R731106)
[05:24:52]     OK: email=support@kozmoimmigration.ca | phone=4372253698 | city=Toronto | prov=ON
[05:24:55]   [3573/3703] Raju Syal (R534549)
[05:24:55]     OK: email=raj1syal@gmail.com | phone=6048684072 | city=Langley | prov=BC
[05:24:57]   [3574/3703] Kamlesh Sharma (R522375)
[05:24:57]     OK: email=kamleshbnl@gmail.com | phone=2045995585 | city=Winnipeg | prov=MB
[05:25:00]   [3575/3703] Sukhvir Chand (R514807)
[05:25:00]     OK: email=sukh@cisonline.ca | phone=6048523201 | city=Abbotsford | prov=BC
[05:25:03]   [3576/3703] Cindy Smaha (R414135)
[05:25:03]     OK: email=csmaha@zaifmanlaw.com | phone=2049448888 | city=Winnipeg | prov=MB
[05:25:06]   [3577/3703] Bin Luo (R414775)
[05:25:06]     OK: email=info@immitocanada.com | phone=4165976699 | city=Toronto | prov=ON
[05:25:09]   [3578/3703] Manish Verma (R707046)
[05:25:09]     OK: email=gognaimmigration@gmail.com | phone=7802431906 | city=Edmonton | prov=AB
[05:25:11]   [3579/3703] Liza Bogar (R525363)
[05:25:11]     OK: city=Toronto | prov=ON
[05:25:14]   [3580/3703] Yunhao Zhang (R707735)
[05:25:14]     OK: email=mars.canada@outlook.com | phone=6472186861 | city=Richmond Hill | prov=ON
[05:25:17]   [3581/3703] Jatinder Kumar Sharma (R534181)
[05:25:17]     OK: email=westwideimmigration@yahoo.com | phone=7787720385 | city=Surrey | prov=BC
[05:25:19]   [3582/3703] Guramrit Pelia (R712350)
[05:25:19]     OK: email=grandhawa0589@gmail.com | phone=2368690046 | city=Surrey | prov=BC
[05:25:22]   [3583/3703] Jiaxin Ling (R709455)
[05:25:22]     OK: email=lingjiaxin8@gmail.com | phone=6047208701 | city=Richmond | prov=BC
[05:25:25]   [3584/3703] Narender Batan (R518374)
[05:25:25]     OK: email=NARENDERBATAN24@GMAIL.COM | phone=6476780061 | city=Mississauga | prov=ON
[05:25:28]   [3585/3703] Katrina Miller (R531931)
[05:25:28]     OK: email=hello@evokehr.ca | phone=7788800441 | city=Chilliwack | prov=BC
[05:25:31]   [3586/3703] Rina Gothi (R706035)
[05:25:31]     OK: email=reenag.gcimmigration@gmail.com | phone=6477611740 | city=Brampton | prov=ON
[05:25:33]   [3587/3703] Oleksandr Harchenko (R509264)
[05:25:33]     OK: email=info@maxwinglobal.com | phone=4165006583 | city=Toronto | prov=ON
[05:25:36]   [3588/3703] Sana Mazher (R712535)
[05:25:36]     OK: city=Burlington | prov=ON
[05:25:39]   [3589/3703] Milad Mikael (R501315)
[05:25:39]     OK: (minimal data)
[05:25:42]   [3590/3703] Firas Mahasen (R707251)
[05:25:42]     OK: email=firas.mahasen@outlook.com | phone=4165255270 | city=Mississauga | prov=ON
[05:25:45]   [3591/3703] Emmanuel Cortes (R707283)
[05:25:45]     OK: email=eccortesimmigration@gmail.com | phone=4169124499 | city=Oakville | prov=ON
[05:25:48]   [3592/3703] Diandra Whymns (R731627)
[05:25:48]     OK: city=Kanata | prov=ON
[05:25:51]   [3593/3703] Angeles Alicia Morales Antunez (R532803)
[05:25:51]     OK: email=alicia@polarimmigration.com | phone=4038746443 | city=Calgary | prov=AB
[05:25:54]   [3594/3703] Oyetope Abe (R535287)
[05:25:54]     OK: email=NewAccessImmigration@gmail.com | phone=4038058244 | city=Calgary | prov=AB
[05:25:56]   [3595/3703] Ugochi Ekpunobi (R530467)
[05:25:56]     OK: email=jane.ekpunobi@gmail.com | phone=4039290984 | city=Edmonton | prov=AB
[05:25:59]   [3596/3703] Sowali Nivrita (R529746)
[05:25:59]     OK: city=Langley | prov=BC
[05:26:01]   [3597/3703] Bency Justin (R530741)
[05:26:01]     OK: email=info@canamerica.ca | phone=6476737979 | city=501
[05:26:04]   [3598/3703] Abayomi Babalola (R708400)
[05:26:04]     OK: email=aobimmigration@gmail.com | phone=3068506738 | city=Saskatoon | prov=SK
[05:26:08]   [3599/3703] Vasudha Thapar (R731634)
[05:26:08]     OK: email=vasudha8207@gmail.com | phone=2262208570 | city=Brampton | prov=ON
[05:26:11]   [3600/3703] Niall Carry (R517388)
[05:26:11]     OK: email=niall@carryimmigration.com | phone=6047263236 | city=Coquitlam | prov=BC
[05:26:13]   [3601/3703] Andrea Bailey (R708530)
[05:26:13]     OK: email=catchandrea@gmail.com | phone=5195721279 | city=Kitchener | prov=ON
[05:26:17]   [3602/3703] Parvinder Kaur (R707253)
[05:26:17]     OK: email=INFO@PURPLEIMMIGRATION.COM | phone=9056991333 | city=Toronto | prov=ON
[05:26:19]   [3603/3703] Rajpal Singh Hothi (R412023)
[05:26:19]     OK: (minimal data)
[05:26:21]   [3604/3703] Muhammad Rehan (R712747)
[05:26:21]     OK: email=rehan910@yahoo.com | phone=7787127764 | city=Delta | prov=BC
[05:26:25]   [3605/3703] Gopal Biswas (R706694)
[05:26:25]     OK: email=md@geomigration.ca | phone=4373612565 | city=Toronto | prov=ON
[05:26:27]   [3606/3703] Annabel Hernandez Baez (R533373)
[05:26:27]     OK: email=annabel.hbaez@gmail.com | phone=9991912290 | city=Saint-Sauveur | prov=QC
[05:26:30]   [3607/3703] Muhammad Virk (R708381)
[05:26:31]     OK: email=muhammad.virk@gmail.com | phone=6479918475 | city=Caledon East | prov=ON
[05:26:34]   [3608/3703] Arun Singh - (R712832)
[05:26:34]     OK: email=arunsingh.2988@gmail.com | phone=6393840381 | city=Yellowknife | prov=NT
[05:26:37]   [3609/3703] Xiaoshan Chen (R708264)
[05:26:37]     OK: email=sharan@visense.ca | phone=2368821966 | city=Richmond Hill | prov=ON
[05:26:40]   [3610/3703] Paminderjit Sunner (R705434)
[05:26:40]     OK: email=thevisahunt@gmail.com | phone=6477163846 | city=Toronto | prov=ON
[05:26:43]   [3611/3703] Fidel Castro Gomez (R530441)
[05:26:43]     OK: email=benjamin@mundo360.ca | city=Toronto | prov=ON
[05:26:46]   [3612/3703] Jatinder Kanda (R712478)
[05:26:46]     OK: email=jp.kanda@yahoo.in | phone=9057448247 | city=Brampton | prov=ON
[05:26:49]   [3613/3703] Hongju Li (R414327)
[05:26:49]     OK: email=hongjuli368@gmail.com | phone=6132656898 | city=Ottawa | prov=ON
[05:26:51]   [3614/3703] Jigna Jain (R731296)
[05:26:51]     OK: city=Calgary | prov=AB
[05:26:54]   [3615/3703] Alma-Geornita Catubay (R711099)
[05:26:54]     OK: email=arcscorpion112@gmail.com | phone=7786282049 | city=Surrey | prov=BC
[05:26:57]   [3616/3703] Abhinav Katyal (R534407)
[05:26:57]     OK: email=Abhinavkatyal@live.com | phone=6046577427 | city=Surrey | prov=BC
[05:27:00]   [3617/3703] Krishan Dhankhar (R507048)
[05:27:00]     OK: email=kcdhankhar@gmail.com | phone=7809080857 | city=Edmonton | prov=AB
[05:27:03]   [3618/3703] Donald Okonkwo (R706207)
[05:27:03]     OK: email=valdon77@yahoo.com | phone=3062926385 | city=Saskatoon | prov=SK
[05:27:07]   [3619/3703] Pooja Agarwal (R530731)
[05:27:07]     OK: email=canadavisaedge@gmail.com | phone=4168546694 | city=Edmonton | prov=AB
[05:27:09]   [3620/3703] Arvind Pal Matharu (R705644)
[05:27:09]     OK: email=aps.immigration@gmail.com | city=Winnipeg | prov=MB
[05:27:12]   [3621/3703] Margarita Ruvinsky (R709433)
[05:27:12]     OK: email=ritarb1980@yahoo.ca | phone=4169953467 | city=Maple | prov=ON
[05:27:15]   [3622/3703] Manoj Palwe (R422575)
[05:27:15]     OK: email=manomegh2002@yahoo.com | phone=91-020-25438284 | city=Pune
[05:27:18]   [3623/3703] Olga Gagarina (R514068)
[05:27:18]     OK: email=ogagarina@gmail.com | phone=4169397511 | city=Toronto | prov=ON
[05:27:20]   [3624/3703] Alena Odegova (R532071)
[05:27:20]     OK: email=alena6@mail.ru | phone=6044999030 | city=Vancouver | prov=BC
[05:27:24]   [3625/3703] Amarvir Singh (R709497)
[05:27:24]     OK: email=chahaloverseasimmigration@gmail.com | phone=7163679692 | city=London | prov=ON
[05:27:26]   [3626/3703] Ravi Pula (R706061)
[05:27:26]     OK: email=ravi.pula@rpimmigration.ca | phone=9053342089 | city=Mississauga | prov=ON
[05:27:29]   [3627/3703] Sumit Mehta (R711615)
[05:27:29]     OK: email=sumit@southpace.ca | phone=6046219371 | city=Abbotsford | prov=BC
[05:27:32]   [3628/3703] Scott Kennedy (R531945)
[05:27:32]     OK: email=scott@canvantage.ca | phone=6046174772 | city=Dubai
[05:27:35]   [3629/3703] Akshayee Shah (R708135)
[05:27:35]     OK: city=Brampton | prov=ON
[05:27:38]   [3630/3703] Jasmandeep Jakhar (R530527)
[05:27:38]     OK: email=jakharjasman@gmail.com | phone=6045005683 | city=Surrey | prov=BC
[05:27:40]   [3631/3703] Darla Tomeldan (R420471)
[05:27:40]     OK: email=dtomeldan@shaw.ca | phone=6047283973 | city=Burnaby | prov=BC
[05:27:43]   [3632/3703] Arpleen Kaur (R708506)
[05:27:43]     OK: email=arpleen3jun@gmail.com | phone=3067138218 | city=Saskatoon | prov=SK
[05:27:45]   [3633/3703] Monica O'brien (R416671)
[05:27:45]     OK: city=Pickering | prov=ON
[05:27:48]   [3634/3703] Yetunde Babs-Olorunfemi (R534313)
[05:27:48]     OK: email=fadekebabsolorunfemi@yahoo.com | phone=2269754491 | city=Windsor | prov=ON
[05:27:51]   [3635/3703] Chioma Ogamba (R709874)
[05:27:51]     OK: email=chiomaogamba@ymail.com | phone=5874391277 | city=Calgary | prov=AB
[05:27:54]   [3636/3703] Harjeet Ghuman (R512976)
[05:27:54]     OK: email=drghuman2015@gmail.com | phone=2049608003 | city=Winnipeg | prov=MB
[05:27:57]   [3637/3703] Calvin Bui (R706066)
[05:27:57]     OK: phone=604-724-4071
[05:27:59]   [3638/3703] Jasbir Jabble (R712169)
[05:27:59]     OK: email=jasbir_jabal@yahoo.com | phone=6477863750 | city=Brampton | prov=ON
[05:28:02]   [3639/3703] Zinni Singh Ratra (R708820)
[05:28:02]     OK: email=zinnisingh@hotmail.com | phone=6476215720 | city=Brampton | prov=ON
[05:28:04]   [3640/3703] Kenneth Chong (R710592)
[05:28:04]     OK: email=kenneth.chong@shaw.ca | phone=4032563266 | city=Calgary | prov=AB
[05:28:06]   [3641/3703] Tao Huang (R527177)
[05:28:06]     OK: email=canoeimmigration@gmail.com | phone=5146908806 | city=Brossard | prov=QC
[05:28:09]   [3642/3703] Yueli Wang (R530283)
[05:28:09]     OK: email=spycoon@gmail.com | phone=7788354560 | city=North Vancouver | prov=BC
[05:28:12]   [3643/3703] Scholar Acha (R1042910)
[05:28:12]     OK: city=North York | prov=ON
[05:28:16]   [3644/3703] Suhua Huang (R707992)
[05:28:16]     OK: email=fionahuang001@gmail.com | phone=7783181822 | city=Burnaby | prov=BC
[05:28:19]   [3645/3703] Rosanna Anobile ()
[05:28:19]     OK: email=ranobile@sfil.ca | phone=5145765114 | city=Westmount | prov=QC
[05:28:22]   [3646/3703] Narjara De Oliveira Costa (R706206)
[05:28:23]     OK: email=info@nocimmigration.ca | phone=9492782678 | city=Irvine
[05:28:25]   [3647/3703] Mukesh Takkiar (R535019)
[05:28:25]     OK: email=takkiarmukesh@gmail.com | phone=4313730003 | city=Brampton | prov=ON
[05:28:28]   [3648/3703] Mandeep Dhaliwal (R508938)
[05:28:28]     OK: email=mandeepd68@gmail.com | phone=9057993099 | city=Brampton | prov=ON
[05:28:31]   [3649/3703] Marichu Lacson (R731674)
[05:28:31]     OK: city=Calgary | prov=AB
[05:28:35]   [3650/3703] Sarabjit Kaur Bharmi (R706296)
[05:28:35]     OK: email=sarabjit.bharmi@gmail.com | phone=6474727740 | city=Mississauga | prov=ON
[05:28:37]   [3651/3703] Zuzana Kovalcik (R710606)
[05:28:37]     OK: email=info@upwindimmigration.ca | city=Vancouver | prov=BC
[05:28:40]   [3652/3703] Rajwinder Singh Rattan (R710791)
[05:28:40]     OK: email=info@rsrimmigration.com | phone=6134001322 | city=Kanata | prov=ON
[05:28:42]   [3653/3703] Mehul Desai (R516763)
[05:28:42]     OK: email=kdimehul@gmail.com | phone=4162718691 | city=Markham | prov=ON
[05:28:45]   [3654/3703] Tobore Agbaire (R523877)
[05:28:46]     OK: email=tagbaire@rankoraconsulting.com | phone=6478821155 | city=Newmarket | prov=ON
[05:28:48]   [3655/3703] Mary Jane Balisong (R516220)
[05:28:48]     OK: email=genius_naive@yahoo.com | phone=4165530468 | city=Scarborough | prov=ON
[05:28:50]   [3656/3703] Ariane Lira Mota Antunes (R525879)
[05:28:50]     OK: email=redfoxcic@gmail.com | phone=4034018610 | city=Airdrie | prov=AB
[05:28:53]   [3657/3703] Vineet Tiwari (R535983)
[05:28:53]     OK: email=tvineet.rc@gmail.com | phone=2509814001 | city=Delta | prov=BC
[05:28:55]   [3658/3703] Patrice Rene Meteunou (R706567)
[05:28:55]     OK: email=patricemet1@gmail.com | phone=7783867442 | city=1000-355 Burrard Street
[05:28:57]   [3659/3703] Richa Jaiswal (R731722)
[05:28:57]     OK: city=Burlington | prov=ON
[05:29:00]   [3660/3703] Jihye Do (R707592)
[05:29:00]     OK: email=angeliajd@gmail.com | phone=6477035497 | city=Toronto | prov=ON
[05:29:02]   [3661/3703] Puneet Brar (R707465)
[05:29:02]     OK: city=Surrey | prov=BC
[05:29:05]   [3662/3703] Ikponmwosa Obaseki (R526520)
[05:29:05]     OK: email=ifyagu.n@gmail.com | phone=+2348023035173 | city=Calgary | prov=AB
[05:29:08]   [3663/3703] Gursangeet Sabharwal (R513801)
[05:29:08]     OK: email=info@pristine-canada-immigration.com | phone=9052360236 | city=Brampton | prov=ON
[05:29:11]   [3664/3703] Harpreet Kaur (R731346)
[05:29:11]     OK: city=Kitchener | prov=ON
[05:29:14]   [3665/3703] Tsung Ju Tsai (R712983)
[05:29:14]     OK: city=Dartmouth | prov=NS
[05:29:18]   [3666/3703] Yanfei Xing (R705729)
[05:29:18]     OK: email=Xingfei1983@icloud.com | phone=2503272682 | city=Nanaimo | prov=BC
[05:29:21]   [3667/3703] Neeta Wadhwa (R519531)
[05:29:21]     OK: email=neeta.088@gmail.com | phone=7809159191 | city=Edmonton | prov=AB
[05:29:24]   [3668/3703] Lydia Mangosing (R506860)
[05:29:24]     OK: email=lydia.mangosing@yahoo.ca | phone=6045436201 | city=Surrey | prov=BC
[05:29:27]   [3669/3703] Shuang Gao (R530503)
[05:29:27]     OK: email=delia.s.gao@gmail.com | phone=7785583622 | city=Coquitlam | prov=BC
[05:29:30]   [3670/3703] Parminder Kaur (R711549)
[05:29:30]     OK: email=parminder280988@gmail.com | phone=4039099305 | city=Calgary | prov=AB
[05:29:34]   [3671/3703] Navdeep Brar (R508076)
[05:29:34]     OK: email=navibrar.ca@gmail.com | phone=4037981112 | city=Chestermere | prov=AB
[05:29:36]   [3672/3703] Ngoc Bich (Kimmy) Trang (R731677)
[05:29:36]     OK: email=kimmy@kwaysimmigration.com | phone=2509867826 | city=Victoria | prov=BC
[05:29:39]   [3673/3703] Rashmi Chopra (R510678)
[05:29:39]     OK: email=rashmi@guruimmigrationsolutions.com | phone=6478612509 | city=Caledon | prov=ON
[05:29:41]   [3674/3703] David Prasad (R417375)
[05:29:41]     OK: email=visama_fiji@hotmail.com | phone=6045833435 | city=Delta | prov=BC
[05:29:44]   [3675/3703] Chevrolet Generalao (R707993)
[05:29:44]     OK: email=unitypacificimmigration@gmail.com | phone=2508939957 | city=Sooke | prov=BC
[05:29:47]   [3676/3703] Olusegun Adepoju (R1034416)
[05:29:47]     OK: city=Saint John's | prov=NL
[05:29:49]   [3677/3703] Helen Cheng (R408943)
[05:29:49]     OK: email=helencheng@chiaris.ca | phone=4166093709 | city=Markham | prov=ON
[05:29:52]   [3678/3703] Anh Duong (R509573)
[05:29:52]     OK: email=andrew.duong@andrewduongrcic.ca | phone=7783458686 | city=Chilliwack | prov=BC
[05:29:54]   [3679/3703] Test By Pradeep Naangal (R123456)
[05:29:54]     OK: email=info@kayzworks.com | phone=4168007549 | city=Toronto | prov=ON
[05:29:57]   [3680/3703] Carolyn Mcgill (R511819)
[05:29:57]     OK: email=cmcgill@storm.ca | phone=6132954949 | city=Ottawa | prov=ON
[05:30:01]   [3681/3703] Dennis Brazolot (R408191)
[05:30:01]     OK: email=d.brazolot@brazolotgroup.com | city=Hudson | prov=QC
[05:30:03]   [3682/3703] Yueheng Gao (R534273)
[05:30:03]     OK: email=zero0306@hotmail.com | phone=2262609682 | city=Windsor | prov=ON
[05:30:05]   [3683/3703] Paul Shiu (R518092)
[05:30:05]     OK: email=paulshiu@directpathcanada.com | phone=4165617618 | city=Toronto | prov=ON
[05:30:07]   [3684/3703] Michael Kwong (R413791)
[05:30:07]     OK: email=michaelcykwong@gmail.com | phone=4039844567 | city=Calgary | prov=AB
[05:30:10]   [3685/3703] Aditya Kapur (R705359)
[05:30:10]     OK: email=livewell.immigration@gmail.com | phone=2363305061 | city=Oshawa | prov=ON
[05:30:14]   [3686/3703] Kaoru Yamashita (R421719)
[05:30:14]     OK: email=blueskykaoru@gmail.com | phone=6049226422 | city=West Vancouver | prov=BC
[05:30:17]   [3687/3703] Peng Peng (R706868)
[05:30:17]     OK: city=Calgary | prov=AB
[05:30:19]   [3688/3703] Dalvinder Brar (R408167)
[05:30:19]     OK: email=dee.brar@shaw.ca | phone=6048220476 | city=Burnaby | prov=BC
[05:30:22]   [3689/3703] Fadil Nemr (R533105)
[05:30:22]     OK: (minimal data)
[05:30:25]   [3690/3703] Anitha Kalaiselvanraja (R521140)
[05:30:25]     OK: email=anithamvsc@yahoo.com | phone=5145707143 | city=Langley | prov=BC
[05:30:29]   [3691/3703] Seyedeh Mitra Mottaghi (R531435)
[05:30:29]     OK: email=info@arvandimmigration.com | phone=4033997874 | city=Calgary | prov=AB
[05:30:32]   [3692/3703] Kerry-Ann Williamson (R515802)
[05:30:32]     OK: email=info@gdcis.ca | phone=778-753-6840 | city=Kelowna | prov=BC
[05:30:35]   [3693/3703] Xinyan Xu (R706001)
[05:30:35]     OK: email=cestxinyan@gmail.com | phone=6476885231 | city=Markham | prov=ON
[05:30:39]   [3694/3703] Wenting Tao (R533539)
[05:30:39]     OK: email=wentingtao701@gmail.com | phone=7789680620 | city=Richmond | prov=BC
[05:30:41]   [3695/3703] Qamar Tyyebi (R420615)
[05:30:41]     OK: city=202-515 Consumers RoadToronto
[05:30:45]   [3696/3703] Tammy Griffin (R531867)
[05:30:45]     OK: email=toplineimmigration@gmail.com | phone=7808024127 | city=Edmonton | prov=AB
[05:30:47]   [3697/3703] Gautham Chander Kolluri (R535191)
[05:30:47]     OK: email=kolluri_gautham@yahoo.com | phone=6478335257 | city=Kitchener | prov=ON
[05:30:50]   [3698/3703] Warren Lloyd (R414639)
[05:30:50]     OK: email=warren@lloydandassociates.com | phone=9053429858 | city=Cobourg | prov=ON
[05:30:52]   [3699/3703] Farinoosh Ghassemi Ali Abadi (R712024)
[05:30:52]     OK: email=info@far-immigration.ca | phone=4384049463 | city=Longueuil | prov=QC
[05:30:55]   [3700/3703] Ramanjeet Kaur Ramanjeet Kaur (R710138)
[05:30:55]     OK: email=fiveriverlandimmigration@gmail.com | phone=2049515752 | city=Winnipeg | prov=MB
[05:30:58]   [3701/3703] Lien Tran (R523116)
[05:30:58]     OK: email=lien.tran1@ucalgary.ca | phone=4032109595 | city=Calgary | prov=AB
[05:31:01]   [3702/3703] Yu Shi (R707192)
[05:31:01]     OK: email=info@zingimmigration.com | phone=2368690907 | city=Vancouver | prov=BC
[05:31:04]   [3703/3703] Heather Razaghi (R530973)
[05:31:04]     OK: email=razaghifamily@gmail.com | phone=7802315121 | city=Edmonton | prov=AB
[05:31:04] 
MyConsultant.ca results:
[05:31:04]   Profiles scraped: 3703
[05:31:04]   Errors: 0
[05:31:04]   With email: 3116
[05:31:04]   With phone: 2997
[05:31:04]   With website: 946
[05:31:04] 
--- Source 2: Quebec Open Data ---
[05:31:04] Downloading Quebec immigration consultant registry...
[05:31:04]   Downloaded 85 KB
[05:31:04]   732 records (including header)
[05:31:04]   Columns: STATUT, NOINSCRIPTION, NOM, PRENOM, DATERECONNAISSANCE, ENTREPRISEADRESSE1, ENTREPRISEADRESSE2, ENTREPRISEADRESSE3, ENTREPRISEVILLE, ENTREPRISEPROVINCE, ENTREPRISECODEPOSTAL, COURRIEL
[05:31:04]   Parsed 732 Quebec consultants
[05:31:04]   Added: 562, Skipped (dupes): 170
[05:31:04] 
============================================================
[05:31:04] FINAL SUMMARY
[05:31:04] ============================================================
[05:31:04] Total leads: 4265
[05:31:04] With email: 3678
[05:31:04] With phone: 2997
[05:31:04] With website: 946
[05:31:04] 
By source:
[05:31:04]   myconsultant: 3703
[05:31:04]   quebec-registry: 562
[05:31:04] 
By province:
[05:31:04]   ON: 1474
[05:31:04]   BC: 905
[05:31:04]   QC: 807
[05:31:04]   AB: 557
[05:31:04]   unknown: 241
[05:31:04]   MB: 107
[05:31:04]   SK: 73
[05:31:04]   NS: 55
[05:31:04]   NB: 26
[05:31:04]   NL: 11
[05:31:04]   PE: 6
[05:31:04]   NT: 2
[05:31:04]   NU: 1
[05:31:04] 
Output: /Users/fardeenchoudhury/mortar-lead-scraper/output/canada-immigration-extra.csv
