first_name,last_name,firm_name,title,email,phone,website,domain,city,state,country,rating,review_count,niche,source,profile_url
,,Lawfully,,help@lawfully.com,,https://www.lawfully.com,lawfully.com,New York City,,US,4.9,4648,immigration,trustpilot,https://www.trustpilot.com/review/lawfully.com
,,Boundless Immigration,,help@boundless.com,(855) 268-6353,https://www.boundless.com,boundless.com,Seattle,,US,4.8,4849,immigration,trustpilot,https://www.trustpilot.com/review/boundless.com
,,Consumer Law Group,,info@consumerlaw.com,(312) 620-7777,https://www.consumerlaw.com,consumerlaw.com,Chicago,,US,4.8,156,immigration,trustpilot,https://www.trustpilot.com/review/www.consumerlaw.com
,,Marble Law,,hello@themarbleway.com,(800) 297-1008,https://www.marble.co/,marble.co,San Diego,,US,4.2,4448,immigration,trustpilot,https://www.trustpilot.com/review/marble.co
,,BYDcash,,info@bydcash.com,(786) 408-3838,https://bydcash.com,bydcash.com,Ponte Vedra,,US,4.9,255,immigration,trustpilot,https://www.trustpilot.com/review/bydcash.com
Asel,Williams,"Asel Williams, Esq.",,support@self-lawyer.com,(888) 922-6632,https://self-lawyer.com,self-lawyer.com,New York City,,US,4.9,92,immigration,trustpilot,https://www.trustpilot.com/review/self-lawyer.com
,,Tukki,,info@tukki.ai,,https://tukki.ai,tukki.ai,,,US,4.7,23,immigration,trustpilot,https://www.trustpilot.com/review/tukki.ai
,,"GoVisa Lawyer (Pemberton Law, PLLC)",,support@govisalawyer.com,,https://govisalawyer.com,govisalawyer.com,Logan,,US,4.5,175,immigration,trustpilot,https://www.trustpilot.com/review/govisalawyer.com
,,Alcock & Associates,,,(602) 989-5000,https://www.alcocklaw.com/,alcocklaw.com,Phoenix,,US,4.5,20,immigration,trustpilot,https://www.trustpilot.com/review/alcocklaw.com
,,"Davies & Associates, LLC",,midavies@usimmigrationadvisor.com,(860) 830-5665,https://usimmigrationadvisor.com,usimmigrationadvisor.com,New York,,US,4.5,16,immigration,trustpilot,https://www.trustpilot.com/review/usimmigrationadvisor.com
,,Our Love Visa,,hello@ourlovevisa.com,,http://ourlovevisa.com,ourlovevisa.com,New York,,US,4.5,15,immigration,trustpilot,https://www.trustpilot.com/review/ourlovevisa.com
,,Colindalelaw,,,,https://colindalelaw.co.uk,colindalelaw.co.uk,,,,4.5,14,immigration,trustpilot,https://www.trustpilot.com/review/colindalelaw.co.uk
Global,Ext,Global Expat,,mo@globalexpat.net,(302) 468-6340,https://globalexpat.net,globalexpat.net,Wilmington,,US,4.5,13,immigration,trustpilot,https://www.trustpilot.com/review/globalexpat.net
,,Reelo,,hello@reelo.me,,https://reelo.me,reelo.me,,,US,4.4,78,immigration,trustpilot,https://www.trustpilot.com/review/reelo.me
,,Alphamigrationdubai,,askalphamigration@gmail.com,56 279 8656,http://alphamigrationdubai.com,alphamigrationdubai.com,Dubai,,US,4.4,10,immigration,trustpilot,https://www.trustpilot.com/review/alphamigrationdubai.com
,,Cita Previa Bot,,suuport@citapreviabot.com,,https://citapreviabot.com,citapreviabot.com,Covina,,US,4.3,11,immigration,trustpilot,https://www.trustpilot.com/review/citapreviabot.com
,,Dotcomsolicitors,,,,http://www.dotcomsolicitors.com,dotcomsolicitors.com,,,,4.3,10,immigration,trustpilot,https://www.trustpilot.com/review/www.dotcomsolicitors.com
,,"Subhan Law Office, LLC",,info@subhanlaw.com,(414) 223-5718,https://subhanlaw.com,subhanlaw.com,Milwaukee,,US,4.3,9,immigration,trustpilot,https://www.trustpilot.com/review/subhanlaw.com
,,VisaPro.com,,,,https://visapro.com,visapro.com,,,,4.3,9,immigration,trustpilot,https://www.trustpilot.com/review/visapro.com
,,Justiceimmigration,,,,http://justiceimmigration.org,justiceimmigration.org,,,,4.3,9,immigration,trustpilot,https://www.trustpilot.com/review/justiceimmigration.org
Federal,Apostille,Federal Apostille,,,,https://federalapostille.com,federalapostille.com,,,US,4.1,5,immigration,trustpilot,https://www.trustpilot.com/review/federalapostille.com
Visa,Govassist,Visa Govassist,,,,https://visa.govassist.com,visa.govassist.com,,,US,,,immigration,trustpilot,https://www.trustpilot.com/review/visa.govassist.com
,,LegalPro+ Team,,admin@legalproteam.com,(727) 755-3425,https://legalproteam.com,legalproteam.com,Miami Beach,,US,4.3,8,immigration,trustpilot,https://www.trustpilot.com/review/legalproteam.com
,,Wasden Immigration Litigation,,support@wasden.law,(844) 592-7336,https://wasden.law,wasden.law,,,US,4,4,immigration,trustpilot,https://www.trustpilot.com/review/wasden.law
,,Indiansabroad,,admission@indiansabroad.in,(913) 708-9087,https://indiansabroad.in,indiansabroad.in,navi mumbai,,IN,4.1,8,immigration,trustpilot,https://www.trustpilot.com/review/indiansabroad.in
,,Relocationcompass,,,+386071685170,https://relocationcompass.com,relocationcompass.com,Celje,,SI,3.8,2,immigration,trustpilot,https://www.trustpilot.com/review/relocationcompass.com
Capitol,Lawrtners,Capitol Law Partners,,info@capitollawpartners.com,(202) 440-2272,https://capitollawpartners.com,capitollawpartners.com,Herndon,,US,4.1,5,immigration,trustpilot,https://www.trustpilot.com/review/capitollawpartners.com
,,WeParaguay,,info@weparaguay.com,+595992023510,https://weparaguay.com,weparaguay.com,Asunción,,PY,4.4,10,immigration,trustpilot,https://www.trustpilot.com/review/weparaguay.com
,,Relohelper,,relohelper@gmail.com,,https://relohelper.com,relohelper.com,,,ES,3.7,1,immigration,trustpilot,https://www.trustpilot.com/review/relohelper.com
,,"Vasquez, Asker & Rojas Law Group, PLLC",,legalteam@varimmigrationlaw.com,(844) 272-5295,https://varimmigrationlaw.com,varimmigrationlaw.com,Hurst,,US,3.7,1,immigration,trustpilot,https://www.trustpilot.com/review/varimmigrationlaw.com
,,Kremenchuker Law Group,,leo@99legal.com,(239) 995-3425,https://99legal.com,99legal.com,Fort Myers,,US,4.2,6,immigration,trustpilot,https://www.trustpilot.com/review/99legal.com
,,Global Expat Support,,,,https://globalexpatsupport.com,globalexpatsupport.com,,,US,4.3,8,immigration,trustpilot,https://www.trustpilot.com/review/globalexpatsupport.com
Reiss,Edwards,Reiss Edwards,,,,https://immigrationlawyers-london.com,immigrationlawyers-london.com,,,,4,24,immigration,trustpilot,https://www.trustpilot.com/review/immigrationlawyers-london.com
,,Adriacom,,,,http://adriacom.me,adriacom.me,,,,4,4,immigration,trustpilot,https://www.trustpilot.com/review/adriacom.me
,,Cklawfirm,,,,http://cklawfirm.org,cklawfirm.org,,,US,4,3,immigration,trustpilot,https://www.trustpilot.com/review/cklawfirm.org
Adam,Bernard,Adam Bernard Attorneys,,info@adambernards.com,(346) 355-6111,http://adambernards.com,adambernards.com,Houston,,US,4,3,immigration,trustpilot,https://www.trustpilot.com/review/adambernards.com
,,Citizenshipselfie,,,,http://citizenshipselfie.com,citizenshipselfie.com,,,US,4,3,immigration,trustpilot,https://www.trustpilot.com/review/citizenshipselfie.com
,,Greeneufuture,,,,https://greeneufuture.com,greeneufuture.com,,,,3.9,3,immigration,trustpilot,https://www.trustpilot.com/review/greeneufuture.com
,,Selamtaimmigration,,,,http://selamtaimmigration.com,selamtaimmigration.com,,,US,3.8,2,immigration,trustpilot,https://www.trustpilot.com/review/selamtaimmigration.com
,,EB1AVisa.com,,hello@eb1avisa.com,(224) 354-1827,https://eb1avisa.com,eb1avisa.com,Chicago,,US,3.8,2,immigration,trustpilot,https://www.trustpilot.com/review/eb1avisa.com
,,Wellingsandwilliams,,,,http://www.wellingsandwilliams.com,wellingsandwilliams.com,,,,3.8,2,immigration,trustpilot,https://www.trustpilot.com/review/www.wellingsandwilliams.com
,,Allied Legal PC ,,support@alliedlegal.us,(510) 600-3083,http://www.alliedlegal.us,alliedlegal.us,Milpitas,,US,3.8,2,immigration,trustpilot,https://www.trustpilot.com/review/www.alliedlegal.us
,,Direct U.S. Immigration,,inquiry@directusimmigration.com,(888) 853-4833,http://directusimmigration.com,directusimmigration.com,Arlington,,US,3.8,2,immigration,trustpilot,https://www.trustpilot.com/review/directusimmigration.com
,,Hudson Legal,,,,http://www.hudsonpc.com,hudsonpc.com,Chicago,,US,3.8,2,immigration,trustpilot,https://www.trustpilot.com/review/www.hudsonpc.com
,,Metroimmigration,,,,https://www.metroimmigration.com,metroimmigration.com,,,,3.8,2,immigration,trustpilot,https://www.trustpilot.com/review/www.metroimmigration.com
,,Cdrreportaustralia,,,,http://cdrreportaustralia.com,cdrreportaustralia.com,,,US,3.7,1,immigration,trustpilot,https://www.trustpilot.com/review/cdrreportaustralia.com
,,Immigrationlawyerfl,,,,http://www.immigrationlawyerfl.com,immigrationlawyerfl.com,,,,3.7,1,immigration,trustpilot,https://www.trustpilot.com/review/www.immigrationlawyerfl.com
,,Visaimmigrationadvice,,,,http://visaimmigrationadvice.com,visaimmigrationadvice.com,,,US,3.7,1,immigration,trustpilot,https://www.trustpilot.com/review/visaimmigrationadvice.com
,,Pkbimmigrationlaw,,,,http://www.pkbimmigrationlaw.com,pkbimmigrationlaw.com,,,,3.7,1,immigration,trustpilot,https://www.trustpilot.com/review/www.pkbimmigrationlaw.com
,,Visaflex,,omar@visaflex.law,(347) 837-1398,https://visaflex.law,visaflex.law,,,US,3.7,1,immigration,trustpilot,https://www.trustpilot.com/review/visaflex.law
,,Integrity Legal,,,,http://integrity-legal.com,integrity-legal.com,,,US,3.7,1,immigration,trustpilot,https://www.trustpilot.com/review/integrity-legal.com
,,Sakhialawgroup,,,,http://sakhialawgroup.com,sakhialawgroup.com,,,,3.7,1,immigration,trustpilot,https://www.trustpilot.com/review/sakhialawgroup.com
,,Costaricaimmigration,,,,http://www.costaricaimmigration.com,costaricaimmigration.com,,,,3.7,1,immigration,trustpilot,https://www.trustpilot.com/review/www.costaricaimmigration.com
,,Barbainegol Law Firm LLC,,assistant@barbainegol-law.com,(210) 737-4488,http://barbainegol-law.com,barbainegol-law.com,San Antonio,,US,3.7,1,immigration,trustpilot,https://www.trustpilot.com/review/barbainegol-law.com
,,Global Expat Offshore,,info@newborder.net,,http://newborder.net,newborder.net,Wilmington,,US,3.7,1,immigration,trustpilot,https://www.trustpilot.com/review/newborder.net
,,Azhar Law Firm,,,,http://azharlawfirm.com,azharlawfirm.com,,,,3.7,1,immigration,trustpilot,https://www.trustpilot.com/review/azharlawfirm.com
,,Solutionsinlaw,,,,http://www.solutionsinlaw.co.uk,solutionsinlaw.co.uk,,,,3.7,1,immigration,trustpilot,https://www.trustpilot.com/review/www.solutionsinlaw.co.uk
,,Garthcoates,,,,http://garthcoates.com,garthcoates.com,,,US,3.7,1,immigration,trustpilot,https://www.trustpilot.com/review/garthcoates.com
,,hackinglawpractice.com,,,,http://hackinglawpractice.com,hackinglawpractice.com,,,,3.4,2,immigration,trustpilot,https://www.trustpilot.com/review/hackinglawpractice.com
,,trademarketview.tech,,,,http://trademarketview.tech,trademarketview.tech,,,,3.2,2,immigration,trustpilot,https://www.trustpilot.com/review/trademarketview.tech
,,Iafl,,,,http://www.iafl.com,iafl.com,,,,3.2,1,immigration,trustpilot,https://www.trustpilot.com/review/www.iafl.com
,,Antonyanmiranda,,,,http://www.antonyanmiranda.com,antonyanmiranda.com,,,US,3.2,1,immigration,trustpilot,https://www.trustpilot.com/review/www.antonyanmiranda.com
,,Redpassports,,,,http://www.redpassports.eu,redpassports.eu,,,US,3.2,1,immigration,trustpilot,https://www.trustpilot.com/review/www.redpassports.eu
,,myimmigrationattorney.com,,,,http://myimmigrationattorney.com,myimmigrationattorney.com,,,,3.2,1,immigration,trustpilot,https://www.trustpilot.com/review/myimmigrationattorney.com
,,moonbeever.com,,,,http://www.moonbeever.com,moonbeever.com,,,,3.2,1,immigration,trustpilot,https://www.trustpilot.com/review/www.moonbeever.com
,,Lorenalaterra,,,,http://www.lorenalaterra.com,lorenalaterra.com,,,US,3.2,1,immigration,trustpilot,https://www.trustpilot.com/review/www.lorenalaterra.com
,,eb3.work,,jobs@eb3.work,(866) 337-1403,https://eb3.work/,eb3.work,New York,,US,3.2,1,immigration,trustpilot,https://www.trustpilot.com/review/eb3.work
,,Abogadoextranjeriamadrid,,,,http://www.abogadoextranjeriamadrid.org,abogadoextranjeriamadrid.org,,,,3.2,1,immigration,trustpilot,https://www.trustpilot.com/review/www.abogadoextranjeriamadrid.org
,,"Colombo & Hurd, PL",,,,http://www.colombohurdlaw.com,colombohurdlaw.com,,,US,3.2,1,immigration,trustpilot,https://www.trustpilot.com/review/www.colombohurdlaw.com
,,The Law Firm of Shihab & Associates,,,,http://www.shihabimmigrationfirm.com,shihabimmigrationfirm.com,,,,3.2,1,immigration,trustpilot,https://www.trustpilot.com/review/www.shihabimmigrationfirm.com
MT,UK,MT UK Solicitors,,info@mtuk.law,0203 319 3643,http://mtuk.law,mtuk.law,London,,UK,3.2,1,immigration,trustpilot,https://www.trustpilot.com/review/mtuk.law
,,Usmanbahmad,,,,http://www.usmanbahmad.com,usmanbahmad.com,,,US,3.2,1,immigration,trustpilot,https://www.trustpilot.com/review/www.usmanbahmad.com
,,Trust Group - Гражданство ЕС,,,,http://trust-group.pro,trust-group.pro,,,US,2.9,2,immigration,trustpilot,https://www.trustpilot.com/review/trust-group.pro
,,Defensora,,,,http://defensora.com,defensora.com,,,,2.9,2,immigration,trustpilot,https://www.trustpilot.com/review/defensora.com
,,Laligadefensora,,,,http://laligadefensora.com,laligadefensora.com,,,,2.9,2,immigration,trustpilot,https://www.trustpilot.com/review/laligadefensora.com
,,Dadlegal,,,,https://dadlegal.com,dadlegal.com,,,US,2.9,2,immigration,trustpilot,https://www.trustpilot.com/review/dadlegal.com
Carl,Shusterman,Law Office of Carl Shusterman,,carl@shusterman.com,(213) 623-4592,http://shusterman.com,shusterman.com,Torrance,,US,2.9,2,immigration,trustpilot,https://www.trustpilot.com/review/shusterman.com
,,COE,,,,http://www.echr.coe.int,echr.coe.int,,,,2.8,3,immigration,trustpilot,https://www.trustpilot.com/review/www.echr.coe.int
,,Simplyimmigrate,,,,https://simplyimmigrate.com,simplyimmigrate.com,,,,2.8,3,immigration,trustpilot,https://www.trustpilot.com/review/simplyimmigrate.com
,,govassistlegal.com,,support@govassistlegal.com,(888) 851-3850,https://govassistlegal.com,govassistlegal.com,Logan,,US,2.7,13,immigration,trustpilot,https://www.trustpilot.com/review/govassistlegal.com
,,clarionsolicitors.com,,,,http://clarionsolicitors.com,clarionsolicitors.com,,,,2.7,4,immigration,trustpilot,https://www.trustpilot.com/review/clarionsolicitors.com
,,Taj Solicitors,,,,https://tajsolicitors.com,tajsolicitors.com,,,,2.6,8,immigration,trustpilot,https://www.trustpilot.com/review/tajsolicitors.com
Million,Makers,Million Makers,,support@millionmakers.com,(929) 999-2153,https://www.millionmakers.com,millionmakers.com,,,US,2.6,7,immigration,trustpilot,https://www.trustpilot.com/review/millionmakers.com
,,tghabogados.com,,,,http://www.tghabogados.com,tghabogados.com,,,,2.6,6,immigration,trustpilot,https://www.trustpilot.com/review/www.tghabogados.com
,,White & Case,,,,https://whitecase.com,whitecase.com,,,,2.6,4,immigration,trustpilot,https://www.trustpilot.com/review/whitecase.com
,,panama-immigration.net,,,,http://www.panama-immigration.net,panama-immigration.net,,,,2.5,5,immigration,trustpilot,https://www.trustpilot.com/review/www.panama-immigration.net
,,BALCELLS Group,,,,https://balcellsgroup.com,balcellsgroup.com,,,,2.4,35,immigration,trustpilot,https://www.trustpilot.com/review/balcellsgroup.com
,,Abroad Pathway Immigration Consultant,,,,https://www.abroadpathway.com,abroadpathway.com,,,,2.4,10,immigration,trustpilot,https://www.trustpilot.com/review/www.abroadpathway.com
,,FileRight.com,,,,https://www.fileright.com,fileright.com,Henderson,,US,2.3,9,immigration,trustpilot,https://www.trustpilot.com/review/www.fileright.com
,,Immigrationservicesgroup,,support@immigrationservicesgroup.org,(888) 203-6188,https://immigrationservicesgroup.org,immigrationservicesgroup.org,Garden City,,US,2.1,11,immigration,trustpilot,https://www.trustpilot.com/review/immigrationservicesgroup.org
,,I Immigrate,,,,https://i-immigrate.org,i-immigrate.org,,,,2,24,immigration,trustpilot,https://www.trustpilot.com/review/i-immigrate.org
,,Red Passport,,,,https://red-passport.com,red-passport.com,,,,1.6,37,immigration,trustpilot,https://www.trustpilot.com/review/red-passport.com
Florida,Center,"Florida Immigration Law Center, P.A.",,info@flimmigrationlaw.com,(941) 467-1696,http://flimmigrationlaw.com,flimmigrationlaw.com,Port Charlotte,,US,,,immigration,trustpilot,https://www.trustpilot.com/review/flimmigrationlaw.com
,,Gitex Inc.,,chief@gitex.us,(845) 521-7888,https://www.gitex.us,gitex.us,Sheridan,,US,,,immigration,trustpilot,https://www.trustpilot.com/review/gitex.us
,,Scarborough Law,,,,http://scarboroughlaw.com,scarboroughlaw.com,,,US,,,immigration,trustpilot,https://www.trustpilot.com/review/scarboroughlaw.com
Jennifer,Alonso,Law Office of Jennifer Alonso,,info@lojalaw.com,(410) 290-0888,http://lawofficejma.com/en,lawofficejma.com,Ellicott City,,US,,,immigration,trustpilot,https://www.trustpilot.com/review/lawofficejma.com/en
,,Vasiliou Law,,kally@svlawpartners.com,(347) 967-6141,https://www.svlawpartners.com,svlawpartners.com,Astoria,,US,,,immigration,trustpilot,https://www.trustpilot.com/review/svlawpartners.com
,,Cyberfraudassistance,,,,https://cyberfraudassistance.com,cyberfraudassistance.com,,,US,,,immigration,trustpilot,https://www.trustpilot.com/review/cyberfraudassistance.com
,,Salam & Co,,,,https://salamimmigration.co.uk,salamimmigration.co.uk,Manchester,,UK,,,immigration,trustpilot,https://www.trustpilot.com/review/salamimmigration.co.uk
,,ImmigraTrust Law - دفتر حقوقی مهاجرت آمریکا,,info@ImmigraTrust.com,(949) 424-2045,http://immigratrust.com,immigratrust.com,Irvine,,US,,,immigration,trustpilot,https://www.trustpilot.com/review/immigratrust.com
,,Ashtonrosslaw,,,,http://www.ashtonrosslaw.com,ashtonrosslaw.com,,,US,,,immigration,trustpilot,https://www.trustpilot.com/review/www.ashtonrosslaw.com
,,Garcia-French Law ,,mercedes@garciafrenchlaw.com,(213) 414-8039,http://garciafrenchlaw.com,garciafrenchlaw.com,Miami,,US,,,immigration,trustpilot,https://www.trustpilot.com/review/garciafrenchlaw.com
,,Canadianimmigrationservices,,,,http://canadianimmigrationservices.org,canadianimmigrationservices.org,,,,,,immigration,trustpilot,https://www.trustpilot.com/review/canadianimmigrationservices.org
,,atimmigrationlaw.com,,,,http://atimmigrationlaw.com,atimmigrationlaw.com,,,,,,immigration,trustpilot,https://www.trustpilot.com/review/atimmigrationlaw.com
,,Holmes & Ramos Immigration Attorneys,,,,http://www.kvisas.com,kvisas.com,,,US,,,immigration,trustpilot,https://www.trustpilot.com/review/www.kvisas.com
,,lawfirm4immigrants.com,,,,http://lawfirm4immigrants.com,lawfirm4immigrants.com,,,US,,,immigration,trustpilot,https://www.trustpilot.com/review/lawfirm4immigrants.com
,,getkeel.com,,,,http://getkeel.com,getkeel.com,,,US,,,immigration,trustpilot,https://www.trustpilot.com/review/getkeel.com
Hitch,Defense,Hitch Defense Attorneys,,info@hitchdefense.com,(502) 628-4270,http://hitchdefense.com,hitchdefense.com,Louisville,,US,,,immigration,trustpilot,https://www.trustpilot.com/review/hitchdefense.com
Wilson,Nesbitt,Wilson Nesbitt Solicitors,,,,http://www.wilson-nesbitt.com,wilson-nesbitt.com,,,,,,immigration,trustpilot,https://www.trustpilot.com/review/www.wilson-nesbitt.com
,,Keystonelaw,,,,http://www.keystonelaw.com,keystonelaw.com,,,US,,,immigration,trustpilot,https://www.trustpilot.com/review/www.keystonelaw.com
,,Kingsleykingsley,,,,http://kingsleykingsley.com,kingsleykingsley.com,,,US,,,immigration,trustpilot,https://www.trustpilot.com/review/kingsleykingsley.com
,,Visa2us,,,,http://visa2us.com,visa2us.com,,,US,,,immigration,trustpilot,https://www.trustpilot.com/review/visa2us.com
Asl,Lawfirm,Asl Lawfirm,,,,http://asl-lawfirm.com,asl-lawfirm.com,,,US,,,immigration,trustpilot,https://www.trustpilot.com/review/asl-lawfirm.com
,,Luqman Law,,info@luqmanlaw.com,(301) 900-8680,http://luqmanlaw.com,luqmanlaw.com,Frederick,,US,,,immigration,trustpilot,https://www.trustpilot.com/review/luqmanlaw.com
,,Lightmanimmigration,,,,http://www.lightmanimmigration.com,lightmanimmigration.com,,,US,,,immigration,trustpilot,https://www.trustpilot.com/review/www.lightmanimmigration.com
,,Chodorow Law Offices,,,,http://lawandborder.com,lawandborder.com,,,US,,,immigration,trustpilot,https://www.trustpilot.com/review/lawandborder.com
,,"M.C. Law Group, LLC",,,,http://uslegalvisa.com,uslegalvisa.com,,,US,,,immigration,trustpilot,https://www.trustpilot.com/review/uslegalvisa.com
,,Novo Legal Group,,info@novo-legal.com,(303) 335-0250,http://novo-legal.com,novo-legal.com,Denver,,US,,,immigration,trustpilot,https://www.trustpilot.com/review/novo-legal.com
,,Kinzer & Musikar,,michael@kinzerlaw.com,(631) 321-4444,https://www.kinzerlaw.com,kinzerlaw.com,Deer Park,,US,,,immigration,trustpilot,https://www.trustpilot.com/review/kinzerlaw.com
,,Open Law Group,,,,http://openlawgroup.com,openlawgroup.com,,,US,,,immigration,trustpilot,https://www.trustpilot.com/review/openlawgroup.com
,,Emfirm,,,,https://emfirm.com,emfirm.com,Portland,,US,,,immigration,trustpilot,https://www.trustpilot.com/review/emfirm.com
,,Malescu Law | Business & Immigration ,,info@malesculaw.com,(786) 410-6841,http://malesculaw.com,malesculaw.com,Miami,,US,,,immigration,trustpilot,https://www.trustpilot.com/review/malesculaw.com
,,Luxa law,,info@luxalaw.com,(929) 277-1465,http://luxalaw.com,luxalaw.com,New York,,US,,,immigration,trustpilot,https://www.trustpilot.com/review/luxalaw.com
,,Filamlawfirm,,info@filamlawfirm.com,(941) 263-8130,http://filamlawfirm.com,filamlawfirm.com,Port Charlotte,,US,,,immigration,trustpilot,https://www.trustpilot.com/review/filamlawfirm.com
,,Robinson Immigration Law,,contact@robinsonimmigration.com,,https://robinsonimmigration.com,robinsonimmigration.com,Nashville,,US,,,immigration,trustpilot,https://www.trustpilot.com/review/robinsonimmigration.com
,,Brownellisassociates,,Admin@BrownEllisAssociates.com ,(929) 220-1218,https://brownellisassociates.com,brownellisassociates.com,Brooklyn ,,US,,,immigration,trustpilot,https://www.trustpilot.com/review/brownellisassociates.com
,,Litwin & Associates,,,,http://www.litwinlaw.com,litwinlaw.com,,,,,,immigration,trustpilot,https://www.trustpilot.com/review/www.litwinlaw.com
,,Bright Immigration,,,,http://www.brightimmigration.com,brightimmigration.com,,,,,,immigration,trustpilot,https://www.trustpilot.com/review/www.brightimmigration.com
,,"Scott D. Pollock & Associates, P.C.",,,,http://lawfirm1.com,lawfirm1.com,,,US,,,immigration,trustpilot,https://www.trustpilot.com/review/lawfirm1.com
,,mayvisalaw.com,,,,http://www.mayvisalaw.com,mayvisalaw.com,,,,,,immigration,trustpilot,https://www.trustpilot.com/review/www.mayvisalaw.com
,,migrateto-canada.com,,,,http://migrateto-canada.com,migrateto-canada.com,,,US,,,immigration,trustpilot,https://www.trustpilot.com/review/migrateto-canada.com
Movapro,Translations,Movapro Translations,,,,http://movaprotranslations.com,movaprotranslations.com,,,US,,,immigration,trustpilot,https://www.trustpilot.com/review/movaprotranslations.com
,,Summitlawusa,,,,http://summitlawusa.com,summitlawusa.com,,,US,,,immigration,trustpilot,https://www.trustpilot.com/review/summitlawusa.com
,,Jarrett & Price,,,,http://jarrettfirm.com,jarrettfirm.com,Savannah,,US,,,immigration,trustpilot,https://www.trustpilot.com/review/jarrettfirm.com
,,Gunderson Immigration Law,,contact@gundersonlawgroup.com,(480) 750-7338,https://gundersonimmigrationlaw.com/,gundersonimmigrationlaw.com,Tempe,,US,,,immigration,trustpilot,https://www.trustpilot.com/review/gundersonimmigrationlaw.com
,,MWE,,,,http://mwe.com,mwe.com,,,US,,,immigration,trustpilot,https://www.trustpilot.com/review/mwe.com
,,Bridger Law Group,,info@BridgerLaw.com,(404) 482-3330,http://bridgerlaw.com,bridgerlaw.com,Peachtree Corners,,US,,,immigration,trustpilot,https://www.trustpilot.com/review/bridgerlaw.com
,,Hoppock Law Firm,,matthew@hoppocklawfirm.com,(913) 267-5511,http://hoppocklawfirm.com,hoppocklawfirm.com,Shawnee,,US,,,immigration,trustpilot,https://www.trustpilot.com/review/hoppocklawfirm.com
,,Grape Law Firm PLLC,,info@grapelaw.com,(212) 433-8383,http://grapelaw.com,grapelaw.com,"New York, NY",,US,,,immigration,trustpilot,https://www.trustpilot.com/review/grapelaw.com
David,Breston,The Law Office of David A. Breston,,,(713) 224-4040,http://houston-criminalattorney.com,houston-criminalattorney.com,Houston,,US,,,immigration,trustpilot,https://www.trustpilot.com/review/houston-criminalattorney.com
,,zakon.lviv.ua,,,,http://zakon.lviv.ua,zakon.lviv.ua,,,,,,immigration,trustpilot,https://www.trustpilot.com/review/zakon.lviv.ua
,,Roadtostatus,,,,http://roadtostatus.com,roadtostatus.com,,,US,,,immigration,trustpilot,https://www.trustpilot.com/review/roadtostatus.com
,,vortexlegal.com,,,,http://vortexlegal.com,vortexlegal.com,,,US,,,immigration,trustpilot,https://www.trustpilot.com/review/vortexlegal.com
,,Lawlogix,,,,http://lawlogix.com,lawlogix.com,,,US,,,immigration,trustpilot,https://www.trustpilot.com/review/lawlogix.com
,,Immigroup,,,,http://immigroup.com,immigroup.com,,,US,,,immigration,trustpilot,https://www.trustpilot.com/review/immigroup.com
,,immigrationlawyerslosangeles.com,,,,http://immigrationlawyerslosangeles.com,immigrationlawyerslosangeles.com,,,,,,immigration,trustpilot,https://www.trustpilot.com/review/immigrationlawyerslosangeles.com
,,loigica.com,,,,http://www.loigica.com,loigica.com,,,US,,,immigration,trustpilot,https://www.trustpilot.com/review/www.loigica.com
,,Law Offices of Shilpa Malik - SGM LAW GROUP,,,,http://www.immi-usa.com,immi-usa.com,,,,,,immigration,trustpilot,https://www.trustpilot.com/review/www.immi-usa.com
Atonya,McClain,"Law Offices of Atonya McClain, PLLC",,atonyamcclainlaw@gmail.com,(713) 568-6910,http://atonyamcclainlaw.com,atonyamcclainlaw.com,Katy,,US,,,immigration,trustpilot,https://www.trustpilot.com/review/atonyamcclainlaw.com
,,Maniatis Law PLLC,,matt@maniatislawoffice.com,(615) 366-1211,http://maniatislawoffice.com,maniatislawoffice.com,Nashville,,US,,,immigration,trustpilot,https://www.trustpilot.com/review/maniatislawoffice.com
,,Law Offices of Dizengoff and Yost,,,(267) 223-5862,http://hunteryostlaw.com,hunteryostlaw.com,Philadelphia,,US,,,immigration,trustpilot,https://www.trustpilot.com/review/hunteryostlaw.com
,,OnlineVisas,,information@velielaw.com,(405) 310-4333,https://onlinevisas.com,onlinevisas.com,Norman,,US,,,immigration,trustpilot,https://www.trustpilot.com/review/onlinevisas.com
,,Alston & Bird,,,,http://alston.com,alston.com,,,US,,,immigration,trustpilot,https://www.trustpilot.com/review/alston.com
,,Garfinkel Immigration Law,,,,http://garfinkel-law.com,garfinkel-law.com,Bethesda,,US,,,immigration,trustpilot,https://www.trustpilot.com/review/garfinkel-law.com
,,Zafar Khan Law LLC,,legal@zafklaw.com,(617) 329-1236,http://zafklaw.com,zafklaw.com,Waltham,,US,,,immigration,trustpilot,https://www.trustpilot.com/review/zafklaw.com
,,Tu Brujula Legal PC,,,,https://www.tubrujulalegal.net,tubrujulalegal.net,,,US,,,immigration,trustpilot,https://www.trustpilot.com/review/www.tubrujulalegal.net
,,Bordr,,support@bordr.com,,https://bordr.com,bordr.com,,,US,4.9,2175,immigration,trustpilot,https://www.trustpilot.com/review/bordr.com
,,Track My Visa Now,,support@trackmyvisanow.com,,https://trackmyvisanow.com,trackmyvisanow.com,,,US,4.9,535,immigration,trustpilot,https://www.trustpilot.com/review/trackmyvisanow.com
,,Visa And More,,services@thevisaandmore.com,(832) 413-3669,https://www.thevisaandmore.com,thevisaandmore.com,,,US,4.8,479,immigration,trustpilot,https://www.trustpilot.com/review/www.thevisaandmore.com
,,migrun.tech,,support@migrun.tech,,https://migrun.tech,migrun.tech,Wilmington,,US,4.8,438,immigration,trustpilot,https://www.trustpilot.com/review/migrun.tech
Remote,People,Remote People,,,,https://remotepeople.com,remotepeople.com,New York,,US,3.1,97,immigration,trustpilot,https://www.trustpilot.com/review/remotepeople.com
,,Novomove,,support@novomove.com,,https://novomove.com,novomove.com,,,US,4.9,149,immigration,trustpilot,https://www.trustpilot.com/review/novomove.com
Filipino,Visa,Filipino Visa,,,,https://filipinovisa.com,filipinovisa.com,,,,4.8,245,immigration,trustpilot,https://www.trustpilot.com/review/filipinovisa.com
,,IMIGRATA,,info@imigrata.com,+351913118453,https://imigrata.com,imigrata.com,Atlanta,,US,4.7,157,immigration,trustpilot,https://www.trustpilot.com/review/imigrata.com
,,iCoach Support Services LLC,,info@icoachsupportservices.com,(727) 423-8629,https://icoachsupportservices.com/,icoachsupportservices.com,Saint Petersburg,,US,4.7,32,immigration,trustpilot,https://www.trustpilot.com/review/icoachimmigration.com
,,"Tax Quality Value, LLC",,info@taxqualityvalue.com,(518) 360-1894,http://taxqualityvalue.com,taxqualityvalue.com,ALBANY,,US,4.7,31,immigration,trustpilot,https://www.trustpilot.com/review/taxqualityvalue.com
,,Stabroek Solutions,,info@stabroeksolutions.com,(592) 686-4207,https://stabroeksolutions.com,stabroeksolutions.com,Georgetown,,GY,4.7,31,immigration,trustpilot,https://www.trustpilot.com/review/stabroeksolutions.com
,,New York Business Advisory & Corporate Services Inc.,,service@nybacs.com,(917) 675-5278,https://nybacs.com,nybacs.com,New York,,US,4.7,24,immigration,trustpilot,https://www.trustpilot.com/review/nybacs.com
,,BDV Solutions,,hello@bdvsolutions.com,,https://www.bdvsolutions.com,bdvsolutions.com,Greenville,,US,4.5,61,immigration,trustpilot,https://www.trustpilot.com/review/www.bdvsolutions.com
,,Alvva,,apoyo@alvva.co,(650) 397-8890,https://alvva.co,alvva.co,Redwood City,,US,4.5,39,immigration,trustpilot,https://www.trustpilot.com/review/alvva.co
Bluevida,International,Bluevida International,,corp@bluevidaintl.com,(929) 673-6300,https://bluevidaintl.com,bluevidaintl.com,New York,,US,4.5,24,immigration,trustpilot,https://www.trustpilot.com/review/bluevidaintl.com
,,How to Be a Digital Nomad LLC,,contact@howtobeadigitalnomad.com,,https://howtobeadigitalnomad.com,howtobeadigitalnomad.com,Dover,,US,4.5,18,immigration,trustpilot,https://www.trustpilot.com/review/howtobeadigitalnomad.com
,,CSMPLT,,ivan.liashenko@csmplt.com,,https://csmplt.com,csmplt.com,Miami,,US,4.4,12,immigration,trustpilot,https://www.trustpilot.com/review/csmplt.com
,,Liveandstudy,,,,https://liveandstudy.eu,liveandstudy.eu,,,US,4.2,42,immigration,trustpilot,https://www.trustpilot.com/review/liveandstudy.eu
,,Mahreen Income  tax and Immigration,,info@mahreentax.com,(718) 600-9625,https://mahreentax.com,mahreentax.com,Jamaica ,,US,4.3,10,immigration,trustpilot,https://www.trustpilot.com/review/mahreentax.com
,,Global Pathway,,daniela@globalpathwayinc.com,(786) 510-1225,https://www.globalpathwayinc.com,globalpathwayinc.com,Miami,,US,3.7,1,immigration,trustpilot,https://www.trustpilot.com/review/www.globalpathwayinc.com
,,Yusbelito Notary Immigration & Tax Solutions LLC,,ynotimmigtaxsolllc@icloud.com,(737) 667-2630,https://www.yusbelitonotaryandmultiservices.com,yusbelitonotaryandmultiservices.com,Del Valle,,US,4.4,13,immigration,trustpilot,https://www.trustpilot.com/review/www.yusbelitonotaryandmultiservices.com
France,Accueil,France Accueil,,webmaster@FranceAccueil.com,,https://franceAccueil.com,franceaccueil.com,,,FR,3.7,1,immigration,trustpilot,https://www.trustpilot.com/review/franceaccueil.com
,,paraguaycheck.com,,hello@paraguaycheck.com,(830) 209-7888,https://paraguaycheck.com,paraguaycheck.com,Sheridan,,US,3.7,1,immigration,trustpilot,https://www.trustpilot.com/review/paraguaycheck.com
,,USCIS-Certified Translations,,hello@uscistranslations.com,(737) 250-0401,https://uscistranslations.com,uscistranslations.com,Houston,,US,4.4,47,immigration,trustpilot,https://www.trustpilot.com/review/uscistranslations.com
,,Swiftpassimmigration,,support@swiftpassimmigration.com,,https://swiftpassimmigration.com,swiftpassimmigration.com,Newark,,US,4.4,16,immigration,trustpilot,https://www.trustpilot.com/review/swiftpassimmigration.com
,,Canadabylaw,,,,http://canadabylaw.com,canadabylaw.com,,,,4.3,16,immigration,trustpilot,https://www.trustpilot.com/review/canadabylaw.com
,,Latinos Solutions Group LLC,,,,https://latinossolutionsgroup.com,latinossolutionsgroup.com,,,US,4.3,12,immigration,trustpilot,https://www.trustpilot.com/review/latinossolutionsgroup.com
,,Migrator,,af@migrator.me,,https://www.migrator.me,migrator.me,,,US,4.2,20,immigration,trustpilot,https://www.trustpilot.com/review/www.migrator.me
Citizen,Remote,Citizen Remote,,hello@citizenremote.com,,https://citizenremote.com,citizenremote.com,Middletown ,,US,4.2,15,immigration,trustpilot,https://www.trustpilot.com/review/citizenremote.com
,,Milbia Torres Services LLC,,info@contact.milbiatorresservices.com,(786) 464-5331,https://milbiatorresservices.com,milbiatorresservices.com,North Miami,,US,4.2,9,immigration,trustpilot,https://www.trustpilot.com/review/milbiatorresservices.com
,,Visa Path LLC,,info@visapathconsulting.com,(518) 742-8214,https://visapathconsulting.com,visapathconsulting.com,ALBANY,,US,4.2,7,immigration,trustpilot,https://www.trustpilot.com/review/visapath.co
,,Ikaigaiimmigration,,,,http://ikaigaiimmigration.com,ikaigaiimmigration.com,,,US,4.2,6,immigration,trustpilot,https://www.trustpilot.com/review/ikaigaiimmigration.com
,,Dearborn Immigration Services,,Info@Dearbornimmigration.com,(313) 290-0040,https://dearbornimmigration.com,dearbornimmigration.com,Dearborn,,US,4.2,6,immigration,trustpilot,https://www.trustpilot.com/review/dearbornimmigration.com
,,Citizenwide,,support@citizenwide.com,,https://citizenwide.com,citizenwide.com,,,US,4.2,6,immigration,trustpilot,https://www.trustpilot.com/review/citizenwide.com
,,Italian Citizenship Assistance,,,,https://italiancitizenshipassistance.com,italiancitizenshipassistance.com,,,US,4.1,16,immigration,trustpilot,https://www.trustpilot.com/review/italiancitizenshipassistance.com
,,Filipina Fiancée Visa Service,,support@filipinafianceevisa.com,(702) 426-4503,https://www.filipinafianceevisa.com,filipinafianceevisa.com,Las Vegas,,US,4,11,immigration,trustpilot,https://www.trustpilot.com/review/www.filipinafianceevisa.com
,,Jordan Immigration Services LLC,,Greencardrebel@jordanimmiservicesllc.com,(877) 350-9226,https://jordanimmiservicesllc.com,jordanimmiservicesllc.com,New York,,US,4,4,immigration,trustpilot,https://www.trustpilot.com/review/jordanimmiservicesllc.com
,,gcinfo.org,,,,http://gcinfo.org,gcinfo.org,,,US,4,4,immigration,trustpilot,https://www.trustpilot.com/review/gcinfo.org
,,Agoravisa,,hello@agoravisa.com,,https://agoravisa.com,agoravisa.com,,,US,4,4,immigration,trustpilot,https://www.trustpilot.com/review/agoravisa.com
,,Expatwise,,contact@expatwise.com,(307) 533-4888,https://expatwise.com,expatwise.com,Sheridan,,US,4,3,immigration,trustpilot,https://www.trustpilot.com/review/expatwise.com
BlackVault,Strategies,BlackVault Strategies,,contact@blackvaultstrategies.com,(929) 792-2083,https://blackvaultstrategies.com,blackvaultstrategies.com,New York,,US,4,3,immigration,trustpilot,https://www.trustpilot.com/review/blackvaultstrategies.com
,,Gloriousentreprise,,contact@gloriousentreprise.com,,https://gloriousentreprise.com,gloriousentreprise.com,rio rancho,,US,4,3,immigration,trustpilot,https://www.trustpilot.com/review/gloriousentreprise.com
,,Latino Services Network,,lsn@latinoservicesnetwork.com,(909) 543-1922,http://latinoservicesnetwork.com,latinoservicesnetwork.com,Rialto,,US,3.9,9,immigration,trustpilot,https://www.trustpilot.com/review/latinoservicesnetwork.com
,,Acvian LLC,,office@acvian.com,(754) 202-3681,https://acvian.com,acvian.com,St. Petersburg,,US,3.8,4,immigration,trustpilot,https://www.trustpilot.com/review/acvian.com
Beyond,Border,Beyond Border,,info@beyondborderglobal.com,,https://beyondborderglobal.com,beyondborderglobal.com,,,US,3.8,2,immigration,trustpilot,https://www.trustpilot.com/review/beyondborderglobal.com
,,Dileonegroup,,,,http://www.dileonegroup.com,dileonegroup.com,,,,3.8,2,immigration,trustpilot,https://www.trustpilot.com/review/www.dileonegroup.com
,,Gruposineva,,Contact@gruposineva.com,(416) 333-8727,https://gruposineva.com,gruposineva.com,Huston,,US,3.7,5,immigration,trustpilot,https://www.trustpilot.com/review/gruposineva.com
,,latitudeworld.com,,,,https://www.latitudeworld.com,latitudeworld.com,,,US,3.7,2,immigration,trustpilot,https://www.trustpilot.com/review/www.latitudeworld.com
,,"Malone Immigration Law, LLC",,info@maloneimmigration.com,(678) 637-3741,https://www.maloneimmigrationlaw.cliogrow.com/book//,maloneimmigrationlaw.cliogrow.com,Atlanta,,US,3.7,1,immigration,trustpilot,https://www.trustpilot.com/review/maloneimmigration.com
,,intergate-immigration.com,,,,http://www.intergate-immigration.com,intergate-immigration.com,,,,3.7,1,immigration,trustpilot,https://www.trustpilot.com/review/www.intergate-immigration.com
,,LessTaxation®,,legal@lesstaxation.com,,https://lesstaxation.com,lesstaxation.com,Albuquerque,,US,3.7,1,immigration,trustpilot,https://www.trustpilot.com/review/lesstaxation.com
,,MonteMove,,,,http://montemove.com,montemove.com,,,US,3.7,1,immigration,trustpilot,https://www.trustpilot.com/review/montemove.com
,,EB-3 Workforce Solutions,,support@eb3wfs.com,(305) 564-1311,http://eb3wfs.com,eb3wfs.com,Miami,,US,3.7,1,immigration,trustpilot,https://www.trustpilot.com/review/eb3wfs.com
,,findvisacounsellor.com,,,,http://findvisacounsellor.com,findvisacounsellor.com,,,US,3.7,1,immigration,trustpilot,https://www.trustpilot.com/review/findvisacounsellor.com
,,Novusimmigrationchennai,,,,http://novusimmigrationchennai.com,novusimmigrationchennai.com,,,,3.7,1,immigration,trustpilot,https://www.trustpilot.com/review/novusimmigrationchennai.com
,,Sunny’s Immigration Services,,amarilysma@sunnyims.com,(854) 236-8380,http://sunnysimmigration.com,sunnysimmigration.com,Summerville,,US,3.7,1,immigration,trustpilot,https://www.trustpilot.com/review/sunnysimmigration.com
,,Passport Visa Travel,,info@pvtmiami.com,(800) 935-0825,http://passportvisatravel.com,passportvisatravel.com,Miami,,US,3.7,1,immigration,trustpilot,https://www.trustpilot.com/review/passportvisatravel.com
,,Immignis,,info@immignis.us,(518) 595-8794,https://immignis.us,immignis.us,Albany,,US,3.7,1,immigration,trustpilot,https://www.trustpilot.com/review/immignis.us
,,relocateltd.com,,Info@relocateltd.com,(332) 232-7451,https://relocateltd.com,relocateltd.com,New York,,US,3.6,53,immigration,trustpilot,https://www.trustpilot.com/review/relocateltd.com
Dreem,Relocation,Dreem Relocation,,ask@idreem.com,,https://idreem.com,idreem.com,Wilmington,,US,3.6,16,immigration,trustpilot,https://www.trustpilot.com/review/idreem.com
,,Euvosglobal,,,,http://euvosglobal.site,euvosglobal.site,,,US,3.2,1,immigration,trustpilot,https://www.trustpilot.com/review/euvosglobal.site
,,Hijrahadvisors,,,,http://www.hijrahadvisors.com,hijrahadvisors.com,,,US,3.2,1,immigration,trustpilot,https://www.trustpilot.com/review/www.hijrahadvisors.com
Portuguese,Nationality,Portuguese Nationality,,,,http://portuguese-nationality.com,portuguese-nationality.com,,,,3.2,1,immigration,trustpilot,https://www.trustpilot.com/review/portuguese-nationality.com
,,Geteupassport,,,,http://www.geteupassport.com,geteupassport.com,,,,3.2,1,immigration,trustpilot,https://www.trustpilot.com/review/www.geteupassport.com
,,The Jerz Way,,Jerz@thejerzway.com,(510) 985-9990,https://thejerzway.com,thejerzway.com,Riverton,,US,3.2,1,immigration,trustpilot,https://www.trustpilot.com/review/thejerzway.com
,,etacanada-advice.com,,,,http://www.etacanada-advice.com,etacanada-advice.com,,,US,3.2,1,immigration,trustpilot,https://www.trustpilot.com/review/www.etacanada-advice.com
,,Canadaexpress,,,,http://canadaexpress.org,canadaexpress.org,,,,3,2,immigration,trustpilot,https://www.trustpilot.com/review/canadaexpress.org
,,en.etacanada-advice.com,,,,http://en.etacanada-advice.com,en.etacanada-advice.com,,,US,2.9,2,immigration,trustpilot,https://www.trustpilot.com/review/en.etacanada-advice.com
,,Monvisafrancais,,,,http://monvisafrancais.com,monvisafrancais.com,,,,2.9,2,immigration,trustpilot,https://www.trustpilot.com/review/monvisafrancais.com
,,Canadaims,,,,http://canadaims.info,canadaims.info,,,,2.8,3,immigration,trustpilot,https://www.trustpilot.com/review/canadaims.info
,,connectmigration.com,,,,https://www.connectmigration.com,connectmigration.com,,,US,2.6,4,immigration,trustpilot,https://www.trustpilot.com/review/www.connectmigration.com
,,"Fragomen, Del Rey, Bernsen & Loewy",,,,https://fragomen.com,fragomen.com,New York,,US,2.5,7,immigration,trustpilot,https://www.trustpilot.com/review/fragomen.com
cific,Migration,Pacific Migration,,,,https://www.pacificmigrates.com,pacificmigrates.com,,,,2.5,5,immigration,trustpilot,https://www.trustpilot.com/review/www.pacificmigrates.com
,,Betterplaceimmigration,,,,http://betterplaceimmigration.com,betterplaceimmigration.com,,,US,2.4,9,immigration,trustpilot,https://www.trustpilot.com/review/betterplaceimmigration.com
Immi,Net,Immi Net,,SUPPORT@IMMI-NET.COM,(888) 807-7665,https://immi-net.com,immi-net.com,Pensacola,,US,,,immigration,trustpilot,https://www.trustpilot.com/review/immi-net.com
AMERICAN,GC,AMERICAN GC,,PR@americangc.com,(888) 852-2601,https://americangc.com,americangc.com,"Europe, Asia, Australia, Africa and",,US,1.3,85,immigration,trustpilot,https://www.trustpilot.com/review/americangc.com
,,JAPARALEGAL LLC ,,,,http://www.japaralegal.com,japaralegal.com,,,US,,,immigration,trustpilot,https://www.trustpilot.com/review/japaralegal.com
Migration,Mentor,Migration Mentor,,,,http://migrationmentor.us,migrationmentor.us,,,US,,,immigration,trustpilot,https://www.trustpilot.com/review/migrationmentor.us
,,Smart USA Visa,,support@smartusavisa.com,(412) 634-6621,https://www.smartusavisa.com,smartusavisa.com,,,US,,,immigration,trustpilot,https://www.trustpilot.com/review/smartusavisa.com
,,Newyorkareaimmigrationservices,,info@newyorkimmigrationservices.com,(718) 973-9373,http://newyorkareaimmigrationservices.com,newyorkareaimmigrationservices.com,New York,,US,,,immigration,trustpilot,https://www.trustpilot.com/review/newyorkareaimmigrationservices.com
,,AG Law Firm,,admin@aglawnj.com,(908) 336-7550,http://aglawnj.com,aglawnj.com, New Brunswick,,US,,,immigration,trustpilot,https://www.trustpilot.com/review/aglawnj.com
Mercan,Capital,Mercan Capital,,,,http://mercan.com,mercan.com,,,US,,,immigration,trustpilot,https://www.trustpilot.com/review/mercan.com
,,EB3 Hire,,,,http://eb3hire.com,eb3hire.com,,,US,,,immigration,trustpilot,https://www.trustpilot.com/review/eb3hire.com
Swift,Immigrate,Swift Immigrate,,info@swiftimmigrate.com,,http://swiftimmigrate.com,swiftimmigrate.com,Wilmington,,US,,,immigration,trustpilot,https://www.trustpilot.com/review/swiftimmigrate.com
,,Shaun Immigration,,,(647) 450-1000,https://shaunimmigration.com,shaunimmigration.com,Mississauga,,CA,,,immigration,trustpilot,https://www.trustpilot.com/review/shaunimmigration.com
,,Mkorinthobrand,,,,http://mkorinthobrand.com,mkorinthobrand.com,,,US,,,immigration,trustpilot,https://www.trustpilot.com/review/mkorinthobrand.com
Immigration,Waiver,Immigration Waiver Law Firm,,Gil@immigrationwaiverlaw.com,(214) 308-6515,http://immigrationwaiverlaw.com,immigrationwaiverlaw.com,Richardson,,US,,,immigration,trustpilot,https://www.trustpilot.com/review/immigrationwaiverlaw.com
,,Horizon Pathways,,support@horizonpathways.us,(800) 795-7153,https://horizonpathways.us,horizonpathways.us,Lanham,,US,,,immigration,trustpilot,https://www.trustpilot.com/review/horizonpathways.us
of,America,Immigration Solutions of America LLC,,customers@isa2usa.com,(985) 365-1001,https://isa2usa.com,isa2usa.com,Mandeville,,US,,,immigration,trustpilot,https://www.trustpilot.com/review/isa2usa.com
Citizen,Anywhere,Citizen Anywhere,,mark@citizenanywhere.com,,http://citizenanywhere.com,citizenanywhere.com,Los Altos,,US,,,immigration,trustpilot,https://www.trustpilot.com/review/citizenanywhere.com
,,DNExpress,,,,https://www.doblenacionalidadexpress.com/,doblenacionalidadexpress.com,,,US,,,immigration,trustpilot,https://www.trustpilot.com/review/dnexpress.org
,,Step to Georgia,,,,https://steptogeorgia.ge/?utm_source=trustpilot,steptogeorgia.ge,,,US,,,immigration,trustpilot,https://www.trustpilot.com/review/steptogeorgia.ge
,,Mighty Solutions LLC,,,,http://mightysolutions.us,mightysolutions.us,,,US,,,immigration,trustpilot,https://www.trustpilot.com/review/mightysolutions.us
,,Ebteam,,contact@ebteams.com,(832) 278-6450,https://ebteams.com,ebteams.com,Houston,,US,,,immigration,trustpilot,https://www.trustpilot.com/review/ebteams.com
,,Forms,,,,http://forms.consulting,forms.consulting,,,US,,,immigration,trustpilot,https://www.trustpilot.com/review/forms.consulting
,,Opensphere,,,,http://opensphere.ai,opensphere.ai,San Francisco,,US,,,immigration,trustpilot,https://www.trustpilot.com/review/opensphere.ai
,,Interpreteuscistampa,,,,https://interpreteuscistampa.com,interpreteuscistampa.com,,,US,,,immigration,trustpilot,https://www.trustpilot.com/review/interpreteuscistampa.com
,,The Visa Wizard,,contact@thevisawiz.com,,https://thevisawiz.com,thevisawiz.com,,,US,,,immigration,trustpilot,https://www.trustpilot.com/review/thevisawiz.com
,,PolandPassport.com,,,,http://polandpassport.com,polandpassport.com,,,,,,immigration,trustpilot,https://www.trustpilot.com/review/polandpassport.com
,,Eb 5choice,,info@eb-5choice.com,(858) 205-3542,http://eb-5choice.com,eb-5choice.com,San Francisco,,US,,,immigration,trustpilot,https://www.trustpilot.com/review/eb-5choice.com
,,eVerbary,,support@everbary.com,(505) 916-8399,https://everbary.com,everbary.com,Albuquerque,,US,,,immigration,trustpilot,https://www.trustpilot.com/review/everbary.com
,,My Classified Ads,,,,http://myclassifiedads.net,myclassifiedads.net,,,US,,,immigration,trustpilot,https://www.trustpilot.com/review/myclassifiedads.net
,,VISALAN.COM,,filesmanager24@gmail.com,(216) 245-7968,https://visalan.com,visalan.com,,,US,,,immigration,trustpilot,https://www.trustpilot.com/review/visalan.com
,,True Blue Migration,,,,http://truebluemigration.com,truebluemigration.com,,,US,,,immigration,trustpilot,https://www.trustpilot.com/review/truebluemigration.com
,,butlerandbrewer.com,,,,http://butlerandbrewer.com,butlerandbrewer.com,,,US,,,immigration,trustpilot,https://www.trustpilot.com/review/butlerandbrewer.com
,,Veorina Advisors Spain Visa & Relocation Experts,,office@veorinaadvisors.com,(786) 822-6898,https://veorinaadvisors.com,veorinaadvisors.com,Miami,,US,,,immigration,trustpilot,https://www.trustpilot.com/review/veorinaadvisors.com
Bay,Area,Bay Area Immigration services,,info@bayareaimmigrationservices.com,(510) 770-8700,http://bayareaimmigrationservices.com,bayareaimmigrationservices.com,Fremont,,US,,,immigration,trustpilot,https://www.trustpilot.com/review/bayareaimmigrationservices.com
,,SERVIFRONTERA LLC,,admin@servifrontera.com,(346) 272-9901,http://servifrontera.com,servifrontera.com,Houston,,US,,,immigration,trustpilot,https://www.trustpilot.com/review/servifrontera.com
,,Italiandualcitizenship,,,,https://www.italiandualcitizenship.net,italiandualcitizenship.net,,,US,,,immigration,trustpilot,https://www.trustpilot.com/review/www.italiandualcitizenship.net
,,Breytenbachs Immigration Consultants,,info@bic-immigration.com,02074422160,https://bic-immigration.com,bic-immigration.com,London,,UK,5,1721,immigration,trustpilot,https://www.trustpilot.com/review/bic-immigration.com
,,Swift Immigration,,info@swiftimmigration.co.uk,0800 6191167,https://www.swiftimmigration.co.uk,swiftimmigration.co.uk,London,,UK,5,1162,immigration,trustpilot,https://www.trustpilot.com/review/www.swiftimmigration.co.uk
First,Migration,First Migration,,contact@firstmigration.com,+44 02031782048,https://www.firstmigration.com/,firstmigration.com,LONDON,,UK,5,1045,immigration,trustpilot,https://www.trustpilot.com/review/firstmigration.com
,,City Legal Solicitors,,enquires@citylegalsolicitors.co.uk,020 8175 4000,https://citylegalsolicitors.co.uk,citylegalsolicitors.co.uk,Harrow,,UK,5,993,immigration,trustpilot,https://www.trustpilot.com/review/citylegalsolicitors.co.uk
,,Woodcock Notary Public,,info@woodcocknotarypublic.com,0800 049 2471,https://woodcocknotarypublic.com,woodcocknotarypublic.com,London ,,UK,4.9,416,immigration,trustpilot,https://www.trustpilot.com/review/woodcocknotarypublic.com
,,Synergy Immigration Solutions Ltd,,info@synergy-immigration.com,0203 1505359,https://synergyimmigrationsolutions.com,synergyimmigrationsolutions.com,London,,UK,4.8,55,immigration,trustpilot,https://www.trustpilot.com/review/synergyimmigrationsolutions.com
,,Five Star International,,enquiries@fivestarinternational.co.uk,0141 339 7373,https://fivestarinternational.co.uk,fivestarinternational.co.uk,Glasgow,,UK,4.7,293,immigration,trustpilot,https://www.trustpilot.com/review/fivestarinternational.co.uk
,,X Law,,contact@xlaw.lawyer,03302369248,https://xlaw.lawyer,xlaw.lawyer,Manchester,,UK,4.7,34,immigration,trustpilot,https://www.trustpilot.com/review/xlaw.lawyer
,,HS LEGAL SOLICITORS,,info@hs-legal.co.uk,01206500181,https://hs-legal.co.uk,hs-legal.co.uk,Colchester,,UK,4.5,361,immigration,trustpilot,https://www.trustpilot.com/review/hs-legal.co.uk
,,BPA Immigration Lawyers & Family Law,,clientservices@bpaimmigrationlawyers.com; clientrelations@bpafamilylaw.com,0333 344 7471;   (207) 804-5640,https://bpaimmigrationlawyers.com,bpaimmigrationlawyers.com,Bristol,,UK,4.2,28,immigration,trustpilot,https://www.trustpilot.com/review/bpaimmigrationlawyers.com
,,ukgic.com,,support@ukgic.com,+44 1865519431,https://ukgic.com,ukgic.com,Littlemore,,UK,3.7,91,immigration,trustpilot,https://www.trustpilot.com/review/ukgic.com
,,DavidsonMorris,,info@davidsonmorris.com,020 7494 0118,https://www.davidsonmorris.com,davidsonmorris.com,London,,UK,5,802,immigration,trustpilot,https://www.trustpilot.com/review/davidsonmorris.com
,,Visalogic,, enquiries@visalogic.net,+44 01628775780,https://www.visalogic.net,visalogic.net,Windsor,,UK,5,253,immigration,trustpilot,https://www.trustpilot.com/review/www.visalogic.net
UK,Migration,UK Migration Lawyers,,info@ukmigrationlawyers.co.uk,0121 777 7715,https://www.ukmigrationlawyers.com,ukmigrationlawyers.com,Birmingham,,UK,4.9,1285,immigration,trustpilot,https://www.trustpilot.com/review/ukmigrationlawyers.com
Law,Lane,Law Lane Solicitors Limited,,info@lawlanesolicitors.com,0207 870 4870,https://lawlanesolicitors.co.uk,lawlanesolicitors.co.uk,London,,UK,4.9,1253,immigration,trustpilot,https://www.trustpilot.com/review/lawlanesolicitors.co.uk
,,Ashwood Solicitors Limited,,Info@ashwoodsolicitors.co.uk,0161 248 4444,https://ashwoodsolicitors.co.uk,ashwoodsolicitors.co.uk,Manchester,,UK,4.9,509,immigration,trustpilot,https://www.trustpilot.com/review/ashwoodsolicitors.co.uk
,,Greymore,,cemal.turk@greymore.com,02088081285,https://www.greymore.com/,greymore.com,London,,UK,4.9,420,immigration,trustpilot,https://www.trustpilot.com/review/thelondonsolicitors.co.uk
,,Truth Legal,,enquiries@truthlegal.com,0330 314 1300,https://truthlegal.com,truthlegal.com,Harrogate,,UK,4.9,416,immigration,trustpilot,https://www.trustpilot.com/review/truthlegal.com
,,Unique Visa Services,,raj@uvsuk.com,01619562003,https://uvsuk.co.uk,uvsuk.co.uk,Manchester,,UK,4.9,312,immigration,trustpilot,https://www.trustpilot.com/review/uvsuk.com
,,Axis Solicitors Limited,,contact@axis.lawyer,0808 164 6778,https://www.axis.lawyer,axis.lawyer,Manchester,,UK,4.9,307,immigration,trustpilot,https://www.trustpilot.com/review/axis.lawyer
,,Kulachi Solicitors,,info@kulachisolicitors.co.uk,02033930930,https://kulachisolicitors.co.uk,kulachisolicitors.co.uk,Croydon,,UK,4.8,45,immigration,trustpilot,https://www.trustpilot.com/review/kulachisolicitors.co.uk
,,JMW,,trustpilot@jmw.co.uk,0345 872 6666,https://www.jmw.co.uk,jmw.co.uk,Manchester,,UK,4.8,1772,immigration,trustpilot,https://www.trustpilot.com/review/www.jmw.co.uk
,,Knights Professional Services,,enquiries@knightsplc.com,0344 371 2562,https://www.knightsplc.com,knightsplc.com,Newcastle-Under-Lyme,,UK,4.7,895,immigration,trustpilot,https://www.trustpilot.com/review/www.knightsplc.com
Migration,USA,Migration USA Ltd.,,info@migration-usa.com,07990 573343 | 001 (949) 881-6993,https://migration-usa.com,migration-usa.com,Crowborough,,UK,3.5,5,immigration,trustpilot,https://www.trustpilot.com/review/migration-usa.com
,,Hawflein Immigration,,chris@hawflein.com,020 3488 0702,https://www.hawflein.com,hawflein.com,London,,UK,4.9,154,immigration,trustpilot,https://www.trustpilot.com/review/hawflein.com
,,Constantine Law,,mail@constantinelaw.co.uk,02036968230,https://www.constantinelaw.co.uk,constantinelaw.co.uk,London,,UK,4,3,immigration,trustpilot,https://www.trustpilot.com/review/www.constantinelaw.co.uk
,,L-X Consulting Immigration Limited,,info@l-xconsulting.co.uk,07703685088,https://l-xconsulting.co.uk,l-xconsulting.co.uk,Aberdeen,,UK,4,3,immigration,trustpilot,https://www.trustpilot.com/review/l-xconsulting.co.uk
,,HPA Solicitors,,info@hpasolicitors.com,01254274786,https://hpasolicitors.com,hpasolicitors.com,Blackburn ,,UK,4.7,24,immigration,trustpilot,https://www.trustpilot.com/review/hpasolicitors.com
,,LF Law,,info@lflaw.co.uk,02030046607,https://lflaw.co.uk,lflaw.co.uk,London,,UK,3.8,2,immigration,trustpilot,https://www.trustpilot.com/review/lflaw.co.uk
,,Apex Law Solicitors,,,,https://apexlawsolicitors.co.uk,apexlawsolicitors.co.uk,,,UK,,,immigration,trustpilot,https://www.trustpilot.com/review/apexlawsolicitors.co.uk
,,"RPK Immigration, Nationality & Visa Solicitors",,legal@rpksolicitors.com,02039319820,https://rpksolicitors.com/,rpksolicitors.com,London,,UK,4,3,immigration,trustpilot,https://www.trustpilot.com/review/rpksolicitors.com
,,Romaniinukadvisors,,info@romaniinukadvisors.co.uk,07939409935,https://romaniinukadvisors.co.uk,romaniinukadvisors.co.uk,LONDON,,UK,4,3,immigration,trustpilot,https://www.trustpilot.com/review/romaniinukadvisors.co.uk
,,Legendconsults,,hello@legendconsults.com,0330 236 9330,https://legendconsults.com,legendconsults.com,Milton Keynes,,UK,3.7,1,immigration,trustpilot,https://www.trustpilot.com/review/legendconsults.com
,,GIVS Law,,,,https://givslaw.com,givslaw.com,,,UK,4.7,26,immigration,trustpilot,https://www.trustpilot.com/review/givslaw.com
,,Stonemont Law,,info@stonemontlaw.com,+44 7777277505,https://stonemontlaw.com,stonemontlaw.com,London,,UK,4,4,immigration,trustpilot,https://www.trustpilot.com/review/stonemontlaw.com
,,Edgewater Legal,,enq@edgewaterlegal.com,0208 068 6968,https://edgewaterlegal.com,edgewaterlegal.com,London,,UK,4.9,280,immigration,trustpilot,https://www.trustpilot.com/review/edgewaterlegal.com
,,SAJ Legal Solicitors,,info@saj.legal,+44 2071124946,https://saj.legal,saj.legal,London,,UK,4.9,242,immigration,trustpilot,https://www.trustpilot.com/review/saj.legal
,,"ZR Visas, UK",,info@zrvisas.com,01782 977899,https://zrvisas.com,zrvisas.com,Stoke-on-Trent,,UK,4.9,227,immigration,trustpilot,https://www.trustpilot.com/review/zrvisas.com
,,Batleylaw,,waseem@batleylaw.co.uk,01924 664511,https://batleylaw.co.uk,batleylaw.co.uk,Batley,,UK,4.9,218,immigration,trustpilot,https://www.trustpilot.com/review/batleylaw.co.uk
,,WH Solicitors,,contact@whsolicitors.co.uk,01483 608 786,https://www.whsolicitors.co.uk,whsolicitors.co.uk,Woking,,UK,4.9,208,immigration,trustpilot,https://www.trustpilot.com/review/www.whsolicitors.co.uk
,,Kings Court Law,,office@kingscourtlaw.com,+44 02080883088,https://kingscourtlaw.com,kingscourtlaw.com,Northampton,,UK,4.9,205,immigration,trustpilot,https://www.trustpilot.com/review/kingscourtlaw.com
,,Richmond Chambers Immigration Barristers,,info@richmondchambers.com,0203 617 9173,https://www.immigrationbarrister.co.uk,immigrationbarrister.co.uk,London,,UK,4.9,200,immigration,trustpilot,https://www.trustpilot.com/review/www.immigrationbarrister.co.uk
,,MGBe Legal,,contact@mgbelegal.com,02030538634,https://mgbelegal.com,mgbelegal.com,London,,UK,4.9,173,immigration,trustpilot,https://www.trustpilot.com/review/mgbelegal.com
Bank,View,Bank View Solicitors,,info@bankviewsolicitors.co.uk,01254660000,https://www.bankviewsolicitors.co.uk,bankviewsolicitors.co.uk,Blackburn,,UK,4.9,156,immigration,trustpilot,https://www.trustpilot.com/review/www.bankviewsolicitors.co.uk
,,Migrate.org.uk,,,,https://www.migrate.org.uk,migrate.org.uk,,,UK,4.9,153,immigration,trustpilot,https://www.trustpilot.com/review/migrate.org.uk
,,Seraphus,,info@seraphus.co.uk,0208 811 1532,https://www.seraphus.co.uk,seraphus.co.uk,London,,UK,4.9,146,immigration,trustpilot,https://www.trustpilot.com/review/seraphus.co.uk
,,Amicus Solicitors,,enquiries@amicussolicitors.co.uk,01614344448,https://amicussolicitors.co.uk,amicussolicitors.co.uk,Manchester,,UK,4.9,134,immigration,trustpilot,https://www.trustpilot.com/review/amicussolicitors.co.uk
Whytecroft,Ford,Whytecroft Ford,,info@whytecroftford.com,020 8757 5751,https://www.whytecroftford.com,whytecroftford.com,"Longford, Heathrow",,UK,4.9,113,immigration,trustpilot,https://www.trustpilot.com/review/whytecroftford.com
,,Expert Immigration Advice UK | Melanie Wong,,enquiries@immigrationadvicelondon.co.uk,02033026864,https://immigrationadvicelondon.co.uk,immigrationadvicelondon.co.uk,LONDON,,UK,4.9,105,immigration,trustpilot,https://www.trustpilot.com/review/immigrationadvicelondon.co.uk
Visa,Inn,Visa Inn,,allan.immigration@gmail.com,07979987124,https://visainn.co.uk,visainn.co.uk,Berkhamsted,,UK,4.9,103,immigration,trustpilot,https://www.trustpilot.com/review/visainn.co.uk
,,Visas 24/7 - UK Immigration Lawyers ,,info@visas247.com,02034056381,https://visas247.com,visas247.com,London,,UK,4.9,98,immigration,trustpilot,https://www.trustpilot.com/review/visas247.com
,,Kassolicitors,,info@kassolicitors.uk,07869806506,https://kassolicitors.uk,kassolicitors.uk,Glasgow,,UK,4.9,90,immigration,trustpilot,https://www.trustpilot.com/review/kassolicitors.uk
Thorpe,Wilson,Thorpe Wilson Solicitors,,info@thorpewilson.co.uk,01706 522542,https://www.thorpewilson.co.uk,thorpewilson.co.uk,Manchester,,UK,4.9,89,immigration,trustpilot,https://www.trustpilot.com/review/thorpewilson.co.uk
,,1st 4Immigration Ltd,,info@1st4immigration.com,07795471483,https://www.1st4immigration.com/,1st4immigration.com,London,,UK,4.9,83,immigration,trustpilot,https://www.trustpilot.com/review/1st4immigration.com
,,ukimmigrationsolicitors.co.uk,,hello@ukimmigrationsolicitors.co.uk,02033844389,https://ukimmigrationsolicitors.co.uk,ukimmigrationsolicitors.co.uk,London,,UK,4.8,740,immigration,trustpilot,https://www.trustpilot.com/review/ukimmigrationsolicitors.co.uk
,,Lex Legal,,info@lexlegal.com,07739699968,https://lexlegal.com,lexlegal.com,London,,UK,4.8,206,immigration,trustpilot,https://www.trustpilot.com/review/lexlegal.com
,,My Legal Services,,info@mylegalservices.co.uk,020 3732 4736,https://mylegalservices.co.uk/,mylegalservices.co.uk,London,,UK,4.8,159,immigration,trustpilot,https://www.trustpilot.com/review/mylegalservices.co.uk
,,Aspencrown,,enquiries@aspencrown.co.uk,01206 489 077,https://aspencrown.co.uk,aspencrown.co.uk,Colchester,,UK,4.8,95,immigration,trustpilot,https://www.trustpilot.com/review/aspencrown.co.uk
,,IQ Legal Solicitors,,contact@iq-legal.co.uk,07966536769,https://iq-legal.co.uk,iq-legal.co.uk,Birmingham,,UK,4.8,72,immigration,trustpilot,https://www.trustpilot.com/review/iq-legal.co.uk
,,www.ukvisaexpert.com,,info@ukvisaexpert.com,02085726386,https://ukvisaexpert.com,ukvisaexpert.com,Brentford,,UK,4.8,72,immigration,trustpilot,https://www.trustpilot.com/review/ukvisaexpert.com
David,Gray,David Gray Solicitors,,lawyers@davidgray.co.uk,0191 232 9547,https://www.davidgray.co.uk,davidgray.co.uk,Newcastle upon Tyne,,UK,4.8,71,immigration,trustpilot,https://www.trustpilot.com/review/www.davidgray.co.uk
,,Where Can I Live,,info@wherecani.live,,https://wherecani.live,wherecani.live,London,,UK,4.8,65,immigration,trustpilot,https://www.trustpilot.com/review/wherecani.live
,,VMD Solicitors,,info@vmdsolicitors.co.uk,020 8514 8703,https://vmdsolicitors.co.uk,vmdsolicitors.co.uk,London,,UK,4.8,54,immigration,trustpilot,https://www.trustpilot.com/review/vmdsolicitors.co.uk
,,SkillClear Immigration Services,,enquiries@skillclear.co.uk,01732 741611,https://www.skillclear.co.uk,skillclear.co.uk,Sevenoaks,,UK,4.8,53,immigration,trustpilot,https://www.trustpilot.com/review/skillclear.co.uk
,,City of London Solicitors,,info@clssolicitors.com,020 3003 5953,https://www.clssolicitors.com,clssolicitors.com,London,,UK,4.8,50,immigration,trustpilot,https://www.trustpilot.com/review/www.clssolicitors.com
,,ELSG Ltd,,info@elsg.co.uk,02036270223,https://www.elsg.co.uk,elsg.co.uk,Watford,,UK,4.8,47,immigration,trustpilot,https://www.trustpilot.com/review/elsg.co.uk
,,從零開始。英國法律界新丁,,hkerinuklaw@gmail.com,07425197450,https://www.hkerinuklaw.com,hkerinuklaw.com,Leicester,,UK,4.8,47,immigration,trustpilot,https://www.trustpilot.com/review/hkerinuklaw.com
,,Lawyery solicitors,,info@lawyery.co,02035761275,https://www.lawyery.co,lawyery.co,London,,UK,4.8,43,immigration,trustpilot,https://www.trustpilot.com/review/lawyery.co
Sharif,McKenzie,Sharif McKenzie Solicitors,,info@sharifmckenzie.com,020 3883 1401,http://www.sharifmckenzie.com,sharifmckenzie.com,London,,UK,4.8,41,immigration,trustpilot,https://www.trustpilot.com/review/sharifmckenzie.com
,,Prolegis Solicitors,,info@prolegissolicitors.co.uk,0800 0126410,http://prolegissolicitors.co.uk,prolegissolicitors.co.uk,Bradford,,UK,4.8,40,immigration,trustpilot,https://www.trustpilot.com/review/prolegissolicitors.co.uk
,,Dias Solicitors,,info@diassolicitors.com,02038650636,http://diassolicitors.com,diassolicitors.com,London,,UK,4.8,39,immigration,trustpilot,https://www.trustpilot.com/review/diassolicitors.com
,,ICS Legal,,info@icslegal.com,02072373388,https://www.icslegal.com,icslegal.com,London,,UK,4.7,832,immigration,trustpilot,https://www.trustpilot.com/review/www.icslegal.com
,,Manak Solicitors,,info@manaksolicitors.co.uk,01689 870 769,https://manaksolicitors.co.uk,manaksolicitors.co.uk,Orpington,,UK,4.7,482,immigration,trustpilot,https://www.trustpilot.com/review/manaksolicitors.co.uk
,,Woodcock Law & Notary Public,,info@woodcocknotarypublic.com,0330 133 6480,https://woodcocklaw.co.uk/,woodcocklaw.co.uk,London,,UK,4.7,414,immigration,trustpilot,https://www.trustpilot.com/review/woodcocklaw.co.uk
,,MSD Solicitors,,info@msdsolicitors.co.uk,0161 503 0553,https://www.msdsolicitors.co.uk,msdsolicitors.co.uk,Manchester,,UK,4.7,218,immigration,trustpilot,https://www.trustpilot.com/review/www.msdsolicitors.co.uk
,,Cranbrook Legal,,info@cranbrooklegal.com,0208 215 0053,https://cranbrooklegal.com/,cranbrooklegal.com,London,,UK,4.7,86,immigration,trustpilot,https://www.trustpilot.com/review/cranbrooklegal.com
,,Your Immigration Solutions,,contact@yisolutions.co.uk,+44 01172482998,https://yisolutions.co.uk,yisolutions.co.uk,Bristol,,UK,4.7,54,immigration,trustpilot,https://www.trustpilot.com/review/yisolutions.co.uk
,,Wilson Immigration Services ,,info@wilsonimmigrationservices.co.uk,07879711436,https://wilsonimmigrationservices.co.uk/,wilsonimmigrationservices.co.uk,London,,UK,4.7,36,immigration,trustpilot,https://www.trustpilot.com/review/wilsonimmigrationservices.co.uk
,,Goldman Solutions,,1@goldmansolutions.co.uk,+44 7418355866,https://goldmansolutions.co.uk,goldmansolutions.co.uk,London,,UK,4.7,34,immigration,trustpilot,https://www.trustpilot.com/review/goldmansolutions.co.uk
,,AfterAthena,,enquiries@afterathena.co.uk,0333 188 6564,https://afterathena.co.uk,afterathena.co.uk,,,UK,4.7,34,immigration,trustpilot,https://www.trustpilot.com/review/afterathena.co.uk
,,MLS Legal ,,izabela@mlslegal.co.uk,07826729444,http://mlslegal.co.uk,mlslegal.co.uk,"ST ALBANS, HERTFORDSHIRE, ",,UK,4.7,33,immigration,trustpilot,https://www.trustpilot.com/review/mlslegal.co.uk
,,AK Immigration Advisory Service,,info@akias.co.uk,+44 7547435450,https://akias.co.uk,akias.co.uk,Aberdeen,,UK,4.7,31,immigration,trustpilot,https://www.trustpilot.com/review/akias.co.uk
,,Mulgrave Law - Immigration Lawyers London,,info@mulgravelaw.co.uk,020 7253 7248,https://mulgravelaw.co.uk,mulgravelaw.co.uk,London,,UK,4.7,29,immigration,trustpilot,https://www.trustpilot.com/review/mulgravelaw.co.uk
,,Manton Solicitors Ltd,,Enquiry@mantonsolicitors.com,01582 256266,https://www.mantonsolicitors.com,mantonsolicitors.com,Luton,,UK,4.7,27,immigration,trustpilot,https://www.trustpilot.com/review/www.mantonsolicitors.com
,,A Y & J Solicitors,,contact@ayjsolicitors.com,+44 2074047933,https://ayjsolicitors.com/,ayjsolicitors.com,London,,UK,4.6,513,immigration,trustpilot,https://www.trustpilot.com/review/www.ayjsolicitors.com
,,Connaught Law,,enquiries@connaughtlaw.com,0203 909 8388,https://www.connaughtlaw.com,connaughtlaw.com,London,,UK,4.6,208,immigration,trustpilot,https://www.trustpilot.com/review/www.connaughtlaw.com
Berlad,Graham,Berlad Graham LLP,,info@bglaw.co.uk,0330 175 5655,https://www.bglaw.co.uk,bglaw.co.uk,Uxbridge,,UK,4.6,143,immigration,trustpilot,https://www.trustpilot.com/review/bglaw.co.uk
,,Harris & Green Solicitors Ltd,,z.b@harrisandgreensolicitors.com,01132707002,https://harrisandgreensolicitors.com,harrisandgreensolicitors.com,Leeds,,UK,4.6,97,immigration,trustpilot,https://www.trustpilot.com/review/harrisandgreensolicitors.com
,,Waterstone Legal,,enquiries@wslegal.co.uk,02070639040,https://waterstonelegal.co.uk,waterstonelegal.co.uk,London,,UK,4.6,65,immigration,trustpilot,https://www.trustpilot.com/review/waterstonelegal.co.uk
,,Aman Solicitors,,,,http://www.amansolicitors.com,amansolicitors.com,,,UK,4.6,53,immigration,trustpilot,https://www.trustpilot.com/review/www.amansolicitors.com
,,SUNRISE SOLICITORS,,,,https://sunrisesolicitors.co.uk,sunrisesolicitors.co.uk,,,,4.6,44,immigration,trustpilot,https://www.trustpilot.com/review/sunrisesolicitors.co.uk
,,E2 Visa Express,,hello@e2visaexpress.com,+44 1702820012,https://www.e2visaexpress.com,e2visaexpress.com,,,UK,4.6,40,immigration,trustpilot,https://www.trustpilot.com/review/www.e2visaexpress.com
Imperium,Chambers,Imperium Chambers,,,,https://www.imperiumchambers.co.uk,imperiumchambers.co.uk,London,,UK,4.6,24,immigration,trustpilot,https://www.trustpilot.com/review/www.imperiumchambers.co.uk
,,E-ZAGS,,order@ezags.io,,https://ezags.io,ezags.io,,,UK,4.6,24,immigration,trustpilot,https://www.trustpilot.com/review/ezags.io
,,Immigration Consultants,,info@immigration-consultants.co.uk,07856241359,https://immigration-consultants.co.uk,immigration-consultants.co.uk,London ,,UK,4.6,23,immigration,trustpilot,https://www.trustpilot.com/review/immigration-consultants.co.uk
,,J Saimon Law Limited,,,,http://jsaimonlaw.co.uk,jsaimonlaw.co.uk,,,UK,4.6,23,immigration,trustpilot,https://www.trustpilot.com/review/jsaimonlaw.co.uk
,,Earlsworth Immigration Law,,hello@earlsworth.co.uk,0330 229 1213,http://earlsworth.co.uk,earlsworth.co.uk,Birmingham,,UK,4.6,22,immigration,trustpilot,https://www.trustpilot.com/review/earlsworth.co.uk
,,LAWSMITH SOLICITORS,,ams@lawsmithsolicitors.co.uk,01279312185,https://lawsmithsolicitors.co.uk,lawsmithsolicitors.co.uk,Harlow,,UK,4.6,22,immigration,trustpilot,https://www.trustpilot.com/review/lawsmithsolicitors.co.uk
,,Morganhassolicitors,,info@morganhas.co.uk,+44 2072491337,https://morganhassolicitors.co.uk,morganhassolicitors.co.uk,London,,UK,4.6,22,immigration,trustpilot,https://www.trustpilot.com/review/morganhassolicitors.co.uk
,,Truth Legal - Polski Prawnik,,mirek@truthlegal.com,01423 788538,https://www.tl-prawnik.co.uk,tl-prawnik.co.uk,Harrogate,,UK,4.6,21,immigration,trustpilot,https://www.trustpilot.com/review/tl-prawnik.co.uk
,,Deluxe Law Chambers,,info@deluxelawchambers.co.uk,01614644140,https://deluxelawchambers.co.uk/,deluxelawchambers.co.uk,Manchester,,UK,4.6,21,immigration,trustpilot,https://www.trustpilot.com/review/deluxelawchambers.co.uk
,,Quick Immigration Solutions,,info@qisimmigration.co.uk,01214486350,https://qisimmigration.co.uk,qisimmigration.co.uk,Birmingham,,UK,4.6,20,immigration,trustpilot,https://www.trustpilot.com/review/qisimmigration.co.uk
IMMIGRATION,INN,IMMIGRATION INN,,INFO@IMMIGRATIONINN.CO.UK,01234818794,https://www.immigrationinn.co.uk,immigrationinn.co.uk,Bedford,,UK,4.6,17,immigration,trustpilot,https://www.trustpilot.com/review/immigrationinn.co.uk
,,Kreston Solicitors,,enquiries@krestonsolicitors.com,0203 793 0862,https://www.krestonsolicitors.com,krestonsolicitors.com,London,,UK,4.5,62,immigration,trustpilot,https://www.trustpilot.com/review/www.krestonsolicitors.com
,,Visavistauk,,,,https://visavistauk.com,visavistauk.com,,,UK,4.5,44,immigration,trustpilot,https://www.trustpilot.com/review/visavistauk.com
,,Hari Potru Visas & Immigration,,haripotru@potru.co.uk,07753259649,https://haripotru.co.uk,haripotru.co.uk,Ilford,,UK,4.5,37,immigration,trustpilot,https://www.trustpilot.com/review/haripotru.co.uk
,,Owl and Snake Immigration,,info@owlandsnake.co.uk,07368642591,https://owlandsnake.co.uk,owlandsnake.co.uk,Epsom,,UK,4.5,17,immigration,trustpilot,https://www.trustpilot.com/review/owlandsnake.co.uk
Jan,Manuel,Jan Manuel Solicitors ,,info@janmanuel.co.uk,02037613993,http://janmanuel.co.uk,janmanuel.co.uk,London,,UK,4.5,16,immigration,trustpilot,https://www.trustpilot.com/review/janmanuel.co.uk
,,ULA Solicitors,,info@ulasolicitors.com,02084510236,https://www.ulasolicitors.com,ulasolicitors.com,London,,UK,4.5,16,immigration,trustpilot,https://www.trustpilot.com/review/www.ulasolicitors.com
,,Visa Legal,,,,https://visalegal.com,visalegal.com,London,,UK,4.5,14,immigration,trustpilot,https://www.trustpilot.com/review/visalegal.com
Consul,Online,Consul Online,,,+48698143637,https://consul.online,consul.online,London,,UK,4.5,14,immigration,trustpilot,https://www.trustpilot.com/review/consul.online
VIP,Visa,VIP Visa,,info@vipvisa.net,+44 2033933747,https://www.vipvisa.net,vipvisa.net,London,,UK,4.5,14,immigration,trustpilot,https://www.trustpilot.com/review/vipvisa.net
,,Cybra Legal (ceased trading),,,,https://cybralegal.com,cybralegal.com,London,,UK,4.5,13,immigration,trustpilot,https://www.trustpilot.com/review/cybralegal.com
,,Walkthruvisa Ltd,,contact@walkthruvisa.com,08000862468,http://walkthruvisa.com,walkthruvisa.com,Edinburgh,,UK,4.5,13,immigration,trustpilot,https://www.trustpilot.com/review/walkthruvisa.com
,,Veritas Solicitors,,info@veritassolicitors.co.uk,08444 781 999,https://veritassolicitors.co.uk,veritassolicitors.co.uk,Manchester,,UK,4.4,420,immigration,trustpilot,https://www.trustpilot.com/review/veritassolicitors.co.uk
,,UK Immigration Solicitors,,info@immigrationsolicitors.uk.com,01274 955310,https://immigrationsolicitorsuk.com,immigrationsolicitorsuk.com,Bradford,,UK,4.4,81,immigration,trustpilot,https://www.trustpilot.com/review/immigrationsolicitorsuk.com
,,Visa For Bulgaria,,tanya@visaforbulgaria.com,07543550069,https://visaforbulgaria.com,visaforbulgaria.com,London,,UK,4.4,29,immigration,trustpilot,https://www.trustpilot.com/review/visaforbulgaria.com
,,Anyvisa,,Info@any-visa.com,+44 2033933328,https://any-visa.com,any-visa.com,LONDON,,UK,4.4,25,immigration,trustpilot,https://www.trustpilot.com/review/www.global-law.co.uk
,,CSB Solicitors,,admin@csblaw.co.uk,0203 818 5280,http://csblaw.co.uk,csblaw.co.uk,London,,UK,4.4,15,immigration,trustpilot,https://www.trustpilot.com/review/csblaw.co.uk
,,Farhan and Co Solicitors,,info@farhanlaw.co.uk,01412378787,https://farhanlaw.co.uk,farhanlaw.co.uk,Glasgow,,UK,4.4,15,immigration,trustpilot,https://www.trustpilot.com/review/farhanlaw.co.uk
,,Angelov Solicitors,,info@angelov.law,+44 2080882555,https://angelov.law,angelov.law,,,UK,4.4,13,immigration,trustpilot,https://www.trustpilot.com/review/angelov.law
,,Epochlegal,,,,https://epochlegal.co.uk,epochlegal.co.uk,,,UK,4.4,12,immigration,trustpilot,https://www.trustpilot.com/review/epochlegal.co.uk
,,HB Immigration,,,,https://hbimmigration.com,hbimmigration.com,,,UK,4.4,12,immigration,trustpilot,https://www.trustpilot.com/review/hbimmigration.com
,,Bailey James Legal,,info@baileyjameslegal.com,+44 7308590065,http://baileyjameslegal.com,baileyjameslegal.com,"London, United Kingdom",,UK,4.4,12,immigration,trustpilot,https://www.trustpilot.com/review/baileyjameslegal.com
,,Ted Immigration,,info@tedimmigration.co.uk,07380 848585,https://tedimmigration.co.uk,tedimmigration.co.uk,London,,UK,4.4,12,immigration,trustpilot,https://www.trustpilot.com/review/tedimmigration.co.uk
,,Master Legal Services,,a.s@master-legal-services.com,020 8935 5205,http://master-legal-services.com,master-legal-services.com,London,,UK,4.4,11,immigration,trustpilot,https://www.trustpilot.com/review/master-legal-services.com
,,1 Absolute-advisor,,info@1-absolute-advisor.com,02079936762,https://1-absolute-advisor.com,1-absolute-advisor.com,London,,UK,4.4,10,immigration,trustpilot,https://www.trustpilot.com/review/1-absolute-advisor.com
,,Immigration Advice Service,,info@iasservices.org.uk,020 3411 1966,https://iasservices.org.uk,iasservices.org.uk,London,,UK,4.3,4635,immigration,trustpilot,https://www.trustpilot.com/review/iasservices.org.uk
,,Dos,,contact@dosfinds.com,,https://www.dosfinds.com,dosfinds.com,London,,UK,4.3,23,immigration,trustpilot,https://www.trustpilot.com/review/dosfinds.com
,,Davenport Solicitors Ltd,,contact@davenportsolicitors.com,0207 903 6888,http://davenportsolicitors.com,davenportsolicitors.com,London,,UK,4.3,22,immigration,trustpilot,https://www.trustpilot.com/review/davenportsolicitors.com
,,Immigrationresolution,,office@immigrationresolution.co.uk,+44 1234632969,https://immigrationresolution.co.uk,immigrationresolution.co.uk, London,,UK,4.3,17,immigration,trustpilot,https://www.trustpilot.com/review/immigrationresolution.co.uk
,,OTB Legal,,hello@otb.legal,03301116682,https://otb.legal,otb.legal,Nottingham,,UK,4.3,10,immigration,trustpilot,https://www.trustpilot.com/review/otb.legal
Wright,Justice,Wright Justice Solicitors,,info@wrightjustice.co.uk,01217724512,https://wrightjustice.co.uk,wrightjustice.co.uk,Birmingham,,UK,4.3,10,immigration,trustpilot,https://www.trustpilot.com/review/wrightjustice.co.uk
,,McKenzie,,kmckenzie@kmckenzie.co.uk,+44 7901558466,http://kmckenzie.co.uk,kmckenzie.co.uk,London,,UK,4.3,10,immigration,trustpilot,https://www.trustpilot.com/review/kmckenzie.co.uk
,,Bayaimmigration,,joss@bayaimmigration.com,03301180393,https://bayaimmigration.com,bayaimmigration.com,Nottingham,,UK,4.3,9,immigration,trustpilot,https://www.trustpilot.com/review/bayaimmigration.com
,,ACP Legal Services,,info@acplegalservices.co.uk,01162963634,https://acplegalservices.co.uk,acplegalservices.co.uk,Leicester,,UK,4.3,9,immigration,trustpilot,https://www.trustpilot.com/review/acplegalservices.co.uk
,,Alrose Legal Immigration Services,,info@alroselegal.com,,https://www.alroselegal.com,alroselegal.com,,,UK,4.3,9,immigration,trustpilot,https://www.trustpilot.com/review/www.alroselegal.com
,,Oliver and Hasani Solicitors,,,,https://oliverandhasani.co.uk,oliverandhasani.co.uk,,,UK,4.3,9,immigration,trustpilot,https://www.trustpilot.com/review/oliverandhasani.co.uk
,,MB Law Ltd Solicitors,,info@mblawltd.com,02088633666,http://mblawltd.com,mblawltd.com,Hounslow,,UK,4.3,9,immigration,trustpilot,https://www.trustpilot.com/review/mblawltd.com
,,Just Immigration Solicitors,,agnes.lai@just-immigration.co.uk,07928985778,https://just-immigration.co.uk,just-immigration.co.uk,Guildford,,UK,4.3,8,immigration,trustpilot,https://www.trustpilot.com/review/just-immigration.co.uk
,,KD Immigration Experts,,info@kdadvisors.co.uk,01213922441,https://www.kdadvisors.co.uk,kdadvisors.co.uk,Birmingham,,UK,4.3,7,immigration,trustpilot,https://www.trustpilot.com/review/kdadvisors.co.uk
,,Meliora Legal,,info@melioralegal.com,0141 266 0270,http://melioralegal.com,melioralegal.com,Glasgow,,UK,4.3,7,immigration,trustpilot,https://www.trustpilot.com/review/melioralegal.com
,,Birketts,,,0808 169 4320,https://www.birketts.co.uk,birketts.co.uk,Ipswich,,UK,4.2,80,immigration,trustpilot,https://www.trustpilot.com/review/www.birketts.co.uk
,,OB,,,,https://www.online-barrister.co.uk,online-barrister.co.uk,,,UK,4.2,60,immigration,trustpilot,https://www.trustpilot.com/review/online-barrister.co.uk
,,Suleman Legal Services,,mohamed@sulemanlegal.co.uk,07309074667,https://sulemanlegal.co.uk,sulemanlegal.co.uk,Milton Keynes,,UK,4.2,26,immigration,trustpilot,https://www.trustpilot.com/review/sulemanlegal.co.uk
,,Hawkins Law,,info@hawkinslaw.co.uk,02071777579,https://hawkinslaw.co.uk,hawkinslaw.co.uk,London,,UK,4.2,13,immigration,trustpilot,https://www.trustpilot.com/review/hawkinslaw.co.uk
,,P H,,enquiries@proctorhobbs.com,0808 196 8212,https://proctorhobbs.com,proctorhobbs.com, Bradford ,,UK,4.2,7,immigration,trustpilot,https://www.trustpilot.com/review/proctorhobbs.com
,,Glotee Legal  Limited,,info@gloteelimited.co.uk,01708300608,http://gloteelimited.co.uk,gloteelimited.co.uk,Romford,,UK,4.2,6,immigration,trustpilot,https://www.trustpilot.com/review/gloteelimited.co.uk
,,Distinct Law,,,,https://distinct.law,distinct.law,,,UK,4.2,6,immigration,trustpilot,https://www.trustpilot.com/review/distinct.law
Adamir,London, Adamir Immigration Solicitors London,,contact@adamirsolicitors.com,02033020074,http://immigrationlawyerslondonuk.co.uk,immigrationlawyerslondonuk.co.uk,London,,UK,4.2,6,immigration,trustpilot,https://www.trustpilot.com/review/immigrationlawyerslondonuk.co.uk
,,Solidaire Solicitors ,,info@solidaire.co.uk,0333 3394 786,https://solidaire.co.uk,solidaire.co.uk,Milton Keynes ,,UK,4.1,5,immigration,trustpilot,https://www.trustpilot.com/review/solidaire.co.uk
,,Spanish Visa Specialists,,info@spanishvisas.co.uk,+44 01619321451,http://spanishvisas.co.uk,spanishvisas.co.uk,M3 3HF,,UK,4.1,5,immigration,trustpilot,https://www.trustpilot.com/review/spanishvisas.co.uk
,,Prime Immigration Consultants,,ashraf@primeimmigration.org.uk,07551943554,https://primeimmigration.org.uk,primeimmigration.org.uk,London,,UK,4.1,5,immigration,trustpilot,https://www.trustpilot.com/review/primeimmigration.org.uk
,,Xpert Immigration,,visas@xpertimmigration.co.uk,07494774429,http://xpertimmigration.co.uk,xpertimmigration.co.uk,Leighton Buzzard,,UK,4.1,5,immigration,trustpilot,https://www.trustpilot.com/review/xpertimmigration.co.uk
,,Rivington Solicitors,,info@rivingtonsolicitors.co.uk,07766229409,http://www.rivingtonsolicitors.co.uk,rivingtonsolicitors.co.uk,London,,UK,4.1,5,immigration,trustpilot,https://www.trustpilot.com/review/www.rivingtonsolicitors.co.uk
,,Alstern Solicitors ,,info@alsternsolicitors.co.uk,02039239188,https://alsternsolicitors.co.uk,alsternsolicitors.co.uk,London,,UK,4.1,5,immigration,trustpilot,https://www.trustpilot.com/review/alstern.co.uk
,,Kaya Legal Immigration & Visa Consultancy,,info@kayalegal.co.uk,07595549244,https://kayalegal.co.uk,kayalegal.co.uk,London,,UK,4.1,5,immigration,trustpilot,https://www.trustpilot.com/review/kayalegal.co.uk
,,SMK Law Solicitors,,info@smklaw.co.uk,02085774101,https://smklaw.co.uk,smklaw.co.uk,HOUNSLOW,,UK,4.1,5,immigration,trustpilot,https://www.trustpilot.com/review/smklaw.co.uk
,,Giambrone Law,,info@giambronelaw.com,02071839482,https://www.giambronelaw.com,giambronelaw.com,London,,UK,4,375,immigration,trustpilot,https://www.trustpilot.com/review/www.giambronelaw.com
Thames,Migration,Thames Migration,,info@thamesmigration.com,02089960120,https://thamesmigration.com,thamesmigration.com,London,,UK,4,4,immigration,trustpilot,https://www.trustpilot.com/review/thamesmigration.com
,,Help With My Visa,,info@helpwithmyvisa.com,,http://helpwithmyvisa.com,helpwithmyvisa.com,,,UK,4,4,immigration,trustpilot,https://www.trustpilot.com/review/helpwithmyvisa.com
,,Immtell,,info@immtell.com,020 3910 6641,https://immtell.com,immtell.com,London,,UK,4,4,immigration,trustpilot,https://www.trustpilot.com/review/immtell.com
,,Vimmigration,,info@vimmigration.co.uk,07947692485,http://vimmigration.co.uk,vimmigration.co.uk,Birmingham ,,UK,4,4,immigration,trustpilot,https://www.trustpilot.com/review/vimmigration.co.uk
,,MBS Solicitors,,Ali@mbssolicitors.co.uk,0131 337 4100,http://www.mbssolicitors.co.uk,mbssolicitors.co.uk,Edinburgh,,UK,4,4,immigration,trustpilot,https://www.trustpilot.com/review/www.mbssolicitors.co.uk
,,Premium Visa Solutions,,info@premium-visa-solutions.com,+44 7513621625,https://premium-visa-solutions.com,premium-visa-solutions.com,London,,UK,4,3,immigration,trustpilot,https://www.trustpilot.com/review/premium-visa-solutions.com
,,Lucien Legal,,info@lucienlegal.com,020 3355 6166,http://lucienlegal.com,lucienlegal.com,Croydon,,UK,4,3,immigration,trustpilot,https://www.trustpilot.com/review/lucienlegal.com
,,Schengentravel,,,,https://schengentravel.co.uk,schengentravel.co.uk,,,UK,4,3,immigration,trustpilot,https://www.trustpilot.com/review/schengentravel.co.uk
,,Immigration Advice Service Legal training,,training@iasuk.org,03334149244,https://www.iasservices.org.uk,iasservices.org.uk,Manchester,,UK,3.9,29,immigration,trustpilot,https://www.trustpilot.com/review/legal.training
,,Immigo Global Services,,info@immigoservices.com,07825740616,https://www.immigoservices.com,immigoservices.com,"High Wycombe, Buckinghamshire",,UK,3.9,7,immigration,trustpilot,https://www.trustpilot.com/review/www.immigoservices.com
,,Dr. Law Solicitors ,,info@drlawsolicitors.co.uk,02085910920,https://drlawsolicitors.co.uk,drlawsolicitors.co.uk,Barking ,,UK,3.9,6,immigration,trustpilot,https://www.trustpilot.com/review/drlawsolicitors.co.uk
,,Workpermit.com Law,,,,http://www.workpermit.com,workpermit.com,,,US,3.9,5,immigration,trustpilot,https://www.trustpilot.com/review/www.workpermit.com
Law,and,Law and Lawyers Solicitors,,info@lawandlawyers.co.uk,02085865657,https://www.lawandlawyers.co.uk,lawandlawyers.co.uk,London,,UK,3.8,343,immigration,trustpilot,https://www.trustpilot.com/review/lawandlawyers.co.uk
Kingsley,Napley,Kingsley Napley,,enquiries@kingsleynapley.co.uk,02078141200,https://www.kingsleynapley.co.uk,kingsleynapley.co.uk,London,,UK,3.8,131,immigration,trustpilot,https://www.trustpilot.com/review/www.kingsleynapley.co.uk
,,Shores & Legal Limited,,antonio.lam@shoreslegal.com,02070976778,https://www.shoreslegal.com,shoreslegal.com,London,,UK,3.8,9,immigration,trustpilot,https://www.trustpilot.com/review/shoreslegal.com
,,Highlegalsolicitors,,SS@highlegalsolicitors.co.uk,07734883955,https://highlegalsolicitors.co.uk,highlegalsolicitors.co.uk,Lancashire,,UK,3.8,5,immigration,trustpilot,https://www.trustpilot.com/review/highlegalsolicitors.co.uk
,,Henleazelaw,,asim@henleazelaw.co.uk,+44 74427868321,http://henleazelaw.co.uk,henleazelaw.co.uk,Bristol,,UK,3.8,2,immigration,trustpilot,https://www.trustpilot.com/review/henleazelaw.co.uk
,,Chingfordlegal,,info@chingfordlegal.com,02082155555,http://chingfordlegal.com,chingfordlegal.com,London,,UK,3.8,2,immigration,trustpilot,https://www.trustpilot.com/review/chingfordlegal.com
,,Topuklawyers,,,,http://topuklawyers.co.uk,topuklawyers.co.uk,,,,3.8,2,immigration,trustpilot,https://www.trustpilot.com/review/topuklawyers.co.uk
,,Redwing Immigration,,,,http://redwingimmigration.co.uk,redwingimmigration.co.uk,,,,3.8,2,immigration,trustpilot,https://www.trustpilot.com/review/redwingimmigration.co.uk
,,UVS Law.,,info@uvslaw.co.uk,03301337986,http://uvslaw.co.uk,uvslaw.co.uk,Burton-on-Trent,,UK,3.8,2,immigration,trustpilot,https://www.trustpilot.com/review/uvslaw.co.uk
,,MQ Solicitors,,,,https://mqsolicitors.com,mqsolicitors.com,,,UK,3.8,2,immigration,trustpilot,https://www.trustpilot.com/review/mqsolicitors.com
,,Maliks Immigration Office,,maliksimmigrationoffice@gmail.com,07306327786,http://maliksimmigrationoffice.co.uk,maliksimmigrationoffice.co.uk,Hemel Hempstead,,UK,3.8,2,immigration,trustpilot,https://www.trustpilot.com/review/maliksimmigrationoffice.co.uk
,,tmfortis.co.uk,,,,https://www.tmfortis.co.uk,tmfortis.co.uk,,,,3.8,2,immigration,trustpilot,https://www.trustpilot.com/review/www.tmfortis.co.uk
VIP,Nomads,VIP Nomads,,info@vipnomads.com,+44 7365605601,https://www.vipnomads.com,vipnomads.com,London,,UK,3.8,2,immigration,trustpilot,https://www.trustpilot.com/review/vipnomads.com
,,Bogdan Law Office Ltd,,info@gb-law.uk,+44 1212966767,https://gb-law.uk,gb-law.uk,Birmingham,,UK,3.8,2,immigration,trustpilot,https://www.trustpilot.com/review/gb-law.uk
,,CLK Legal,,info@clklegal.co.uk,02038860378,https://www.clklegal.co.uk,clklegal.co.uk,London,,UK,3.7,13,immigration,trustpilot,https://www.trustpilot.com/review/www.clklegal.co.uk
,,morganhillsolicitors.com,,info@morganhillsolicitors.com,07506262500,https://morganhillsolicitors.com,morganhillsolicitors.com,London,,UK,3.7,4,immigration,trustpilot,https://www.trustpilot.com/review/morganhillsolicitors.com
,,Londonlegalint,,,,https://londonlegalint.co.uk,londonlegalint.co.uk,,,UK,3.7,3,immigration,trustpilot,https://www.trustpilot.com/review/londonlegalint.co.uk
,,Samarssolicitors,,,,http://samarssolicitors.com,samarssolicitors.com,,,UK,3.7,1,immigration,trustpilot,https://www.trustpilot.com/review/samarssolicitors.com
,,Capital Legal Solicitors,,info@capitallegal-solicitors.com,+44 1895236920,http://capitallegal-solicitors.com,capitallegal-solicitors.com,London,,UK,3.7,1,immigration,trustpilot,https://www.trustpilot.com/review/capitallegal-solicitors.com
,,Lauradevine,,,,http://lauradevine.com,lauradevine.com,,,US,3.7,1,immigration,trustpilot,https://www.trustpilot.com/review/lauradevine.com
Chadwick,Nott,Chadwick Nott,,,,http://www.chadwicknott.co.uk,chadwicknott.co.uk,,,,3.7,1,immigration,trustpilot,https://www.trustpilot.com/review/www.chadwicknott.co.uk
,,Lotus Immigration,,info@lotusimmigration.com,,http://lotusimmigration.com,lotusimmigration.com,London,,UK,3.7,1,immigration,trustpilot,https://www.trustpilot.com/review/lotusimmigration.com
perPlane,Visas,PaperPlane Visas,,hello@paperplanevisas.co.uk,,https://paperplanevisas.co.uk,paperplanevisas.co.uk,,,UK,3.7,1,immigration,trustpilot,https://www.trustpilot.com/review/paperplanevisas.co.uk
,,Hkuksupport,,info@hkuksupport.co.uk,+85259667760,https://hkuksupport.co.uk,hkuksupport.co.uk,Binfield,,UK,3.7,1,immigration,trustpilot,https://www.trustpilot.com/review/hkuksupport.co.uk
,,GigaLegal Limited,,info@thegigalegal.com,+44 7428668336,http://thegigalegal.com,thegigalegal.com,London,,UK,3.7,1,immigration,trustpilot,https://www.trustpilot.com/review/thegigalegal.com
,,I-Migrator,,,,https://i-migrator.com,i-migrator.com,,,UK,3.7,1,immigration,trustpilot,https://www.trustpilot.com/review/i-migrator.com
,,Aaraf Immigration Lawyers,,contact@aaraflaw.co.uk,0203 442 0292,http://aaraflaw.co.uk,aaraflaw.co.uk,London,,UK,3.7,1,immigration,trustpilot,https://www.trustpilot.com/review/aaraflaw.co.uk
,,Redstonesolicitors,,yd@redstonesolicitors.co.uk,00442039405959,https://redstonesolicitors.co.uk,redstonesolicitors.co.uk,London,,UK,3.7,1,immigration,trustpilot,https://www.trustpilot.com/review/redstonesolicitors.co.uk
,,Eofs,,Edward@eofs.co.uk,08432489779,http://www.eofs.co.uk,eofs.co.uk,London,,UK,3.7,1,immigration,trustpilot,https://www.trustpilot.com/review/www.eofs.co.uk
,,Lexhousesolicitors,,info@lexhousesolicitors.co.uk,02921329169,http://lexhousesolicitors.co.uk,lexhousesolicitors.co.uk,Cardiff,,UK,3.7,1,immigration,trustpilot,https://www.trustpilot.com/review/lexhousesolicitors.co.uk
,,Westkin Associates - Immigration Law Specialists,,,,http://www.westkinassociates.com,westkinassociates.com,London,,UK,3.7,1,immigration,trustpilot,https://www.trustpilot.com/review/www.westkinassociates.com
,,Fisher Jones Greenwood Solicitors,,info@fjg.co.uk,01206835300,https://www.fjg.co.uk,fjg.co.uk,Colchester,,UK,3.6,58,immigration,trustpilot,https://www.trustpilot.com/review/www.fjg.co.uk
,,Levi Solicitors,,info@levisolicitors.co.uk,0800 988 7756,https://www.levisolicitors.co.uk,levisolicitors.co.uk,Leeds,,UK,3.6,45,immigration,trustpilot,https://www.trustpilot.com/review/www.levisolicitors.co.uk
Gardner,Champion,Gardner Champion Solicitors,,hello@gardnerchampion.co.uk,03330344629,https://gardnerchampion.co.uk,gardnerchampion.co.uk,Rugeley,,UK,3.6,19,immigration,trustpilot,https://www.trustpilot.com/review/gardnerchampion.co.uk
,,Parkview Solicitors & Higher Court Advocates,,info@parkviewsolicitors.co.uk,01204 565234,https://parkviewsolicitors.co.uk,parkviewsolicitors.co.uk,Bolton,,UK,3.6,9,immigration,trustpilot,https://www.trustpilot.com/review/parkviewsolicitors.co.uk
,,LawSentis,,info@lawsentis.com ,+44 7733648414,https://lawsentis.com,lawsentis.com,London,,UK,3.6,5,immigration,trustpilot,https://www.trustpilot.com/review/bsimmigration.co.uk
,,Solicitors' Inn,,saffi@solicitorsinn.co.uk,02035008000,http://solicitorsinn.co.uk,solicitorsinn.co.uk,London,,UK,3.4,2,immigration,trustpilot,https://www.trustpilot.com/review/solicitorsinn.co.uk
,,Primarc Solicitors,,info@primarcsolicitors.com,020 8912 2280,https://primarcsolicitors.com,primarcsolicitors.com,London,,UK,3.3,22,immigration,trustpilot,https://www.trustpilot.com/review/primarcsolicitors.com
,,SKS LAW,,Info@sks-law.co.uk,07713 049948,https://sks-law.co.uk,sks-law.co.uk,Leicester,,UK,3.3,8,immigration,trustpilot,https://www.trustpilot.com/review/sks-law.co.uk
,,Sinclairslaw,,,,https://sinclairslaw.co.uk,sinclairslaw.co.uk,,,UK,3.3,4,immigration,trustpilot,https://www.trustpilot.com/review/sinclairslaw.co.uk
,,D’Ascanio Law,,contact@dascaniolaw.co.uk,02071831734,https://dascaniolaw.co.uk,dascaniolaw.co.uk,London,,UK,3.2,5,immigration,trustpilot,https://www.trustpilot.com/review/dascaniolaw.co.uk
Carter,Monroe,Carter Monroe Solicitors,,info@cartermonroe.co.uk,0161 505 8888,https://cartermonroe.co.uk,cartermonroe.co.uk,Manchester,,UK,3.2,3,immigration,trustpilot,https://www.trustpilot.com/review/cartermonroe.co.uk
Vargas,Consultancy,Vargas Consultancy,,contact@vargascl.co.uk,020 3983 0067,http://vargasconsultancy.co.uk,vargasconsultancy.co.uk,London,,UK,3.2,1,immigration,trustpilot,https://www.trustpilot.com/review/vargasconsultancy.co.uk
,,Lloydscliffordsolicitors,,,,http://www.lloydscliffordsolicitors.co.uk,lloydscliffordsolicitors.co.uk,,,UK,3.2,1,immigration,trustpilot,https://www.trustpilot.com/review/www.lloydscliffordsolicitors.co.uk
,,Pjward,,,,http://pjward.co.uk,pjward.co.uk,,,UK,3.2,1,immigration,trustpilot,https://www.trustpilot.com/review/pjward.co.uk
,,Lexen Law,,visa@lexenlaw.co,+44 7305016387,https://lexenlaw.com,lexenlaw.com,London,,UK,3.2,1,immigration,trustpilot,https://www.trustpilot.com/review/lexenlaw.com
,,Farringdon Law,,,,http://www.farringdon-law.co.uk,farringdon-law.co.uk,,,UK,3.2,1,immigration,trustpilot,https://www.trustpilot.com/review/www.farringdon-law.co.uk
,,Bartons Solicitors,,,,http://bartons.co.uk,bartons.co.uk,,,,3.1,4,immigration,trustpilot,https://www.trustpilot.com/review/bartons.co.uk
,,Zenith Immigration Solicitors,,info@zenithlawyers.com,01706  646 840,http://zenithimmigrationsolicitors.com,zenithimmigrationsolicitors.com,Rochdale,,UK,2.9,10,immigration,trustpilot,https://www.trustpilot.com/review/zenithimmigrationsolicitors.com
,,Aman Solicitors,,info@amansolicitors.co.uk,0121 328 4455,http://amansolicitors.co.uk,amansolicitors.co.uk,Birmingham,,UK,2.9,4,immigration,trustpilot,https://www.trustpilot.com/review/amansolicitors.co.uk
,,Prosperguardlegal,,,,http://prosperguardlegal.com,prosperguardlegal.com,,,US,2.9,2,immigration,trustpilot,https://www.trustpilot.com/review/prosperguardlegal.com
,,Immigrationlawyersuk,,,,http://immigrationlawyersuk.co.uk,immigrationlawyersuk.co.uk,,,,2.9,2,immigration,trustpilot,https://www.trustpilot.com/review/immigrationlawyersuk.co.uk
,,S. Satha & Co Solicitors,,info@satha.co.uk,02084719484,http://satha.co.uk,satha.co.uk,LONDON,,UK,2.9,2,immigration,trustpilot,https://www.trustpilot.com/review/satha.co.uk
,,Wilsonllp,,,,http://www.wilsonllp.co.uk,wilsonllp.co.uk,,,,2.9,2,immigration,trustpilot,https://www.trustpilot.com/review/www.wilsonllp.co.uk
,,Phoenixlaw,,,,https://phoenixlaw.org.uk,phoenixlaw.org.uk,,,UK,2.9,2,immigration,trustpilot,https://www.trustpilot.com/review/phoenixlaw.org.uk
,,haywards-solicitors.co.uk,,,,http://www.haywards-solicitors.co.uk,haywards-solicitors.co.uk,,,UK,2.9,2,immigration,trustpilot,https://www.trustpilot.com/review/www.haywards-solicitors.co.uk
,,IaM (Immigration and Migration),,,,https://immigrationandmigration.com,immigrationandmigration.com,London,,UK,2.8,7,immigration,trustpilot,https://www.trustpilot.com/review/immigrationandmigration.com
,,SO Solicitors,,,,https://solicitors.com,solicitors.com,,,UK,2.8,5,immigration,trustpilot,https://www.trustpilot.com/review/silveroaksolicitors.com
Wkworth,Sherwood,Winckworth Sherwood,,info@wslaw.co.uk,020 7593 5000,https://wslaw.co.uk,wslaw.co.uk,London,,UK,2.8,3,immigration,trustpilot,https://www.trustpilot.com/review/wslaw.co.uk
,,Icslaw,,,,https://icslaw.co.uk,icslaw.co.uk,,,UK,2.8,3,immigration,trustpilot,https://www.trustpilot.com/review/icslaw.co.uk
,,Scwlegal,,,,https://www.scwlegal.co.uk,scwlegal.co.uk,,,UK,2.8,3,immigration,trustpilot,https://www.trustpilot.com/review/www.scwlegal.co.uk
,,Primussolicitors,,info@primussoliciors.com,01612225860,https://primussolicitors.com,primussolicitors.com,Manchester,,UK,2.7,7,immigration,trustpilot,https://www.trustpilot.com/review/primussolicitors.com
,,Settlu,,support@settlu.com,,http://settlu.com,settlu.com,London,,UK,2.6,5,immigration,trustpilot,https://www.trustpilot.com/review/settlu.com
,,Riverway Law,,info@riverwaylaw.com,020 3488 4545,https://riverwaylaw.com,riverwaylaw.com,London,,UK,2.6,5,immigration,trustpilot,https://www.trustpilot.com/review/riverwaylaw.com
,,Swedenvisa,,,,https://www.swedenvisa.co.uk,swedenvisa.co.uk,London,,UK,2.5,6,immigration,trustpilot,https://www.trustpilot.com/review/www.swedenvisa.co.uk
,,Charles Russell Speechlys,,,,http://www.charlesrussellspeechlys.com,charlesrussellspeechlys.com,London,,UK,2.2,8,immigration,trustpilot,https://www.trustpilot.com/review/www.charlesrussellspeechlys.com
,,Prime Immigration Ltd,,info@primeimmigration.co.uk,02037527045,https://primeimmigration.co.uk,primeimmigration.co.uk,London,,UK,2.1,11,immigration,trustpilot,https://www.trustpilot.com/review/primeimmigration.co.uk
,,Manns Solutions,,evgeny@manns-solutions.com,+44 02079936346,https://manns-solutions.com,manns-solutions.com,London,,UK,1.7,77,immigration,trustpilot,https://www.trustpilot.com/review/manns-solutions.com
,,Haskew Law,,admin@haskewlaw.com,020 3884 1147,https://haskewlaw.com,haskewlaw.com,Farnham,,UK,1.7,38,immigration,trustpilot,https://www.trustpilot.com/review/haskewlaw.com
DAC,Beachcroft,DAC Beachcroft,,,,https://www.dacbeachcroft.com,dacbeachcroft.com,London,,UK,1.4,44,immigration,trustpilot,https://www.trustpilot.com/review/www.dacbeachcroft.com
,,global-migrate.com,,,+97143031955,https://global-migrate.com,global-migrate.com,dubai,,UK,1.3,170,immigration,trustpilot,https://www.trustpilot.com/review/global-migrate.com
,,UK Law Bridge,,support@uklawbridge.co.uk,+44 7450630055,https://uklawbridge.co.uk,uklawbridge.co.uk,Wisbech,,UK,,,immigration,trustpilot,https://www.trustpilot.com/review/uklawbridge.co.uk
,,Chase Immigration,,,,http://chaseimmigration.co.uk,chaseimmigration.co.uk,GLASGOW,,UK,,,immigration,trustpilot,https://www.trustpilot.com/review/chaseimmigration.co.uk
,,193 Countries Consortium,,aashin25@gmail.com,07796966127,https://193countriesconsortium.com,193countriesconsortium.com,"London, United Kingdom",,UK,,,immigration,trustpilot,https://www.trustpilot.com/review/193countriesconsortium.com
,,Certifying Acceptance Agent,,info@certifyingacceptanceagent.co.uk,020 7712 1705,http://certifyingacceptanceagent.co.uk,certifyingacceptanceagent.co.uk,London,,UK,,,immigration,trustpilot,https://www.trustpilot.com/review/certifyingacceptanceagent.co.uk
,,JNS Solicitors,,info@jnssolicitors.com,+44 02036260759,https://jnssolicitors.com,jnssolicitors.com,London,,UK,,,immigration,trustpilot,https://www.trustpilot.com/review/jnssolicitors.com
,,AY & J Solicitors,,info@ayjsolicitors.co.uk,,http://ayjsolicitors.co.uk,ayjsolicitors.co.uk,,,UK,,,immigration,trustpilot,https://www.trustpilot.com/review/ayjsolicitors.co.uk
,,786 Law Associates,,info@786-law.co.uk,02031377866,http://786-law.co.uk,786-law.co.uk,"BARKING, ESSEX",,UK,,,immigration,trustpilot,https://www.trustpilot.com/review/786-law.co.uk
,,Pennine Solicitors,,law@penninesolicitors.co.uk,01706671434,http://penninesolicitors.co.uk,penninesolicitors.co.uk,Rochdale,,UK,,,immigration,trustpilot,https://www.trustpilot.com/review/penninesolicitors.co.uk
,,Rkmlaw,,info@rkmlaw.co.uk,07588 632225,http://rkmlaw.co.uk,rkmlaw.co.uk,Potters Bar,,UK,,,immigration,trustpilot,https://www.trustpilot.com/review/rkmlaw.co.uk
,,3boltcourt.com,,clerks@3boltcourt.com,07783904770,http://3boltcourt.com,3boltcourt.com,London,,UK,,,immigration,trustpilot,https://www.trustpilot.com/review/3boltcourt.com
,,Hunterstonelaw,,,,http://hunterstonelaw.com,hunterstonelaw.com,London,,UK,,,immigration,trustpilot,https://www.trustpilot.com/review/hunterstonelaw.com
,,malcolmandco.co.uk,,info@malcolmandco.co.uk,020 7613 4300,http://malcolmandco.co.uk,malcolmandco.co.uk,London,,UK,,,immigration,trustpilot,https://www.trustpilot.com/review/malcolmandco.co.uk
,,Ark Law Limited,,info@arklawuk.com,0203 633 6005,http://arklawuk.com,arklawuk.com,Crawley,,UK,,,immigration,trustpilot,https://www.trustpilot.com/review/arklawuk.com
,,MAC Healthcare and Training,,,,http://maconsultants.uk,maconsultants.uk,,,UK,,,immigration,trustpilot,https://www.trustpilot.com/review/maconsultants.uk
Lawson,Hunte,Lawson Hunte Immigration Services ,,,,http://lawsonhunte.com,lawsonhunte.com,,,US,,,immigration,trustpilot,https://www.trustpilot.com/review/lawsonhunte.com
,,Premiumsolicitors,,info@premiumsolicitors.co.uk,00442039303900,http://premiumsolicitors.co.uk,premiumsolicitors.co.uk,London,,UK,,,immigration,trustpilot,https://www.trustpilot.com/review/premiumsolicitors.co.uk
,,L&P Consultant limited (Immigration Services),,info@immigration2uk.com,07878807921,http://immigration2uk.com,immigration2uk.com,Birmingham,,UK,,,immigration,trustpilot,https://www.trustpilot.com/review/immigration2uk.com
,,Amnesty Solicitors,,info@amnestysolicitors.com,020 7183 8463,https://amnestysolicitors.com,amnestysolicitors.com,London,,UK,,,immigration,trustpilot,https://www.trustpilot.com/review/amnestysolicitors.com
,,Winrow Solicitors,,admin@winrowsolicitors.co.uk,01286 269226,http://winrowsolicitors.co.uk,winrowsolicitors.co.uk,Caernarfon,,UK,,,immigration,trustpilot,https://www.trustpilot.com/review/winrowsolicitors.co.uk
,,5plaw,,,,http://5plaw.co.uk,5plaw.co.uk,,,UK,,,immigration,trustpilot,https://www.trustpilot.com/review/5plaw.co.uk
,,Northman & Sterling,,,,https://northmansterling.com,northmansterling.com,,,UK,,,immigration,trustpilot,https://www.trustpilot.com/review/northmansterling.com
,,SKK Solicitors,,,,http://skksolicitors.com,skksolicitors.com,,,UK,,,immigration,trustpilot,https://www.trustpilot.com/review/skksolicitors.com
,,Lmimmigration,,,,http://lmimmigration.co.uk,lmimmigration.co.uk,,,UK,,,immigration,trustpilot,https://www.trustpilot.com/review/lmimmigration.co.uk
,,Excellent Legal Services,,Info@excellentlegalservices.co.uk,0161 505 0502,http://excellentlegalservices.co.uk,excellentlegalservices.co.uk,Manchester,,UK,,,immigration,trustpilot,https://www.trustpilot.com/review/excellentlegalservices.co.uk
,,frenchconnectionshcb.com,,info@frenchconnectionshcb.com,+33185657498,http://frenchconnectionshcb.com,frenchconnectionshcb.com,London,,UK,,,immigration,trustpilot,https://www.trustpilot.com/review/frenchconnectionshcb.com
,,Annamaria Zeka Immigration,,enquiries@annamariazeka.com,02070500696,https://annamariazeka.com,annamariazeka.com,,,UK,,,immigration,trustpilot,https://www.trustpilot.com/review/annamariazeka.com
,,Legato,,agata@legato-law.co.uk,+44 7595915189,http://legato-law.co.uk,legato-law.co.uk,Basingstoke,,UK,,,immigration,trustpilot,https://www.trustpilot.com/review/legato-law.co.uk
,,Arkasolicitors,,enquiries@arkasolicitors.co.uk,01618200789,http://arkasolicitors.co.uk,arkasolicitors.co.uk,"Salford, Manchester",,UK,,,immigration,trustpilot,https://www.trustpilot.com/review/arkasolicitors.co.uk
,,Khurshed Law Chamber,,info@khurshedlawchamberuk.com,07828694424,http://khurshedlawchamberuk.com,khurshedlawchamberuk.com,London,,UK,,,immigration,trustpilot,https://www.trustpilot.com/review/khurshedlawchamberuk.com
,,Tyndall & Co. Limited,,be@tyndall.uk,+44 2081337722,http://tyndall.uk,tyndall.uk,London,,UK,,,immigration,trustpilot,https://www.trustpilot.com/review/tyndall.uk
,,Brownwallet,,,,https://brownwallet.co.uk,brownwallet.co.uk,,,UK,,,immigration,trustpilot,https://www.trustpilot.com/review/brownwallet.co.uk
,,UK Immigration ltd,,info@ukimmigrationltd.com,+44 7944417890,http://ukimmigrationltd.com,ukimmigrationltd.com,Birmingham,,UK,,,immigration,trustpilot,https://www.trustpilot.com/review/ukimmigrationltd.com
,,Welshdale,,info@welshdale.com,0203 514 9950,http://www.welshdale.com,welshdale.com,Sheffield,,UK,,,immigration,trustpilot,https://www.trustpilot.com/review/welshdale.com
,,Outpost Immigration,,info@outpostlaw.com,+44 7488600580,https://outpostlaw.com,outpostlaw.com,,,UK,,,immigration,trustpilot,https://www.trustpilot.com/review/outpostlaw.com
,,Yourimmigrationlawyer,,,,http://www.yourimmigrationlawyer.co.uk,yourimmigrationlawyer.co.uk,,,UK,,,immigration,trustpilot,https://www.trustpilot.com/review/www.yourimmigrationlawyer.co.uk
,,Nofrontiers,,,,http://nofrontiers.co.uk,nofrontiers.co.uk,,,UK,,,immigration,trustpilot,https://www.trustpilot.com/review/nofrontiers.co.uk
,,UKM Visa & Immigration Consultancy Ltd,,,,https://ukmvisa.co.uk,ukmvisa.co.uk,,,UK,,,immigration,trustpilot,https://www.trustpilot.com/review/ukmvisa.co.uk
,,Global Recruitment Kent,,guneet@grkent.co.uk,07984610396,http://grkent.co.uk,grkent.co.uk,Ramsgate,,UK,,,immigration,trustpilot,https://www.trustpilot.com/review/grkent.co.uk
,,Rheksolicitors,,info@rheksolicitors.co.uk,03300882219,http://rheksolicitors.co.uk,rheksolicitors.co.uk,Manchester,,UK,,,immigration,trustpilot,https://www.trustpilot.com/review/rheksolicitors.co.uk
,,Global Expat Consular,,info@globalexpat.io,+44 7441349055,http://www.globalexpat.io,globalexpat.io,London,,UK,,,immigration,trustpilot,https://www.trustpilot.com/review/globalexpat.io
,,Manuamponsah,,,,https://manuamponsah.com,manuamponsah.com,,,UK,,,immigration,trustpilot,https://www.trustpilot.com/review/manuamponsah.com
,,UK Legal and Immigration Services Limited ,,,,http://uklisl.co.uk,uklisl.co.uk,,,UK,,,immigration,trustpilot,https://www.trustpilot.com/review/uklisl.co.uk
,,Corporate immigration,,,,http://corporateimmigrationuk.com,corporateimmigrationuk.com,,,UK,,,immigration,trustpilot,https://www.trustpilot.com/review/corporateimmigrationuk.com
,,Settla Legal,,info@settlalegal.com,+44 7732778091,https://settlalegal.com,settlalegal.com,London,,UK,,,immigration,trustpilot,https://www.trustpilot.com/review/settlalegal.com
,,Westkey Legal Associates,,info@westkeylegal.com,02035350107,http://www.westkeylegal.com,westkeylegal.com,Richmond,,UK,,,immigration,trustpilot,https://www.trustpilot.com/review/westkeylegal.com
,,Immigrationsolicitors4me,,,,http://www.immigrationsolicitors4me.co.uk,immigrationsolicitors4me.co.uk,,,UK,,,immigration,trustpilot,https://www.trustpilot.com/review/www.immigrationsolicitors4me.co.uk
,,arkaslaw.co.uk,,,,http://arkaslaw.co.uk,arkaslaw.co.uk,,,,,,immigration,trustpilot,https://www.trustpilot.com/review/arkaslaw.co.uk
,,Passportia Limited,,marketing@passportia.org,02036955385,http://passportia.org,passportia.org,LONDON,,UK,,,immigration,trustpilot,https://www.trustpilot.com/review/passportia.org
Winvolved,Consultancy,Winvolved Consultancy Ltd,,team@winvolvedlegal.co.uk,03332244822,http://winvolved.co.uk,winvolved.co.uk,London,,UK,,,immigration,trustpilot,https://www.trustpilot.com/review/winvolved.co.uk
,,Sterlingshore,,,,http://www.sterlingshore.co.uk,sterlingshore.co.uk,,,UK,,,immigration,trustpilot,https://www.trustpilot.com/review/www.sterlingshore.co.uk
,,Alpha&Omega Lawyers,,info@alphaandomegalawyers.com,07424908378,http://alphaandomegalawyers.com,alphaandomegalawyers.com,London,,UK,,,immigration,trustpilot,https://www.trustpilot.com/review/alphaandomegalawyers.com
,,aneasyvisa.com,,,02071931996,http://aneasyvisa.com,aneasyvisa.com,London,,UK,,,immigration,trustpilot,https://www.trustpilot.com/review/aneasyvisa.com
,,Lloyddonnelly,,,,https://www.lloyddonnelly.co.uk,lloyddonnelly.co.uk,,,UK,,,immigration,trustpilot,https://www.trustpilot.com/review/www.lloyddonnelly.co.uk
,,Prince Visa Service,,info@princevisa.com,02077301207,https://www.princevisa.com,princevisa.com,London,,UK,5,1243,immigration,trustpilot,https://www.trustpilot.com/review/www.princevisa.com
,,EuroWin Solutions,,contact@eurowinsolutions.com,02030869209,https://eurowinsolutions.com,eurowinsolutions.com,LONDON,,UK,5,591,immigration,trustpilot,https://www.trustpilot.com/review/eurowinsolutions.com
,,Bridge Partners Immigration,,info@bridgepartnersuk.com,02033973897,https://bridgepartnersuk.com,bridgepartnersuk.com,London,,UK,4.9,133,immigration,trustpilot,https://www.trustpilot.com/review/bridgepartnersuk.com
,,AnchorLess,,contact@anchorless.io,,https://anchorless.io,anchorless.io,London,,UK,4.8,1167,immigration,trustpilot,https://www.trustpilot.com/review/anchorless.io
Farani,Taylor,Farani Taylor,,enquiries@faranitaylor.com,02072421666,https://faranitaylor.com,faranitaylor.com,London,,UK,4.8,439,immigration,trustpilot,https://www.trustpilot.com/review/faranitaylor.com
,,English Exam Centre ,,selt@englishexamcentre.com,07399722921,https://www.englishexamcentre.com/selt,englishexamcentre.com,London ,,UK,4.5,838,immigration,trustpilot,https://www.trustpilot.com/review/englishexamcentre.com
,,Move2Thai,,,,https://move2thai.com,move2thai.com,,,UK,4.2,6,immigration,trustpilot,https://www.trustpilot.com/review/move2thai.com
,,Settled Immigration Limited,,admin@settledimmigration.co.uk,+44 7777796449,https://settledimmigration.co.uk,settledimmigration.co.uk,Sandy,,UK,4,3,immigration,trustpilot,https://www.trustpilot.com/review/settledimmigration.co.uk
UK,Immigrationthways,UK Immigration Pathways ,,info@ukimmigrationpathways.co.uk,0121 812 6600,https://ukimmigrationpathways.co.uk,ukimmigrationpathways.co.uk,Birmingham,,UK,4,3,immigration,trustpilot,https://www.trustpilot.com/review/ukimmigrationpathways.co.uk
,,Chargesolutions,,,,https://chargesolutions.co.uk,chargesolutions.co.uk,,,UK,3.7,1,immigration,trustpilot,https://www.trustpilot.com/review/chargesolutions.co.uk
,,Mayfair Immigration,,hello@mayfairimmigration.co.uk,0203 468 4741,https://mayfairimmigration.co.uk,mayfairimmigration.co.uk,London,,UK,4.9,196,immigration,trustpilot,https://www.trustpilot.com/review/mayfairimmigration.co.uk
,,AMT Lawyers,,info@amtlawyers.co.uk,01254 698317,https://amtlawyers.co.uk,amtlawyers.co.uk,Blackburn,,UK,4.9,179,immigration,trustpilot,https://www.trustpilot.com/review/amtlawyers.co.uk
,,Lawlex Solicitors,,info@lawlex.co.uk,020 3432 7706,https://lawlex.co.uk,lawlex.co.uk,122 Leadenhall St,,UK,4.9,133,immigration,trustpilot,https://www.trustpilot.com/review/lawlex.co.uk
,,UK Visa Works,,info@ukvisaworks.com,08452242516,https://www.ukvisaworks.com,ukvisaworks.com,London,,UK,4.8,124,immigration,trustpilot,https://www.trustpilot.com/review/ukvisaworks.com
Westland,Mark,Westland Mark,,info@westlandmark.com,07305464777,https://westlandmark.com,westlandmark.com,London,,UK,4.8,111,immigration,trustpilot,https://www.trustpilot.com/review/westlandmark.com
,,Nexus Visas and Immigration,,immigration@nexusvisas.co.uk,0203 598 7413,https://nexusvisas.co.uk,nexusvisas.co.uk,New Malden,,UK,4.8,67,immigration,trustpilot,https://www.trustpilot.com/review/nexusvisas.co.uk
European,Odyssey,European Odyssey,,hello@europeanodyssey.com,+44 7487325199,https://europeanodyssey.com,europeanodyssey.com,London,,UK,4.8,60,immigration,trustpilot,https://www.trustpilot.com/review/praia.club
,,Queensbury,,info@thequeensburygroup.com,02070962041,https://thequeensburygroup.com,thequeensburygroup.com,Milton keynes,,UK,4.7,34,immigration,trustpilot,https://www.trustpilot.com/review/thequeensburygroup.com
,,Sortie Legal,,info@sortielegal.com,+44 7943989438,https://sortielegal.com,sortielegal.com,LONDON,,UK,4.7,28,immigration,trustpilot,https://www.trustpilot.com/review/sortielegal.com
,,GBS UK Immigration,,info@gbsimmigration.com,02392658262,http://www.gbsimmigration.com,gbsimmigration.com,Portsmouth,,UK,4.7,23,immigration,trustpilot,https://www.trustpilot.com/review/www.gbsimmigration.com
,,Y Axis UK,,info@y-axis.co.uk,+44 1253226009,https://y-axis.co.uk,y-axis.co.uk,Southampton,,UK,4.6,162,immigration,trustpilot,https://www.trustpilot.com/review/y-axis.co.uk
,,Hexedes Group Ltd,,info@hexedes.com ,,https://hexedes.com,hexedes.com,London,,UK,4.6,70,immigration,trustpilot,https://www.trustpilot.com/review/hexedes.com
Vira,International,Vira International Limited,,info@vira.co.uk,02088635811,https://www.vira.co.uk,vira.co.uk,London,,UK,4.6,27,immigration,trustpilot,https://www.trustpilot.com/review/vira.co.uk
Premier,Visas,Premier Visas,,enquiry@premiervisas.com,+44 02077887812,https://premiervisas.com,premiervisas.com,London,,UK,4.6,24,immigration,trustpilot,https://www.trustpilot.com/review/premiervisas.com
,,Coventry Street Advisors,,enquiries@coventrystreet.co.uk,+44 7458148355,https://coventrystreet.co.uk,coventrystreet.co.uk,London,,UK,4.6,18,immigration,trustpilot,https://www.trustpilot.com/review/coventrystreet.co.uk
,,Enrich Your Career Ltd,,info@enrichyourcareer.com,07898447829,https://enrichyourcareer.com,enrichyourcareer.com,,,UK,4.6,17,immigration,trustpilot,https://www.trustpilot.com/review/enrichyourcareer.com
Visa,Positive,Visa Positive,,visa@visapositive.com,,https://www.visapositive.com,visapositive.com,,,UK,4.5,72,immigration,trustpilot,https://www.trustpilot.com/review/www.visapositive.com
,,Getmynif.com,,,,https://getmynif.com,getmynif.com,,,UK,,,immigration,trustpilot,https://www.trustpilot.com/review/getmynif.com
,,Emigral,,sunny@emigral.uk,07442549908,https://emigral.uk,emigral.uk,London,,UK,4.5,13,immigration,trustpilot,https://www.trustpilot.com/review/emigral.uk
Secure,Accounts,Secure Accounts Limited,,info@secureaccountsltd.co.uk,01212852534,https://www.secureaccountsltd.co.uk,secureaccountsltd.co.uk,Birmingham,,UK,4.5,13,immigration,trustpilot,https://www.trustpilot.com/review/secureaccountsltd.co.uk
Cyprus,Citizenships,Cyprus Citizenships,,info@cypruscitizenships.com,+44 7757165715,https://cypruscitizenships.com,cypruscitizenships.com,Cardiff,,UK,4.4,19,immigration,trustpilot,https://www.trustpilot.com/review/cypruscitizenships.com
,,Linkanddaylawyers,,inquiry@linkanddaylawyers.co.uk,0044 7471 588460,http://linkanddaylawyers.co.uk,linkanddaylawyers.co.uk,London,,UK,4.4,11,immigration,trustpilot,https://www.trustpilot.com/review/linkanddaylawyers.co.uk
AFM,Greece,AFM Greece,,hello@afmgreece.com,,https://afmgreece.com,afmgreece.com,,,UK,4.3,11,immigration,trustpilot,https://www.trustpilot.com/review/afmgreece.com
,,Cypriot By Descent,,info@cypriotbydescent.co.uk,+44 7356262809,https://cypriotbydescent.co.uk,cypriotbydescent.co.uk,London,,UK,4.3,8,immigration,trustpilot,https://www.trustpilot.com/review/cypriotbydescent.co.uk
,,Fuwment,,info@fuwment.co.uk,07756967350,https://fuwment.co.uk,fuwment.co.uk,Manchester,,UK,4.3,8,immigration,trustpilot,https://www.trustpilot.com/review/fuwment.co.uk
eVisa,Comny,eVisa Company,,info@evisacompany.com,+44 7365605601,https://evisacompany.com,evisacompany.com,London,,UK,4.3,8,immigration,trustpilot,https://www.trustpilot.com/review/evisacompany.com
,,Sterling & Law Associates,,,,https://sterling-law.co.uk,sterling-law.co.uk,London,,UK,4.2,123,immigration,trustpilot,https://www.trustpilot.com/review/sterling-law.co.uk
Sterling,Migration,Sterling Migration,,admin@sterlingmigration.com,0238 212 5504,https://sterlingmigration.com,sterlingmigration.com,London,,UK,4.2,11,immigration,trustpilot,https://www.trustpilot.com/review/sterlingmigration.com
,,Lawyer 365 - Lawyers by Video App,,hello@lawyer365.co.uk,0121 274 2313,https://lawyer365.co.uk,lawyer365.co.uk,Stratford Upon Avon,,UK,4.2,8,immigration,trustpilot,https://www.trustpilot.com/review/lawyer365.co.uk
,,An Easy Visa Ltd,,info@easy-visa.co.uk,0207 193 1996,https://aneasyvisa.co.uk,aneasyvisa.co.uk,London,,UK,4.1,5,immigration,trustpilot,https://www.trustpilot.com/review/aneasyvisa.co.uk
,,Aspen Overseas Immigration ,,info@aspenoverseas.com,07946226790,http://aspenoverseas.com,aspenoverseas.com,London,,UK,4.1,5,immigration,trustpilot,https://www.trustpilot.com/review/aspenoverseas.com
Skylite,Visa,Skylite Visa,,accounts@skylitevisa.com,02080904515,https://skylitevisa.com,skylitevisa.com,London,,UK,4.1,5,immigration,trustpilot,https://www.trustpilot.com/review/skylitevisa.com
,,DOES NOT EXIST ANYMORE.,,,,https://mi-immigration-advice.com,mi-immigration-advice.com,,,UK,4.1,5,immigration,trustpilot,https://www.trustpilot.com/review/mi-immigration-advice.com
,,Irish Citizenship Helper,,hello@irishcitizenshiphelper.com,,https://irishcitizenshiphelper.com,irishcitizenshiphelper.com,,,UK,4.1,5,immigration,trustpilot,https://www.trustpilot.com/review/irishcitizenshiphelper.com
,,MVCG LAW,,info@mvcglaw.co.uk,07427677807,https://mvcglaw.co.uk,mvcglaw.co.uk,London,,UK,4,5,immigration,trustpilot,https://www.trustpilot.com/review/mvcglaw.co.uk
,,The Tax Geeks Limited,,info@thetaxgeeks.co.uk,020 4634 0444,https://thetaxgeeks.co.uk,thetaxgeeks.co.uk,London ,,UK,4,4,immigration,trustpilot,https://www.trustpilot.com/review/thetaxgeeks.co.uk
,,Guardian Immigration,,info@guardianimmigration.co.uk,07888000430,http://guardianimmigration.co.uk,guardianimmigration.co.uk,London,,UK,4,4,immigration,trustpilot,https://www.trustpilot.com/review/guardianimmigration.co.uk
,,Hextons Law LTD,,info@hextonslaw.com,01582201911,https://hextonslaw.com,hextonslaw.com,Luton,,UK,4,3,immigration,trustpilot,https://www.trustpilot.com/review/hextonslaw.com
,,HALEEMA IMMIGRATION CHAMBERS,,info@haleemachambers.co.uk,07368 366984,http://haleemachambers.co.uk,haleemachambers.co.uk,ASHFORD,,UK,4,3,immigration,trustpilot,https://www.trustpilot.com/review/haleemachambers.co.uk
,,Safebridge Immigration Services ,,info@safebridgeimmigration.co.uk,+44 7776916787,http://safebridgeimmigration.co.uk,safebridgeimmigration.co.uk,London,,UK,4,3,immigration,trustpilot,https://www.trustpilot.com/review/safebridgeimmigration.co.uk
Salmo,Visa,Salmo Visa,,amber@salmovisa.com,,https://salmovisa.com,salmovisa.com,,,UK,3.9,8,immigration,trustpilot,https://www.trustpilot.com/review/salmovisa.com
,,Migration Advice Australia,,margot@migration-advice.com,,https://migration-advice.com,migration-advice.com,Winchester,,UK,3.8,2,immigration,trustpilot,https://www.trustpilot.com/review/migration-advice.com
,,Mandarinvisa,,,,https://www.mandarinvisa.co.uk,mandarinvisa.co.uk,,,UK,3.8,2,immigration,trustpilot,https://www.trustpilot.com/review/www.mandarinvisa.co.uk
Homewise,Environmental,Homewise Environmental,,,,http://www.homewise-environmental.com,homewise-environmental.com,,,US,3.7,1,immigration,trustpilot,https://www.trustpilot.com/review/www.homewise-environmental.com
,,Global Mobility Tax Services,,info@globaltax.services,,https://www.globaltax.services,globaltax.services,London,,UK,3.7,1,immigration,trustpilot,https://www.trustpilot.com/review/globaltax.services
,,Immiggreat,,,,http://immiggreat.com,immiggreat.com,,,UK,3.7,1,immigration,trustpilot,https://www.trustpilot.com/review/immiggreat.com
,,Globalease,,info@globalease.co.uk,+44 7378160814,https://globalease.co.uk,globalease.co.uk,London,,UK,3.7,1,immigration,trustpilot,https://www.trustpilot.com/review/globalease.co.uk
,,Oceanicfinance,,,,http://oceanicfinance.uk,oceanicfinance.uk,,,UK,3.6,2,immigration,trustpilot,https://www.trustpilot.com/review/oceanicfinance.uk
,,Kewalion & Co Solicitors,,,,https://kewalion.co.uk,kewalion.co.uk,,,UK,,,immigration,trustpilot,https://www.trustpilot.com/review/kewalion.co.uk
,,BG КОНСУЛТАНТСКИ УСЛУГИ В ОБЕДИНЕНОТО КРАЛСТВО,,contact@consultantservice.co.uk,+44 7780242982,https://consultantservice.co.uk,consultantservice.co.uk,London,,UK,,,immigration,trustpilot,https://www.trustpilot.com/review/consultantservice.co.uk
,,vazirgroup.com,,,,http://www.vazirgroup.com,vazirgroup.com,,,US,3.2,4,immigration,trustpilot,https://www.trustpilot.com/review/www.vazirgroup.com
,,Metin UK Visa Solutions,,metelondon@outlook.com,07999007686,https://metinukvisa.com,metinukvisa.com,ESSEX,,UK,3,9,immigration,trustpilot,https://www.trustpilot.com/review/metinukvisa.com
,,XIPHIAS Immigration,,,,https://www.xiphiasimmigration.com,xiphiasimmigration.com,,,US,2.9,5,immigration,trustpilot,https://www.trustpilot.com/review/www.xiphiasimmigration.com
,,UK Global Visa Services,,support@ukgvs.com,+44 1172051746,https://ukgvs.com,ukgvs.com,Bristol,,UK,2.7,128,immigration,trustpilot,https://www.trustpilot.com/review/ukgvs.com
,,horizonimmigrations.com,,info@horizonimmigrations.com,+44 2038372970,https://www.horizonimmigrations.com,horizonimmigrations.com,London,,AE,2.7,4,immigration,trustpilot,https://www.trustpilot.com/review/www.horizonimmigrations.com
,,DV Solicitors,,info@dvsolicitors.com,+44 1234350244,https://dvsolicitors.com,dvsolicitors.com,Bedford,,UK,2.6,13,immigration,trustpilot,https://www.trustpilot.com/review/www.dvsolicitors.com
,,Shehzad Law Chambers Ltd,,,,http://shehzadlaw.co.uk,shehzadlaw.co.uk,,,UK,,,immigration,trustpilot,https://www.trustpilot.com/review/shehzadlaw.co.uk
,,Gya Williams Immigration,,info@gyawilliams.co.uk,0117 205 0177,http://gyawilliams.co.uk,gyawilliams.co.uk,Bristol,,UK,,,immigration,trustpilot,https://www.trustpilot.com/review/gyawilliams.co.uk
,,Simmigrate,,contact@simmigrate.com,+44 02034323219,http://simmigrate.com,simmigrate.com,London,,UK,,,immigration,trustpilot,https://www.trustpilot.com/review/simmigrate.com
,,IVS Immigration & Visa Services,,dev@ivservices.co.uk,0800 772 0820,https://www.ivservices.co.uk/contact,ivservices.co.uk,Hayes,,UK,,,immigration,trustpilot,https://www.trustpilot.com/review/ivservices.co.uk
,,evisaimmigration.com,,,,http://evisaimmigration.com,evisaimmigration.com,,,US,,,immigration,trustpilot,https://www.trustpilot.com/review/evisaimmigration.com
Nexus,Visas,Nexus Visas,,enquiries@nexusvisas.com,02086385532,http://nexusvisas.com,nexusvisas.com,London,,UK,,,immigration,trustpilot,https://www.trustpilot.com/review/nexusvisas.com
,,Petrovchik,,info@petrovchik.com,+44 7360270092,http://petrovchik.com,petrovchik.com,,,UK,,,immigration,trustpilot,https://www.trustpilot.com/review/petrovchik.com
,,Migrate,,hello@migrate.london,,http://migrate.london,migrate.london,London,,UK,,,immigration,trustpilot,https://www.trustpilot.com/review/migrate.london
,,LONDON PIONEER COLLEGE,,info@londonpioneer.co.uk,02085940036,http://londonpioneer.co.uk,londonpioneer.co.uk,Barking,,UK,,,immigration,trustpilot,https://www.trustpilot.com/review/londonpioneer.co.uk
,,N & M Immigration Lawyers,,info@nmils.com,01707707626,http://nmils.com,nmils.com,Welwyn Garden City,,UK,,,immigration,trustpilot,https://www.trustpilot.com/review/nmils.com
,,Resinaro,,resinaro@proton.me,,https://resinaro.com,resinaro.com,Leeds,,UK,,,immigration,trustpilot,https://www.trustpilot.com/review/resinaro.com
,,Eceyilmaz,,info@eceyilmaz.co.uk,+44 7933209197,https://eceyilmaz.co.uk,eceyilmaz.co.uk,London,,UK,,,immigration,trustpilot,https://www.trustpilot.com/review/eceyilmaz.co.uk
,,Goldenvisas,,,,http://www.goldenvisas.com,goldenvisas.com,,,,,,immigration,trustpilot,https://www.trustpilot.com/review/www.goldenvisas.com
,,vgandpartners.com,,,,http://www.vgandpartners.com,vgandpartners.com,,,US,,,immigration,trustpilot,https://www.trustpilot.com/review/www.vgandpartners.com
,,David Parley,,info@davidparley.co.uk,07579 566666,http://davidparley.co.uk,davidparley.co.uk,London,,UK,,,immigration,trustpilot,https://www.trustpilot.com/review/davidparley.co.uk
,,Yourdualcitizenship,,Support@yourdualcitizenship.com,,https://yourdualcitizenship.com,yourdualcitizenship.com,,,UK,,,immigration,trustpilot,https://www.trustpilot.com/review/yourdualcitizenship.com
Visa,Professionalsyers,Visa Professionals Immigration Lawyers,,,,http://visaprofessionals.com,visaprofessionals.com,London,,UK,,,immigration,trustpilot,https://www.trustpilot.com/review/visaprofessionals.com
,,Biroudeorice,,info@biroudeorice.co.uk,07505708214,http://biroudeorice.co.uk,biroudeorice.co.uk,"Edinburgh, United Kingdom",,UK,,,immigration,trustpilot,https://www.trustpilot.com/review/biroudeorice.co.uk
,,Southgatehill,,info@southgatehill.co.uk,02035769360,http://southgatehill.co.uk,southgatehill.co.uk,London,,UK,,,immigration,trustpilot,https://www.trustpilot.com/review/southgatehill.co.uk
UK,Visas,UK Visas,,,,http://ukvisas.co.uk,ukvisas.co.uk,Rudgwick,,UK,,,immigration,trustpilot,https://www.trustpilot.com/review/ukvisas.co.uk
,,Select Visa Services,,info@selectvisaservices.co.uk,01179736801,http://selectvisaservices.co.uk,selectvisaservices.co.uk,"Clifton, Bristol",,UK,,,immigration,trustpilot,https://www.trustpilot.com/review/selectvisaservices.co.uk
,,AHJ Immigration,,Hello@ahjimmigration.co.uk,01218282224,https://ahjimmigration.co.uk,ahjimmigration.co.uk,Birmingham,,UK,,,immigration,trustpilot,https://www.trustpilot.com/review/ahjimmigration.co.uk
,,Hubble Bubble - Career Counselling for Overseas Education,,jevinzac@hubblebubble.uk.com,+44 07904800485,https://hubblebubble.club,hubblebubble.club,Edinburgh,,UK,,,immigration,trustpilot,https://www.trustpilot.com/review/hubblebubble.club
