[19:24:43] Trustpilot Education Consultants Scraper
[19:24:43] Mode: FULL
[19:24:43] 
[19:24:43] === PHASE 1: Collecting business listings from category pages ===
[19:24:43] 
[19:24:43] Category: US Educational Consultant (up to 53 pages)
[19:24:43]   [Page 1/53] https://www.trustpilot.com/categories/educational_consultant
[19:24:43]     Found 36 listings, 36 new
[19:24:47]   [Page 2/53] https://www.trustpilot.com/categories/educational_consultant?page=2
[19:24:47]     Found 37 listings, 18 new
[19:24:51]   [Page 3/53] https://www.trustpilot.com/categories/educational_consultant?page=3
[19:24:52]     Found 38 listings, 19 new
[19:24:55]   [Page 4/53] https://www.trustpilot.com/categories/educational_consultant?page=4
[19:24:56]     Found 39 listings, 20 new
[19:25:01]   [Page 5/53] https://www.trustpilot.com/categories/educational_consultant?page=5
[19:25:02]     Found 38 listings, 19 new
[19:25:06]   [Page 6/53] https://www.trustpilot.com/categories/educational_consultant?page=6
[19:25:07]     Found 39 listings, 20 new
[19:25:12]   [Page 7/53] https://www.trustpilot.com/categories/educational_consultant?page=7
[19:25:13]     Found 38 listings, 18 new
[19:25:17]   [Page 8/53] https://www.trustpilot.com/categories/educational_consultant?page=8
[19:25:18]     Found 39 listings, 20 new
[19:25:22]   [Page 9/53] https://www.trustpilot.com/categories/educational_consultant?page=9
[19:25:22]     Found 38 listings, 19 new
[19:25:26]   [Page 10/53] https://www.trustpilot.com/categories/educational_consultant?page=10
[19:25:26]     Found 38 listings, 19 new
[19:25:29]   [Page 11/53] https://www.trustpilot.com/categories/educational_consultant?page=11
[19:25:31]     Found 39 listings, 20 new
[19:25:35]   [Page 12/53] https://www.trustpilot.com/categories/educational_consultant?page=12
[19:25:36]     Found 39 listings, 19 new
[19:25:40]   [Page 13/53] https://www.trustpilot.com/categories/educational_consultant?page=13
[19:25:41]     Found 39 listings, 20 new
[19:25:45]   [Page 14/53] https://www.trustpilot.com/categories/educational_consultant?page=14
[19:25:46]     Found 39 listings, 17 new
[19:25:51]   [Page 15/53] https://www.trustpilot.com/categories/educational_consultant?page=15
[19:25:52]     Found 39 listings, 20 new
[19:25:56]   [Page 16/53] https://www.trustpilot.com/categories/educational_consultant?page=16
[19:25:56]     Found 38 listings, 18 new
[19:26:00]   [Page 17/53] https://www.trustpilot.com/categories/educational_consultant?page=17
[19:26:01]     Found 39 listings, 20 new
[19:26:05]   [Page 18/53] https://www.trustpilot.com/categories/educational_consultant?page=18
[19:26:06]     Found 39 listings, 20 new
[19:26:11]   [Page 19/53] https://www.trustpilot.com/categories/educational_consultant?page=19
[19:26:11]     Found 38 listings, 16 new
[19:26:15]   [Page 20/53] https://www.trustpilot.com/categories/educational_consultant?page=20
[19:26:16]     Found 39 listings, 20 new
[19:26:19]   [Page 21/53] https://www.trustpilot.com/categories/educational_consultant?page=21
[19:26:20]     Found 39 listings, 17 new
[19:26:23]   [Page 22/53] https://www.trustpilot.com/categories/educational_consultant?page=22
[19:26:23]     Found 38 listings, 16 new
[19:26:27]   [Page 23/53] https://www.trustpilot.com/categories/educational_consultant?page=23
[19:26:27]     Found 38 listings, 19 new
[19:26:31]   [Page 24/53] https://www.trustpilot.com/categories/educational_consultant?page=24
[19:26:32]     Found 39 listings, 18 new
[19:26:37]   [Page 25/53] https://www.trustpilot.com/categories/educational_consultant?page=25
[19:26:37]     Found 39 listings, 20 new
[19:26:40]   [Page 26/53] https://www.trustpilot.com/categories/educational_consultant?page=26
[19:26:40]     Found 39 listings, 20 new
[19:26:44]   [Page 27/53] https://www.trustpilot.com/categories/educational_consultant?page=27
[19:26:45]     Found 39 listings, 20 new
[19:26:49]   [Page 28/53] https://www.trustpilot.com/categories/educational_consultant?page=28
[19:26:49]     Found 39 listings, 20 new
[19:26:52]   [Page 29/53] https://www.trustpilot.com/categories/educational_consultant?page=29
[19:26:53]     Found 39 listings, 20 new
[19:26:56]   [Page 30/53] https://www.trustpilot.com/categories/educational_consultant?page=30
[19:26:57]     Found 39 listings, 20 new
[19:27:02]   [Page 31/53] https://www.trustpilot.com/categories/educational_consultant?page=31
[19:27:03]     Found 39 listings, 20 new
[19:27:07]   [Page 32/53] https://www.trustpilot.com/categories/educational_consultant?page=32
[19:27:08]     Found 39 listings, 20 new
[19:27:12]   [Page 33/53] https://www.trustpilot.com/categories/educational_consultant?page=33
[19:27:13]     Found 39 listings, 20 new
[19:27:18]   [Page 34/53] https://www.trustpilot.com/categories/educational_consultant?page=34
[19:27:18]     Found 39 listings, 20 new
[19:27:22]   [Page 35/53] https://www.trustpilot.com/categories/educational_consultant?page=35
[19:27:23]     Found 39 listings, 15 new
[19:27:27]   [Page 36/53] https://www.trustpilot.com/categories/educational_consultant?page=36
[19:27:28]     Found 39 listings, 15 new
[19:27:33]   [Page 37/53] https://www.trustpilot.com/categories/educational_consultant?page=37
[19:27:34]     Found 39 listings, 12 new
[19:27:39]   [Page 38/53] https://www.trustpilot.com/categories/educational_consultant?page=38
[19:27:39]     Found 39 listings, 16 new
[19:27:43]   [Page 39/53] https://www.trustpilot.com/categories/educational_consultant?page=39
[19:27:44]     Found 39 listings, 14 new
[19:27:47]   [Page 40/53] https://www.trustpilot.com/categories/educational_consultant?page=40
[19:27:48]     Found 39 listings, 12 new
[19:27:53]   [Page 41/53] https://www.trustpilot.com/categories/educational_consultant?page=41
[19:27:53]     Found 39 listings, 20 new
[19:27:58]   [Page 42/53] https://www.trustpilot.com/categories/educational_consultant?page=42
[19:27:59]     Found 39 listings, 17 new
[19:28:03]   [Page 43/53] https://www.trustpilot.com/categories/educational_consultant?page=43
[19:28:04]     Found 39 listings, 16 new
[19:28:07]   [Page 44/53] https://www.trustpilot.com/categories/educational_consultant?page=44
[19:28:08]     Found 39 listings, 8 new
[19:28:12]   [Page 45/53] https://www.trustpilot.com/categories/educational_consultant?page=45
[19:28:13]     Found 39 listings, 13 new
[19:28:16]   [Page 46/53] https://www.trustpilot.com/categories/educational_consultant?page=46
[19:28:17]     Found 39 listings, 15 new
[19:28:21]   [Page 47/53] https://www.trustpilot.com/categories/educational_consultant?page=47
[19:28:21]     Found 39 listings, 15 new
[19:28:25]   [Page 48/53] https://www.trustpilot.com/categories/educational_consultant?page=48
[19:28:25]     Found 39 listings, 20 new
[19:28:29]   [Page 49/53] https://www.trustpilot.com/categories/educational_consultant?page=49
[19:28:29]     Found 39 listings, 16 new
[19:28:33]   [Page 50/53] https://www.trustpilot.com/categories/educational_consultant?page=50
[19:28:33]     Found 39 listings, 13 new
[19:28:38]   [Page 51/53] https://www.trustpilot.com/categories/educational_consultant?page=51
[19:28:38]     Found 39 listings, 16 new
[19:28:43]   [Page 52/53] https://www.trustpilot.com/categories/educational_consultant?page=52
[19:28:44]     Found 39 listings, 16 new
[19:28:47]   [Page 53/53] https://www.trustpilot.com/categories/educational_consultant?page=53
[19:28:48]     Found 32 listings, 8 new
[19:28:52]   Total from US Educational Consultant: 945 (945 new unique)
[19:28:52] 
[19:28:52] Category: US Education Services (up to 100 pages)
[19:28:52]   [Page 1/100] https://www.trustpilot.com/categories/education_services
[19:28:52]     Found 30 listings, 30 new
[19:28:55]   [Page 2/100] https://www.trustpilot.com/categories/education_services?page=2
[19:28:55]     Found 30 listings, 20 new
[19:28:59]   [Page 3/100] https://www.trustpilot.com/categories/education_services?page=3
[19:29:00]     Found 30 listings, 22 new
[19:29:04]   [Page 4/100] https://www.trustpilot.com/categories/education_services?page=4
[19:29:05]     Found 29 listings, 19 new
[19:29:08]   [Page 5/100] https://www.trustpilot.com/categories/education_services?page=5
[19:29:09]     Found 30 listings, 20 new
[19:29:13]   [Page 6/100] https://www.trustpilot.com/categories/education_services?page=6
[19:29:13]     Found 28 listings, 17 new
[19:29:16]   [Page 7/100] https://www.trustpilot.com/categories/education_services?page=7
[19:29:17]     Found 29 listings, 19 new
[19:29:21]   [Page 8/100] https://www.trustpilot.com/categories/education_services?page=8
[19:29:22]     Found 29 listings, 19 new
[19:29:27]   [Page 9/100] https://www.trustpilot.com/categories/education_services?page=9
[19:29:27]     Found 30 listings, 19 new
[19:29:32]   [Page 10/100] https://www.trustpilot.com/categories/education_services?page=10
[19:29:32]     Found 28 listings, 18 new
[19:29:37]   [Page 11/100] https://www.trustpilot.com/categories/education_services?page=11
[19:29:37]     Found 29 listings, 19 new
[19:29:40]   [Page 12/100] https://www.trustpilot.com/categories/education_services?page=12
[19:29:41]     Found 29 listings, 19 new
[19:29:44]   [Page 13/100] https://www.trustpilot.com/categories/education_services?page=13
[19:29:45]     Found 30 listings, 20 new
[19:29:48]   [Page 14/100] https://www.trustpilot.com/categories/education_services?page=14
[19:29:48]     Found 30 listings, 20 new
[19:29:53]   [Page 15/100] https://www.trustpilot.com/categories/education_services?page=15
[19:29:53]     Found 30 listings, 20 new
[19:29:58]   [Page 16/100] https://www.trustpilot.com/categories/education_services?page=16
[19:29:58]     Found 30 listings, 20 new
[19:30:02]   [Page 17/100] https://www.trustpilot.com/categories/education_services?page=17
[19:30:03]     Found 30 listings, 20 new
[19:30:07]   [Page 18/100] https://www.trustpilot.com/categories/education_services?page=18
[19:30:08]     Found 30 listings, 20 new
[19:30:11]   [Page 19/100] https://www.trustpilot.com/categories/education_services?page=19
[19:30:12]     Found 30 listings, 20 new
[19:30:16]   [Page 20/100] https://www.trustpilot.com/categories/education_services?page=20
[19:30:17]     Found 30 listings, 20 new
[19:30:21]   [Page 21/100] https://www.trustpilot.com/categories/education_services?page=21
[19:30:21]     Found 30 listings, 20 new
[19:30:25]   [Page 22/100] https://www.trustpilot.com/categories/education_services?page=22
[19:30:26]     Found 30 listings, 20 new
[19:30:30]   [Page 23/100] https://www.trustpilot.com/categories/education_services?page=23
[19:30:31]     Found 30 listings, 20 new
[19:30:35]   [Page 24/100] https://www.trustpilot.com/categories/education_services?page=24
[19:30:36]     Found 30 listings, 20 new
[19:30:39]   [Page 25/100] https://www.trustpilot.com/categories/education_services?page=25
[19:30:40]     Found 30 listings, 20 new
[19:30:44]   [Page 26/100] https://www.trustpilot.com/categories/education_services?page=26
[19:30:45]     Found 30 listings, 20 new
[19:30:50]   [Page 27/100] https://www.trustpilot.com/categories/education_services?page=27
[19:30:51]     Found 29 listings, 19 new
[19:30:55]   [Page 28/100] https://www.trustpilot.com/categories/education_services?page=28
[19:30:56]     Found 30 listings, 20 new
[19:31:00]   [Page 29/100] https://www.trustpilot.com/categories/education_services?page=29
[19:31:00]     Found 30 listings, 20 new
[19:31:04]   [Page 30/100] https://www.trustpilot.com/categories/education_services?page=30
[19:31:04]     Found 30 listings, 20 new
[19:31:09]   [Page 31/100] https://www.trustpilot.com/categories/education_services?page=31
[19:31:10]     Found 30 listings, 20 new
[19:31:13]   [Page 32/100] https://www.trustpilot.com/categories/education_services?page=32
[19:31:15]     Found 30 listings, 20 new
[19:31:18]   [Page 33/100] https://www.trustpilot.com/categories/education_services?page=33
[19:31:19]     Found 30 listings, 20 new
[19:31:23]   [Page 34/100] https://www.trustpilot.com/categories/education_services?page=34
[19:31:24]     Found 30 listings, 20 new
[19:31:27]   [Page 35/100] https://www.trustpilot.com/categories/education_services?page=35
[19:31:28]     Found 30 listings, 20 new
[19:31:31]   [Page 36/100] https://www.trustpilot.com/categories/education_services?page=36
[19:31:32]     Found 30 listings, 20 new
[19:31:37]   [Page 37/100] https://www.trustpilot.com/categories/education_services?page=37
[19:31:38]     Found 30 listings, 20 new
[19:31:41]   [Page 38/100] https://www.trustpilot.com/categories/education_services?page=38
[19:31:41]     Found 30 listings, 20 new
[19:31:46]   [Page 39/100] https://www.trustpilot.com/categories/education_services?page=39
[19:31:47]     Found 30 listings, 20 new
[19:31:50]   [Page 40/100] https://www.trustpilot.com/categories/education_services?page=40
[19:31:51]     Found 30 listings, 20 new
[19:31:54]   [Page 41/100] https://www.trustpilot.com/categories/education_services?page=41
[19:31:55]     Found 30 listings, 20 new
[19:31:59]   [Page 42/100] https://www.trustpilot.com/categories/education_services?page=42
[19:32:00]     Found 30 listings, 19 new
[19:32:03]   [Page 43/100] https://www.trustpilot.com/categories/education_services?page=43
[19:32:04]     Found 30 listings, 19 new
[19:32:08]   [Page 44/100] https://www.trustpilot.com/categories/education_services?page=44
[19:32:08]     Found 30 listings, 18 new
[19:32:12]   [Page 45/100] https://www.trustpilot.com/categories/education_services?page=45
[19:32:13]     Found 30 listings, 20 new
[19:32:18]   [Page 46/100] https://www.trustpilot.com/categories/education_services?page=46
[19:32:18]     Found 30 listings, 20 new
[19:32:22]   [Page 47/100] https://www.trustpilot.com/categories/education_services?page=47
[19:32:22]     Found 30 listings, 20 new
[19:32:26]   [Page 48/100] https://www.trustpilot.com/categories/education_services?page=48
[19:32:27]     Found 30 listings, 20 new
[19:32:32]   [Page 49/100] https://www.trustpilot.com/categories/education_services?page=49
[19:32:33]     Found 30 listings, 19 new
[19:32:38]   [Page 50/100] https://www.trustpilot.com/categories/education_services?page=50
[19:32:39]     Found 30 listings, 20 new
[19:32:42]   [Page 51/100] https://www.trustpilot.com/categories/education_services?page=51
[19:32:43]     Found 30 listings, 20 new
[19:32:46]   [Page 52/100] https://www.trustpilot.com/categories/education_services?page=52
[19:32:47]     Found 30 listings, 20 new
[19:32:51]   [Page 53/100] https://www.trustpilot.com/categories/education_services?page=53
[19:32:52]     Found 30 listings, 20 new
[19:32:56]   [Page 54/100] https://www.trustpilot.com/categories/education_services?page=54
[19:32:57]     Found 30 listings, 19 new
[19:33:00]   [Page 55/100] https://www.trustpilot.com/categories/education_services?page=55
[19:33:00]     Found 30 listings, 20 new
[19:33:04]   [Page 56/100] https://www.trustpilot.com/categories/education_services?page=56
[19:33:04]     Found 30 listings, 20 new
[19:33:09]   [Page 57/100] https://www.trustpilot.com/categories/education_services?page=57
[19:33:10]     Found 30 listings, 20 new
[19:33:15]   [Page 58/100] https://www.trustpilot.com/categories/education_services?page=58
[19:33:16]     Found 30 listings, 20 new
[19:33:20]   [Page 59/100] https://www.trustpilot.com/categories/education_services?page=59
[19:33:20]     Found 30 listings, 20 new
[19:33:23]   [Page 60/100] https://www.trustpilot.com/categories/education_services?page=60
[19:33:24]     Found 30 listings, 17 new
[19:33:29]   [Page 61/100] https://www.trustpilot.com/categories/education_services?page=61
[19:33:29]     Found 30 listings, 20 new
[19:33:34]   [Page 62/100] https://www.trustpilot.com/categories/education_services?page=62
[19:33:35]     Found 30 listings, 19 new
[19:33:39]   [Page 63/100] https://www.trustpilot.com/categories/education_services?page=63
[19:33:40]     Found 30 listings, 20 new
[19:33:44]   [Page 64/100] https://www.trustpilot.com/categories/education_services?page=64
[19:33:45]     Found 30 listings, 20 new
[19:33:49]   [Page 65/100] https://www.trustpilot.com/categories/education_services?page=65
[19:33:56]     Found 30 listings, 20 new
[19:34:00]   [Page 66/100] https://www.trustpilot.com/categories/education_services?page=66
[19:34:00]     Found 30 listings, 20 new
[19:34:04]   [Page 67/100] https://www.trustpilot.com/categories/education_services?page=67
[19:34:05]     Found 30 listings, 19 new
[19:34:09]   [Page 68/100] https://www.trustpilot.com/categories/education_services?page=68
[19:34:10]     Found 30 listings, 15 new
[19:34:15]   [Page 69/100] https://www.trustpilot.com/categories/education_services?page=69
[19:34:15]     Found 30 listings, 18 new
[19:34:20]   [Page 70/100] https://www.trustpilot.com/categories/education_services?page=70
[19:34:21]     Found 30 listings, 20 new
[19:34:26]   [Page 71/100] https://www.trustpilot.com/categories/education_services?page=71
[19:34:27]     Found 30 listings, 20 new
[19:34:30]   [Page 72/100] https://www.trustpilot.com/categories/education_services?page=72
[19:34:31]     Found 30 listings, 20 new
[19:34:35]   [Page 73/100] https://www.trustpilot.com/categories/education_services?page=73
[19:34:36]     Found 30 listings, 20 new
[19:34:56]   [Page 74/100] https://www.trustpilot.com/categories/education_services?page=74
[19:34:57]     Found 30 listings, 20 new
[19:35:01]   [Page 75/100] https://www.trustpilot.com/categories/education_services?page=75
[19:35:01]     Found 30 listings, 20 new
[19:35:06]   [Page 76/100] https://www.trustpilot.com/categories/education_services?page=76
[19:35:06]     Found 30 listings, 20 new
[19:35:10]   [Page 77/100] https://www.trustpilot.com/categories/education_services?page=77
[19:35:10]     Found 30 listings, 19 new
[19:35:14]   [Page 78/100] https://www.trustpilot.com/categories/education_services?page=78
[19:35:15]     Found 30 listings, 19 new
[19:35:18]   [Page 79/100] https://www.trustpilot.com/categories/education_services?page=79
[19:39:18]   Timeout, retrying...
[19:39:18]   Request error: socket hang up, retrying...
[19:39:21]   Request error: getaddrinfo ENOTFOUND www.trustpilot.com, retrying...
[19:39:21]   Request error: getaddrinfo ENOTFOUND www.trustpilot.com, retrying...
[19:39:24]   Request error: getaddrinfo ENOTFOUND www.trustpilot.com, retrying...
[19:39:24]   Request error: getaddrinfo ENOTFOUND www.trustpilot.com, retrying...
[19:39:27]     ERROR: getaddrinfo ENOTFOUND www.trustpilot.com
[19:39:31]   [Page 80/100] https://www.trustpilot.com/categories/education_services?page=80
[19:39:31]   Request error: getaddrinfo ENOTFOUND www.trustpilot.com, retrying...
[19:56:05]   Request error: getaddrinfo ENOTFOUND www.trustpilot.com, retrying...
[19:56:08]   Request error: getaddrinfo ENOTFOUND www.trustpilot.com, retrying...
[19:56:24]     Found 30 listings, 21 new
[19:56:28]   [Page 81/100] https://www.trustpilot.com/categories/education_services?page=81
[19:56:28]     Found 30 listings, 20 new
[19:56:32]   [Page 82/100] https://www.trustpilot.com/categories/education_services?page=82
[19:56:34]     Found 30 listings, 20 new
[19:56:38]   [Page 83/100] https://www.trustpilot.com/categories/education_services?page=83
[19:56:38]     Found 30 listings, 20 new
[19:57:06]   [Page 84/100] https://www.trustpilot.com/categories/education_services?page=84
[19:57:07]     Found 30 listings, 20 new
[19:57:11]   [Page 85/100] https://www.trustpilot.com/categories/education_services?page=85
[19:57:11]     Found 30 listings, 17 new
[19:57:16]   [Page 86/100] https://www.trustpilot.com/categories/education_services?page=86
[19:57:17]     Found 30 listings, 17 new
[19:59:29]   [Page 87/100] https://www.trustpilot.com/categories/education_services?page=87
[19:59:30]     Found 30 listings, 20 new
[19:59:33]   [Page 88/100] https://www.trustpilot.com/categories/education_services?page=88
[19:59:34]     Found 30 listings, 15 new
[19:59:39]   [Page 89/100] https://www.trustpilot.com/categories/education_services?page=89
[19:59:39]     Found 30 listings, 20 new
[19:59:44]   [Page 90/100] https://www.trustpilot.com/categories/education_services?page=90
[19:59:45]     Found 30 listings, 20 new
[19:59:49]   [Page 91/100] https://www.trustpilot.com/categories/education_services?page=91
[19:59:49]     Found 30 listings, 20 new
[19:59:54]   [Page 92/100] https://www.trustpilot.com/categories/education_services?page=92
[19:59:54]     Found 30 listings, 20 new
[19:59:59]   [Page 93/100] https://www.trustpilot.com/categories/education_services?page=93
[20:00:00]     Found 30 listings, 16 new
[20:00:04]   [Page 94/100] https://www.trustpilot.com/categories/education_services?page=94
[20:00:04]     Found 30 listings, 18 new
[20:00:08]   [Page 95/100] https://www.trustpilot.com/categories/education_services?page=95
[20:00:09]     Found 30 listings, 20 new
[20:00:13]   [Page 96/100] https://www.trustpilot.com/categories/education_services?page=96
[20:00:14]     Found 30 listings, 12 new
[20:00:19]   [Page 97/100] https://www.trustpilot.com/categories/education_services?page=97
[20:00:20]     Found 30 listings, 18 new
[20:00:23]   [Page 98/100] https://www.trustpilot.com/categories/education_services?page=98
[20:00:24]     Found 30 listings, 20 new
[20:00:28]   [Page 99/100] https://www.trustpilot.com/categories/education_services?page=99
[20:00:29]     Found 30 listings, 20 new
[20:00:34]   [Page 100/100] https://www.trustpilot.com/categories/education_services?page=100
[20:00:35]     Found 30 listings, 20 new
[20:00:38]   Total from US Education Services: 1934 (1845 new unique)
[20:00:38] 
[20:00:38] Category: UK Educational Consultant (up to 57 pages)
[20:00:38]   [Page 1/57] https://uk.trustpilot.com/categories/educational_consultant
[20:00:40]     Found 36 listings, 36 new
[20:00:43]   [Page 2/57] https://uk.trustpilot.com/categories/educational_consultant?page=2
[20:00:44]     Found 38 listings, 19 new
[20:00:48]   [Page 3/57] https://uk.trustpilot.com/categories/educational_consultant?page=3
[20:00:49]     Found 39 listings, 20 new
[20:00:52]   [Page 4/57] https://uk.trustpilot.com/categories/educational_consultant?page=4
[20:00:53]     Found 38 listings, 19 new
[20:00:57]   [Page 5/57] https://uk.trustpilot.com/categories/educational_consultant?page=5
[20:00:58]     Found 38 listings, 19 new
[20:01:02]   [Page 6/57] https://uk.trustpilot.com/categories/educational_consultant?page=6
[20:01:03]     Found 39 listings, 20 new
[20:01:07]   [Page 7/57] https://uk.trustpilot.com/categories/educational_consultant?page=7
[20:01:08]     Found 39 listings, 20 new
[20:01:13]   [Page 8/57] https://uk.trustpilot.com/categories/educational_consultant?page=8
[20:01:14]     Found 37 listings, 16 new
[20:01:19]   [Page 9/57] https://uk.trustpilot.com/categories/educational_consultant?page=9
[20:01:19]     Found 39 listings, 20 new
[20:01:23]   [Page 10/57] https://uk.trustpilot.com/categories/educational_consultant?page=10
[20:01:24]     Found 38 listings, 18 new
[20:01:27]   [Page 11/57] https://uk.trustpilot.com/categories/educational_consultant?page=11
[20:01:28]     Found 38 listings, 19 new
[20:01:31]   [Page 12/57] https://uk.trustpilot.com/categories/educational_consultant?page=12
[20:01:33]     Found 39 listings, 20 new
[20:01:38]   [Page 13/57] https://uk.trustpilot.com/categories/educational_consultant?page=13
[20:01:39]     Found 39 listings, 20 new
[20:01:42]   [Page 14/57] https://uk.trustpilot.com/categories/educational_consultant?page=14
[20:01:44]     Found 39 listings, 20 new
[20:01:48]   [Page 15/57] https://uk.trustpilot.com/categories/educational_consultant?page=15
[20:01:49]     Found 39 listings, 20 new
[20:01:53]   [Page 16/57] https://uk.trustpilot.com/categories/educational_consultant?page=16
[20:01:54]     Found 39 listings, 19 new
[20:01:59]   [Page 17/57] https://uk.trustpilot.com/categories/educational_consultant?page=17
[20:02:00]     Found 38 listings, 17 new
[20:02:03]   [Page 18/57] https://uk.trustpilot.com/categories/educational_consultant?page=18
[20:02:04]     Found 39 listings, 20 new
[20:02:09]   [Page 19/57] https://uk.trustpilot.com/categories/educational_consultant?page=19
[20:02:10]     Found 39 listings, 20 new
[20:02:15]   [Page 20/57] https://uk.trustpilot.com/categories/educational_consultant?page=20
[20:02:16]     Found 38 listings, 19 new
[20:02:20]   [Page 21/57] https://uk.trustpilot.com/categories/educational_consultant?page=21
[20:02:21]     Found 39 listings, 20 new
[20:02:25]   [Page 22/57] https://uk.trustpilot.com/categories/educational_consultant?page=22
[20:02:26]     Found 38 listings, 19 new
[20:02:31]   [Page 23/57] https://uk.trustpilot.com/categories/educational_consultant?page=23
[20:02:32]     Found 39 listings, 20 new
[20:02:36]   [Page 24/57] https://uk.trustpilot.com/categories/educational_consultant?page=24
[20:02:37]     Found 37 listings, 18 new
[20:02:40]   [Page 25/57] https://uk.trustpilot.com/categories/educational_consultant?page=25
[20:02:41]     Found 38 listings, 17 new
[20:02:46]   [Page 26/57] https://uk.trustpilot.com/categories/educational_consultant?page=26
[20:02:47]     Found 37 listings, 16 new
[20:02:50]   [Page 27/57] https://uk.trustpilot.com/categories/educational_consultant?page=27
[20:02:52]     Found 39 listings, 20 new
[20:02:55]   [Page 28/57] https://uk.trustpilot.com/categories/educational_consultant?page=28
[20:02:57]     Found 39 listings, 20 new
[20:03:00]   [Page 29/57] https://uk.trustpilot.com/categories/educational_consultant?page=29
[20:03:01]     Found 39 listings, 20 new
[20:03:05]   [Page 30/57] https://uk.trustpilot.com/categories/educational_consultant?page=30
[20:03:06]     Found 38 listings, 19 new
[20:03:10]   [Page 31/57] https://uk.trustpilot.com/categories/educational_consultant?page=31
[20:03:11]     Found 39 listings, 17 new
[20:03:14]   [Page 32/57] https://uk.trustpilot.com/categories/educational_consultant?page=32
[20:03:15]     Found 39 listings, 16 new
[20:03:18]   [Page 33/57] https://uk.trustpilot.com/categories/educational_consultant?page=33
[20:03:19]     Found 39 listings, 18 new
[20:03:22]   [Page 34/57] https://uk.trustpilot.com/categories/educational_consultant?page=34
[20:03:23]     Found 39 listings, 20 new
[20:03:27]   [Page 35/57] https://uk.trustpilot.com/categories/educational_consultant?page=35
[20:03:28]     Found 39 listings, 20 new
[20:03:32]   [Page 36/57] https://uk.trustpilot.com/categories/educational_consultant?page=36
[20:03:32]     Found 39 listings, 20 new
[20:03:37]   [Page 37/57] https://uk.trustpilot.com/categories/educational_consultant?page=37
[20:03:38]     Found 39 listings, 20 new
[20:03:43]   [Page 38/57] https://uk.trustpilot.com/categories/educational_consultant?page=38
[20:03:43]     Found 38 listings, 19 new
[20:03:48]   [Page 39/57] https://uk.trustpilot.com/categories/educational_consultant?page=39
[20:03:49]     Found 39 listings, 20 new
[20:03:53]   [Page 40/57] https://uk.trustpilot.com/categories/educational_consultant?page=40
[20:03:54]     Found 39 listings, 19 new
[20:03:59]   [Page 41/57] https://uk.trustpilot.com/categories/educational_consultant?page=41
[20:03:59]     Found 39 listings, 13 new
[20:04:04]   [Page 42/57] https://uk.trustpilot.com/categories/educational_consultant?page=42
[20:04:06]     Found 39 listings, 7 new
[20:04:10]   [Page 43/57] https://uk.trustpilot.com/categories/educational_consultant?page=43
[20:04:12]     Found 39 listings, 14 new
[20:04:15]   [Page 44/57] https://uk.trustpilot.com/categories/educational_consultant?page=44
[20:04:16]     Found 39 listings, 11 new
[20:04:20]   [Page 45/57] https://uk.trustpilot.com/categories/educational_consultant?page=45
[20:04:20]     Found 39 listings, 20 new
[20:04:24]   [Page 46/57] https://uk.trustpilot.com/categories/educational_consultant?page=46
[20:04:25]     Found 39 listings, 19 new
[20:04:29]   [Page 47/57] https://uk.trustpilot.com/categories/educational_consultant?page=47
[20:04:31]     Found 39 listings, 18 new
[20:04:35]   [Page 48/57] https://uk.trustpilot.com/categories/educational_consultant?page=48
[20:04:36]     Found 39 listings, 9 new
[20:04:40]   [Page 49/57] https://uk.trustpilot.com/categories/educational_consultant?page=49
[20:04:41]     Found 39 listings, 8 new
[20:04:46]   [Page 50/57] https://uk.trustpilot.com/categories/educational_consultant?page=50
[20:04:46]     Found 39 listings, 11 new
[20:04:50]   [Page 51/57] https://uk.trustpilot.com/categories/educational_consultant?page=51
[20:04:51]     Found 39 listings, 20 new
[20:04:55]   [Page 52/57] https://uk.trustpilot.com/categories/educational_consultant?page=52
[20:04:56]     Found 39 listings, 20 new
[20:05:00]   [Page 53/57] https://uk.trustpilot.com/categories/educational_consultant?page=53
[20:05:01]     Found 39 listings, 17 new
[20:05:04]   [Page 54/57] https://uk.trustpilot.com/categories/educational_consultant?page=54
[20:05:05]     Found 39 listings, 6 new
[20:05:09]   [Page 55/57] https://uk.trustpilot.com/categories/educational_consultant?page=55
[20:05:10]     Found 39 listings, 17 new
[20:05:14]   [Page 56/57] https://uk.trustpilot.com/categories/educational_consultant?page=56
[20:05:14]     Found 39 listings, 9 new
[20:05:18]   [Page 57/57] https://uk.trustpilot.com/categories/educational_consultant?page=57
[20:05:19]     Found 21 listings, 2 new
[20:05:23]   Total from UK Educational Consultant: 1000 (1000 new unique)
[20:05:23] 
[20:05:23] Category: UK Education Services (up to 100 pages)
[20:05:23]   [Page 1/100] https://uk.trustpilot.com/categories/education_services
[20:05:24]     Found 29 listings, 29 new
[20:05:29]   [Page 2/100] https://uk.trustpilot.com/categories/education_services?page=2
[20:05:30]     Found 30 listings, 20 new
[20:05:35]   [Page 3/100] https://uk.trustpilot.com/categories/education_services?page=3
[20:05:36]     Found 30 listings, 20 new
[20:05:40]   [Page 4/100] https://uk.trustpilot.com/categories/education_services?page=4
[20:05:40]     Found 30 listings, 20 new
[20:05:45]   [Page 5/100] https://uk.trustpilot.com/categories/education_services?page=5
[20:05:47]     Found 30 listings, 20 new
[20:05:51]   [Page 6/100] https://uk.trustpilot.com/categories/education_services?page=6
[20:05:52]     Found 28 listings, 18 new
[20:05:55]   [Page 7/100] https://uk.trustpilot.com/categories/education_services?page=7
[20:05:56]     Found 30 listings, 20 new
[20:06:00]   [Page 8/100] https://uk.trustpilot.com/categories/education_services?page=8
[20:06:01]     Found 30 listings, 20 new
[20:06:05]   [Page 9/100] https://uk.trustpilot.com/categories/education_services?page=9
[20:06:06]     Found 29 listings, 19 new
[20:06:11]   [Page 10/100] https://uk.trustpilot.com/categories/education_services?page=10
[20:06:12]     Found 30 listings, 20 new
[20:06:16]   [Page 11/100] https://uk.trustpilot.com/categories/education_services?page=11
[20:06:16]     Found 29 listings, 19 new
[20:06:20]   [Page 12/100] https://uk.trustpilot.com/categories/education_services?page=12
[20:06:22]     Found 29 listings, 19 new
[20:06:26]   [Page 13/100] https://uk.trustpilot.com/categories/education_services?page=13
[20:06:26]     Found 30 listings, 20 new
[20:06:31]   [Page 14/100] https://uk.trustpilot.com/categories/education_services?page=14
[20:06:35]     Found 30 listings, 20 new
[20:06:39]   [Page 15/100] https://uk.trustpilot.com/categories/education_services?page=15
[20:06:40]     Found 30 listings, 20 new
[20:06:45]   [Page 16/100] https://uk.trustpilot.com/categories/education_services?page=16
[20:06:47]     Found 30 listings, 20 new
[20:06:51]   [Page 17/100] https://uk.trustpilot.com/categories/education_services?page=17
[20:06:52]     Found 30 listings, 20 new
[20:06:55]   [Page 18/100] https://uk.trustpilot.com/categories/education_services?page=18
[20:06:56]     Found 30 listings, 20 new
[20:06:59]   [Page 19/100] https://uk.trustpilot.com/categories/education_services?page=19
[20:07:01]     Found 30 listings, 20 new
[20:07:06]   [Page 20/100] https://uk.trustpilot.com/categories/education_services?page=20
[20:07:07]     Found 30 listings, 20 new
[20:07:11]   [Page 21/100] https://uk.trustpilot.com/categories/education_services?page=21
[20:07:12]     Found 30 listings, 20 new
[20:07:15]   [Page 22/100] https://uk.trustpilot.com/categories/education_services?page=22
[20:07:17]     Found 30 listings, 20 new
[20:07:22]   [Page 23/100] https://uk.trustpilot.com/categories/education_services?page=23
[20:07:23]     Found 30 listings, 20 new
[20:07:27]   [Page 24/100] https://uk.trustpilot.com/categories/education_services?page=24
[20:07:28]     Found 30 listings, 21 new
[20:07:31]   [Page 25/100] https://uk.trustpilot.com/categories/education_services?page=25
[20:07:32]     Found 30 listings, 20 new
[20:07:37]   [Page 26/100] https://uk.trustpilot.com/categories/education_services?page=26
[20:07:38]     Found 29 listings, 19 new
[20:07:43]   [Page 27/100] https://uk.trustpilot.com/categories/education_services?page=27
[20:07:44]     Found 30 listings, 20 new
[20:07:49]   [Page 28/100] https://uk.trustpilot.com/categories/education_services?page=28
[20:07:49]     Found 30 listings, 20 new
[20:07:54]   [Page 29/100] https://uk.trustpilot.com/categories/education_services?page=29
[20:07:55]     Found 30 listings, 20 new
[20:08:00]   [Page 30/100] https://uk.trustpilot.com/categories/education_services?page=30
[20:08:01]     Found 30 listings, 20 new
[20:08:05]   [Page 31/100] https://uk.trustpilot.com/categories/education_services?page=31
[20:08:05]     Found 30 listings, 20 new
[20:08:09]   [Page 32/100] https://uk.trustpilot.com/categories/education_services?page=32
[20:08:10]     Found 30 listings, 20 new
[20:08:14]   [Page 33/100] https://uk.trustpilot.com/categories/education_services?page=33
[20:08:15]     Found 30 listings, 20 new
[20:08:19]   [Page 34/100] https://uk.trustpilot.com/categories/education_services?page=34
[20:08:20]     Found 30 listings, 20 new
[20:08:24]   [Page 35/100] https://uk.trustpilot.com/categories/education_services?page=35
[20:08:25]     Found 30 listings, 20 new
[20:08:28]   [Page 36/100] https://uk.trustpilot.com/categories/education_services?page=36
[20:08:29]     Found 30 listings, 20 new
[20:08:34]   [Page 37/100] https://uk.trustpilot.com/categories/education_services?page=37
[20:08:34]     Found 30 listings, 20 new
[20:08:39]   [Page 38/100] https://uk.trustpilot.com/categories/education_services?page=38
[20:08:40]     Found 30 listings, 20 new
[20:08:43]   [Page 39/100] https://uk.trustpilot.com/categories/education_services?page=39
[20:08:43]     Found 30 listings, 20 new
[20:08:47]   [Page 40/100] https://uk.trustpilot.com/categories/education_services?page=40
[20:08:48]     Found 30 listings, 19 new
[20:08:52]   [Page 41/100] https://uk.trustpilot.com/categories/education_services?page=41
[20:08:53]     Found 29 listings, 18 new
[20:08:56]   [Page 42/100] https://uk.trustpilot.com/categories/education_services?page=42
[20:08:57]     Found 29 listings, 19 new
[20:09:02]   [Page 43/100] https://uk.trustpilot.com/categories/education_services?page=43
[20:09:03]     Found 29 listings, 19 new
[20:09:07]   [Page 44/100] https://uk.trustpilot.com/categories/education_services?page=44
[20:09:08]     Found 30 listings, 20 new
[20:09:11]   [Page 45/100] https://uk.trustpilot.com/categories/education_services?page=45
[20:09:11]     Found 30 listings, 20 new
[20:09:15]   [Page 46/100] https://uk.trustpilot.com/categories/education_services?page=46
[20:09:15]     Found 30 listings, 20 new
[20:09:19]   [Page 47/100] https://uk.trustpilot.com/categories/education_services?page=47
[20:09:20]     Found 30 listings, 20 new
[20:09:23]   [Page 48/100] https://uk.trustpilot.com/categories/education_services?page=48
[20:09:24]     Found 30 listings, 20 new
[20:09:28]   [Page 49/100] https://uk.trustpilot.com/categories/education_services?page=49
[20:09:29]     Found 30 listings, 19 new
[20:09:33]   [Page 50/100] https://uk.trustpilot.com/categories/education_services?page=50
[20:09:34]     Found 30 listings, 19 new
[20:09:39]   [Page 51/100] https://uk.trustpilot.com/categories/education_services?page=51
[20:09:40]     Found 30 listings, 19 new
[20:09:43]   [Page 52/100] https://uk.trustpilot.com/categories/education_services?page=52
[20:09:45]     Found 30 listings, 18 new
[20:09:49]   [Page 53/100] https://uk.trustpilot.com/categories/education_services?page=53
[20:09:50]     Found 30 listings, 20 new
[20:09:54]   [Page 54/100] https://uk.trustpilot.com/categories/education_services?page=54
[20:09:55]     Found 30 listings, 19 new
[20:09:58]   [Page 55/100] https://uk.trustpilot.com/categories/education_services?page=55
[20:09:59]     Found 30 listings, 18 new
[20:10:03]   [Page 56/100] https://uk.trustpilot.com/categories/education_services?page=56
[20:10:03]     Found 30 listings, 18 new
[20:10:07]   [Page 57/100] https://uk.trustpilot.com/categories/education_services?page=57
[20:10:09]     Found 30 listings, 19 new
[20:10:12]   [Page 58/100] https://uk.trustpilot.com/categories/education_services?page=58
[20:10:13]     Found 30 listings, 20 new
[20:10:18]   [Page 59/100] https://uk.trustpilot.com/categories/education_services?page=59
[20:10:19]     Found 30 listings, 20 new
[20:10:24]   [Page 60/100] https://uk.trustpilot.com/categories/education_services?page=60
[20:10:25]     Found 30 listings, 20 new
[20:10:29]   [Page 61/100] https://uk.trustpilot.com/categories/education_services?page=61
[20:10:30]     Found 30 listings, 20 new
[20:10:34]   [Page 62/100] https://uk.trustpilot.com/categories/education_services?page=62
[20:10:36]     Found 30 listings, 20 new
[20:10:39]   [Page 63/100] https://uk.trustpilot.com/categories/education_services?page=63
[20:10:40]     Found 30 listings, 20 new
[20:10:45]   [Page 64/100] https://uk.trustpilot.com/categories/education_services?page=64
[20:10:45]     Found 30 listings, 20 new
[20:10:49]   [Page 65/100] https://uk.trustpilot.com/categories/education_services?page=65
[20:10:50]     Found 30 listings, 20 new
[20:10:54]   [Page 66/100] https://uk.trustpilot.com/categories/education_services?page=66
[20:10:55]     Found 30 listings, 19 new
[20:10:59]   [Page 67/100] https://uk.trustpilot.com/categories/education_services?page=67
[20:11:00]     Found 30 listings, 20 new
[20:11:05]   [Page 68/100] https://uk.trustpilot.com/categories/education_services?page=68
[20:11:06]     Found 30 listings, 19 new
[20:11:11]   [Page 69/100] https://uk.trustpilot.com/categories/education_services?page=69
[20:11:12]     Found 30 listings, 19 new
[20:11:17]   [Page 70/100] https://uk.trustpilot.com/categories/education_services?page=70
[20:11:18]     Found 30 listings, 17 new
[20:11:22]   [Page 71/100] https://uk.trustpilot.com/categories/education_services?page=71
[20:11:23]     Found 30 listings, 18 new
[20:11:27]   [Page 72/100] https://uk.trustpilot.com/categories/education_services?page=72
[20:11:27]     Found 30 listings, 20 new
[20:11:31]   [Page 73/100] https://uk.trustpilot.com/categories/education_services?page=73
[20:11:32]     Found 29 listings, 19 new
[20:11:35]   [Page 74/100] https://uk.trustpilot.com/categories/education_services?page=74
[20:11:36]     Found 30 listings, 20 new
[20:11:40]   [Page 75/100] https://uk.trustpilot.com/categories/education_services?page=75
[20:11:41]     Found 30 listings, 20 new
[20:11:44]   [Page 76/100] https://uk.trustpilot.com/categories/education_services?page=76
[20:11:45]     Found 30 listings, 20 new
[20:11:49]   [Page 77/100] https://uk.trustpilot.com/categories/education_services?page=77
[20:11:50]     Found 30 listings, 20 new
[20:11:54]   [Page 78/100] https://uk.trustpilot.com/categories/education_services?page=78
[20:11:55]     Found 30 listings, 20 new
[20:12:00]   [Page 79/100] https://uk.trustpilot.com/categories/education_services?page=79
[20:12:01]     Found 30 listings, 20 new
[20:12:05]   [Page 80/100] https://uk.trustpilot.com/categories/education_services?page=80
[20:12:07]     Found 30 listings, 20 new
[20:12:11]   [Page 81/100] https://uk.trustpilot.com/categories/education_services?page=81
[20:12:11]     Found 30 listings, 16 new
[20:12:15]   [Page 82/100] https://uk.trustpilot.com/categories/education_services?page=82
[20:12:16]     Found 30 listings, 19 new
[20:12:19]   [Page 83/100] https://uk.trustpilot.com/categories/education_services?page=83
[20:12:20]     Found 30 listings, 19 new
[20:12:23]   [Page 84/100] https://uk.trustpilot.com/categories/education_services?page=84
[20:12:24]     Found 30 listings, 19 new
[20:12:28]   [Page 85/100] https://uk.trustpilot.com/categories/education_services?page=85
[20:12:29]     Found 30 listings, 20 new
[20:12:33]   [Page 86/100] https://uk.trustpilot.com/categories/education_services?page=86
[20:12:34]     Found 30 listings, 18 new
[20:12:39]   [Page 87/100] https://uk.trustpilot.com/categories/education_services?page=87
[20:12:40]     Found 30 listings, 19 new
[20:12:44]   [Page 88/100] https://uk.trustpilot.com/categories/education_services?page=88
[20:12:45]     Found 30 listings, 20 new
[20:12:49]   [Page 89/100] https://uk.trustpilot.com/categories/education_services?page=89
[20:12:50]     Found 30 listings, 20 new
[20:12:54]   [Page 90/100] https://uk.trustpilot.com/categories/education_services?page=90
[20:12:54]     Found 30 listings, 20 new
[20:12:59]   [Page 91/100] https://uk.trustpilot.com/categories/education_services?page=91
[20:13:00]     Found 30 listings, 20 new
[20:13:05]   [Page 92/100] https://uk.trustpilot.com/categories/education_services?page=92
[20:13:06]     Found 30 listings, 20 new
[20:13:10]   [Page 93/100] https://uk.trustpilot.com/categories/education_services?page=93
[20:13:12]     Found 30 listings, 19 new
[20:13:15]   [Page 94/100] https://uk.trustpilot.com/categories/education_services?page=94
[20:13:15]     Found 30 listings, 20 new
[20:13:19]   [Page 95/100] https://uk.trustpilot.com/categories/education_services?page=95
[20:13:20]     Found 30 listings, 19 new
[20:13:25]   [Page 96/100] https://uk.trustpilot.com/categories/education_services?page=96
[20:13:25]     Found 30 listings, 18 new
[20:13:29]   [Page 97/100] https://uk.trustpilot.com/categories/education_services?page=97
[20:13:30]     Found 30 listings, 19 new
[20:13:35]   [Page 98/100] https://uk.trustpilot.com/categories/education_services?page=98
[20:13:35]     Found 30 listings, 16 new
[20:13:40]   [Page 99/100] https://uk.trustpilot.com/categories/education_services?page=99
[20:13:41]     Found 30 listings, 15 new
[20:13:45]   [Page 100/100] https://uk.trustpilot.com/categories/education_services?page=100
[20:13:45]     Found 30 listings, 20 new
[20:13:48]   Total from UK Education Services: 1955 (1841 new unique)
[20:13:48] 
[20:13:48] Phase 1 complete: 5631 unique businesses found
[20:13:48] 
[20:13:48] === PHASE 2: Scraping individual business profiles ===
[20:13:48] 
[20:13:48] Profiles to scrape: 5631
[20:13:48] 
[20:13:48] [1/5631] bemoacademicconsulting.com
[20:13:49]   OK BeMo Academic Consulting | ph:(855) 900-2366 | em:info@bemoacademicconsulting.com | 4.9* | 14004 reviews
[20:13:52] [2/5631] simpliaxis.com
[20:13:53]   OK SimpliAxis  | em:support@simpliaxis.com | 4.9* | 2855 reviews | Renton
[20:13:57] [3/5631] taxlienwealthbuilders.com
[20:13:59]   OK Tax Lien Wealth Builders | ph:(800) 366-4079 | em:support@taxlienwealthbuilders.com  | 4.9* | 1949 reviews | Las Vegas
[20:14:02] [4/5631] thematchguy.com
[20:14:04]   OK The Match Guy | em:info@thematchguy.com | 4.9* | 903 reviews | Pittsburgh
[20:14:08] [5/5631] collegewise.com
[20:14:09]   OK Collegewise | ph:(888) 648-9473 | em:info@collegewise.com | 4.9* | 554 reviews
[20:14:12] [6/5631] industryrockstar.com
[20:14:13]   OK Industry Rockstar | em:rockstarservice@industryrockstar.com | 4.9* | 460 reviews | Chandler
[20:14:17] [7/5631] divilife.com
[20:14:18]   OK Divi Life | ph:(949) 391-7696 | 4.9* | 300 reviews | Round Rock
[20:14:21] [8/5631] testingmom.com
[20:14:22]   OK TestingMom.com | ph:(877) 609-6203 | em:help@testingmom.com | 4.8* | 1709 reviews | McKinney, TX
[20:14:25] [9/5631] collegeadvisor.com
[20:14:26]   OK CollegeAdvisor.com | ph:(844) 343-6272 | em:hello@collegeadvisor.com | 4.8* | 933 reviews | New York
[20:14:30] [10/5631] motivatemd.com
[20:14:31]   OK Motivate MD | ph:(917) 994-0765 | em:admin@motivatemd.com | 4.8* | 446 reviews | Memphis
[20:14:36] [11/5631] innovatingwithai.com
[20:14:36]   OK Innovating with AI | ph:(720) 900-1030 | em:support@innovatingwithai.com | 4.8* | 112 reviews | Denver
[20:14:40] [12/5631] spiveyconsulting.com
[20:14:40]   OK Spivey Consulting Group | em:info@spiveyconsulting.com | 4.8* | 47 reviews
[20:14:45] [13/5631] owlisdom.com
[20:14:45]   OK Owlisdom | 4.8* | 39 reviews
[20:14:49] [14/5631] informingfuturedoctors.com
[20:14:50]   OK Informing Future Doctors | em:IFDinquiry@gmail.com | 4.7* | 72 reviews | Jackson
[20:14:54] [15/5631] www.shemmassianconsulting.com
[20:14:54]   OK Shemmassian Academic Consulting | ph:(877) 727-3651 | em:contact@shemmassianconsulting.com | 4.6* | 368 reviews
[20:14:58] [16/5631] egelloc.com
[20:14:59]   OK egelloC | ph:(949) 775-0865 | em:support@egelloc.com | 4.6* | 39 reviews | Irvine
[20:15:03] [17/5631] inspiraadvantage.com
[20:15:04]   OK Inspira Advantage | em:contact@inspiraadvantage.com | 4.5* | 83 reviews
[20:15:07] [18/5631] scmdojo.com
[20:15:08]   OK SCMDOJO | 4.5* | 68 reviews
[20:15:12] [19/5631] investdiva.com
[20:15:13]   OK Invest Diva | ph:(850) 750-5015 | em:support@investdiva.com | 4.4* | 403 reviews | Westport
[20:15:16] [20/5631] closing-mastery.com
[20:15:17]   OK Closing Mastery | em:info@closing-mastery.com | 3.8* | 639 reviews | montpellier
[20:15:17]   [Progress saved: 20 total leads]
[20:15:21] [21/5631] nphub.com
[20:15:22]   OK NPHub | ph:(678) 329-9029 | em:coordinator@nphub.com | 4.9* | 1198 reviews | Atlanta
[20:15:25] [22/5631] passmyexamnow.com
[20:15:25]   OK Pass My Exam Now | ph:(312) 680-2390 | em:support@passmyexamnow.com | 4.8* | 46 reviews
[20:15:29] [23/5631] www.alignerr.com
[20:15:30]   OK Alignerr | em:support@alignerr.com | 4.6* | 1773 reviews
[20:15:35] [24/5631] illyrianoptions.com
[20:15:35]   OK Badtrading.com | em:info@badtrading.com | 4.9* | 372 reviews | New York
[20:15:39] [25/5631] 8thandpoppy.com
[20:15:40]   OK 8th & Poppy | ph:(608) 218-4783 | em:support@8thandpoppy.com | 3.7* | 1 reviews
[20:15:45] [26/5631] multifamilyschooled.com
[20:15:46]   OK Multifamily Schooled | ph:(619) 903-6619 | em:support@multifamilyschooled.com | 4* | 13 reviews | la jolla
[20:15:51] [27/5631] psychologywriting.com
[20:15:51]   OK Psychologywriting | 4.5* | 14 reviews
[20:15:55] [28/5631] poweredglobal.org
[20:15:56]   OK PowerEd Global LLC | ph:(541) 707-7610 | em:info@poweredglobal.org | 3.7* | 1 reviews | north bend
[20:16:00] [29/5631] kogniora.com
[20:16:00]   OK Kogniora Global | em:info@kogniora.com | 3.7* | 1 reviews
[20:16:04] [30/5631] instrux.uz
[20:16:04]   OK Instrux | ph:+998992222238 | em:info@instrux.uz | 4* | 4 reviews | Tashkent
[20:16:08] [31/5631] edwise.yvspartners.com
[20:16:09]   OK Edwise by YVS Partners | 4.3* | 9 reviews
[20:16:12] [32/5631] bestexamhelpers.com
[20:16:13]   OK Best Exam Helpers | ph:(902) 400-5781 | em:info@bestexamhelper.com | 3.8* | 2 reviews | Hoboken
[20:16:16] [33/5631] scholarshall.sg
[20:16:16]   OK Scholars Hall | ph:(658) 091-7278 | em:info@scholarshall.sg | 4* | 4 reviews | Singapore
[20:16:21] [34/5631] mars-challenge.com
[20:16:21]   OK Mars Challenge Oficial | em:info@marschallenge.space | 3.8* | 2 reviews | madrid
[20:16:25] [35/5631] sin-av.com
[20:16:26]   OK sin-av.com | ph:0252 606 0416 | em:iletisim@sin-av.com | 4.1* | 6 reviews | Muğla
[20:16:29] [36/5631] leagueboundconsulting.com
[20:16:29]   OK Leagueboundconsulting | ph:(215) 872-8350 | em:Razihecker@leagueboundconsulting.com | 4.4* | 10 reviews
[20:16:33] [37/5631] easyfxtrading.com
[20:16:33]   OK EFX Algo | ph:(919) 348-2510 | em:support@efxalgo.com | 3.3* | 465 reviews
[20:16:37] [38/5631] crimsoneducation.org
[20:16:38]   OK Crimson Education | 4.9* | 370 reviews
[20:16:41] [39/5631] artandsuccess.com
[20:16:42]   OK ArtandSuccess.com | ph:(406) 546-8234 | em:support@artandsuccess.freshdesk.com | 4.9* | 301 reviews | Hamilton
[20:16:46] [40/5631] www.tigerwayprep.com
[20:16:47]   OK tigerwayprep.com | ph:(617) 749-8421 | em:Students@tigerwayprep.com | 4.9* | 174 reviews | Boston
[20:16:47]   [Progress saved: 40 total leads]
[20:16:50] [41/5631] quiz-easy.com
[20:16:50]   OK Quiz Easy | em:support@quiz-easy.com | 4.9* | 170 reviews | San Francisco
[20:16:55] [42/5631] collaboratedconsulting.org
[20:16:56]   OK Collaborated Consulting | em:juliana@collaboratedconsulting.org | 4.9* | 161 reviews | Broomfield
[20:17:01] [43/5631] ecgacademy.com
[20:17:01]   OK ECG Academy | ph:(844) 324-8484 | em:support@ecgacademy.com | 4.9* | 149 reviews
[20:17:06] [44/5631] collegeprepmaster.com
[20:17:07]   OK College Prep Master | ph:(786) 502-0001 | em:gabriel@collegeprepmaster.com | 4.9* | 139 reviews | Key Biscayne
[20:17:11] [45/5631] www.moamentoring.com
[20:17:12]   OK Men of Action Mentoring  | em:support@moamentoring.com | 4.9* | 139 reviews | Las Vegas
[20:17:15] [46/5631] leadersinstitute.com
[20:17:17]   OK The Leaders Institute ® Team Building | ph:(800) 872-7830 | em:info@leadersinstitute.com | 4.9* | 126 reviews | Mansfield
[20:17:21] [47/5631] www.collegetransitions.com
[20:17:21]   OK College Transitions | ph:(678) 710-3699 | em:info@collegetransitions.com | 4.9* | 123 reviews
[20:17:25] [48/5631] hrc-international.com
[20:17:26]   OK HRC International | ph:(470) 338-1889 | em:info@hrc-international.com | 4.9* | 107 reviews | Atlanta
[20:17:30] [49/5631] agilebraingroup.com
[20:17:31]   OK Agile Brain Group | 4.9* | 101 reviews
[20:17:35] [50/5631] becalia.org
[20:17:35]   OK Becalia | em:info@becalia.org | 4.9* | 97 reviews | Albuquerque
[20:17:40] [51/5631] campustocareercrossroads.com
[20:17:41]   OK Campus to Career Crossroads | ph:(724) 309-6648 | em:jason@campustocareercrossroads.com | 4.9* | 83 reviews
[20:17:44] [52/5631] classeshelp.com
[20:17:44]   OK Classeshelp | ph:(928) 769-4852 | em:support@classeshelp.com | 4.9* | 80 reviews | Maple St.
[20:17:49] [53/5631] bestcollegeaid.com
[20:17:50]   OK Best College Aid | em:info@bestcollegeaid.com | 4.9* | 77 reviews
[20:17:54] [54/5631] goldstandardcertifications.com
[20:17:55]   OK Gold Standard Certifications LLC | ph:(281) 394-1224 | em:Support@goldstandardcertifications.com | 4.8* | 836 reviews | Houston
[20:18:00] [55/5631] majorleagueprofits.com
[20:18:01]   OK Major League Profits | em:info@majorleagueprofits.com | 4.8* | 805 reviews | Tampa
[20:18:05] [56/5631] crnaschoolprepacademy.com
[20:18:05]   OK CRNA School Prep Academy | em:support@crnaschoolprepacademy.com | 4.8* | 200 reviews | Chagrin Falls
[20:18:10] [57/5631] secthebag.com
[20:18:10]   OK Secure The Bag Academy | ph:(876) 217-0337 | em:ashane@secthebag.com | 4.8* | 197 reviews | MIDDLETOWN
[20:18:14] [58/5631] accepted.com
[20:18:15]   OK Accepted | ph:(310) 815-9553 | em:support@accepted.com | 4.8* | 186 reviews
[20:18:19] [59/5631] learningstrategyanddesign.com
[20:18:20]   OK Learning Strategy & Design | 4.8* | 155 reviews
[20:18:23] [60/5631] neace.gg
[20:18:24]   OK NEACE CORPORATION | ph:(404) 236-9043 | em:neacebusiness@gmail.com | 4.8* | 151 reviews
[20:18:24]   [Progress saved: 60 total leads]
[20:18:28] [61/5631] agentsofchangeprep.com
[20:18:29]   OK Agents of Change Social Work Test Prep | em:contact@agentsofchangeprep.com | 4.8* | 132 reviews | Washington
[20:18:33] [62/5631] hundredacademy.com
[20:18:33]   OK Hundred Academy | 4.8* | 110 reviews
[20:18:37] [63/5631] gradelink.com
[20:18:38]   OK Gradelink | ph:(800) 742-3083 | em:service@gradelink.com | 4.8* | 97 reviews | Foothill Ranch
[20:18:42] [64/5631] finishmymathclass.com
[20:18:42]   OK Finish My Math Class | 4.8* | 92 reviews
[20:18:45] [65/5631] thepremedconsultants.com
[20:18:46]   OK The Premed Consultants | ph:(516) 217-0989 | em:adam@thepremedconsultants.com | 4.8* | 90 reviews | New York City
[20:18:50] [66/5631] tylerwhite.cfd
[20:18:51]   OK Tyler White Trading Club | 4.8* | 79 reviews
[20:18:56] [67/5631] damnpropfirms.com
[20:18:56]   OK Damnpropfirms | em:info@damnpropfirms.com | 4.8* | 68 reviews
[20:19:00] [68/5631] statisticsandcollegealgebratutor.com
[20:19:01]   OK domyonlineclass.org | ph:(407) 337-9199 | em:support@domyonlineclass.com | 4.8* | 67 reviews | Kissimmee
[20:19:04] [69/5631] bestonlineclasstakers.com
[20:19:05]   OK Best online class takers | ph:(510) 404-8051 | em:contact@bestonlineclasstakers.com | 4.8* | 56 reviews | Fremont
[20:19:10] [70/5631] medmatchpros.com
[20:19:10]   OK MedMatchPros | em:sales@medmatchpros.com | 4.8* | 55 reviews | Chicago 
[20:19:14] [71/5631] veterannexus.org
[20:19:14]   OK Veteran Nexus | ph:(858) 207-4010 | em:mark@veterannexus.org | 4.8* | 55 reviews | Sacramento
[20:19:19] [72/5631] nextadmit.com
[20:19:19]   OK Next Admit | em:support@nextadmit.com | 4.8* | 49 reviews
[20:19:23] [73/5631] thinkutor.com
[20:19:23]   OK Thinkutor | ph:(512) 399-8088 | 4.8* | 50 reviews | Austin
[20:19:27] [74/5631] md2bconnect.com
[20:19:27]   OK MD2B Connect | ph:(248) 595-2638 | em:info@md2bconnect.com | 4.8* | 46 reviews | Plymouth, MI
[20:19:32] [75/5631] smartloanaid.com
[20:19:33]   OK Smart Loan Aid | ph:(844) 869-5521 | em:info@smartloanaid.com | 4.8* | 45 reviews
[20:19:37] [76/5631] med-mentors.com
[20:19:38]   OK med-mentors.com | em:info@med-mentors.com | 4.8* | 44 reviews | New Orleans
[20:19:42] [77/5631] www.chaimekstein.com
[20:19:43]   OK Chaim Ekstein | em:chaim@chaimekstein.com | 4.8* | 43 reviews | Mahwah
[20:19:46] [78/5631] midtermguru.com
[20:19:46]   OK midtermguru.com | ph:(888) 409-2964 | em:support@midtermguru.com | 4.8* | 41 reviews
[20:19:51] [79/5631] ivywise.com
[20:19:51]   OK IvyWise | ph:(212) 262-3500 | em:inquiries@ivywise.com | 4.8* | 37 reviews | New York
[20:19:55] [80/5631] winsple.com
[20:19:56]   OK Winsple | ph:(888) 992-1855 | em:info@winsple.com | 4.7* | 251 reviews | Middletown
[20:19:56]   [Progress saved: 80 total leads]
[20:19:59] [81/5631] scholarlyhelp.com
[20:20:00]   OK Scholarly Help | ph:(716) 708-1869 | 4.7* | 194 reviews
[20:20:05] [82/5631] thelearningliaisons.com
[20:20:05]   OK The Learning Liaisons | ph:(407) 797-1499 | em:jampel@thelearningliaisons.com | 4.7* | 56 reviews | Longwood
[20:20:09] [83/5631] enhancedtrades.com
[20:20:09]   OK enhancedtrades.com | ph:(732) 666-5437 | em:support@enhancedtrades.com | 4.7* | 56 reviews
[20:20:13] [84/5631] www.nwsales.org
[20:20:13]   OK New World Sales | ph:(503) 850-8133 | em:admin@nwsales.org | 4.7* | 56 reviews | Hillsboro
[20:20:17] [85/5631] wespeaksocials.com
[20:20:17]   OK WSS Creator Club Academy | em:careers@wespeaksocials.com | 4.7* | 41 reviews
[20:20:21] [86/5631] viulance.com
[20:20:21]   OK StethoNurse | ph:(432) 741-5470 | em:support@stethonurse.com | 4.7* | 34 reviews | New Brighton
[20:20:25] [87/5631] blockchaininsightgroup.com
[20:20:25]   OK BIG Crypto | em:hello@blockchaininsightgroup.com | 4.7* | 32 reviews | Tampa
[20:20:30] [88/5631] hireonlineclasstakers.com
[20:20:31]   OK Hire Online Class Takers | ph:(239) 494-6660 | em:hello@hireonlineclasstakers.com | 4.7* | 32 reviews |  Norcross
[20:20:35] [89/5631] levels.fyi
[20:20:35]   OK Levels | 4.7* | 30 reviews
[20:20:39] [90/5631] invictusecommerce.com
[20:20:39]   OK INVICTUS ECOMMERCE | ph:+34611036462 | em:jose@invictusecommerce.com | 4.7* | 29 reviews | ALBUQUERQUE
[20:20:42] [91/5631] nursingessaywriting.com
[20:20:43]   OK NursingEssayWriting | ph:(888) 927-4179 | em:support@nursingessaywriting.com | 4.7* | 28 reviews
[20:20:47] [92/5631] sferya.com
[20:20:47]   OK Sferya | ph:+393491567584 | em:info@sferya.com | 4.7* | 27 reviews
[20:20:51] [93/5631] application-general.com
[20:20:52]   OK Application General | 4.7* | 27 reviews
[20:20:56] [94/5631] takeaclassforme.com
[20:20:57]   OK Take A Class For Me | ph:(657) 300-3540 | em:order@takeaclassforme.com | 4.7* | 26 reviews | New York
[20:21:01] [95/5631] designyourlife.com
[20:21:02]   OK ENTRE | ph:(844) 552-8801 | em:support@designyourlife.com | 4.6* | 1314 reviews | Las Vegas
[20:21:07] [96/5631] testmaxprep.com
[20:21:07]   OK LSATMax & BarMax | ph:(855) 483-7862 | em:info@testmaxprep.com | 4.6* | 675 reviews | Winter Park
[20:21:12] [97/5631] yocket.com
[20:21:12]   OK Yocket - Abroad Education Loans | 4.6* | 250 reviews
[20:21:16] [98/5631] www.maxoptionstrading.com
[20:21:16]   OK MaxOptionsTrading | em:max@maxoptionstrading.com | 4.6* | 193 reviews
[20:21:20] [99/5631] onlineclasseshelper.com
[20:21:21]   OK Online Classes Helper | ph:(803) 353-1978 | em:Contactus@onlineclasseshelper.com | 4.6* | 48 reviews | Crystal Lake
[20:21:24] [100/5631] www.nhsprofessionals.com
[20:21:24]   OK Nhsprofessionals | 4.6* | 45 reviews
[20:21:24]   [Progress saved: 100 total leads]
[20:21:29] [101/5631] cognivisio.com
[20:21:29]   OK CogniVisio | em:support@cognivisio.com | 4.6* | 32 reviews
[20:21:34] [102/5631] learneduco.com
[20:21:34]   OK Educo | ph:(212) 347-3210 | em:hello@learneduco.com | 4.6* | 29 reviews | New York
[20:21:38] [103/5631] www.sterlingcredentials.com
[20:21:38]   OK Sterling Credentials | ph:(888) 846-5431 | em:hello@sterlingcredentials.com | 4.6* | 28 reviews | Marble Falls
[20:21:42] [104/5631] publishingos.io
[20:21:43]   OK PublishingOS | em:contact@publishingos.io | 4.6* | 26 reviews
[20:21:47] [105/5631] superyachtsundayschool.com
[20:21:47]   OK Superyacht Sunday School | ph:(786) 318-1724 | em:info@superyachtsundayschool.com | 4.6* | 24 reviews | Miami
[20:21:52] [106/5631] adamhouat.com
[20:21:52]   OK Adam houat | 4.6* | 24 reviews
[20:21:57] [107/5631] cpptrading.com
[20:21:58]   OK CPP Trading | em:info@cpptrading.com | 4.6* | 22 reviews
[20:22:02] [108/5631] thehrlady.com
[20:22:03]   OK The HR Lady | ph:(407) 493-1582 | em:wendy@thehrlady.com | 4.6* | 22 reviews | St Petersburg
[20:22:07] [109/5631] plannerswhoprofit.com
[20:22:07]   OK Planners Who Profit | em:weddingaccelerator@gmail.com | 4.6* | 21 reviews
[20:22:11] [110/5631] nowtestprep.com
[20:22:12]   OK NOW Test Prep | ph:(862) 246-7977 | em:mylesk@alumni.stanford.edu | 4.6* | 21 reviews | Brooklyn
[20:22:17] [111/5631] obedia.com
[20:22:17]   OK OBEDIA | ph:(615) 933-6775 | em:support@obedia.com | 4.6* | 21 reviews | Nashville
[20:22:22] [112/5631] auxilium-edu.com
[20:22:22]   OK Auxilium | em:info@auxilium-edu.com | 4.6* | 20 reviews
[20:22:26] [113/5631] campusdirection.com
[20:22:26]   OK Campusdirection | 4.6* | 18 reviews
[20:22:30] [114/5631] psyculator.com
[20:22:30]   OK Psyculator | em:psyculator@gmail.com | 4.6* | 18 reviews
[20:22:33] [115/5631] proctoredexamtaker.com
[20:22:34]   OK Proctored Exam Taker | ph:(312) 878-4801 | em:info@proctoredexamtaker.com | 4.6* | 18 reviews
[20:22:38] [116/5631] manhattaneliteprep.com
[20:22:39]   OK Manhattan Elite Prep | ph:(888) 215-6269 | em:info@manhattaneliteprep.com | 4.6* | 18 reviews | New York
[20:22:43] [117/5631] proctoredexamshelp.com
[20:22:44]   OK Proctored Exams Help | ph:(602) 846-3401 | em:info@proctoredexamshelp.com | 4.6* | 17 reviews
[20:22:47] [118/5631] nextpick.io
[20:22:47]   OK NextPick.io | em:hi@nextpick.io | 4.6* | 17 reviews | Philadelphia
[20:22:52] [119/5631] jandjeducation.com
[20:22:52]   OK J&J Education | em:enquiries@jandjeducation.com | 4.6* | 17 reviews
[20:22:56] [120/5631] ivynow.org
[20:22:56]   OK IvyNow  | em:info@ivynow.org | 4.6* | 17 reviews | New York
[20:22:56]   [Progress saved: 120 total leads]
[20:23:00] [121/5631] janbasktraining.com
[20:23:01]   OK JanBask Training | ph:(202) 599-3842 | em:info@janbasktraining.com | 4.5* | 904 reviews | VA
[20:23:06] [122/5631] timetoeattrading.com
[20:23:06]   OK Time To Eat Trading | 4.5* | 124 reviews
[20:23:09] [123/5631] tradewithmenow.com
[20:23:10]   OK Trade With Me Now | 4.5* | 61 reviews
[20:23:15] [124/5631] thesdrwhisperer.com
[20:23:15]   OK The SDR Whisperer | em:dylan@thesdrwhisperers.com | 4.5* | 57 reviews | Pinellas Park
[20:23:19] [125/5631] asmsports.co
[20:23:19]   OK ASM Sports | ph:(561) 231-7197 | em:contact@asmsports.co | 4.5* | 52 reviews | West Palm Beach
[20:23:23] [126/5631] adelanteabroad.com
[20:23:23]   OK Adelante Abroad LLC | ph:(562) 799-9133 | em:info@adelanteabroad.com | 4.5* | 37 reviews | Seal Beach
[20:23:28] [127/5631] thejanitorialentrepreneur.com
[20:23:28]   OK Automated Cleaning Business LLC | ph:(203) 904-2636 | em:maria@automatedcleaningbusiness.com | 4.5* | 30 reviews | Danbury
[20:23:31] [128/5631] academic-action.com
[20:23:32]   OK Academic Action | 4.5* | 22 reviews
[20:23:36] [129/5631] studycorgi.com
[20:23:36]   OK StudyCorgi.com | em:help@studycorgi.com | 4.5* | 22 reviews
[20:23:40] [130/5631] tradersnetworkclub.com
[20:23:41]   OK Traders Network Club | 4.5* | 21 reviews | Trinity
[20:23:45] [131/5631] snapfituniforms.com
[20:23:46]   OK SnapFit | ph:(408) 365-4905 | em:info@snapfituniforms.com | 4.5* | 20 reviews | San Jose
[20:23:50] [132/5631] www.indigoresearch.org
[20:23:50]   OK Indigo Research | 4.5* | 19 reviews
[20:23:54] [133/5631] eduwriter.ai
[20:23:55]   OK EduWriter | ph:(415) 874-0204 | em:support@eduwriter.ai | 4.5* | 19 reviews
[20:23:59] [134/5631] joyfulparenting.club
[20:23:59]   OK Joyful Parenting Club by Swati Gupta | 4.5* | 17 reviews
[20:24:04] [135/5631] monamath.com
[20:24:04]   OK Mona Math | ph:(989) 621-4160 | em:hellomonamath@gmail.com | 4.5* | 17 reviews | Chicago
[20:24:08] [136/5631] papersreal.com
[20:24:09]   OK Papersreal | 4.5* | 16 reviews
[20:24:13] [137/5631] cryptomadesimple.co
[20:24:13]   OK Crypto Made Simple LLC. | ph:(484) 808-5211 | em:daniel@cryptomadesimple.co | 4.5* | 16 reviews | Philadelphia
[20:24:17] [138/5631] lsatunplugged.com
[20:24:17]   OK LSAT Unplugged | ph:(646) 657-8357 | em:help@lsatunplugged.com | 4.5* | 16 reviews | New York
[20:24:20] [139/5631] internationalbarmentors.com
[20:24:21]   OK International Bar Mentors | 4.5* | 16 reviews
[20:24:25] [140/5631] www.aringo.com
[20:24:25]   OK ARINGO MBA Admissions Consulting | ph:(503) 468-1005 | em:admin@ARINGO.com | 4.5* | 15 reviews | Atlanta
[20:24:25]   [Progress saved: 140 total leads]
[20:24:30] [141/5631] ncglobaledu.com
[20:24:30]   OK Avalon Admission  | ph:(800) 469-1028 | em:info@ncglobaledu.com | 4.5* | 15 reviews | Cambridge, MA
[20:24:35] [142/5631] thevrealm.com
[20:24:35]   OK vRealm Inc. | ph:(202) 953-3505 | em:contact@thevrealm.com | 4.5* | 14 reviews | Reston
[20:24:39] [143/5631] scaleeup.com
[20:24:39]   OK ScaleUp | em:support@scaleeup.com | 4.5* | 14 reviews
[20:24:43] [144/5631] paysomeonetotakemyonlineclassforme.com
[20:24:43]   OK Pay someone to take my online class for me | ph:(609) 697-7472 | em:contact@paysomeonetotakemyonlineclassforme.com | 4.5* | 14 reviews
[20:24:47] [145/5631] haddee.com
[20:24:48]   OK Haddee Education | ph:(858) 449-9689 | em:hello@haddee.com | 4.5* | 13 reviews | San Diego
[20:24:52] [146/5631] studentathlete.ai
[20:24:52]   OK StudentAthlete.ai | em:harrison@studentathlete.ai | 4.5* | 13 reviews
[20:24:57] [147/5631] onlineclasseshelpers.com
[20:24:58]   OK Online Classes Helpers | ph:(832) 426-2344 | em:support@onlineclasseshelpers.com | 4.5* | 13 reviews | Houston
[20:25:01] [148/5631] next-math.com
[20:25:01]   OK Next Math | ph:(347) 690-0190 | em:online@next-math.com | 4.5* | 13 reviews | New York
[20:25:06] [149/5631] jdmentors.com
[20:25:06]   OK Jdmentors | 4.5* | 13 reviews
[20:25:11] [150/5631] impactclients.co
[20:25:11]   OK Richard Yu - Setter Certification Program™  | em:support@highperformancetrain.com | 4.4* | 268 reviews | San Juan
[20:25:15] [151/5631] babysleepmadesimple.com
[20:25:15]   OK Baby Sleep Made Simple | em:support@babysleepmadesimple.com | 4.4* | 162 reviews
[20:25:19] [152/5631] estudyprofs.com
[20:25:20]   OK Estudy profs | ph:(323) 684-3012 | em:info@estudyprofs.com | 4.4* | 69 reviews | Jersey City
[20:25:23] [153/5631] realprofessors.org
[20:25:23]   OK Real Professors | ph:(404) 609-1660 | em:realprofessor@realprofessors.org | 4.4* | 52 reviews | Atlanta
[20:25:27] [154/5631] vnaya.com
[20:25:27]   OK Vnaya | ph:(678) 919-9908 | em:care@vnaya.com | 4.4* | 36 reviews | SMYRNA
[20:25:31] [155/5631] nursingpaper.com
[20:25:32]   OK Nursingpaper.com | ph:(718) 736-2941 | em:support@nursingpaper.com | 4.4* | 33 reviews
[20:25:37] [156/5631] researchexperts.in
[20:25:37]   OK Research Experts | ph:+919592898200 | em:help@researchexperts.in | 4.4* | 28 reviews | ZIRAKHPUR
[20:25:40] [157/5631] usacollegesport.com
[20:25:41]   OK USA College Sport | ph:(786) 214-2616 | em:info@usacollegesport.com | 4.4* | 18 reviews | Winchester
[20:25:44] [158/5631] pinnacle-xplore.com
[20:25:45]   OK Pinnacle Xplore - Tutoring | ph:(404) 382-0300 | em:info@pinnacle-xplore.com | 4.4* | 17 reviews | Cumming
[20:25:49] [159/5631] writinglib.com
[20:25:50]   OK Writinglib | ph:(563) 286-2226 | em:info@writinglib.com | 4.4* | 16 reviews
[20:25:54] [160/5631] fivebeforecollege.com
[20:25:54]   OK Five Before College | em:contact@fivebeforecollege.com | 4.4* | 16 reviews
[20:25:54]   [Progress saved: 160 total leads]
[20:25:58] [161/5631] accredipeoplecertifications.com
[20:25:58]   OK AccrediPeople Certifications | ph:(253) 400-8265 | em:support@accredipeoplecertifications.com | 4.4* | 15 reviews | Sheridan
[20:26:03] [162/5631] tryuniverse.com
[20:26:03]   OK Universe | em:nicolas.barone@tryuniverse.com | 4.4* | 13 reviews | Ithaca
[20:26:06] [163/5631] certvouchers.com
[20:26:07]   OK CertVouchers.com | ph:(662) 374-1460 | em:info@certvouchers.com | 4.4* | 13 reviews | www.certvouchers.com
[20:26:11] [164/5631] theukstudyexpert.com
[20:26:12]   OK The UK Study Expert | ph:(914) 383-3269 | em:info@theukstudyexpert.com | 4.4* | 13 reviews
[20:26:16] [165/5631] academiascholars.com
[20:26:17]   OK Academiascholars | 4.4* | 12 reviews
[20:26:21] [166/5631] coursedoer.com
[20:26:21]   OK Course Doer | Legit Online Class Helpers | ph:(409) 995-1287 | em:info@coursedoer.com | 4.4* | 12 reviews | Torrance
[20:26:26] [167/5631] zenjen.biz
[20:26:26]   OK ZenJen | ph:(304) 316-6510 | em:info@zenjen.biz | 4.4* | 12 reviews | Fairmont
[20:26:30] [168/5631] www.learningsupportcentre.com
[20:26:31]   OK Learning Support Centre | 4.4* | 12 reviews
[20:26:35] [169/5631] top-papers.com
[20:26:36]   OK Top-Papers | 4.4* | 11 reviews | Seattle
[20:26:40] [170/5631] rookietrades.com
[20:26:41]   OK Rookie Trades | 4.4* | 11 reviews
[20:26:45] [171/5631] victorytrainingservices.com
[20:26:45]   OK Victory Training & Consulting Services | ph:(877) 804-8946 | em:info@victorytrainingservices.com | 4.4* | 11 reviews | Richmond
[20:26:49] [172/5631] hi-qgroup.com
[20:26:49]   OK Hi-Q Group | ph:(704) 486-2200 | em:info@hi-qgroup.com | 4.4* | 11 reviews | Charlotte
[20:26:54] [173/5631] admitmd.com
[20:26:54]   OK AdmitMD Consulting | ph:(512) 693-9228 | em:success@admitmd.com | 4.4* | 11 reviews | Austin
[20:26:57] [174/5631] domyonlineexam.us.com
[20:26:57]   OK Do My Online Exam | ph:(434) 533-0265 | em:info@domyonlineexam.us.com | 4.4* | 10 reviews | Fairbanks
[20:27:02] [175/5631] takemyhesiexams.com
[20:27:03]   OK Take My HESI Exams | ph:(434) 533-0265 | em:info@takemyhesiexams.com | 4.4* | 10 reviews | Ninilchik
[20:27:07] [176/5631] fixitwithrian.com
[20:27:08]   OK Hospitality Approval Pros LLC | em:admin@fixitwithrian.com | 4.4* | 10 reviews
[20:27:11] [177/5631] killeressays.org
[20:27:11]   OK Killeressays | 4.4* | 10 reviews
[20:27:16] [178/5631] academicpaperpros.net
[20:27:16]   OK AcademicPaperPros | em:care@academicpaperpros.net | 4.4* | 10 reviews
[20:27:20] [179/5631] investwithhenry.com
[20:27:21]   OK Invest with Henry | em:uncle@investwithhenry.com | 4.3* | 341 reviews | Philadelphia
[20:27:24] [180/5631] www.preparationinfo.com
[20:27:25]   OK PreparationInfo | ph:(903) 841-5276 | em:support@preparationinfo.com | 4.3* | 77 reviews | New York
[20:27:25]   [Progress saved: 180 total leads]
[20:27:30] [181/5631] apterostrading.com
[20:27:30]   OK Apteros Trading | em:support@apterostrading.com | 4.3* | 72 reviews | Nashville
[20:27:33] [182/5631] creditcounselelite.com
[20:27:34]   OK Credit Counsel Elite | em:support@creditcounselelite.com | 4.3* | 65 reviews | San Diego
[20:27:37] [183/5631] bestparents.com
[20:27:37]   OK Best Parents | 4.3* | 41 reviews | CA
[20:27:41] [184/5631] www.pioneerwriters.com
[20:27:41]   OK Pioneer Writers | ph:(646) 980-2326 | em:team@pioneerwriters.com | 4.3* | 25 reviews | New York
[20:27:46] [185/5631] assignmentbro.com
[20:27:47]   OK AssignmentBro | ph:(844) 972-2525 | em:support@assignmentbro.com | 4.3* | 18 reviews | New York
[20:27:51] [186/5631] littlehandsbiglearning.com
[20:27:51]   OK Little Hands Big Learning LLC | em:zurisaday.decker@littlehandsbiglearning.com | 4.3* | 13 reviews | Richmond
[20:27:55] [187/5631] saralearning.com
[20:27:55]   OK Sara Learning Global | ph:(518) 577-0314 | em:info@saralearning.com | 4.3* | 11 reviews | Albany
[20:27:59] [188/5631] aliaeducation.com
[20:27:59]   OK Alia Education | 4.3* | 10 reviews
[20:28:04] [189/5631] admit-lab.com
[20:28:04]   OK The Admit Lab | em:support@admit-lab.com | 4.3* | 9 reviews | new york
[20:28:08] [190/5631] counsellingx.com
[20:28:08]   OK CounsellingX | ph:(347) 514-7316 | em:hr@mytutorsource.com | 4.3* | 9 reviews | Houston
[20:28:12] [191/5631] ignitetestprep.com
[20:28:12]   OK Ignite Test Prep | ph:(847) 660-0691 | em:souvik@ignitetestprep.com | 4.3* | 9 reviews | Palatine
[20:28:15] [192/5631] endgamexp.com
[20:28:16]   OK Endgame XP | em:contact@endgamexp.com | 4.3* | 9 reviews | Albuquerque
[20:28:20] [193/5631] freighttofreedom.com
[20:28:20]   OK Freighttofreedom | em:dtaylor@freighttofreedom.com | 4.3* | 9 reviews
[20:28:25] [194/5631] lottalingo.com
[20:28:25]   OK Lottalingo | 4.3* | 9 reviews
[20:28:29] [195/5631] acewriters.pro
[20:28:30]   OK Acewriters | em:support@acewriters.pro | 4.3* | 8 reviews
[20:28:35] [196/5631] www.thesenategroup.com
[20:28:35]   OK The Senate Group | ph:(800) 290-4621 | em:john@thesenategroup.com | 4.3* | 8 reviews | Encinitas
[20:28:40] [197/5631] hireamericannerds.com
[20:28:41]   OK Hire American Nerds | ph:(626) 323-1715 | em:info@hireamericannerds.com | 4.3* | 8 reviews
[20:28:45] [198/5631] domyonlineclass.us.com
[20:28:45]   OK Domyonlineclass Us | ph:(904) 222-8564 | em:info@domyonlineclass.us.com | 4.3* | 8 reviews
[20:28:50] [199/5631] study.eu
[20:28:50]   OK Study.EU | 4.3* | 8 reviews
[20:28:54] [200/5631] ourneuronetwork.org
[20:28:54]   OK Our Neuro Network | ph:(808) 295-4021 | em:connect@ourneuronetwork.org | 4.3* | 8 reviews | Honolulu
[20:28:54]   [Progress saved: 200 total leads]
[20:28:58] [201/5631] peakvaluetrading.club
[20:28:58]   OK Peak Value LLC | em:peakvaluetrading@gmail.com | 4.3* | 8 reviews
[20:29:03] [202/5631] examinator.review
[20:29:03]   OK Examinator.cc | 4.3* | 8 reviews
[20:29:07] [203/5631] mathsqueen.com
[20:29:08]   OK Mathsqueen | ph:+923143255645 | em:mathsqueen256@gmail.com | 4.3* | 8 reviews | New York
[20:29:12] [204/5631] kidpasstutors.com
[20:29:12]   OK KidPass Tutors | ph:(888) 841-0487 | em:info@kidpasstutors.com | 4.3* | 7 reviews | New York
[20:29:17] [205/5631] magnaeducation.ai
[20:29:18]   OK Magna Education | ph:(866) 926-2462 | em:hello@magnaeducation.ai | 4.3* | 7 reviews | San Francisco
[20:29:23] [206/5631] chubbyodds.com
[20:29:23]   OK ChubbyOdds | em:support@chubbyodds.com | 4.3* | 7 reviews
[20:29:27] [207/5631] jscareerplaybook.com
[20:29:28]   OK HireJS (Previously JSCareerPlaybook.com) | em:nate@hirejs.com | 4.3* | 7 reviews | New York
[20:29:31] [208/5631] hamidthepro.com
[20:29:32]   OK 7-Figure Agency Mindset A-Z | em:ceo@hamidthepro.com | 4.3* | 7 reviews | New York
[20:29:36] [209/5631] 7fold.io
[20:29:36]   OK 7fold | Technology Consultant for Architects | ph:(651) 746-9102 | em:interest@7fold.io | 4.3* | 7 reviews | Minneapolis
[20:29:40] [210/5631] collegehippo.com
[20:29:41]   OK CollegeHippo | 4.3* | 7 reviews
[20:29:44] [211/5631] www.admissionprep.com
[20:29:44]   OK AdmissionPrep | ph:(604) 670-5307 | em:support@admissionprep.com | 4.2* | 50 reviews | Bellingham
[20:29:49] [212/5631] brokersrecomendados.com
[20:29:49]   OK brokersrecomendados.com | 4.2* | 24 reviews
[20:29:53] [213/5631] collegesolutions.com
[20:29:53]   OK College Solutions | ph:(434) 216-8331 | em:info@collegesolutions.com | 4.2* | 24 reviews
[20:29:57] [214/5631] nursingelites.com
[20:29:57]   OK Nursing Elites | ph:(251) 245-8710 | em:info@nursingelites.com | 4.2* | 14 reviews | Chicago
[20:30:01] [215/5631] ib-pros.com
[20:30:04]   OK IB Pros | em:info@ib-pros.com | 4.2* | 12 reviews | Memphis 
[20:30:08] [216/5631] assignmentdeputy.org
[20:30:09]   OK Assignmentdeputy | ph:(936) 226-0974 | em:help@assignmentdeputy.org | 4.2* | 11 reviews | Albequerque
[20:30:12] [217/5631] writinguniverse.com
[20:30:13]   OK writinguniverse.com | ph:(888) 220-9637 | em:support@writinguniverse.com | 4.2* | 9 reviews | Wilmington
[20:30:17] [218/5631] chinalinkesl.com
[20:30:17]   OK Chinalinkesl | em:Englishteaching@Chinalinkesl.com | 4.2* | 8 reviews
[20:30:22] [219/5631] benthamadmissions.com
[20:30:22]   OK benthamadmissions.com | 4.2* | 7 reviews
[20:30:26] [220/5631] foundationalevolution.com
[20:30:27]   OK Foundational Evolution | ph:(202) 929-3438 | em:nsumpter@foundationalevolution.com | 4.2* | 7 reviews | Goose Creek
[20:30:27]   [Progress saved: 220 total leads]
[20:30:30] [221/5631] www.studentassignmentwriter.com
[20:30:31]   OK Studentassignmentwriter | 4.2* | 7 reviews
[20:30:35] [222/5631] onlinecertificationhelp.com
[20:30:35]   OK Onlinecertificationhelp | ph:(217) 575-5364 | em:info@onlinecertificationhelp.com | 4.2* | 7 reviews | Glen Rose
[20:30:39] [223/5631] iridescentmoney.com
[20:30:39]   OK Iridescent Money | em:mia@iridescentmoney.com | 4.2* | 7 reviews
[20:30:43] [224/5631] academ8.com
[20:30:43]   OK Academ8 | ph:(888) 409-2964 | em:support@academ8.com | 4.2* | 6 reviews | Wellington
[20:30:47] [225/5631] eduassistants.net
[20:30:47]   OK EduAssistants | em:care@eduassistants.net | 4.2* | 6 reviews
[20:30:50] [226/5631] growaiagency.io
[20:30:51]   OK Grow AI | ph:(786) 744-6437 | em:team@growaiagency.io | 4.3* | 7 reviews
[20:30:56] [227/5631] code3vetclaims.com
[20:30:56]   OK Code 3 Vet Claims | ph:(714) 585-0781 | em:info@code3vetclaims.com | 4.2* | 6 reviews | Cheyenne
[20:31:00] [228/5631] procoursestart.com
[20:31:00]   OK ProCourseStart | em:justin@procoursestart.com | 4.2* | 6 reviews
[20:31:03] [229/5631] homeworkbeasts.com
[20:31:04]   OK Homeworkbeasts | em:sales@homeworkbeasts.com | 4.2* | 6 reviews
[20:31:08] [230/5631] diafanomethod.com
[20:31:08]   OK Diáfano | 4.2* | 6 reviews
[20:31:13] [231/5631] www.teratutors.com
[20:31:13]   OK TeraTutors | ph:(347) 535-0913 | em:teratutorsglobal@gmail.com | 4.1* | 176 reviews
[20:31:17] [232/5631] hsatutoring.com
[20:31:18]   OK HSA Tutoring | ph:(617) 496-1506 | em:tutoring@mail.hsa.net | 4.1* | 99 reviews | Cambridge
[20:31:22] [233/5631] thewriterstree.com
[20:31:22]   OK The Writers Tree | ph:(646) 260-8437 | em:info@thewriterstree.com | 4.1* | 86 reviews | New York
[20:31:26] [234/5631] assignnmentinneed.com
[20:31:27]   OK Assignment In Need - Assignment Help | ph:07520 626128 | em:assignmentinneed@gmail.com | 4.1* | 35 reviews | London
[20:31:30] [235/5631] chariswings.com
[20:31:30]   OK chariswings.com | em:Hi@chariswings.com | 4.1* | 13 reviews | New Mexico
[20:31:34] [236/5631] commandeducation.com
[20:31:34]   OK Command Education | ph:(212) 368-1000 | em:info@comandeducation.com | 4.1* | 9 reviews
[20:31:39] [237/5631] helpwithstudies.com
[20:31:39]   OK Help With Studies | ph:(915) 229-7490 | em:support@helpwithstudies.com | 4.1* | 9 reviews | Los Angeles
[20:31:44] [238/5631] accountingtutoronline.com
[20:31:44]   OK AccountingTutorOnline.Com | ph:(647) 955-2227 | em:admin@accountingtutoronline.com | 4.1* | 9 reviews | Los Angeles
[20:31:48] [239/5631] takemyclassdone.com
[20:31:49]   OK takemyclassdone.com | ph:(214) 272-0379 | em:info@takemyclassdone.com | 4.1* | 9 reviews | Sheridan
[20:31:54] [240/5631] thescholarsediting.com
[20:31:54]   OK Scholars Professional Editing Group, LLC | ph:(302) 295-4953 | em:info@thescholarsediting.com | 4.1* | 6 reviews | Wilmington
[20:31:54]   [Progress saved: 240 total leads]
[20:31:59] [241/5631] internationalcollegecounselors.com
[20:31:59]   OK International College Counselors | 4.1* | 5 reviews
[20:32:03] [242/5631] studentspapers.com
[20:32:03]   OK Studentspapers | 4.1* | 5 reviews
[20:32:08] [243/5631] truffle.vc
[20:32:08]   OK Truffle Ventures | ph:(213) 510-1917 | em:advisory@truffle.vc | 4.1* | 5 reviews
[20:32:13] [244/5631] theschoolofbarbering.com
[20:32:13]   OK School of Barbering | em:schoolofbarbering@gmail.com | 4.1* | 5 reviews
[20:32:17] [245/5631] bycohort.com
[20:32:17]   OK Cohort | ph:(949) 415-3608 | em:info@bycohort.com | 4.1* | 5 reviews | San Juan Capistrano
[20:32:21] [246/5631] www.greatlucma.com
[20:32:21]   OK Greatlucma | ph:(518) 986-7684 | em:greatlucma@gmail.com | 4.1* | 5 reviews | Houston 
[20:32:24] [247/5631] soldautomation.com
[20:32:25]   OK Sold Automation Group | em:support@soldautomation.com | 4.1* | 5 reviews
[20:32:28] [248/5631] newyorkonlineclass.com
[20:32:29]   OK NewYork Online Class | 4.1* | 5 reviews
[20:32:32] [249/5631] blancoscholarships.com
[20:32:32]   OK BLANCO Scholarships | 4.1* | 5 reviews
[20:32:36] [250/5631] www.ultius.com
[20:32:37]   OK Ultius | 4.1* | 5 reviews | Wilmington
[20:32:42] [251/5631] 0spx.com
[20:32:42]   OK 0-SPX | 4.1* | 5 reviews
[20:32:45] [252/5631] regrow.agency
[20:32:45]   OK Regrow | ph:+5493812082696 | em:apps@regrow.academy | 4.1* | 5 reviews | Middletown
[20:32:50] [253/5631] builderlaunchpad.com
[20:32:50]   OK Builderlaunchpad | 4.1* | 5 reviews
[20:32:54] [254/5631] luxadmissions.org
[20:32:54]   OK Lux Admissions | 4.1* | 5 reviews
[20:32:58] [255/5631] personalstatementuniversity.com
[20:32:59]   OK Personal Statement University | em:branden@personalstatementuniversity.com | 4.1* | 5 reviews | Arcadia
[20:33:02] [256/5631] artisthousekey.com
[20:33:03]   OK Artist House | 4.1* | 5 reviews
[20:33:06] [257/5631] project-management-prepcast.com
[20:33:06]   OK The PM PrepCast | em:support@pm-prepcast.com | 4* | 568 reviews | Orange
[20:33:11] [258/5631] lifesaveressays.com
[20:33:12]   OK Lifesaver Essays | ph:(510) 775-1061 | em:help@lifesaveressays.com | 4* | 6 reviews | Oakland
[20:33:15] [259/5631] phdassignments.com
[20:33:16]   OK PhD Assignments | 4* | 5 reviews
[20:33:19] [260/5631] essaytreasures.com
[20:33:19]   OK Essaytreasures | 4* | 4 reviews
[20:33:19]   [Progress saved: 260 total leads]
[20:33:24] [261/5631] fastrack.school
[20:33:25]   OK Fastrack | em:info@fastrack.school | 4* | 4 reviews | Wilmington
[20:33:28] [262/5631] documentevaluation.com
[20:33:28]   OK Documentevaluation | 4* | 4 reviews
[20:33:33] [263/5631] thegmatstrategy.com
[20:33:34]   OK The GMAT® Strategy | 4* | 4 reviews
[20:33:38] [264/5631] telecapp.com
[20:33:38]   OK Telecapp | em:hola@telecapp.com | 4* | 4 reviews | Wyoming
[20:33:42] [265/5631] tsr-cr.com
[20:33:43]   OK TSR USMLE SUCCESS PROGRAM  | ph:(800) 906-2721 | em:info@tsr-cr.com | 4* | 4 reviews | Cheyenne
[20:33:47] [266/5631] trendtitanfx.com
[20:33:48]   OK Trendtitanfx | em:support@trendtitanfx.com | 4* | 4 reviews
[20:33:52] [267/5631] robifigsconsulting.com
[20:33:53]   OK RobiFigs Consulting | 4* | 4 reviews
[20:33:57] [268/5631] gotit-pro.com
[20:33:57]   OK Gotit Pro Inc. | ph:(646) 357-4585 | em:support@gotit-pro.com | 4* | 4 reviews | Sarasota
[20:34:01] [269/5631] haskelllifeskills.com
[20:34:01]   OK Haskell Life Skills | ph:(516) 732-7387 | em:arie@haskelllifeskills.com | 4* | 4 reviews | LIVINGSTON
[20:34:05] [270/5631] wellhana.com
[20:34:05]   OK Wellhana | 4* | 4 reviews
[20:34:08] [271/5631] transatlanticstudy.com
[20:34:08]   OK Transatlanticstudy | 4* | 4 reviews
[20:34:12] [272/5631] turinq.com
[20:34:13]   OK Turinq AI Question and Quiz Generator | 4* | 4 reviews
[20:34:17] [273/5631] motusinvestmentgroup.com
[20:34:17]   OK Motus Investment Group | ph:(949) 229-9292 | em:donovan@motusinvestmentgroup.com | 4* | 4 reviews | Newport Beach
[20:34:21] [274/5631] scrumdojo.io
[20:34:21]   OK Scrum Dojo | em:fawad@scrumdojo.io | Lanham
[20:34:25] [275/5631] orieladmissions.com
[20:34:25]   OK Oriel Admissions | 4* | 4 reviews
[20:34:29] [276/5631] examskit.com
[20:34:29]   OK ExamsKit | em:support@examskit.com | 4* | 4 reviews | New York
[20:34:34] [277/5631] usehighlighter.com
[20:34:34]   OK Highlighter | 4* | 4 reviews
[20:34:38] [278/5631] tryflightpal.com
[20:34:38]   OK FlightPal | em:Support@tryflightpal.com | 4* | 4 reviews
[20:34:42] [279/5631] dissertationdataanalysishelp.com
[20:34:42]   OK Dissertation Data Analysis Help | ph:(424) 285-0253 | em:support@dissertationdataanalysishelp.com | 4* | 3 reviews | New York
[20:34:47] [280/5631] getintobig4.com
[20:34:47]   OK GetIntoBig4 | em:getintobig4@gmail.com | 4* | 3 reviews | London
[20:34:47]   [Progress saved: 280 total leads]
[20:34:52] [281/5631] youngfutures.me
[20:34:52]   OK Young Futures Consulting | ph:(929) 489-0261 | em:young@youngfutures.me | 4* | 3 reviews
[20:34:56] [282/5631] jamesfrankenfield.com
[20:34:56]   OK jamesfrankenfield.com | em:tutoring@jamesfrankenfield.com | 4* | 3 reviews
[20:35:00] [283/5631] mathclasshelp.com
[20:35:02]   OK Mathclasshelp | 4* | 3 reviews
[20:35:05] [284/5631] gradeshifter.com
[20:35:06]   OK Gradeshifter | em:support@gradeshifter.com | 4* | 3 reviews | Trenton
[20:35:11] [285/5631] clickdream.ai
[20:35:11]   OK Click Dream Marketing | ph:(800) 650-0669 | em:  | 4* | 3 reviews | San diego
[20:35:15] [286/5631] superioressaywriters.org
[20:35:15]   OK Superior Essay Writers | ph:(251) 238-8943 | em:support@superioressaywriters.org | 4* | 3 reviews | Newark
[20:35:19] [287/5631] medtech360.com
[20:35:20]   OK Medtech360 | em:admin@medtech360.com | 4* | 3 reviews | Los Angeles
[20:35:24] [288/5631] madleadflow.com
[20:35:24]   OK MADLeadFlow | ph:(424) 425-1144 | em:team@hello.madleadflow.com | 4* | 3 reviews | St. Petersburg
[20:35:29] [289/5631] dentalinsiderscoop.com
[20:35:29]   OK Unlocking Dentistry: Dental Staff Prep Course | em:info@dentalstaffprep.com | 4* | 3 reviews | Parkland
[20:35:33] [290/5631] theimmigrationcompass.com
[20:35:33]   OK The Immigration Compass  | ph:(732) 318-0359 | em:info@theimmigrationcompass.com | 4* | 3 reviews | Edison
[20:35:38] [291/5631] mindfullmarkets.club
[20:35:38]   OK Mindfullmarkets | em:contact@mindfullmarkets.club | 4* | 3 reviews | Casper
[20:35:43] [292/5631] www.assuredassignmenthelp.com
[20:35:44]   OK Assuredassignmenthelp | 4* | 3 reviews
[20:35:48] [293/5631] domyessaypaper.net
[20:35:48]   OK domyessaypaper.net | ph:(307) 392-4204 | em:info@domyessaypaper.net | 4* | 3 reviews | Wyoming
[20:35:53] [294/5631] evamedadmissions.com
[20:35:53]   OK Evamed Admissions | 4* | 3 reviews
[20:35:57] [295/5631] takemyclassonline.us.com
[20:35:57]   OK Take My Class Online | ph:(256) 724-6036 | em:info@takemyclassonline.us.com | 4* | 3 reviews | San Dimas
[20:36:02] [296/5631] bestessayhelpers.com
[20:36:03]   OK Bestessayhelpers | 4* | 3 reviews
[20:36:06] [297/5631] usonlineexamhelper.com
[20:36:06]   OK US Online Exam Helper | ph:(440) 390-7287 | em:info@usonlineexamhelper.com | 4* | 3 reviews
[20:36:09] [298/5631] unlearningcoach.com
[20:36:10]   OK Unlearning Coach - Peter Hostrawser | ph:(574) 850-0305 | em:phostrawser@gmail.com | 4* | 3 reviews | BROOKFIELD
[20:36:13] [299/5631] takemyteasexam.us.com
[20:36:14]   OK Takemyteasexam Us | ph:(434) 533-0265 | em:info@takemyteasexam.us.com | Lexington
[20:36:18] [300/5631] notelix.pk
[20:36:19]   OK Notelix | 4* | 3 reviews
[20:36:19]   [Progress saved: 300 total leads]
[20:36:23] [301/5631] drwritemyessay.com
[20:36:23]   OK Drwritemyessay | 4* | 3 reviews
[20:36:27] [302/5631] discover-core.com
[20:36:27]   OK DiscoverCore | ph:(301) 257-6862 | em:jack@discover-core.com | 4* | 3 reviews | Baltimore
[20:36:30] [303/5631] domystudies.com
[20:36:31]   OK Do My Studies | ph:(609) 445-4185 | em:support@domystudies.com | 4* | 3 reviews | Syracuse
[20:36:34] [304/5631] intellect-masters-logbe.zensmb.com
[20:36:34]   OK Intellect Masters | em:jfeldman@intellectmasters.net | 4* | 3 reviews | Henrico
[20:36:38] [305/5631] fellowshippersonalstatements.com
[20:36:38]   OK fellowshippersonalstatements.com | 4* | 3 reviews
[20:36:41] [306/5631] roadmap2residency.com
[20:36:42]   OK Roadmap to Residency | ph:(312) 262-3629 | em:info@roadmap2residency.com | 4* | 3 reviews
[20:36:46] [307/5631] agencyscalingskool.com
[20:36:47]   OK Agency Scaling Skool | em:support@agencyscalingskool.com | 3.9* | 15 reviews
[20:36:51] [308/5631] publicationexperts.com
[20:36:51]   OK Publication Experts | 3.9* | 14 reviews
[20:36:56] [309/5631] cryptochampion.de
[20:36:56]   OK cryptochampion.de | ph:+584120953002 | em:tim@margarita.marketing | 3.9* | 11 reviews | Weston Florida
[20:37:00] [310/5631] itexamcertified.com
[20:37:00]   OK ITExamCertified | em:Support@itexamcertified.com | 3.9* | 11 reviews | San Rafael
[20:37:05] [311/5631] perfectessaywriting.com
[20:37:05]   OK Perfect Essay Writing | ph:(888) 679-1477 | em:info@perfectessaywriting.com | 3.9* | 6 reviews
[20:37:08] [312/5631] smteon.com
[20:37:09]   OK Smteon | em:info@smteon.com | 3.9* | 6 reviews
[20:37:12] [313/5631] smartwrite.net
[20:37:12]   OK SmartWrite.net | 3.9* | 4 reviews
[20:37:17] [314/5631] sidetrain.com
[20:37:17]   OK Sidetrain | 3.9* | 4 reviews
[20:37:21] [315/5631] artursharifov.com
[20:37:21]   OK Artur Sharifov | em:artursharifovcourse@gmail.com | 3.9* | 4 reviews
[20:37:25] [316/5631] takemycoursenow.com
[20:37:26]   OK Takemycoursenow | 3.9* | 3 reviews
[20:37:30] [317/5631] 1500sat.com
[20:37:30]   OK 1500SAT.com | em:contact@1500sat.com | 3.9* | 3 reviews
[20:37:34] [318/5631] essaymarket.net
[20:37:35]   OK Essaymarket | ph:(888) 409-2964 | em:support@essaymarket.net | 3.8* | 46 reviews
[20:37:39] [319/5631] investorsacademy.org
[20:37:40]   OK Investors Academy | em:support@investorsacademy.org | 3.8* | 43 reviews
[20:37:45] [320/5631] shl.com
[20:37:45]   OK SHL | 3.8* | 41 reviews
[20:37:45]   [Progress saved: 320 total leads]
[20:37:50] [321/5631] skillograph.com
[20:37:50]   OK Skillograph | em:help@skillograph.com | 3.8* | 34 reviews | Wilmington
[20:37:54] [322/5631] terawatt.co
[20:37:54]   OK Terawatt | ph:(800) 370-7574 | em:Hello@goterawatt.co | 3.8* | 16 reviews | Stamford
[20:37:58] [323/5631] deweysmart.com
[20:37:59]   OK  DeweySmart: Ivy League Tutors & College Counselors | 3.8* | 15 reviews
[20:38:03] [324/5631] synergizegrowth.com
[20:38:04]   OK Synergizegrowth | ph:(325) 309-2329 | em:tony@synergizegrowth.com | 3.8* | 12 reviews | Middletown
[20:38:07] [325/5631] learnexus.com
[20:38:07]   OK Learnexus | ph:(888) 450-2940 | em:hello@learnexus.com | 3.8* | 11 reviews | New York
[20:38:11] [326/5631] americanclassexpert.com
[20:38:11]   OK Americanclassexpert | 3.8* | 7 reviews
[20:38:16] [327/5631] tradelinescore.com
[20:38:16]   OK Tradeline Score | 3.8* | 5 reviews
[20:38:20] [328/5631] educatorgwen.com
[20:38:21]   OK Educator Gwen; GA Educational Services | ph:(314) 227-9891 | em:educatorgwen@gmail.com | 3.8* | 2 reviews | Bridgeton
[20:38:25] [329/5631] christinamontsma.com
[20:38:25]   OK Christina Montsma Consulting & Research LLC | em:transform.chiron@gmail.com | 3.8* | 2 reviews | Ripon
[20:38:30] [330/5631] pharmalearner.com
[20:38:30]   OK Pharmalearner A Step Towards Job | ph:(781) 483-4964 | em:ashish@pharmalearner.com | 3.8* | 2 reviews | Charlestown
[20:38:35] [331/5631] certscope.com
[20:38:35]   OK Certscope | em:support@certscope.com | 3.8* | 2 reviews | New York
[20:38:39] [332/5631] essaysthatworked.com
[20:38:40]   OK Essays That Worked | ph:(323) 739-5661 | em:admin@essaysthatworked.com | 3.8* | 2 reviews
[20:38:44] [333/5631] vivedlearning.com
[20:38:45]   OK VIVED | ph:(319) 471-2515 | em:tom@vivedlearning.com | 3.8* | 2 reviews | Coralville
[20:38:48] [334/5631] getbitprofits.com
[20:38:49]   OK BitProfits | em:info@getbitprofits.com | 3.8* | 2 reviews
[20:38:53] [335/5631] solutionessays.com
[20:38:54]   OK solutionessays.com | 3.8* | 2 reviews
[20:38:59] [336/5631] awesome-tutors.com
[20:38:59]   OK Awesome Tutors | ph:(619) 848-3992 | em:support@awesome-tutors.com | 3.8* | 2 reviews | San Diego
[20:39:03] [337/5631] promptacular.ai
[20:39:03]   OK Promptacular | 3.8* | 2 reviews
[20:39:08] [338/5631] helpwithmyclasses.com
[20:39:08]   OK Helpwithmyclasses | 3.8* | 2 reviews
[20:39:12] [339/5631] helpinonlineexam.com
[20:39:13]   OK Help In Online Exam | 3.8* | 2 reviews
[20:39:16] [340/5631] myinstantessay.com
[20:39:16]   OK Myinstantessay | ph:(646) 980-5641 | em:order@myinstantessay.com | 3.8* | 2 reviews | New York City
[20:39:16]   [Progress saved: 340 total leads]
[20:39:21] [341/5631] nursingcapstone.net
[20:39:21]   OK Nursingcapstone | 3.8* | 2 reviews
[20:39:26] [342/5631] www.topadmit.com
[20:39:26]   OK Top Admit | 3.8* | 2 reviews
[20:39:30] [343/5631] solvemeet.com
[20:39:30]   OK online advisor | 3.8* | 2 reviews
[20:39:35] [344/5631] eddminister.com
[20:39:35]   OK Eddminister | em:shondell.james@eddminister.com | 3.8* | 2 reviews | Dix Hills
[20:39:39] [345/5631] www.aceressays.com
[20:39:39]   OK Aceressays | 3.8* | 2 reviews
[20:39:44] [346/5631] professorcity.com
[20:39:44]   OK Professor City LLC | 3.8* | 2 reviews | West Saint Paul
[20:39:48] [347/5631] expertcoursehelp.com
[20:39:48]   OK Expert Course Help | ph:(512) 598-0171 | em:info@expertcoursehelp.com | 3.8* | 2 reviews
[20:39:52] [348/5631] findarotation.com
[20:39:52]   OK Findarotation | ph:(702) 530-9336 | em:support@findarotation.com | 3.8* | 2 reviews | Sebastian
[20:39:57] [349/5631] www.thebrightscholarship.com
[20:39:57]   OK thebrightscholarship.com | 3.8* | 2 reviews
[20:40:00] [350/5631] applyboard.com
[20:40:00]   OK ApplyBoard | 3.8* | 2 reviews
[20:40:05] [351/5631] domyclassforme.us.com
[20:40:06]   OK Do My Class For Me | ph:(434) 533-0265 | em:reviews@domyclassforme.us.com | 3.8* | 2 reviews | Garden Grove
[20:40:10] [352/5631] residencylor.com
[20:40:10]   OK Residencylor | 3.8* | 2 reviews
[20:40:13] [353/5631] grindtestprep.com
[20:40:14]   OK The Grind Test Prep | em:info@grindtestprep.com | 3.8* | 2 reviews
[20:40:17] [354/5631] thesiswriting.org
[20:40:17]   OK thesiswriting.org | 3.8* | 2 reviews
[20:40:21] [355/5631] eduhelpers.co.uk
[20:40:21]   OK Eduhelpers | 3.8* | 2 reviews
[20:40:25] [356/5631] essay-writing.co.uk
[20:40:27]   OK Cheap Essay Writing UK | 3.8* | 2 reviews
[20:40:30] [357/5631] onlinequizhelp.com
[20:40:30]   OK OnlineQuizHelp.com | 3.8* | 2 reviews
[20:40:33] [358/5631] tinkermenlottoreportforum.com
[20:40:34]   OK Tinkermen Lotto Report | ph:(714) 602-1025 | em:tinkermenforum@tinkermenlottoreport.com | 3.8* | 2 reviews | Orange
[20:40:37] [359/5631] www.globalimmigrationhelp.com
[20:40:38]   OK globalimmigrationhelp.com | 3.8* | 2 reviews
[20:40:42] [360/5631] startmyonlineclass.com
[20:40:42]   OK Start My Online Class | 3.8* | 2 reviews
[20:40:42]   [Progress saved: 360 total leads]
[20:40:45] [361/5631] simu.mba
[20:40:46]   OK Simu | em:help@simu.mba | 3.8* | 2 reviews
[20:40:49] [362/5631] aceyouronlineexam.com
[20:40:49]   OK Ace your online exam | ph:(210) 692-4565 | em:info@aceyouronlineexam.com | 3.8* | 2 reviews
[20:40:54] [363/5631] ghostwritingway.com
[20:40:54]   OK Ghost Writing Way | ph:(619) 354-4921 | em:support@ghostwritingway.com | 3.8* | 2 reviews | New York City
[20:40:58] [364/5631] assignmenthelpcenter.com
[20:40:58]   OK Assignment Help Center | ph:(307) 205-7358 | em:info@assignmenthelpcenter.com | 3.8* | 2 reviews | Sheridan
[20:41:03] [365/5631] saurelius.net
[20:41:04]   OK Saurelius | em:josiah@saurelius.net | 3.8* | 2 reviews
[20:41:08] [366/5631] abchomeworkhelp.com
[20:41:08]   OK Abc homework help | ph:(323) 739-5678 | em:info@abchomeworkhelp.com | 3.8* | 2 reviews | texas
[20:41:12] [367/5631] kyostandard.com
[20:41:13]   OK Kyostandard | ph:(619) 602-1517 | em:info@kyostandard.com | 3.8* | 2 reviews | San Diego
[20:41:16] [368/5631] onlineacademichelper.com
[20:41:16]   OK Online Academic Helper | 3.8* | 2 reviews
[20:41:20] [369/5631] committedwriters.com
[20:41:21]   OK Committedwriters | 3.8* | 2 reviews
[20:41:25] [370/5631] edudorm.com
[20:41:25]   OK Edudorm | 3.8* | 2 reviews
[20:41:30] [371/5631] eduowl.pro
[20:41:30]   OK Eduowl | ph:(818) 201-2802 | em:support@eduowl.pro
[20:41:33] [372/5631] academicexperts.com
[20:41:33]   OK Academic Experts | ph:(877) 751-6832 | em:info@academicexperts.com | 3.7* | 6 reviews | New York
[20:41:38] [373/5631] accountingassignmenthelper.com
[20:41:38]   OK Accountingassignmenthelper | 3.7* | 4 reviews
[20:41:42] [374/5631] bestcustomwriters.com
[20:41:43]   OK bestcustomwriters.com | 3.7* | 4 reviews
[20:41:47] [375/5631] unive.ai
[20:41:48]   OK Unive.ai | em:support@unive.ai | 3.7* | 3 reviews
[20:41:52] [376/5631] takeyourclassonline.com
[20:41:53]   OK takeyourclassonline.com | 3.7* | 2 reviews
[20:41:56] [377/5631] learningtoday.net
[20:41:57]   OK Learningtoday | em:info@learningtoday.net | 3.7* | 2 reviews | New York
[20:42:00] [378/5631] bluenurses.com
[20:42:00]   OK Bluenurses | ph:(908) 741-1750 | em:support@bluenurses.com | 3.7* | 2 reviews | Miami
[20:42:04] [379/5631] smartacademicwriting.com
[20:42:04]   OK Smartacademicwriting | ph:(209) 264-9702 | em:support@smartacademicwriting.com | 3.7* | 2 reviews | Middletown
[20:42:08] [380/5631] cashivaacademy.org
[20:42:09]   OK Cashiva Academy | ph:(470) 538-0020 | em:cashiva@cashivaacadmey.org | 3.7* | 1 reviews | Valdosta
[20:42:09]   [Progress saved: 380 total leads]
[20:42:12] [381/5631] book-mania.net
[20:42:13]   OK BookMania! | 3.7* | 1 reviews
[20:42:16] [382/5631] cabinetexplore.com
[20:42:17]   OK Cabinet Explore | ph:(812) 650-5711 | em:info@cabinetexplore.com | 3.7* | 1 reviews | Loogootee
[20:42:21] [383/5631] michelleconsultants.co
[20:42:22]   OK MichelleConsultantsCo. | ph:(434) 533-0265 | em:info@michelleconsultants.co | 3.7* | 1 reviews | Huntley
[20:42:25] [384/5631] siftinteractive.com
[20:42:25]   OK Sift Interactive | ph:(307) 218-0276 | em:company@siftinteractive.com | 3.7* | 1 reviews | Sheridan
[20:42:29] [385/5631] thetrustedautomation.com
[20:42:29]   OK The Trusted Automation | ph:(213) 513-5300 | em:rob@thetrustedautomation.com | 3.7* | 1 reviews | Los Angeles
[20:42:34] [386/5631] www.mortgageguru.org
[20:42:34]   OK Mortgage Guru | ph:(571) 470-1930 | em:contact@mortgageguru.org | 3.7* | 1 reviews | Arlington
[20:42:39] [387/5631] baseballprodigy.com
[20:42:39]   OK Baseball Prodigy | em:support@baseballprodigy.com | 3.7* | 1 reviews | Frisco
[20:42:43] [388/5631] focusefforts.com
[20:42:43]   OK Focus Efforts | ph:(386) 259-0622 | em:info@leakdoctor.com | 3.7* | 1 reviews | Celebration
[20:42:47] [389/5631] acenursingessays.com
[20:42:47]   OK Acenursingessays | ph:(564) 656-5325 | em:support@acenursingessays.com | 3.7* | 1 reviews | Costa Mesa
[20:42:51] [390/5631] journalpublishingservice.com
[20:42:52]   OK Journalpublishingservice | ph:(815) 855-4068 | em:info@journalpublishingservice.com | 3.7* | 1 reviews
[20:42:56] [391/5631] bestresearchpaper.com
[20:42:56]   OK BestResearchPaper | 3.7* | 1 reviews
[20:43:01] [392/5631] mycertshub.com
[20:43:02]   OK Mycertshub | 3.7* | 1 reviews
[20:43:07] [393/5631] employerschoicescreening.com
[20:43:08]   OK employerschoicescreening.com | ph:(800) 424-7011 | em:support@employerschoicescreening.com | 3.7* | 1 reviews | California
[20:43:12] [394/5631] assignmentsanta.com
[20:43:13]   OK Assignment Santa | ph:(337) 252-0077 | em:info@assignmentsanta.com | 3.7* | 1 reviews | Houston
[20:43:18] [395/5631] scholarships.plus
[20:43:18]   OK scholarships.plus | 3.7* | 1 reviews
[20:43:21] [396/5631] greatresultsteambuilding.net
[20:43:22]   OK Great Results Team Building | ph:(770) 861-6840 | em:sean@greatresultsteambuilding.com | 3.7* | 1 reviews | Atlanta
[20:43:27] [397/5631] barakahblooms.com
[20:43:27]   OK Barakah Blooms | 3.7* | 1 reviews
[20:43:31] [398/5631] selaspace.com
[20:43:31]   OK Sela Space | ph:(315) 508-4104 | em:info@selaspace.com | 3.7* | 1 reviews | Ridgefield Park
[20:43:34] [399/5631] www.mycustomwriting.com
[20:43:35]   OK Mycustomwriting | 3.7* | 1 reviews
[20:43:38] [400/5631] tcc-pronto.com
[20:43:39]   OK Tcc Pronto | 3.7* | 1 reviews
[20:43:39]   [Progress saved: 400 total leads]
[20:43:43] [401/5631] www.educademy.org
[20:43:43]   OK EDUCADEMY | 3.7* | 1 reviews
[20:43:47] [402/5631] affirmeducation.com
[20:43:47]   OK Affirmeducation | em:info@affirmeducation.com | 3.7* | 1 reviews | Cambridge
[20:43:51] [403/5631] prodirektgroup.com
[20:43:51]   OK PRODIREKT LLC | ph:(302) 620-0227 | em:info@prodirektgroup.com | 3.7* | 1 reviews | Wilmington
[20:43:56] [404/5631] travata.com
[20:43:56]   OK Travata | 3.7* | 1 reviews
[20:44:00] [405/5631] nioscentre.com
[20:44:02]   OK Nioscentre | 3.7* | 1 reviews
[20:44:05] [406/5631] jrotrucker.com
[20:44:05]   OK Jrotrucker | 3.7* | 1 reviews
[20:44:09] [407/5631] onlineclasshelpfast.com
[20:44:10]   OK Online Class Help Fast | ph:(434) 533-0265 | em: reviews@onlineclasshelpfast.com | 3.7* | 1 reviews | Upland
[20:44:14] [408/5631] gedexamsolver.com
[20:44:14]   OK GED Exam Guide | ph:(213) 429-4307 | em:info@gedexamsolver.com | 3.7* | 1 reviews | Hickory
[20:44:18] [409/5631] valeriefullerdmd.com
[20:44:18]   OK Valeriefullerdmd | ph:(833) 393-2462 | em:support@valeriefullerdmd.com | 3.7* | 1 reviews | Alpharetta
[20:44:22] [410/5631] textero.io
[20:44:22]   OK Textero — AI Writing Assistant | em:support@textero.io | 3.7* | 1 reviews
[20:44:26] [411/5631] creativewriters369.com
[20:44:26]   OK Creativewriters369 | 3.7* | 1 reviews
[20:44:31] [412/5631] compassofficial.net
[20:44:31]   OK Compass | em:compasscoachingofficial@gmail.com | 3.7* | 1 reviews | San Fransisco 
[20:44:35] [413/5631] graduationyearcalculator.help
[20:44:36]   OK Graduationyearcalculator Help | ph:(619) 255-9463 | em:info@graduationyearcalculator.help | 3.7* | 1 reviews | San Diego
[20:44:39] [414/5631] barmerit.com
[20:44:39]   OK Barmerit | ph:(805) 259-3390 | em:info@barmerit.com | 3.7* | 1 reviews | New York
[20:44:42] [415/5631] itexamscerts.com
[20:44:43]   OK Itexamscerts | em:support@itexamscerts.com | 3.7* | 1 reviews | Hartford
[20:44:48] [416/5631] agencyinstitute.io
[20:44:48]   OK Agencyinstitute | 3.7* | 1 reviews
[20:44:52] [417/5631] abprivatetutors.com
[20:44:52]   OK Abprivatetutors | ph:(424) 452-2742 | em:contact@abprivatetutors.com | 3.7* | 1 reviews
[20:44:56] [418/5631] senderoeducation.com
[20:44:56]   OK Sendero Education | ph:(571) 446-0438 | em:contact@senderoeducation.com | 3.7* | 1 reviews | Fairfax
[20:45:01] [419/5631] legitclassdoers.com
[20:45:02]   OK Legitclassdoers | 3.7* | 1 reviews
[20:45:05] [420/5631] www.fespak.com
[20:45:05]   OK fespak.com | 3.7* | 1 reviews
[20:45:05]   [Progress saved: 420 total leads]
[20:45:10] [421/5631] domycourseforme.com
[20:45:10]   OK Domycourseforme | 3.7* | 1 reviews
[20:45:14] [422/5631] www.qualityresearchconsulting.com
[20:45:14]   OK qualityresearchconsulting.com | 3.7* | 1 reviews
[20:45:18] [423/5631] essaystore.net
[20:45:18]   OK Essaystore | 3.7* | 1 reviews
[20:45:22] [424/5631] essaydragon.com
[20:45:22]   OK essaydragon | 3.7* | 1 reviews
[20:45:27] [425/5631] almin7a.com
[20:45:27]   OK Almin7a | 3.7* | 1 reviews
[20:45:31] [426/5631] essaykeeper.com
[20:45:32]   OK essaykeeper.com | 3.7* | 1 reviews
[20:45:36] [427/5631] usaadmission.com
[20:45:36]   OK Usaadmission | 3.7* | 1 reviews
[20:45:40] [428/5631] captchapay.com
[20:45:40]   OK Captchapay | 3.7* | 1 reviews
[20:45:44] [429/5631] tutorialwork.com
[20:45:44]   OK tutorialwork.com | 3.7* | 1 reviews
[20:45:49] [430/5631] educationjusticelaw.com
[20:45:49]   OK Education Justice Law Group PC | ph:(818) 917-4397 | em:Adam@educationjusticelaw.com | 3.7* | 1 reviews | Calabasas
[20:45:53] [431/5631] advantie.com
[20:45:53]   OK Advantie Inc. | em:support@advantie.com | 3.7* | 1 reviews | sterling heights
[20:45:57] [432/5631] ivytp.com
[20:45:57]   OK Ivy Learning & Test Prep | ph:(201) 933-2322 | em:info@ivytp.com | 3.7* | 1 reviews | Lyndhurst
[20:46:02] [433/5631] apapers.org
[20:46:03]   OK Apapers | em:info@apapers.org | 3.7* | 1 reviews
[20:46:06] [434/5631] exclusivewritings.com
[20:46:06]   OK Exclusivewritings | 3.7* | 1 reviews
[20:46:10] [435/5631] fellowshippersonalstatement.com
[20:46:10]   OK Fellowshippersonalstatement | 3.7* | 1 reviews
[20:46:15] [436/5631] masteressaywriters.com
[20:46:15]   OK Master Essay Writers | ph:(214) 340-1711 | em:brand@masteressaywriters.com | 3.7* | 1 reviews | Dallas
[20:46:19] [437/5631] realestateunmasked.com
[20:46:19]   OK Real Estate Unmasked | 3.7* | 1 reviews
[20:46:23] [438/5631] nursfpxwriters.com
[20:46:23]   OK Nursfpxwriters | ph:(201) 255-7864 | em:info@nursfpxwriters.com | 3.7* | 1 reviews
[20:46:28] [439/5631] resumehustle.com
[20:46:28]   OK Resume Hustle | em:contactus@resumehustle.com | 3.7* | 1 reviews | Houston
[20:46:32] [440/5631] bestclasstaker.com
[20:46:33]   OK Bestclasstaker | ph:(725) 877-0242 | em:Support@bestclasstaker.com | 3.7* | 1 reviews | Joshua tree California 
[20:46:33]   [Progress saved: 440 total leads]
[20:46:36] [441/5631] tutorpeers.com
[20:46:37]   OK Tutorpeers | ph:(646) 969-3937 | em:support@tutorpeers.com | 3.7* | 1 reviews | New York
[20:46:40] [442/5631] onlineclassgurus.com
[20:46:40]   OK Online Class Gurus | ph:(409) 995-1287 | em:info@onlineclassgurus.com | 3.7* | 1 reviews | Austin
[20:46:43] [443/5631] examevouchers.com
[20:46:44]   OK Exam E-Vouchers | ph:(571) 599-7989 | em:info@examevouchers.com | 3.7* | 1 reviews
[20:46:47] [444/5631] certificatefixer.com
[20:46:48]   OK Certificatefixer | 3.7* | 1 reviews
[20:46:51] [445/5631] finishforfree.com
[20:46:51]   OK Finish For Free | ph:(310) 598-3414 | em:info@finishforfree.com | 3.7* | 1 reviews | Murrieta
[20:46:55] [446/5631] ncsdoula.com
[20:46:55]   OK NCS Doula | em:admin@ncsdoula.com | 3.7* | 1 reviews
[20:46:59] [447/5631] urgentassignmenthelper.com
[20:46:59]   OK Urgentassignmenthelper | 3.7* | 1 reviews
[20:47:04] [448/5631] thesisleader.com
[20:47:05]   OK ThesisLeader | 3.7* | 1 reviews
[20:47:08] [449/5631] payformycourse.com
[20:47:08]   OK Payformycourse | 3.7* | 1 reviews
[20:47:13] [450/5631] onlineclasshelp911.com
[20:47:13]   OK OnlineClassHelp911 | 3.7* | 1 reviews
[20:47:16] [451/5631] professionalessaywriters.com
[20:47:16]   OK Professionalessaywriters | 3.7* | 1 reviews
[20:47:21] [452/5631] takeyouronlineclasses.com
[20:47:21]   OK takeyouronlineclasses.com | 3.7* | 1 reviews
[20:47:26] [453/5631] nerdyseal.com
[20:47:26]   OK nerdyseal.com | 3.7* | 1 reviews
[20:47:30] [454/5631] hexpassiveincome.com
[20:47:30]   OK HEX Passive Income | 3.7* | 1 reviews
[20:47:35] [455/5631] growmathmindset.com
[20:47:35]   OK Grow Math Mindset Tutoring | ph:(702) 608-0041 | em:info@growmathmindset.com | 3.7* | 1 reviews | Las Vegas
[20:47:40] [456/5631] fortunaadmissions.com
[20:47:41]   OK Fortunaadmissions | em:info@fortunaadmissions.com | 3.7* | 1 reviews
[20:47:45] [457/5631] moneybackexperts.com
[20:47:46]   OK Money Back Experts | ph:(404) 400-8849 | em: support@moneybackexperts.com | 3.7* | 1 reviews | Sheridan
[20:47:49] [458/5631] www.profism.com
[20:47:50]   OK Profism | 3.7* | 1 reviews
[20:47:53] [459/5631] deferredmba.com
[20:47:54]   OK Deferred MBA Consulting | em:info@deferredmba.com | 3.7* | 1 reviews
[20:47:58] [460/5631] yourcollegecontact.com
[20:47:59]   OK College Contact | 3.7* | 1 reviews
[20:47:59]   [Progress saved: 460 total leads]
[20:48:04] [461/5631] studyunicorn.com
[20:48:05]   OK Study Unicorn | ph:(833) 601-0001 | em:info@studyunicorn.com | 3.7* | 1 reviews | Boston
[20:48:09] [462/5631] www.meritphase.com
[20:48:10]   OK Meritphase | ph:(431) 244-7790 | em:azeen.fatima@meritphase.com | 3.6* | 26 reviews | Pikesville
[20:48:14] [463/5631] amerbarham.com
[20:48:14]   OK Amer Barham | em:amer@amerbarham.com | 3.6* | 12 reviews | las vegas
[20:48:18] [464/5631] essaylink.net
[20:48:18]   OK Essaylink | 3.6* | 11 reviews
[20:48:23] [465/5631] duoknows.com
[20:48:23]   OK DuoKnows | 3.6* | 6 reviews | 1667 Madrid St, Salinas, CA 93906,
[20:48:26] [466/5631] pdfstarterkit.com
[20:48:27]   OK The PDF Starter Kit™ | ph:(877) 795-8778 | em:help@pdfstarterkit.com | 3.6* | 5 reviews | Cheyenne
[20:48:32] [467/5631] takeclassforme.com
[20:48:32]   OK Take Class For Me | ph:(409) 995-3014 | em:info@takeclassforme.com | 3.6* | 4 reviews | Austin
[20:48:36] [468/5631] buyessayonline.us
[20:48:36]   OK BuyEssayOnline.US | 3.6* | 4 reviews
[20:48:41] [469/5631] theivyinst.org
[20:48:41]   OK The Ivy Institute of College Admissions Consultants | ph:(404) 939-3767 | em:info@theivyinst.org | 3.6* | 3 reviews
[20:48:46] [470/5631] uniadmissions.net
[20:48:46]   OK Uniadmissions | 3.6* | 3 reviews
[20:48:50] [471/5631] intstuhq.com
[20:48:50]   OK International Student HQ | em:team@intstuhq.com | 3.6* | 2 reviews | New York
[20:48:55] [472/5631] internbytes.com
[20:48:56]   OK Internbytes | 3.6* | 2 reviews
[20:49:00] [473/5631] peopletestmatch.com
[20:49:00]   OK Peopletestmatch | 3.6* | 2 reviews
[20:49:04] [474/5631] peerone.org
[20:49:04]   OK PeerOne College Admission Mentors | em:info@peerone.org | 3.6* | 2 reviews
[20:49:08] [475/5631] proassignmentwriting.com
[20:49:09]   OK Proassignmentwriting | 3.6* | 1 reviews
[20:49:14] [476/5631] customuniversitypapers.com
[20:49:14]   OK Customuniversitypapers | ph:(209) 264-9702 | em:support@customuniversitypapers.com | Middletown
[20:49:19] [477/5631] mycoursetakers.com
[20:49:19]   OK My Course Takers | ph:(404) 461-9991 | em:info@mycoursetakers.com | 3.6* | 1 reviews | Syracuse
[20:49:23] [478/5631] www.mymajors.com
[20:49:24]   OK Mymajors | 3.6* | 1 reviews
[20:49:28] [479/5631] academeter.com
[20:49:28]   OK academeter.com | 3.6* | 1 reviews
[20:49:33] [480/5631] examhelp.online
[20:49:33]   OK examhelp.online | 3.6* | 1 reviews
[20:49:33]   [Progress saved: 480 total leads]
[20:49:38] [481/5631] phddissertation.info
[20:49:38]   OK Phddissertation | 3.6* | 1 reviews
[20:49:42] [482/5631] onlineclasshelppro.com
[20:49:43]   OK onlineclasshelppro.com | 3.6* | 1 reviews
[20:49:48] [483/5631] gradesmiths.com
[20:49:48]   OK Gradesmiths | em:support@gradesmiths.com | 3.6* | 1 reviews | Huntsville 
[20:49:52] [484/5631] spssassignmenthelp.com
[20:49:52]   OK Spssassignmenthelp | 3.6* | 1 reviews
[20:49:56] [485/5631] www.theresearchguardian.com
[20:49:56]   OK The Research Guardian | ph:(682) 237-4902 | em:info@theresearchguardian.com | 3.5* | 13 reviews | Niagara Falls
[20:50:01] [486/5631] postjobfree.com
[20:50:02]   OK Postjobfree | 3.5* | 3 reviews
[20:50:06] [487/5631] wigsbury.com
[20:50:07]   OK Wigsbury
[20:50:11] [488/5631] essaysupply.com
[20:50:12]   OK EssaySupply
[20:50:16] [489/5631] thesuccessdoor.com
[20:50:16]   OK thesuccessdoor.com | ph:(469) 988-4134 | em:thesuccessdoor@gmail.com | Coppell
[20:50:21] [490/5631] fullassignmenthelp.co.uk
[20:50:21]   OK FullAssignment
[20:50:26] [491/5631] carriekoziol.com
[20:50:26]   OK Carrie Koziol / Pilates By Carrie
[20:50:30] [492/5631] medassignments.com
[20:50:31]   OK MedAssignments.com
[20:50:35] [493/5631] matlabhelponline.com
[20:50:35]   OK MatlabHelpOnline.com
[20:50:38] [494/5631] teachmecash.com
[20:50:39]   OK Teachmecash
[20:50:43] [495/5631] essaysreasy.online
[20:50:44]   OK Essaysreasy | Kansas City
[20:50:48] [496/5631] theimmigrationconsultants.com
[20:50:48]   OK Theimmigrationconsultants
[20:50:53] [497/5631] studyfree.com
[20:50:53]   OK StudyFree | 3.4* | 100 reviews
[20:50:57] [498/5631] www.tutoreye.com
[20:50:58]   OK TutorEye | ph:(424) 255-6700 | em:tutor.support@tutoreye.com | 3.4* | 31 reviews | Poway
[20:51:03] [499/5631] programmingassignmenthelper.com
[20:51:03]   OK Programming Assignment Helper | ph:(315) 557-6473 | em:support@programmingassignmenthelper.com | 3.4* | 18 reviews | Tucson
[20:51:07] [500/5631] getodin.ai
[20:51:08]   OK Odin AI | em:support@getodin.ai | 3.4* | 14 reviews
[20:51:08]   [Progress saved: 500 total leads]
[20:51:11] [501/5631] instil-learning.com
[20:51:12]   OK INSTIL LEARNING LLC | ph:(302) 521-9769 | em:info@instil-learning.com | 3.4* | 12 reviews | Wilmington, DE
[20:51:16] [502/5631] realtypingwork.com
[20:51:16]   OK Realtypingwork | 3.4* | 5 reviews
[20:51:19] [503/5631] www.iena.org
[20:51:19]   OK iena.org | 3.4* | 5 reviews
[20:51:24] [504/5631] takemyonlineclasses.us.com
[20:51:24]   OK Takemyonlineclasses Us | 3.4* | 3 reviews
[20:51:27] [505/5631] myclassesbuddy.com
[20:51:28]   OK My Buddy | 3.4* | 3 reviews
[20:51:32] [506/5631] makrocare.com
[20:51:32]   OK makrocare.com | 3.4* | 2 reviews
[20:51:37] [507/5631] www.myassignment-services.com
[20:51:38]   OK Myassignment Services | 3.4* | 2 reviews
[20:51:41] [508/5631] www.nationalbusinessschool.co.uk
[20:51:41]   OK Nationalbusinessschool | 3.4* | 2 reviews
[20:51:45] [509/5631] litreview.net
[20:51:45]   OK Litreview | 3.4* | 1 reviews
[20:51:49] [510/5631] www.primeassignment.com
[20:51:49]   OK Prime Assignment | 3.4* | 1 reviews
[20:51:54] [511/5631] compliantcity.com
[20:51:54]   OK Compliant City | ph:(213) 493-6021 | em:support@compliantcity.com | 3.3* | 32 reviews | Torrance
[20:51:58] [512/5631] igniteprep.com
[20:51:58]   OK Ignite Prep | ph:(310) 904-9321 | em:support@igniteprep.com | 3.3* | 18 reviews | Sacramento
[20:52:03] [513/5631] hireexamace.com
[20:52:03]   OK Hire Exam Ace | em:info@hireexamace.com | 3.3* | 3 reviews | Beaumont
[20:52:07] [514/5631] takemyonlineclasstutor.com
[20:52:07]   OK Takemyonlineclasstutor | 3.3* | 1 reviews
[20:52:11] [515/5631] dumpsgate.com
[20:52:11]   OK Dumpsgate | em:admin@dumpsgate.com | 3.2* | 61 reviews | EL PASO TX
[20:52:15] [516/5631] codesignal.com
[20:52:15]   OK codesignal.com | 3.2* | 13 reviews
[20:52:19] [517/5631] germanywale.com
[20:52:20]   OK Germanywale | ph:+4917655471593 | em:contact@germanywale.com | 3.2* | 13 reviews | Bensheim
[20:52:23] [518/5631] gradebees.com
[20:52:24]   OK GradeBees.com ✔️Trusted Writing Service | 3.2* | 8 reviews | Los Angeles
[20:52:28] [519/5631] www.javaassignmenthelp.com
[20:52:28]   OK Java Assignment Help | em:info@javaassignmenthelp.com | 3.2* | 7 reviews | Chicago
[20:52:32] [520/5631] kdpexpert.com
[20:52:32]   OK Kdp Expert Store | ph:(786) 222-2210 | em:info@kpdexpert.store | 3.2* | 4 reviews
[20:52:32]   [Progress saved: 520 total leads]
[20:52:36] [521/5631] domyclassesforme.com
[20:52:36]   OK Domyclassesforme | 3.2* | 4 reviews
[20:52:39] [522/5631] experttutors.info
[20:52:39]   OK Expert Tutors | ph:(517) 798-6309 | em:hello@experttutors.info | 3.2* | 4 reviews | Minneapolis
[20:52:43] [523/5631] domyexamonline.com
[20:52:44]   OK Domyexamonline | 3.2* | 2 reviews
[20:52:47] [524/5631] online-homework-helper.com
[20:52:47]   OK Online Homework Helper | em:support@online-homework-helper.com | 3.2* | 1 reviews | columbus
[20:52:51] [525/5631] examshelponline.com
[20:52:52]   OK Exams Help Online | ph:(786) 480-5475 | em:info@examshelponline.com | 3.2* | 1 reviews | Westlake Village
[20:52:57] [526/5631] trtlaunch.com
[20:52:57]   OK Trtlaunch | 3.2* | 1 reviews
[20:53:02] [527/5631] vsoptionstrading.com
[20:53:02]   OK VS Options Trading | 3.2* | 1 reviews
[20:53:07] [528/5631] optimumresearchconsulting.com
[20:53:07]   OK Optimumresearchconsulting | 3.2* | 1 reviews
[20:53:10] [529/5631] newleafcic.org
[20:53:10]   OK Newleafcic | 3.2* | 1 reviews
[20:53:15] [530/5631] peakperformancesalestraining.us
[20:53:15]   OK peakperformancesalestraining.us | 3.2* | 1 reviews
[20:53:20] [531/5631] www.newzealandvisaexpert.com
[20:53:20]   OK newzealandvisaexpert.com | 3.2* | 1 reviews
[20:53:25] [532/5631] fxktrading.com
[20:53:26]   OK Fxktrading | 3.2* | 1 reviews
[20:53:29] [533/5631] getclassdone.com
[20:53:29]   OK getclassdone.com | 3.2* | 1 reviews
[20:53:34] [534/5631] csis.org
[20:53:34]   OK Csis | 3.2* | 1 reviews
[20:53:38] [535/5631] www.utmedicalcenter.org
[20:53:38]   OK Utmedicalcenter | 3.2* | 1 reviews
[20:53:43] [536/5631] zuai.co
[20:53:43]   OK ZuAI | em:contact@zuai.co | 3.2* | 1 reviews
[20:53:47] [537/5631] uniathletes.com
[20:53:47]   OK Uniathletes | 3.2* | 1 reviews
[20:53:52] [538/5631] actualteam.com
[20:53:52]   OK Actualteam | 3.2* | 1 reviews
[20:53:56] [539/5631] dailyonlinejobs.co.in
[20:53:56]   OK Dailyonlinejobs | 3.2* | 1 reviews
[20:54:00] [540/5631] assignmentproz.com
[20:54:01]   OK Assignmentproz | 3.2* | 1 reviews
[20:54:01]   [Progress saved: 540 total leads]
[20:54:04] [541/5631] www.educationdynamics.com
[20:54:04]   OK Educationdynamics.com | 3.2* | 1 reviews
[20:54:09] [542/5631] cvsucceed.co.uk
[20:54:09]   OK Succeed | 3.2* | 1 reviews
[20:54:14] [543/5631] onlinecoursesexpert.com
[20:54:14]   OK onlinecoursesexpert.com | 3.2* | 1 reviews
[20:54:18] [544/5631] bestmentorsonline.com
[20:54:18]   OK Bestmentorsonline | 3.2* | 1 reviews
[20:54:23] [545/5631] acceptu.com
[20:54:24]   OK acceptu.com | 3.2* | 1 reviews
[20:54:28] [546/5631] academicyear.org
[20:54:28]   OK Academic Year in America | 3.2* | 1 reviews
[20:54:31] [547/5631] jrwassoc.com
[20:54:31]   OK Jrwassoc | 3.2* | 1 reviews
[20:54:36] [548/5631] medicaltourismbusiness.com
[20:54:37]   OK medicaltourismbusiness.com | 3.2* | 1 reviews
[20:54:41] [549/5631] voyig.com
[20:54:41]   OK Voyig | 3.2* | 1 reviews
[20:54:44] [550/5631] payafterservices.com
[20:54:45]   OK Payafterservices | 3.2* | 1 reviews
[20:54:48] [551/5631] www.universityoforville.education
[20:54:48]   OK Universityoforville | 3.2* | 1 reviews
[20:54:52] [552/5631] rocapply.com
[20:54:53]   OK rocapply.com | 3.2* | 1 reviews
[20:54:57] [553/5631] www.entechnetworks.com
[20:54:57]   OK Entech Network Solutions | 3.2* | 1 reviews | Coral Springs
[20:55:01] [554/5631] 2dollarsessay.com
[20:55:02]   OK 2 Dollars Essay | ph:(405) 352-2154 | em:contact@2dollarsessay.com | 3.1* | 66 reviews | Rancho Cordova
[20:55:07] [555/5631] getstudieshelp.com
[20:55:07]   OK Get Studies Help | em:info@getstudieshelp.com | 3.1* | 8 reviews
[20:55:12] [556/5631] www.onlineclassexpert.com
[20:55:13]   OK Online Class Expert | 3.1* | 6 reviews
[20:55:16] [557/5631] academichelp.net
[20:55:16]   OK AcademicHelp | em:aka@academichelp.net | 3.1* | 3 reviews | Salinas
[20:55:20] [558/5631] assignmentland.co.uk
[20:55:21]   OK Assignment Land | 3.1* | 2 reviews
[20:55:24] [559/5631] www.mcmillaneducation.com
[20:55:24]   OK McMillan Education | 3.1* | 2 reviews
[20:55:29] [560/5631] fingerprintingclasses.com
[20:55:29]   OK Fingerprinting.org | ph:(631) 521-3632 | em:info@fingerprintingclasses.com | 3* | 15 reviews | Uniondale
[20:55:29]   [Progress saved: 560 total leads]
[20:55:33] [561/5631] topcoursetakers.com
[20:55:33]   OK Top Course Takers | ph:(480) 305-0683 | em:marketing@topcoursetakers.com | 3* | 7 reviews | new york
[20:55:37] [562/5631] caseism.com
[20:55:37]   OK Case ISM | ph:(218) 422-6093 | em:order@caseism.com | 3* | 5 reviews | NY
[20:55:40] [563/5631] essaywriters.net
[20:55:41]   OK EssayWriters | 3* | 2 reviews
[20:55:44] [564/5631] educoursera.com
[20:55:45]   OK Educoursera | ph:(454) 388-9335 | em:educoursera.consultant@gmail.com | 3* | 2 reviews | Texas
[20:55:48] [565/5631] cooperprep.com
[20:55:49]   OK Cooper Test Prep | ph:(877) 354-6636 | 2.9* | 18 reviews
[20:55:54] [566/5631] azaforex.com
[20:55:54]   OK AZAforex ECN Broker | ph:+44 7723399001 | em:info@azaforex.com | 2.9* | 17 reviews | Kingstown
[20:55:58] [567/5631] www.profxllc.com
[20:55:58]   OK Blackswanfx.com | Professional Forex Traders | em:info@profxllc.com | 2.9* | 15 reviews | New York
[20:56:01] [568/5631] ivyd.com
[20:56:02]   OK Ivy College Prep | ph:(650) 229-3110 | em:contact@ivycollegeprep.net | 2.9* | 10 reviews | Los Altos
[20:56:06] [569/5631] proacademichelp.com
[20:56:07]   OK Proacademichelp | 2.9* | 4 reviews
[20:56:10] [570/5631] doassignmenthelp.com
[20:56:10]   OK Doassignmenthelp | ph:(855) 682-1008 | em:info@doassignmenthelp.com | 2.9* | 4 reviews | Santa Clara
[20:56:14] [571/5631] sheilathewriter.com
[20:56:14]   OK sheilathewriter.com | ph:(872) 204-3561 | em:sheilathewriterstw@gmail.com | 2.9* | 3 reviews | Miami
[20:56:19] [572/5631] www.nerdyturtlez.com
[20:56:19]   OK nerdyturtlez.com | 2.9* | 2 reviews
[20:56:24] [573/5631] alleducationhelp.com
[20:56:24]   OK alleducationhelp.com | 2.9* | 2 reviews
[20:56:28] [574/5631] www.hellotoby.com
[20:56:28]   OK HelloToby | 2.9* | 2 reviews
[20:56:32] [575/5631] www.eclasstaking.com
[20:56:32]   OK E Class Taking | ph:(123) 455-9999 | em:info@eclasstaking.com | 2.9* | 2 reviews | Naches
[20:56:36] [576/5631] trustmineral.com
[20:56:36]   OK trustmineral.com | 2.9* | 2 reviews
[20:56:40] [577/5631] digitalindiajob.com
[20:56:41]   OK Digitalindiajob | 2.9* | 2 reviews
[20:56:44] [578/5631] www.kpincgroup.com
[20:56:44]   OK Kpincgroup | 2.9* | 2 reviews
[20:56:49] [579/5631] gurulearn.com
[20:56:49]   OK Guru Learn | ph:(855) 443-8133 | em:info@gurulearn.com | 2.9* | 2 reviews
[20:56:54] [580/5631] assignmentfix.com
[20:56:54]   OK Assignmentfix | 2.9* | 2 reviews
[20:56:54]   [Progress saved: 580 total leads]
[20:56:58] [581/5631] easemyonlineexams.com
[20:56:58]   OK Easemyonlineexams | 2.9* | 2 reviews
[20:57:03] [582/5631] proficientwriters.com
[20:57:04]   OK ProficientWriters | 2.9* | 2 reviews
[20:57:08] [583/5631] onlineclassassignment.com
[20:57:08]   OK OnlineClassAssignment.com | ph:(612) 234-7670 | em:contact@onlineclassassignment.com | 2.9* | 2 reviews | Minneapolis
[20:57:13] [584/5631] abrtranslation.com
[20:57:14]   OK Abrtranslation | 2.9* | 2 reviews
[20:57:18] [585/5631] staffmark.com
[20:57:19]   OK StaffMark | 2.9* | 2 reviews
[20:57:22] [586/5631] bestessay.com
[20:57:22]   OK bestessay.com | 2.8* | 4 reviews
[20:57:27] [587/5631] evolvewithinrecruitment.com
[20:57:27]   OK Evolvewithinrecruitment | 2.8* | 3 reviews
[20:57:32] [588/5631] certificationsprep.com
[20:57:32]   OK Certificationsprep | 2.8* | 3 reviews
[20:57:37] [589/5631] tradestrending.com
[20:57:37]   OK Trades Trending | ph:(502) 383-1182 | em:support@tradestrending.com | 2.8* | 3 reviews | Versailles
[20:57:42] [590/5631] www.essaymall.co.uk
[20:57:43]   OK Essay Mall | 2.8* | 3 reviews
[20:57:47] [591/5631] writerser.com
[20:57:48]   OK writersER | 2.7* | 62 reviews
[20:57:52] [592/5631] apm.com.au
[20:57:53]   OK APM | 2.7* | 23 reviews
[20:57:57] [593/5631] 0-dte.com
[20:57:58]   OK Zero Days to Expiration | 2.7* | 18 reviews | Sharon
[20:58:01] [594/5631] startmyonlinecourses.com
[20:58:01]   OK Start My Online Courses | ph:(786) 743-6948 | em:info@startmyonlinecourses.com | 2.7* | 9 reviews | Omaha
[20:58:05] [595/5631] gofar.io
[20:58:05]   OK Gofar.io | em:hello@gofar.io | 2.7* | 7 reviews
[20:58:08] [596/5631] phantom-writing.com
[20:58:08]   OK phantom-writing.com | ph:(619) 830-4056 | em:info@phantom-writing.com | 2.7* | 5 reviews
[20:58:12] [597/5631] www.greatplacetowork.com
[20:58:13]   OK Great Place to Work | 2.7* | 4 reviews
[20:58:16] [598/5631] enemquiz.com.br
[20:58:17]   OK enemquiz.com.br | em:randys@enemquiz.com.br | 2.6* | 11 reviews | Los Gatos
[20:58:21] [599/5631] app.dataannotation.tech
[20:58:21]   OK App Dataannotation | 2.6* | 9 reviews
[20:58:26] [600/5631] perfectessaywriter.ai
[20:58:26]   OK PerfectEssayWriter.AI | ph:(800) 674-9770 | em:info@perfectessaywriter.ai | 2.6* | 9 reviews | New York
[20:58:26]   [Progress saved: 600 total leads]
[20:58:31] [601/5631] cheapessaywriting24.com
[20:58:31]   OK Cheap Essay Writing 24 | ph:(704) 818-0366 | em:info@cheapessaywriting24.com | 2.6* | 6 reviews | Seattle
[20:58:36] [602/5631] dumpscafe.com
[20:58:36]   OK Dumpscafe | em:support@dumpscafe.com | 2.6* | 5 reviews | New York
[20:58:40] [603/5631] www.connectmigration.com
[20:58:41]   OK connectmigration.com | 2.6* | 4 reviews
[20:58:45] [604/5631] 6dollaressay.com
[20:58:46]   OK 6 Dollar Essay | ph:(713) 234-6029 | em:info@6dollaressay.com | 2.6* | 4 reviews
[20:58:50] [605/5631] proexamtaker.com
[20:58:50]   OK Proexamtaker | ph:(302) 518-4332 | em:info@proexamtaker.com | 2.6* | 4 reviews | Sugar Land
[20:58:54] [606/5631] www.babcockinternational.com
[20:58:54]   OK Babcock International Group | 2.6* | 4 reviews
[20:58:59] [607/5631] mogulpressacademy.com
[20:58:59]   OK Mogul Press Academy | 2.6* | 4 reviews
[20:59:03] [608/5631] neweraeducation.in
[20:59:03]   OK Neweraeducation | 2.6* | 4 reviews
[20:59:07] [609/5631] kingdomwlth.com
[20:59:07]   OK Kingdom Wealth | 2.5* | 9 reviews
[20:59:11] [610/5631] fragomen.com
[20:59:11]   OK Fragomen, Del Rey, Bernsen & Loewy | 2.5* | 7 reviews | New York
[20:59:16] [611/5631] www.accredible.com
[20:59:16]   OK Accredible | ph:(628) 214-2701 | em:marketing@accredible.com | 2.5* | 5 reviews | Mountain View
[20:59:20] [612/5631] www.findify.io
[20:59:21]   OK findify.io | 2.5* | 5 reviews
[20:59:26] [613/5631] writerspk.com
[20:59:26]   OK WritersPK | 2.5* | 5 reviews
[20:59:30] [614/5631] graduatewriter.com
[20:59:30]   OK Graduate Writer | 2.5* | 5 reviews
[20:59:35] [615/5631] www.punjabassignmenthelp.com
[20:59:35]   OK Punjabassignmenthelp | 2.5* | 5 reviews
[20:59:39] [616/5631] qualitywriters.net
[20:59:39]   OK Qualitywriters | 2.5* | 5 reviews
[20:59:43] [617/5631] zenassignment.com
[20:59:44]   OK Zenassignment | 2.4* | 15 reviews
[20:59:47] [618/5631] acemyonlineclasses.com
[20:59:48]   OK Acemyonlineclasses | 2.3* | 40 reviews
[20:59:52] [619/5631] emtrain.com
[20:59:53]   OK Emtrain | ph:(800) 242-6099 | em:marketing@emtrain.com | 2.3* | 33 reviews | Sacramento
[20:59:57] [620/5631] youscience.com
[20:59:58]   OK YouScience | ph:(801) 653-9356 | em:sales@youscience.com | 2.3* | 26 reviews | American Fork
[20:59:58]   [Progress saved: 620 total leads]
[21:00:02] [621/5631] www.quadeducationgroup.com
[21:00:02]   OK Tutorsia | ph:(800) 991-8924 | em:contact@tutorsia.com | 2.3* | 7 reviews | San Francsisco
[21:00:06] [622/5631] futureselites.com
[21:00:07]   OK FuturesElites | em:futureselites@gmail.com | 2.3* | 7 reviews
[21:00:11] [623/5631] grupoimpulse.com
[21:00:12]   OK Grupoimpulse | 2.3* | 7 reviews
[21:00:15] [624/5631] digitalfutures.com
[21:00:16]   OK Digitalfutures | 2.3* | 6 reviews
[21:00:19] [625/5631] atticusadvantage.com
[21:00:19]   OK Atticusadvantage | 2.2* | 8 reviews
[21:00:23] [626/5631] hrforhealth.com
[21:00:23]   OK HR for Health | ph:(888) 316-9284 | em:compliance@hrforhealth.com | 2.2* | 8 reviews | San Ramon
[21:00:27] [627/5631] www.writers.ph
[21:00:28]   OK Writers.ph | 2.2* | 8 reviews
[21:00:32] [628/5631] tfgonline.es
[21:00:33]   OK Tfgonline | ph:+34615848801 | em:info@tfgonline.es | 2.2* | 8 reviews | MIAMI, FL. US 
[21:00:38] [629/5631] nolabels.org
[21:00:38]   OK Nolabels | 2.1* | 15 reviews
[21:00:42] [630/5631] oxfordacademic.co.uk
[21:00:42]   OK Oxfordacademic | 2.1* | 9 reviews
[21:00:46] [631/5631] spantran.com
[21:00:47]   OK SpanTran TEC | 2* | 122 reviews
[21:00:50] [632/5631] app.crowdgen.com
[21:00:50]   OK App Crowdgen | 2* | 13 reviews
[21:00:54] [633/5631] amigroups.com
[21:00:55]   OK AMI Group | 1.9* | 73 reviews
[21:00:59] [634/5631] oxforddissertation.co.uk
[21:00:59]   OK Oxforddissertation | 1.9* | 16 reviews
[21:01:04] [635/5631] lingoget.com
[21:01:04]   OK LingoGet™ | ph:(334) 539-0005 | 1.9* | 14 reviews
[21:01:08] [636/5631] vectormarketing.com
[21:01:08]   OK Vector Marketing | 1.9* | 12 reviews
[21:01:12] [637/5631] usebraintrust.com
[21:01:12]   OK usebraintrust.com | 1.8* | 17 reviews
[21:01:17] [638/5631] resume-masters.com
[21:01:17]   OK resume-masters.com | em: contact@resume-masters.com  | 1.7* | 25 reviews
[21:01:21] [639/5631] essayservice.ai
[21:01:21]   OK EssayService.ai | em:info@essayservice.ai
[21:01:24] [640/5631] studyoda.com
[21:01:24]   OK Studyoda | em:contact@studyoda.com
[21:01:24]   [Progress saved: 640 total leads]
[21:01:29] [641/5631] illustrapro.com
[21:01:29]   OK Illustra Pro
[21:01:33] [642/5631] chartingthecourse.org
[21:01:33]   OK Charting the Course, LLC
[21:01:36] [643/5631] allgpacalculator.com
[21:01:36]   OK All GPA Calculator | em:contact@allgpacalculator.com
[21:01:41] [644/5631] pronursingsolutions.com
[21:01:41]   OK Pro Nursing Solutions, LLC | ph:(787) 523-7677 | em:info@pronursingsolutions.com | San Juan
[21:01:45] [645/5631] madobia.com
[21:01:45]   OK Madobia | ph:(239) 221-0699 | em:hello@madobia.com | Dover
[21:01:49] [646/5631] thepsychictrader.com
[21:01:49]   OK Psychic Trader | em:diana@thepsychictrader.com
[21:01:53] [647/5631] gradesity.com
[21:01:54]   OK Gradesity
[21:01:57] [648/5631] aboutthe.net
[21:01:58]   OK Aboutthe | em:all@aboutthe.net | Kirkland
[21:02:01] [649/5631] bayelleitsolutions.com
[21:02:01]   OK Bayelle IT Solutions | ph:04437637722 | em:info@bayelleitsolution.com | Waukee
[21:02:05] [650/5631] gainserviceacademyadmission.com
[21:02:05]   OK Gain Service Academy Admission | em:info@gainserviceacademyadmission.com | La Verne
[21:02:09] [651/5631] theclustudio.com
[21:02:09]   OK The CLU Studio | em:changethegame@theclustudio.com | New York
[21:02:13] [652/5631] abntechcorp.com
[21:02:14]   OK ABN Tech Corporation | ph:(469) 441-3937 | em:marketing@abntechcorp.com | Irving
[21:02:19] [653/5631] collegeadmissionssecrets.com
[21:02:19]   OK College Admissions Secrets | em:info@collegeadmissionssecrets.com | Woodland Hills
[21:02:23] [654/5631] www.pivot-point.com
[21:02:23]   OK Pivot Point International, Inc. | ph:(847) 866-0500 | em:info@pivot-point.com | Chicago
[21:02:27] [655/5631] espartaformacion.com
[21:02:28]   OK ESPARTA LLC | ph:+59899682435 | em:info@espartaformacion.com | Miami FL
[21:02:31] [656/5631] getselected.com
[21:02:31]   OK Selected by Cross Country Education | em:hello@getselected.com | Boca Raton
[21:02:35] [657/5631] hypha-mentor.com
[21:02:35]   OK Hypha Mentor | ph:(551) 556-2827 | em:hello@hypha-mentor.com | Virginia
[21:02:39] [658/5631] nursingstudy.org
[21:02:39]   OK nursingstudy.org | ph:(628) 261-0844 | em:support@nursingstudy.org | Hollywood
[21:02:43] [659/5631] privateessaywriters.com
[21:02:43]   OK privateessaywriters.com | em:support@privateessaywriters.com | Hollywood
[21:02:48] [660/5631] primeonlineclass.com
[21:02:48]   OK Prime Online Class | ph:(929) 307-0703 | em:info@primeonlineclass.com | NY 
[21:02:48]   [Progress saved: 660 total leads]
[21:02:53] [661/5631] blackswanfp.com
[21:02:53]   OK blackswanfp.com | ph:(844) 639-8237 | em:daniel@blackswanmember.app | McLeansboro
[21:02:56] [662/5631] applymoon.com
[21:02:57]   OK Apply Moon | em:contact@applymoon.com | Sheridan
[21:03:01] [663/5631] speedyfreelancers.net
[21:03:02]   OK Speedyfreelancers | em:support@speedyfreelancers.net | NY
[21:03:05] [664/5631] myclasshelp.com
[21:03:05]   OK MyClassHelp | ph:(234) 900-1790 | em:support@myclasshelp.com | sheridan
[21:03:09] [665/5631] www.willyckoff.com
[21:03:10]   OK willyckoff.com | ph:(305) 725-1222 | em:willysanchez06@gmail.com | Winter garden
[21:03:14] [666/5631] drtrishleigh.com
[21:03:14]   OK drtrishleigh.com
[21:03:19] [667/5631] brightfutureas.com
[21:03:20]   OK BRIGHT FUTURE ABROAD STUDIES | em:info@brightfutureas.com | NEW DELHI
[21:03:23] [668/5631] silhouet.no
[21:03:24]   OK Silhouet Norge
[21:03:29] [669/5631] universityassignmentswriter.com
[21:03:29]   OK Universityassignmentswriter | ph:(564) 544-6924 | em:support@universityassignmentswriter.com | Atlanta
[21:03:33] [670/5631] tutordollar.com
[21:03:33]   OK tutordollar.com
[21:03:38] [671/5631] writemyessays.us
[21:03:38]   OK writemyessays.us | em:support@writemyessays.us
[21:03:43] [672/5631] rosenpotter.com
[21:03:44]   OK Rose N' Potter LLC
[21:03:47] [673/5631] cnauniversity.com
[21:03:48]   OK CNA University LLC | ph:(786) 945-2903 | em:sales@cnauniversity.com
[21:03:53] [674/5631] admissionportal.io
[21:03:54]   OK AdmissionPortal | ph:(917) 243-1024 | em:info@admissionportal.io | California
[21:03:59] [675/5631] qcademy.de
[21:03:59]   OK Qcademy UG (haftungsbeschränkt)
[21:04:04] [676/5631] www.allhomework.help
[21:04:04]   OK Allhomework
[21:04:08] [677/5631] examtakersonline.com
[21:04:08]   OK Exam Takers Online | ph:(315) 285-4742 | em:info@examtakersonline.com | Mission Viejo
[21:04:12] [678/5631] americanclassdoers.com
[21:04:13]   OK Americanclassdoers
[21:04:17] [679/5631] lotolabs.com
[21:04:17]   OK lotolabs.com
[21:04:22] [680/5631] tradehouseworldwide.com
[21:04:22]   OK TradeHouse
[21:04:22]   [Progress saved: 680 total leads]
[21:04:25] [681/5631] futurisn.com
[21:04:26]   OK FuTuRisN LLC | ph:(816) 368-2300 | em:2070@futurisn.com | Harrisonville, MO
[21:04:29] [682/5631] ampcreative.com
[21:04:29]   OK ampcreative.com | ph:(214) 660-4444 | em:info@ampcreative.com | Dallas
[21:04:33] [683/5631] boldalliancegs.com
[21:04:33]   OK Bold Alliance Global Strategies, LLC | ph:(571) 330-3101 | em:info@boldalliancegs.com | Manassas
[21:04:38] [684/5631] networktrader.com
[21:04:38]   OK Network Trader | Albuquerque
[21:04:41] [685/5631] punyamacademy.com
[21:04:42]   OK Punyamacademy
[21:04:45] [686/5631] intelliqurv.com
[21:04:45]   OK Intelliqurv
[21:04:48] [687/5631] jitendrawadhwani.com
[21:04:49]   OK Jitendrawadhwani | em:info@jitendrawadhwani.com
[21:04:53] [688/5631] tradingmadeasy.com
[21:04:53]   OK tradingmadeasy.com
[21:04:57] [689/5631] intraxinc.com
[21:04:57]   OK Intrax
[21:05:01] [690/5631] payformyclass.com
[21:05:03]   OK payformyclass.com
[21:05:06] [691/5631] vocaliv.com
[21:05:06]   OK Vocaliv
[21:05:10] [692/5631] communicationlabz.com
[21:05:10]   OK Communicationlabz
[21:05:14] [693/5631] pivotal180.com
[21:05:15]   OK Pivotal180 | em:alison@pivotal180.com | Purchase
[21:05:18] [694/5631] internationalstudentloan.com
[21:05:19]   OK Internationalstudentloan.com
[21:05:23] [695/5631] elearningdistrict.com
[21:05:23]   OK Elearningdistrict | ph:(678) 587-5331 | em:hello@elearningdistrict.com | Atlanta
[21:05:26] [696/5631] medicalchallengearena.com
[21:05:27]   OK Medicalchallengearena | ph:(716) 609-1886 | em:yassin@medchallengearena.com | Buffalo
[21:05:31] [697/5631] therapyabroad.org
[21:05:31]   OK Therapyabroad | ph:(949) 423-6165 | em:seo@therapyabroad.org | Post Falls
[21:05:36] [698/5631] virtualacademiasolutions.com
[21:05:36]   OK Virtualacademiasolutions | ph:(281) 507-0243 | em:support@virtualacademiasolutions.com | Brooklyn
[21:05:40] [699/5631] brilliantcollegeplanning.com
[21:05:41]   OK Brilliant College Planning | em:info@brilliantplanning.com | Vienna
[21:05:44] [700/5631] teshley.com
[21:05:44]   OK Teshley Solutions LLC | ph:(551) 529-5305 | em:info@teshley.com | Teaneck
[21:05:44]   [Progress saved: 700 total leads]
[21:05:48] [701/5631] memorableessay.com
[21:05:49]   OK Memorable Essay  | ph:(876) 433-3844 | em:shawna@memorableessay.com | Brooklyn
[21:05:53] [702/5631] essayembassy.com
[21:05:54]   OK Essay Embassy | em:support@essayembassy.com | Brookline
[21:05:58] [703/5631] edulic.us
[21:05:58]   OK Edulic
[21:06:02] [704/5631] metacampus.com.tr
[21:06:04]   OK MetaCampus | ph:+902129099105 | em:aydinbars@metacampus.com.tr | NEWARK
[21:06:07] [705/5631] businessdiversityworks.com
[21:06:08]   OK Business Diversity Works, LLC | em:trish@businessdiversityworks.com | New Haven
[21:06:11] [706/5631] codebeach.com
[21:06:11]   OK Codebeach | em:support@codebeach.com | Newark
[21:06:16] [707/5631] tryonce.com
[21:06:16]   OK Once | ph:(510) 403-1559 | em:info@tryonce.com | Covina
[21:06:19] [708/5631] bidforwriting.com
[21:06:20]   OK BidforWriting | em:support@bidforwriting.com | Illinois
[21:06:24] [709/5631] iqwriters.com
[21:06:24]   OK iQWriters Educational Services | ph:(786) 220-3368 | em:help@iqwriters.com | Florida
[21:06:28] [710/5631] qualityassignmentsolution.com
[21:06:28]   OK UK Assignments | ph:(649) 886-9974 | em:Expertsolutiontask@gmail.com | Auckland 
[21:06:31] [711/5631] fiverrlytics.com
[21:06:32]   OK Fiverrlytics | em:seo@fiverrlytics.com | Sialkot
[21:06:36] [712/5631] maltabusiness.agency
[21:06:36]   OK Malta Business | ph:+35627780814 | em:secretary@maltabusiness.agency | Ta' Xbiex
[21:06:40] [713/5631] theologyassignmenthelp.com
[21:06:40]   OK Theologyassignmenthelp | ph:(786) 798-6167 | em:support@theologyassignmenthelp.com | Los Angeles
[21:06:44] [714/5631] goakala.com
[21:06:45]   OK AKALA college admissions | ph:(609) 915-9997 | em:info@goAKALA.com | Beverly HIlls
[21:06:48] [715/5631] fixgerald.com
[21:06:49]   OK Fixgerald | em:support@fixgerald.com | New York
[21:06:53] [716/5631] 925adhd.com
[21:06:53]   OK 925 ADHD | ph:(270) 551-2210 | em:info@925adhd.com | LEITCHFIELD
[21:06:57] [717/5631] acemycoursework.com
[21:06:58]   OK acemycoursework | ph:(289) 271-9550 | em:support@acemycoursework.com | Columbus
[21:07:02] [718/5631] www.ihatewritingessays.com
[21:07:03]   OK Ihatewritingessays
[21:07:07] [719/5631] highlanderwriters.com
[21:07:07]   OK HighLanderWriters | ph:(562) 354-5251 | em:support@highlanderwriters.com | NewYork
[21:07:10] [720/5631] onlinewguexamhelp.com
[21:07:11]   OK Online WGU Exam Help | ph:(713) 298-0204 | em:info@onlinewguexamhelp.com
[21:07:11]   [Progress saved: 720 total leads]
[21:07:14] [721/5631] takemymathclasspro.com
[21:07:14]   OK Takemymathclasspro | ph:(209) 910-6162 | em:kertis@takemymathclasspro.com | orlando
[21:07:19] [722/5631] themanifestcanna.com
[21:07:19]   OK Manifest Canna
[21:07:23] [723/5631] www.collegeassistanceplus.com
[21:07:24]   OK Collegeassistanceplus
[21:07:27] [724/5631] stressfreepsychnp.com
[21:07:28]   OK Stress Free Psych NP | em:support@stressfreepsychnp.com
[21:07:32] [725/5631] intuitivetestprep.com
[21:07:32]   OK Intuitive Test Prep
[21:07:37] [726/5631] newpeakivyadmissions.com
[21:07:37]   OK New Peak Ivy Admissions LLC | em:marissaw@newpeakivyadmissions.com
[21:07:40] [727/5631] onlineassignmenthelp.io
[21:07:40]   OK Onlineassignmenthelp | ph:+44 1217901920 | em:info@onlineassignmenthelp.io | New York
[21:07:44] [728/5631] takeclassesforme.com
[21:07:44]   OK takeclassesforme.com
[21:07:48] [729/5631] collegeessayadvisors.com
[21:07:49]   OK collegeessayadvisors.com
[21:07:53] [730/5631] classesandcareers.com
[21:07:54]   OK classesandcareers.com
[21:07:57] [731/5631] auditionsshoes.com
[21:07:57]   OK Auditionsshoes.com
[21:08:01] [732/5631] admissionsconsultants.com
[21:08:02]   OK Admissions Consultants
[21:08:06] [733/5631] honorsociety.com
[21:08:07]   OK honorsociety.com
[21:08:11] [734/5631] mentoringminds.com
[21:08:12]   OK Mentoring Minds
[21:08:15] [735/5631] uvoteam.com
[21:08:16]   OK Uvoteam
[21:08:19] [736/5631] www.quantumprep.com.hk
[21:08:19]   OK quantumprep.com.hk
[21:08:23] [737/5631] pro-academic-writers.com
[21:08:23]   OK Pro Academic-writers | Omaha
[21:08:27] [738/5631] www.socialstudies.com
[21:08:28]   OK Socialstudies
[21:08:32] [739/5631] spss-tutor.com
[21:08:33]   OK Spss Tutor
[21:08:36] [740/5631] crackingmedadmissions.com
[21:08:37]   OK crackingmedadmissions.com
[21:08:37]   [Progress saved: 740 total leads]
[21:08:41] [741/5631] bestghostwriters.net
[21:08:42]   OK Bestghostwriters
[21:08:47] [742/5631] paragraphai.com
[21:08:48]   OK paragraphai.com
[21:08:51] [743/5631] sgeinternational.com
[21:08:52]   OK sgeinternational.com
[21:08:57] [744/5631] panelplace.com
[21:08:57]   OK panelplace
[21:09:01] [745/5631] www.optimizehire.com
[21:09:01]   OK optimizehire.com
[21:09:06] [746/5631] www.collegecentral.com
[21:09:07]   OK Collegecentral
[21:09:12] [747/5631] collegesportsscholarships.com
[21:09:13]   OK Collegesportsscholarships
[21:09:17] [748/5631] thembatour.com
[21:09:18]   OK The MBA Tour
[21:09:22] [749/5631] ignite-reading.com
[21:09:23]   OK Ignite Reading
[21:09:26] [750/5631] pairin.com
[21:09:26]   OK Pairin, Inc.
[21:09:30] [751/5631] keshtay.com
[21:09:30]   OK Keshtay L.C. | ph:(505) 537-5558 | em:marketing@keshtay.com | Albuquerque
[21:09:34] [752/5631] solvemyonlineclass.com
[21:09:34]   OK Solvemyonlineclass | ph:(406) 625-7662 | em:solvemyclassonline@gmail.com | Austin, TX, USA
[21:09:38] [753/5631] teacherclassroomresources.com
[21:09:39]   OK Steve Hiles Educational Resources
[21:09:42] [754/5631] taleemabad.com
[21:09:42]   OK Taleemabad
[21:09:47] [755/5631] theadventurenurse.com
[21:09:47]   OK The Adventure Nurse, LLC | ph:(530) 721-6609 | em:heather@theadventurenurse.com | South Lake Tahoe
[21:09:51] [756/5631] liquidmba.com
[21:09:51]   OK liquid MBA | em:hello@liquidmba.com
[21:09:55] [757/5631] officialhowardhu.com
[21:09:56]   OK PROJECT 666
[21:10:00] [758/5631] buyonlineclass.org
[21:10:01]   OK Buyonlineclass.org | ph:(352) 443-8326 | em:info@buyonlineclass.org | Deerfield Beach
[21:10:05] [759/5631] profithills.com
[21:10:06]   OK Profithills Education Pvt. Ltd. | ph:0141-6694276 | em:info@profithills.com
[21:10:09] [760/5631] ecamentor.com
[21:10:10]   OK Ecamentor
[21:10:10]   [Progress saved: 760 total leads]
[21:10:14] [761/5631] www.ihireelementaryteachers.com
[21:10:15]   OK Ihireelementaryteachers
[21:10:19] [762/5631] task-writers.com
[21:10:19]   OK task-writers.com | ph:(410) 683-5867 | em:taskwriters1@gmail.com | Huntsville
[21:10:23] [763/5631] gwinc.com
[21:10:24]   OK GW | ph:(314) 567-9854 | em:sales@gwinc.com | Saint Louis
[21:10:27] [764/5631] learnedwriters.com
[21:10:28]   OK learnedwriters.com | ph:(956) 364-9655 | em:support@learnedwriters.com | Texas
[21:10:31] [765/5631] elmlearning.com
[21:10:32]   OK ELM Learning | Brooklyn
[21:10:35] [766/5631] myguruedge.com
[21:10:35]   OK MyGuru | Chicago
[21:10:38] [767/5631] sertifier.com
[21:10:39]   OK Sertifier | em:info@sertifier.com | Newark
[21:10:43] [768/5631] betonsportspicks.com
[21:10:44]   OK Betonsportspicks | em:support@betonsportspicks.com | Las Vegas
[21:10:47] [769/5631] new.berecruited.com
[21:10:47]   OK beRecruited.com
[21:10:52] [770/5631] ladytamspeaks.com
[21:10:52]   OK Ladytamspeaks
[21:10:55] [771/5631] smartcowriters.com
[21:10:55]   OK Smartcowriters | ph:(786) 414-1679 | em:support@smartcowriters.com | Berkeley
[21:10:59] [772/5631] pimpmypaper.com
[21:10:59]   OK PimpMyPaper.com | ph:(855) 933-7467 | em:support@pimpmypaper.com
[21:11:03] [773/5631] tadloid.com
[21:11:03]   OK Tadloid
[21:11:08] [774/5631] edusphereventures.com
[21:11:09]   OK EduSphereVentures | em:info@edusphereventures.com | Paterson
[21:11:12] [775/5631] canaryacademyonline.org
[21:11:13]   OK Canary Academy Online Inc. | ph:(855) 938-4260 | em:info@canaryacademyonline.org | Midlothian
[21:11:16] [776/5631] writetrackadmissions.com
[21:11:16]   OK Write Track Admissions | ph:(323) 628-1640 | em:info@writetrackadmissions.com | Santa Monica
[21:11:20] [777/5631] helpforcollegenow.com
[21:11:20]   OK Help For College Now | ph:(888) 498-7654 | em:info@helpforcollegenow.com | Alpharetta
[21:11:23] [778/5631] savemyclass.com
[21:11:23]   OK Save My Class | ph:(240) 599-5988 | em:help@savemyclass.com | Los Angeles
[21:11:28] [779/5631] jakekhoussine.com
[21:11:28]   OK Madrasa, LLC | ph:(406) 623-7272 | em:info@jakekhoussine.com | Madison
[21:11:32] [780/5631] godegree.com
[21:11:32]   OK Go Degree | ph:(510) 444-9779 | Oakland
[21:11:32]   [Progress saved: 780 total leads]
[21:11:36] [781/5631] writeship.com
[21:11:36]   OK writeship.com | ph:(253) 321-6972 | em:support@writeship.com | San Jose
[21:11:41] [782/5631] projectstardust.xyz
[21:11:41]   OK Project Stardust | em:hallo@projectstardust.xyz | Dover
[21:11:46] [783/5631] coolspeak.net
[21:11:46]   OK CoolSpeak | ph:(888) 300-1880 | em:info@coolspeak.net | New York
[21:11:51] [784/5631] movingforwardtrainingsolutions.com
[21:11:51]   OK Moving Forward Training Solutions, LLC | ph:(202) 709-9460 | em:info@movingforwardtrainingsolutions.com | Virginia Beach
[21:11:56] [785/5631] admissionado.com
[21:11:56]   OK Admissionado | Chicago
[21:12:00] [786/5631] myfreecreditrepair.io
[21:12:01]   OK The Truth Capital 
[21:12:04] [787/5631] takemyexamforme.us.com
[21:12:04]   OK Take My Exam For Me | ph:(775) 273-8948 | em:info@takemyexamforme.us.com
[21:12:07] [788/5631] edviceprinceton.com
[21:12:08]   OK Edvice Princeton
[21:12:12] [789/5631] www.writingassist.com
[21:12:13]   OK Writing Assistance
[21:12:17] [790/5631] expertclasstakers.com
[21:12:17]   OK Expert Class Takers | ph:(404) 490-0874 | em:info@expertclasstakers.com | Lilburn
[21:12:21] [791/5631] leadadmissions.com
[21:12:21]   OK Lead Admissions | Cincinnati
[21:12:25] [792/5631] nursfpx.com
[21:12:26]   OK NURSFPX.com | ph:(612) 234-7670 | em:contact@nursfpx.com | Minneapolis
[21:12:29] [793/5631] shecloseditfirst.com
[21:12:30]   OK She Closed It First Academy | em:hello@shecloseditfirst.com
[21:12:34] [794/5631] miniwritersclub.com
[21:12:34]   OK Mini Writers Club
[21:12:39] [795/5631] writer-works.net
[21:12:40]   OK writer-works.net
[21:12:43] [796/5631] networkmarketingpro.com
[21:12:43]   OK Network Marketing Pro | em:support@networkmarketingpro.com | Las Vegas
[21:12:47] [797/5631] giveriver.com
[21:12:47]   OK Give River | ph:(213) 214-0654 | em:info@giveriver.com | Los Angeles
[21:12:50] [798/5631] cdlschoolsusa.com
[21:12:51]   OK Cdlschoolsusa
[21:12:55] [799/5631] stackmode.net
[21:12:55]   OK Stackmode Network 
[21:12:59] [800/5631] thecreatorsuniversity.co
[21:12:59]   OK Creator's University | em:contact@thecreatorsuniversity.com
[21:12:59]   [Progress saved: 800 total leads]
[21:13:03] [801/5631] cmoe.com
[21:13:03]   OK CMOE - Center for Management & Organization Effectiveness | ph:(801) 569-3444 | em:info@cmoe.com | Salt Lake City
[21:13:06] [802/5631] onlinestudentadvisor.com
[21:13:06]   OK Online Student Advisor | Pittsboro
[21:13:10] [803/5631] lightbridgeacademy.com
[21:13:10]   OK Lightbridge Academy
[21:13:15] [804/5631] hireexamhelp.com
[21:13:15]   OK Hire Exam Help | ph:(832) 430-4604 | em:info@hireexamhelp.com | San Angelo
[21:13:19] [805/5631] bestdissertationwriter.com
[21:13:20]   OK Best Dissertation Writers
[21:13:23] [806/5631] ksacademy.co.in
[21:13:24]   OK KS Academy
[21:13:27] [807/5631] rattilonline.com
[21:13:28]   OK Rattilonline LLC
[21:13:32] [808/5631] valueassignmenthelp.com
[21:13:32]   OK valueassignmenthelp.com
[21:13:36] [809/5631] ej4.com
[21:13:37]   OK ej4
[21:13:41] [810/5631] matchtern.org
[21:13:41]   OK Matchtern
[21:13:44] [811/5631] thetenniswizard.com
[21:13:45]   OK The Tennis Wizard - Online Tennis Mental Training | ph:(817) 403-5214 | em:marketing@thetenniswizard.com | Dallas
[21:13:48] [812/5631] thestudydoc.com
[21:13:48]   OK The Study Doc | em:Andre@TheStudyDoc.com | Sheridan
[21:13:52] [813/5631] americanclasshub.com
[21:13:52]   OK American Class Hub | ph:(630) 689-4876 | em:info@americanclasshub.com | El Paso
[21:13:57] [814/5631] papsman.com
[21:13:57]   OK Paps Man
[21:14:01] [815/5631] onlineclasshelp247.us.com
[21:14:02]   OK Online class help 247 | ph:(775) 273-8948 | em:info@onlineclasshelp247.us.com | Wilmington
[21:14:06] [816/5631] writemyessaytoday.us
[21:14:06]   OK Writemyessaytoday
[21:14:10] [817/5631] opencusp.com
[21:14:11]   OK Open Cusp | em:opencuspaws@gmail.com | Katy
[21:14:15] [818/5631] onlineclasshelp.us.com
[21:14:16]   OK Onlineclasshelp Us | ph:(832) 548-5748 | em:info@onlineclasshelp.us.com | Houston
[21:14:19] [819/5631] schoolconsole.net
[21:14:20]   OK schoolconsole.net | ph:099995 92579 | Noida
[21:14:23] [820/5631] athletestoathletes.com
[21:14:24]   OK Athletes to Athletes | ph:(817) 602-6878 | em:info@athletestoathletes.com | Houston
[21:14:24]   [Progress saved: 820 total leads]
[21:14:28] [821/5631] marketplacesellercourses.com
[21:14:29]   OK Marketplace Seller Courses | ph:(770) 274-4763 | em:shannon@marketplacesellercourses.com | Braselton
[21:14:33] [822/5631] theexamexperts.com
[21:14:33]   OK The Exam Experts | ph:(602) 854-8061 | em:social@theexamexperts.com | Houston
[21:14:36] [823/5631] homework-assistance.com
[21:14:37]   OK Homework Assistance | em:domain222domain@gmail.com | Washington
[21:14:41] [824/5631] dissertation.us.com
[21:14:41]   OK Dissertation Us | ph:(518) 406-8936 | em:info@dissertation.us.com | 221 Wilmington 
[21:14:44] [825/5631] takemyteasexamforme.us.com
[21:14:45]   OK Take My TEAS Exam For Me | ph:(775) 273-8948 | em:info@takemyteasexamforme.us.com | San Diego
[21:14:50] [826/5631] midwestpermaculture.com
[21:14:50]   OK Midwestpermaculture | ph:(815) 216-4124 | em:milton@midwestpermaculture.com | 3.7* | 1 reviews | Cabery
[21:14:55] [827/5631] studyclerk.com
[21:14:55]   OK Studyclerk | em:support@studyclerk.com | New York
[21:14:59] [828/5631] clarkcollegeconsulting.com
[21:14:59]   OK Clark College Consulting | ph:(704) 944-3543 | em:rclark@clarkcollegeconsulting.com | Charlotte
[21:15:03] [829/5631] ufini.com
[21:15:04]   OK Ufini Educational Technologies, Inc. | ph:(315) 508-6492 | em:complete@ufini.com | Rochester
[21:15:08] [830/5631] getexamhelponline.com
[21:15:09]   OK Get Exam Help Online | ph:(603) 835-3255 | em:info@getexamhelponline.com
[21:15:12] [831/5631] nationaled.org
[21:15:12]   OK nationaled.org
[21:15:16] [832/5631] www.spanone.com
[21:15:16]   OK spanone.com
[21:15:20] [833/5631] dissertationhelp.ae
[21:15:21]   OK Essay Writing Services in UAE
[21:15:26] [834/5631] clearadmit.com
[21:15:26]   OK Clear Admit
[21:15:30] [835/5631] hbdservices.com
[21:15:31]   OK Hbdservices
[21:15:35] [836/5631] admitadvantage.com
[21:15:35]   OK Admit Advantage
[21:15:38] [837/5631] www.collegefitfinder.com
[21:15:39]   OK Collegefitfinder
[21:15:43] [838/5631] mbawhisperer.com
[21:15:43]   OK MBA Whisperer | ph:(310) 876-2660 | em:info@mbawhisperer.com | Culver City
[21:15:46] [839/5631] relaxessay.com
[21:15:46]   OK RelaxESSAY.com | em:support@relaxessay.com | New York
[21:15:49] [840/5631] aionlinecourse.com
[21:15:50]   OK Aionlinecourse
[21:15:50]   [Progress saved: 840 total leads]
[21:15:53] [841/5631] americandreamrally.com
[21:15:54]   OK Americandreamrally | ph:(702) 978-7712 | em:support@americandreamrally.com  | Las Vegaas
[21:15:58] [842/5631] ihhp.com
[21:16:00]   OK Institute for Health and Human Potential
[21:16:05] [843/5631] graniteedvance.org
[21:16:05]   OK Graniteedvance
[21:16:09] [844/5631] panpowered.com
[21:16:09]   OK Panpowered
[21:16:14] [845/5631] giftedgabber.com
[21:16:14]   OK Gifted Gabber | ph:(866) 618-9640 | em:info@giftedgabber.com | Uwclan
[21:16:18] [846/5631] gecollegeprep.com
[21:16:19]   OK Great Expectations College Prep | ph:(888) 917-7737 | em:contact@gecollegeprep.com | Los Angeles
[21:16:22] [847/5631] preppool.com
[21:16:23]   OK Preppool
[21:16:26] [848/5631] www.vanguardpub.com
[21:16:27]   OK Vanguardpub | em:info@vanguardpub.com | New York
[21:16:31] [849/5631] theblendlms.com
[21:16:31]   OK The Blend LMS | ph:(732) 757-7585 | em:info@theblendlms.com | Austin
[21:16:35] [850/5631] takemyonlineclassfast.com
[21:16:36]   OK Take My Online Class US | ph:(917) 203-4953 | em:info@takemyonlineclassus.com | Brooklyn
[21:16:40] [851/5631] educateandnaturize.com
[21:16:40]   OK Educate and notarize | em:contact@educateandnaturize.com | Pittsfield
[21:16:45] [852/5631] mybts.fr
[21:16:45]   OK mybts.fr
[21:16:50] [853/5631] eduwelt.com
[21:16:50]   OK Eduwelt
[21:16:54] [854/5631] taosquare.com
[21:16:55]   OK Taosquare
[21:16:58] [855/5631] getintocollege.com
[21:16:59]   OK College Coach | Watertown
[21:17:04] [856/5631] domycourse.us
[21:17:04]   OK Do My Course
[21:17:07] [857/5631] phoenixperform.com
[21:17:08]   OK Tom Willis
[21:17:11] [858/5631] dissertationchamps.com
[21:17:11]   OK Dissertationchamps | ph:(408) 974-9230 | em:info@dissertationchamps.com
[21:17:15] [859/5631] admissionscheckup.com
[21:17:15]   OK Winning Applications
[21:17:18] [860/5631] euclideaneducation.org
[21:17:19]   OK Euclidean Education | ph:(470) 632-6853 | em:apply@euclideaneducation.org
[21:17:19]   [Progress saved: 860 total leads]
[21:17:23] [861/5631] iwebtefl.com
[21:17:23]   OK Iwebtefl
[21:17:27] [862/5631] chemquiz.net
[21:17:27]   OK ChemQuiz.net LLC
[21:17:31] [863/5631] stessasecret.org
[21:17:31]   OK Stessasecret | ph:(501) 779-1221 | em:admin@stessasecret.org | North Little Rock
[21:17:35] [864/5631] kidcasting.com
[21:17:36]   OK kidcasting.com
[21:17:40] [865/5631] step2csprep.com
[21:17:41]   OK The USMLE Preparation Company | ph:(888) 528-0288 | em:sara@usmle.online | Lincolnwood, IL
[21:17:45] [866/5631] tutorvero.com
[21:17:46]   OK Tutorvero | Westlake Village
[21:17:49] [867/5631] stacyblackman.com
[21:17:49]   OK Stacy Blackman Consulting | West Hollywood
[21:17:54] [868/5631] mindsahead.com
[21:17:54]   OK MindsAhead Academy | ph:(201) 270-8684 | em:mindsahead.hackensack@gmail.com | Hackensack
[21:17:57] [869/5631] myidealwords.com
[21:17:58]   OK Myidealwords | em:info@myidealwords.com | Cheyenne
[21:18:01] [870/5631] wondertree.co
[21:18:01]   OK wondertree.co | em:hanzilla@wondertree.co | Middletown
[21:18:06] [871/5631] usvisainterview.com
[21:18:06]   OK Us visa interview | em:Contact@usvisainterview.com 
[21:18:10] [872/5631] lessonmakerpro.com
[21:18:11]   OK Lessonmakerpro | em:support@lessonmakerpro.com
[21:18:15] [873/5631] bestessays.com
[21:18:15]   OK bestessay.com
[21:18:20] [874/5631] soporteacademico.com
[21:18:20]   OK Soporteacademico
[21:18:24] [875/5631] thetradingnetwork.io
[21:18:25]   OK The Trading Network | em:info@thetradingnetwork.io
[21:18:29] [876/5631] thegearconsulting.com
[21:18:30]   OK TheGear Consulting | ph:(661) 675-2735 | em:info@thegearconsulting.com | Florida
[21:18:33] [877/5631] ivyscholars.com
[21:18:34]   OK Ivyscholars | ph:(281) 215-5148 | em:contact@ivyscholars.com | Houston
[21:18:39] [878/5631] chartvistaconsulting.com
[21:18:39]   OK Chartvistaconsulting | ph:(800) 213-8209 | em:info@chartvistaconsulting.com | Phoenix
[21:18:43] [879/5631] moringaschool.com
[21:18:43]   OK moringaschool.com
[21:18:47] [880/5631] quallege.com
[21:18:47]   OK Quallege | em:info@quallege.com
[21:18:47]   [Progress saved: 880 total leads]
[21:18:52] [881/5631] keltoncompanyllc.com
[21:18:52]   OK Keltoncompanyllc | ph:(209) 806-9863 | em:contact@keltoncompanyllc.com | San Diego
[21:18:56] [882/5631] assignmentaid.net
[21:18:56]   OK Assignment Aid
[21:18:59] [883/5631] educationaladvocates.com
[21:19:00]   OK Educational Advocates College Consulting Corp. | ph:(617) 734-3700 | em:info@educationaladvocates.com | Brookline
[21:19:03] [884/5631] pathiva.com
[21:19:04]   OK Pathiva | em:info@pathiva.com
[21:19:08] [885/5631] premedmastery.com
[21:19:08]   OK Premedmastery
[21:19:13] [886/5631] bblanguages.com
[21:19:14]   OK bblanguages.com
[21:19:17] [887/5631] sheepfeast.com
[21:19:18]   OK SheepFeast | ph:(866) 917-4337 | em:mark@sheepfeast.com | Virginia Beach
[21:19:22] [888/5631] www.aipect.com.pk
[21:19:22]   OK Aipect International
[21:19:26] [889/5631] smartonlinewriting.com
[21:19:26]   OK smartonlinewriting.com | ph:(209) 813-0482 | em:info@smartonlinewriting.com | ANGELS CAMP
[21:19:31] [890/5631] edsteps.in
[21:19:31]   OK EdSteps
[21:19:36] [891/5631] merabookkeeping.com
[21:19:36]   OK Mera Bookkeeping LLC
[21:19:41] [892/5631] examshero.com
[21:19:41]   OK Exams Ninja | ph:(512) 555-0147 | em:iamkevingary@gmail.com | Austin
[21:19:45] [893/5631] qwertyscript.com
[21:19:46]   OK Qwertyscript | ph:(915) 666-8706 | em:info@qwertyscript.com | Des Moines
[21:19:51] [894/5631] legalscout.org
[21:19:51]   OK Scout | em:admin@legalscout.org
[21:19:54] [895/5631] findmyorbit.com
[21:19:54]   OK Findmyorbit
[21:19:59] [896/5631] skilledessays.com
[21:20:00]   OK Skilledessays | ph:(607) 364-4158 | em:support@skilledessays.com | Middletown
[21:20:04] [897/5631] risehighereducation.com
[21:20:04]   OK Rise Higher Education | ph:(984) 244-2411 | em:risehighereducation@gmail.com | Monroe
[21:20:09] [898/5631] aadservices.net
[21:20:10]   OK AADS Academic Advising  | ph:(307) 761-2938 | em:info@aadservices.net | St. Louis 
[21:20:13] [899/5631] zongotek.com
[21:20:13]   OK Zongotek | ph:(914) 768-1947 | em:info@zongotek.com | New York
[21:20:17] [900/5631] eclasshelpers.com
[21:20:17]   OK Eclasshelpers | ph:(737) 355-9621 | em:Contact@eclasshelpers.com | Dallas
[21:20:17]   [Progress saved: 900 total leads]
[21:20:21] [901/5631] theundisciplinedtrader.com
[21:20:21]   OK The Undisciplined Trader Academy | em:support@theundisciplinedtrader.com | Portland
[21:20:26] [902/5631] gmatninja.com
[21:20:26]   OK GMAT Ninja | em:hello@gmatninja.com
[21:20:30] [903/5631] www.professayhub.com
[21:20:30]   OK Professayhub
[21:20:34] [904/5631] bstubbsassessment.co.uk
[21:20:35]   OK Bstubbsassessment
[21:20:39] [905/5631] eedu.online
[21:20:40]   OK ExpertEase Education
[21:20:44] [906/5631] pencilsofpromise.org
[21:20:44]   OK pencilsofpromise.org
[21:20:49] [907/5631] tradeconfidently.com
[21:20:50]   OK Tradeconfidently
[21:20:55] [908/5631] pinion.education
[21:20:55]   OK pinion.education
[21:21:00] [909/5631] takemyclass.us.com
[21:21:00]   OK Take My Class US | ph:(904) 222-8564 | em:info@takemyclass.us.com | Wilmington
[21:21:04] [910/5631] etutors.us
[21:21:04]   OK E-tutors | ph:(660) 200-8818 | em:Info@etutors.us | New York
[21:21:08] [911/5631] usonlineclasstaker.com
[21:21:09]   OK Usonlineclasstaker | ph:(323) 684-3012 | em:info@usonlineclasstaker.com | Jersey City
[21:21:13] [912/5631] conceita.com
[21:21:13]   OK Conceita
[21:21:17] [913/5631] paraphrasingmatters.com
[21:21:18]   OK Paraphrasingmatters.com
[21:21:23] [914/5631] www.bloomboard.com
[21:21:23]   OK bloomboard.com
[21:21:28] [915/5631] eduboard.com
[21:21:28]   OK eduboard.com
[21:21:32] [916/5631] myquickassignment.com
[21:21:33]   OK Myquickassignment
[21:21:36] [917/5631] gurufi.com
[21:21:37]   OK Gurufi
[21:21:41] [918/5631] www.nursingwriter.help
[21:21:41]   OK Nursingwriter
[21:21:45] [919/5631] mededits.com
[21:21:45]   OK MedEdits Medical Admissions
[21:21:50] [920/5631] studentden.com
[21:21:51]   OK studentden.com
[21:21:51]   [Progress saved: 920 total leads]
[21:21:55] [921/5631] freepaperwriter.com
[21:21:56]   OK freepaperwriter.com
[21:22:00] [922/5631] vansonbourne.com
[21:22:00]   OK Vansonbourne
[21:22:04] [923/5631] www.athleticscholarships.net
[21:22:04]   OK Athleticscholarships
[21:22:08] [924/5631] go-platform.com
[21:22:08]   OK GO Platform
[21:22:13] [925/5631] www.masterpaperwriter.com
[21:22:13]   OK masterpaperwriter.com
[21:22:16] [926/5631] studee.com
[21:22:17]   OK Studee - Intercâmbio
[21:22:21] [927/5631] successbydesign.com
[21:22:21]   OK Success by Design, Inc.
[21:22:25] [928/5631] www.allstardirectories.com
[21:22:25]   OK Allstardirectories.com
[21:22:30] [929/5631] takeawayessay.com
[21:22:30]   OK Takeawayessay
[21:22:34] [930/5631] medicineingreece.com
[21:22:34]   OK Medicine in Greece | em:info@medicineingreece.com
[21:22:37] [931/5631] thepreparedstudent.com
[21:22:37]   OK The Prepared Student | ph:(612) 208-2494 | em:info@thepreparedstudent.com
[21:22:42] [932/5631] ivycoach.com
[21:22:42]   OK Ivycoach | New York
[21:22:46] [933/5631] botwriting.ai
[21:22:46]   OK Botwriting | em:info@botwriting.ai | sheridan
[21:22:50] [934/5631] muzology.com
[21:22:50]   OK Muzology | em:info@muzology.com | Nashville
[21:22:53] [935/5631] primalmogul.com
[21:22:54]   OK Primal Mogul | em:info@primalmogul.com | Ontario 
[21:22:59] [936/5631] numaschool.com
[21:22:59]   OK Numaschool | ph:(615) 979-8337 | em:info@numaschool.com | Nashville
[21:23:03] [937/5631] usassignmenthelper.com
[21:23:04]   OK US Assignment Helper | ph:(917) 203-4953 | em:info@usassignmenthelper.com | Westbury
[21:23:07] [938/5631] toolfinder.us
[21:23:07]   OK Toolfinder
[21:23:11] [939/5631] bsnwritingservices.com
[21:23:11]   OK BSN Writing Services | ph:(612) 234-7670 | em:contact@bsnwritingservices.com | Minnesota
[21:23:15] [940/5631] qaqcacademy.com
[21:23:15]   OK QA/QC International Training Center Llc | em:Contact@qaqcacademy.com | Laguna Beach 
[21:23:15]   [Progress saved: 940 total leads]
[21:23:20] [941/5631] doyouronlinecourse.com
[21:23:20]   OK Doyouronlinecourse | ph:(214) 272-0379 | em:info@doyouronlinecourse.com | Fresno
[21:23:24] [942/5631] lamejoredu.com
[21:23:24]   OK La Mejor Educación | ph:(307) 459-1115 | em:asesor@lamejoredu.com | Casper
[21:23:27] [943/5631] teasexperts.com
[21:23:28]   OK Teas Experts | ph:(478) 203-0968 | em:info@teasexperts.com | New York
[21:23:32] [944/5631] simeononsecurity.com
[21:23:33]   OK SimeonOnSecurity | em:noreply@simeononsecurity.com | Mountain View
[21:23:38] [945/5631] takemyonlineexampro.com
[21:23:38]   OK Take My Online Exam Pro | ph:(323) 684-3012 | em:info@takemyonlineexampro.com
[21:23:42] [946/5631] scrumalliance.org
[21:23:43]   OK Scrum Alliance | 4.9* | 72016 reviews | Westminster
[21:23:47] [947/5631] scrum.org
[21:23:48]   OK Scrum.org | em:info@scrum.org | 4.9* | 29917 reviews |  
[21:23:52] [948/5631] cuemath.com
[21:23:53]   OK Cuemath | em:customercare@cuemath.com | 4.9* | 9500 reviews | Wilmington
[21:23:57] [949/5631] thinklouder.com
[21:23:58]   OK ThinkLouder | ph:(877) 567-8930 | em:gmorein@thinklouder.com | 4.9* | 5585 reviews
[21:24:03] [950/5631] yogarenewteachertraining.com
[21:24:04]   OK YogaRenew | em:contact@yogarenewteachertraining.com | 4.9* | 4770 reviews | Hoboken
[21:24:07] [951/5631] www.risla.com
[21:24:08]   OK RISLA | ph:(800) 758-7562 | em:customerservice@risla.com | 4.9* | 4234 reviews | Warwick
[21:24:11] [952/5631] www.speechpathology.com
[21:24:12]   OK SpeechPathology.com | ph:(800) 242-5183 | em:customerservice@speechpathology.com | 4.9* | 3808 reviews | Austin
[21:24:16] [953/5631] homeschoolboss.com
[21:24:17]   OK Homeschool Boss | ph:(844) 746-2677 | em:Sales@Homeschoolboss.com | 4.9* | 2719 reviews | Minneapolis
[21:24:22] [954/5631] www.iapcollege.com
[21:24:22]   OK IAP Career College | em:support@iapcollege.com | 4.9* | 2600 reviews | Portland
[21:24:26] [955/5631] resumespice.com
[21:24:26]   OK ResumeSpice - Best Resume Writing Service | ph:(832) 930-7378 | em:support@resumespice.com | 4.9* | 1932 reviews | Houston
[21:24:31] [956/5631] beamjobs.com
[21:24:32]   OK beamjobs.com | em:support@beamjobs.com | 4.9* | 1306 reviews
[21:24:35] [957/5631] universityofmetaphysics.com
[21:24:36]   OK University Of Metaphysics | ph:(928) 203-0730 | em:uom@metaphysics.com | 4.9* | 1241 reviews | Sedona
[21:24:41] [958/5631] hipaatraining.us
[21:24:41]   OK HIPAA Training US | em:info@hipaatraining.us | 4.9* | 1102 reviews
[21:24:44] [959/5631] 7sage.com
[21:24:45]   OK 7Sage LSAT | em:studentservice@7sage.com | 4.9* | 773 reviews | Las Vegas
[21:24:50] [960/5631] 4pmti.com
[21:24:51]   OK Project Management Training Institute | ph:(734) 786-0104 | em:info@4pmti.com | 4.9* | 724 reviews | Dallas
[21:24:51]   [Progress saved: 960 total leads]
[21:24:54] [961/5631] pencilguyshop.com
[21:24:55]   OK Pencilguyshop | 4.9* | 717 reviews
[21:24:59] [962/5631] newmindstart.com
[21:25:00]   OK NewMindStart | em:hello@newmindstart.com | 4.2* | 3917 reviews | New York
[21:25:04] [963/5631] myiq.com
[21:25:04]   OK MyIQ | 4.2* | 109422 reviews
[21:25:09] [964/5631] bettercv.com
[21:25:11]   OK BetterCV | ph:(855) 917-1811 | em:help@bettercv.com | 3.8* | 1565 reviews
[21:25:14] [965/5631] ziplines.com
[21:25:15]   OK Ziplines | em:support@ziplines.com | 4.6* | 1674 reviews
[21:25:18] [966/5631] www.uscareerinstitute.edu
[21:25:19]   OK U.S. Career Institute | ph:(866) 250-6851 | 4.7* | 3823 reviews | Fort Collins
[21:25:23] [967/5631] examfx.com
[21:25:24]   OK ExamFX | ph:(800) 586-2253 | em:customer.service@examfx.com | 4.6* | 2669 reviews | Leawood
[21:25:28] [968/5631] www.jobs2careers.com
[21:25:28]   OK Jobs2Careers | em:support@talroo.com | 4.5* | 3724 reviews | Austin
[21:25:33] [969/5631] www.bridge.edu
[21:25:34]   OK Bridge Education Group - BridgeTEFL | ph:(303) 777-7783 | em:tefladmissions@bridge.edu | 4.5* | 1255 reviews | Denver
[21:25:38] [970/5631] cerebrumiq.com
[21:25:39]   OK Cerebrum | 4.3* | 46610 reviews
[21:25:42] [971/5631] alphafunded.com
[21:25:43]   OK Alpha Trader Firm | 4.7* | 214 reviews
[21:25:47] [972/5631] dataexpert.io
[21:25:48]   OK DataExpert.io | em:support@dataexpert.io | 4.9* | 656 reviews | San Francisco
[21:25:51] [973/5631] terra.do
[21:25:52]   OK Terra.do - Climate Change: Learning for Action | em:hello@terra.do | 4.9* | 435 reviews | Stanford
[21:25:55] [974/5631] www.mdctradingacademy.com
[21:25:56]   OK MDC Trading Academy | ph:(786) 238-6697 | em:info@mdctradingacademy.com | 4.9* | 396 reviews
[21:25:59] [975/5631] conceptsandbeyond.com
[21:26:00]   OK Concepts & Beyond Inc | ph:(201) 374-0893 | em:marketing@conceptsandbeyond.com | 4.9* | 342 reviews | Englewood Cliffs
[21:26:03] [976/5631] universityofsedona.com
[21:26:04]   OK University of Sedona | ph:(928) 203-0730 | em:uom@metaphysics.com | 4.9* | 328 reviews | Sedona
[21:26:08] [977/5631] lsatlab.com
[21:26:09]   OK LSAT Lab | ph:(800) 675-0197 | em:reviews@lsatlab.com | 4.9* | 307 reviews | La Jolla
[21:26:13] [978/5631] jacksonstevensglobal.com
[21:26:14]   OK jacksonstevensglobal.com | em:dean@jacksonstevensglobal.com | 4.9* | 301 reviews | Minneapolis
[21:26:18] [979/5631] poweredbyteams.com
[21:26:19]   OK Powered by Teams | ph:(650) 600-1587 | em:info@poweredbyteams.com | 4.9* | 212 reviews | Los Altos
[21:26:23] [980/5631] npexamcoach.com
[21:26:23]   OK NP EXAM COACH LLC | ph:(917) 732-9619 | em:pmhnp@npexamcoach.com | 4.9* | 199 reviews | Rockville
[21:26:23]   [Progress saved: 980 total leads]
[21:26:27] [981/5631] sibyltarot.com
[21:26:28]   OK Sibyl Tarot | em:support@sibyltarot.com | 4.9* | 179 reviews | Austin
[21:26:32] [982/5631] aixue.us
[21:26:32]   OK iLearning 爱学教育 | ph:(718) 218-5966 | em:info@ilearning.school | 4.9* | 161 reviews | Little Neck
[21:26:35] [983/5631] tunelark.com
[21:26:36]   OK Tunelark | ph:(510) 775-2184 | em:team@tunelark.com | 4.9* | 149 reviews | San Francisco
[21:26:39] [984/5631] vetclaimops.com
[21:26:40]   OK Vet Claim Ops | em:gage@vetclaimops.com | 4.9* | 92 reviews | Cheyenne
[21:26:43] [985/5631] voiceactingcareerkickstart.com
[21:26:44]   OK The Voice Acting Career Kickstart | em:support@voiceactingcareerkickstart.com | 4.9* | 87 reviews | Los Angeles
[21:26:48] [986/5631] www.aceable.com
[21:26:48]   OK Aceable | ph:(855) 223-7778 | em:ace@aceable.com | 4.8* | 44574 reviews | Austin
[21:26:52] [987/5631] nhcps.com
[21:26:53]   OK Save a Life | ph:(866) 352-1420 | em:customerservice@advmedcert.com | 4.8* | 35378 reviews |  Jeffersonville
[21:26:57] [988/5631] www.idrivesafely.com
[21:26:58]   OK I Drive Safely | ph:(800) 723-1955 | em:feedback@idrivesafely.com | 4.8* | 26686 reviews | Carlsbad
[21:27:01] [989/5631] aceableagent.com
[21:27:02]   OK AceableAgent | ph:(512) 645-1081 | em:support@aceableagent.com | 4.8* | 10938 reviews | Austin
[21:27:06] [990/5631] insurance.aceable.com
[21:27:07]   OK Aceable Insurance | 4.8* | 10610 reviews
[21:27:10] [991/5631] msicertified.com
[21:27:10]   OK Management and Strategy Institute | ph:(484) 402-7984 | em:service@msicertified.com | 4.8* | 7188 reviews | Downingtown
[21:27:14] [992/5631] empirelearning.com
[21:27:15]   OK Empire Learning | ph:(855) 460-1634 | em:support@empirelearning.com | 4.8* | 5246 reviews | San Diego
[21:27:18] [993/5631] www.tradingacademy.com
[21:27:19]   OK Trading Academy | ph:(888) 430-6702 | em:info@tradingacademy.com | 4.8* | 3713 reviews | Irvine
[21:27:23] [994/5631] occupationaltherapy.com
[21:27:23]   OK OccupationalTherapy.com | ph:(866) 782-9924 | em:customerservice@occupationaltherapy.com | 4.8* | 3287 reviews | Austin
[21:27:28] [995/5631] jsmastery.pro
[21:27:29]   OK JavaScript Mastery | em:contact@jsmastery.pro | 4.8* | 2764 reviews
[21:27:33] [996/5631] kelbyone.com
[21:27:33]   OK KelbyOne.com | em:info@kelbyone.com | 4.8* | 1837 reviews | Oldsmar
[21:27:38] [997/5631] theinteriordesigninstitute.com
[21:27:39]   OK The Interior Design Institute | em:support-us-en@service.theinteriordesigninstitute.com | 4.8* | 1755 reviews | San Francisco, CA
[21:27:43] [998/5631] hairqare.co
[21:27:44]   OK Hairqare | em:hello@hairqare.co | 4.8* | 1463 reviews | Sheridan
[21:27:48] [999/5631] www.powerhomeschool.org
[21:27:49]   OK Power Homeschool | ph:(800) 941-8100 | em:info@powerhomeschool.org | 4.8* | 1258 reviews | Kansas City
[21:27:52] [1000/5631] theshiftnetwork.com
[21:27:53]   OK The Shift Network | ph:(415) 223-7565 | em:support@theshiftnetwork.com | 4.8* | 1035 reviews | Mount Shasta
[21:27:53]   [Progress saved: 1000 total leads]
[21:27:56] [1001/5631] myexcelonline.com
[21:27:57]   OK MyExcelOnline Academy | em:support@myexcelonline.com | 4.8* | 961 reviews
[21:28:02] [1002/5631] fxnutrition.com
[21:28:04]   OK Functional Nutrition Alliance | em:support@fxnutrition.com | 4.8* | 947 reviews
[21:28:07] [1003/5631] breakoutprop.com
[21:28:07]   OK Breakout | 4.8* | 853 reviews
[21:28:11] [1004/5631] www.excelhighschool.com
[21:28:12]   OK Excel High School | ph:(952) 465-3700 | em:admissions@excelhighschool.com | 4.8* | 808 reviews | Minnetonka
[21:28:16] [1005/5631] aifsabroad.com
[21:28:16]   OK AIFS Abroad | ph:(800) 727-2437 | 4.8* | 694 reviews | Stamford
[21:28:21] [1006/5631] lsvtglobal.com
[21:28:22]   OK LSVT Global | ph:(888) 438-5788 | em:info@lsvtglobal.com | 4.8* | 639 reviews | Tucson
[21:28:26] [1007/5631] magoosh.com
[21:28:27]   OK Magoosh | em:help@magoosh.com | 4.8* | 556 reviews | San Francisco
[21:28:32] [1008/5631] www.resumeble.com
[21:28:32]   OK Resumeble | ph:(866) 231-9823 | em:support@resumeble.com | 4.8* | 488 reviews
[21:28:36] [1009/5631] brainscape.com
[21:28:36]   OK Brainscape - Smarter Flashcards | ph:(929) 334-4005 | em:support@brainscape.com | 4.8* | 480 reviews | New York
[21:28:40] [1010/5631] www.monster.com
[21:28:40]   OK Monster - Job Search & Resume Builder | ph:(800) 666-7837 | em:seekerhelp@monster.com | 3.5* | 19894 reviews | Guaynabo
[21:28:44] [1011/5631] international-iq-test.com
[21:28:46]   OK IQ test (Free) (international-iq-test.com) | 4.7* | 3109 reviews
[21:28:50] [1012/5631] dudons.com
[21:28:50]   OK Dudons | em:info@dudons.com | 4.8* | 470 reviews
[21:28:55] [1013/5631] iqranetwork.com
[21:28:56]   OK IQRA Network | ph:(855) 477-2100 | em:support@iqranetwork.com | 4.8* | 417 reviews | Cerritos
[21:29:00] [1014/5631] solomonadmissions.com
[21:29:00]   OK Solomon Admissions Consulting | ph:(646) 598-8174 | em:info@solomonadmissions.com | 4.8* | 410 reviews
[21:29:05] [1015/5631] coachbit.com
[21:29:05]   OK Coachbit | em:hello@coachbit.com | 4.8* | 346 reviews | Wilmington
[21:29:09] [1016/5631] strawberry.me
[21:29:10]   OK Strawberry.me | em:team@strawberry.me | 4.8* | 299 reviews | Palo Alto
[21:29:14] [1017/5631] thenovelry.com
[21:29:15]   OK The Novelry | ph:(315) 610-8505 | em:hello@thenovelry.com | 4.8* | 228 reviews | New York
[21:29:18] [1018/5631] cpethink.com
[21:29:19]   OK Cpethink.com, Ltd. | ph:(888) 273-0273 | em:service@cpethink.com | 4.8* | 177 reviews | Evergreen
[21:29:23] [1019/5631] boomingbookkeeping.com
[21:29:23]   OK Booming Bookkeeping Business | 4.8* | 123 reviews
[21:29:26] [1020/5631] moneytribe21.com
[21:29:27]   OK MoneyTribe21 | ph:(071) 740-8063 | em:info@moneytribe21.com | 4.8* | 114 reviews | Dover
[21:29:27]   [Progress saved: 1020 total leads]
[21:29:30] [1021/5631] www.academia-x.com
[21:29:31]   OK Academia X LLC | em:academia.x.edu@gmail.com | 4.8* | 84 reviews
[21:29:35] [1022/5631] anxietywave.com
[21:29:35]   OK Anxiety Wave | 4.8* | 62 reviews
[21:29:39] [1023/5631] vcareprojectmanagement.com
[21:29:40]   OK vCare Project Management | ph:(650) 283-0123 | em:info@vcareprojectmanagement.com | 4.8* | 52 reviews | Dallas
[21:29:44] [1024/5631] accumentum.co
[21:29:45]   OK Accumentum® | ph:(202) 417-6880 | em:info@accumentum.net | 4.8* | 44 reviews | Arlington
[21:29:48] [1025/5631] resume.co
[21:29:50]   OK Resume.co – AI Resume Builder | em:support@resume.co | 4.7* | 12589 reviews | Los Angeles
[21:29:54] [1026/5631] www.driversed.com
[21:29:55]   OK DriversEd.com | ph:(800) 651-2886 | em:feedback@driversed.com | 4.7* | 10052 reviews | Oakland
[21:30:00] [1027/5631] www.earn2trade.com
[21:30:00]   OK Earn2Trade | ph:(888) 521-7626 | em:support@earn2trade.com | 4.7* | 4649 reviews | Sheridan
[21:30:05] [1028/5631] summit-education.com
[21:30:05]   OK Summit Professional Education | 4.7* | 4381 reviews | Franklin
[21:30:09] [1029/5631] nsls.org
[21:30:10]   OK The National Society of Leadership and Success | ph:(201) 222-6544 | em:info@nsls.org | 4.7* | 3036 reviews | Orlando
[21:30:14] [1030/5631] www.physicaltherapy.com
[21:30:15]   OK PhysicalTherapy.com | ph:(866) 782-6258 | em:customerservice@physicaltherapy.com | 4.7* | 2597 reviews | Austin
[21:30:18] [1031/5631] efficientcoach.com
[21:30:18]   OK Efficientcoach | em:support@efficientcoach.com | 4.7* | 2179 reviews | Miami
[21:30:22] [1032/5631] naturalistico.com
[21:30:22]   OK Naturalistico | 4.7* | 1902 reviews
[21:30:27] [1033/5631] kapre.com
[21:30:27]   OK Kaplan Real Estate Education | ph:(800) 636-9517 | em:restudentsupport@kaplan.com | 4.7* | 1486 reviews | Fort Lauderdale
[21:30:31] [1034/5631] stepful.com
[21:30:31]   OK stepful.com | ph:(332) 334-8285 | em:hello@stepful.com | 4.7* | 1354 reviews | Detroit
[21:30:36] [1035/5631] codewizardshq.com
[21:30:37]   OK CodeWizardsHQ | ph:(800) 213-2417 | em:hello@codewizardshq.com | 4.7* | 1341 reviews | Austin
[21:30:41] [1036/5631] expertrating.com
[21:30:41]   OK ExpertRating | em:support@expertrating.com | 4.7* | 1315 reviews | New York
[21:30:46] [1037/5631] ecombabes.com
[21:30:46]   OK eCom Babes | em:support@ecombabes.com | 4.7* | 1242 reviews | Philadelphia
[21:30:50] [1038/5631] www.medschoolcoach.com
[21:30:50]   OK MedSchoolCoach | ph:(888) 381-9509 | em:info@medschoolcoach.com | 4.7* | 767 reviews | Boston
[21:30:54] [1039/5631] aaafoodhandler.com
[21:30:55]   OK AAA Food Handler | ph:(714) 592-4100 | em:support@aaafoodhandler.com | 4.7* | 709 reviews | Frisco
[21:30:58] [1040/5631] resumetemplates.com
[21:30:59]   OK ResumeTemplates.com | ph:(800) 719-7459 | em:contact@resumetemplates.com | 4.7* | 674 reviews | Seattle
[21:30:59]   [Progress saved: 1040 total leads]
[21:31:02] [1041/5631] cna.plus
[21:31:03]   OK CNA Plus | ph:(888) 592-3337 | em:hello@cna.plus | 4.7* | 666 reviews | Sarasota
[21:31:07] [1042/5631] www.nielasher.com
[21:31:08]   OK NAT Global Campus | em:info@nielasher.com | 4.7* | 595 reviews | New York
[21:31:12] [1043/5631] miacademy.co
[21:31:13]   OK Miaplaza, Inc. | ph:(909) 443-1317 | em:parents-help@miacademy.co | 4.7* | 574 reviews | Menlo Park
[21:31:17] [1044/5631] pass-program.com
[21:31:18]   OK PASS Program | ph:(281) 331-0833 | em:jacobyi@passprogram.net | 4.7* | 528 reviews | Houston
[21:31:22] [1045/5631] dataengineeracademy.com
[21:31:23]   OK Data Engineer Academy | ph:(646) 943-3282 | em:support@dataengineeracademy.com | 4.7* | 393 reviews | Seattle
[21:31:27] [1046/5631] thinkwellhomeschool.com
[21:31:28]   OK Thinkwell  | ph:(800) 684-8880 | em:info@thinkwell.com | 4.7* | 360 reviews | Austin
[21:31:32] [1047/5631] stocknavigators.com
[21:31:33]   OK Stock Navigators | em:support@stocknavigators.com | 4.7* | 345 reviews | San Jose
[21:31:37] [1048/5631] www.authentic-charisma.de
[21:31:37]   OK Andy Friday | ph:017620750373 | em:info@authentic-charisma.de | 4.7* | 276 reviews | Oakland Park
[21:31:40] [1049/5631] enthu.com
[21:31:41]   OK Enthuziastic | ph:(804) 408-4086 | em:support@enthu.com | 4.7* | 224 reviews | Lewes
[21:31:45] [1050/5631] noorart.com
[21:31:46]   OK Noorart | 4.7* | 177 reviews | Richardson TX
[21:31:50] [1051/5631] hometitlelock.com
[21:31:51]   OK Home Title Lock | ph:(800) 899-6268 | em:service@hometitlelock.com | 4.7* | 155 reviews | Coral Springs
[21:31:54] [1052/5631] www.polygence.org
[21:31:55]   OK Polygence | ph:(650) 600-6458 | em:trustpilot@polygence.org | 4.7* | 136 reviews | Menlo Park
[21:31:59] [1053/5631] privacybootcamp.com
[21:32:00]   OK Privacybootcamp | em:Hello@privacybootcamp.com | 4.7* | 112 reviews | Wilmington
[21:32:05] [1054/5631] acely.com
[21:32:05]   OK Acely | em:info@acely.com | 4.7* | 79 reviews
[21:32:09] [1055/5631] tabula-rasa.life
[21:32:10]   OK Tabula Rasa Life | ph:+34613601095 | em:mail@tabula-rasa.life | 4.7* | 76 reviews | St. Petersburg
[21:32:14] [1056/5631] davidjaffee.com
[21:32:15]   OK DavidJaffee.com | em:david@davidjaffee.com | 4.7* | 54 reviews
[21:32:18] [1057/5631] issaonline.com
[21:32:18]   OK International Sports Sciences Association | ph:(800) 892-4772 | em:support@issaonlne.com | 4.6* | 16496 reviews | Phoenix
[21:32:23] [1058/5631] kaptest.com
[21:32:24]   OK Kaplan Test Prep | 4.6* | 6120 reviews | New York
[21:32:29] [1059/5631] vaclaimsinsider.com
[21:32:29]   OK VA Claims Insider, LLC | ph:(737) 241-9823 | em:support@vaclaimsinsider.com | 4.6* | 4416 reviews | Austin
[21:32:33] [1060/5631] culturalcare.com
[21:32:34]   OK Cultural Care Au Pair | ph:(800) 333-6056 | em:support@culturalcare.com | 4.6* | 2306 reviews | Cambridge
[21:32:34]   [Progress saved: 1060 total leads]
[21:32:37] [1061/5631] lawline.com
[21:32:38]   OK Lawline | ph:(877) 518-0660 | em:support@lawline.com | 4.6* | 2027 reviews | New York
[21:32:41] [1062/5631] mysticsense.com
[21:32:42]   OK Mysticsense | ph:(929) 201-3250 | em:info@mysticsense.com | 4.6* | 1438 reviews | Houston
[21:32:46] [1063/5631] medbridge.com
[21:32:47]   OK Medbridge | ph:(206) 216-5003 | em:support@medbridge.com | 4.6* | 1369 reviews | Bellevue
[21:32:51] [1064/5631] tradeday.com
[21:32:52]   OK TradeDay | em:support@tradeday.com | 4.6* | 1324 reviews | Chicago
[21:32:57] [1065/5631] resume.org
[21:32:57]   OK Resume.org | ph:(800) 250-4815 | em:contact@resume.org | 4.6* | 1078 reviews | Kirkland
[21:33:00] [1066/5631] tripleten.com
[21:33:01]   OK TripleTen | ph:(800) 736-4461 | em:support@tripleten.com | 4.6* | 950 reviews |  Salt Lake City
[21:33:06] [1067/5631] continued.com
[21:33:07]   OK Continued | ph:(833) 726-2408 | em:customerservice@continued.com | 4.6* | 746 reviews | Austin
[21:33:11] [1068/5631] www.worthingtondirect.com
[21:33:12]   OK Worthington Direct | ph:(800) 599-6636 | em:sales@worthingtondirect.com | 4.6* | 312 reviews | Dallas
[21:33:15] [1069/5631] universalcpareview.com
[21:33:16]   OK Universal CPA Review | em:info@universalcpareview.com | 4.5* | 268 reviews | New York
[21:33:19] [1070/5631] prepscholar.com
[21:33:20]   OK PrepScholar | ph:(866) 811-5546 | em:support@prepscholar.com | 4.6* | 253 reviews | Cambridge
[21:33:24] [1071/5631] resumegiants.com
[21:33:24]   OK ResumeGiants | em:info@resumegiants.com | 4.6* | 225 reviews
[21:33:27] [1072/5631] techademy.com
[21:33:28]   OK Techademy | ph:(646) 437-8780 | em:hello@techademy.com | 4.6* | 145 reviews | New York
[21:33:31] [1073/5631] digitalceos.io
[21:33:33]   OK Digital CEOs | ph:(719) 642-6314 | em:help@digitalceos.io | 4.6* | 131 reviews | Colorado Springs
[21:33:36] [1074/5631] legalnurse.com
[21:33:36]   OK LegalNurse.com | ph:(713) 942-2200 | em:mail@legalnurse.com | 4.6* | 57 reviews | Houston
[21:33:40] [1075/5631] centaurusacademy.com
[21:33:41]   OK Centaurus Academy | ph:(437) 727-4351 | 4.6* | 56 reviews | Longwood
[21:33:44] [1076/5631] advancedmedicalcertification.com
[21:33:45]   OK Advanced Medical Certification | 4.6* | 53 reviews
[21:33:49] [1077/5631] edwardsmediationacademy.com
[21:33:49]   OK Edwards Mediation Academy | ph:(415) 272-6085 | em:susan@edwardsmediationacademy.com | 4.6* | 53 reviews | Tiburon
[21:33:52] [1078/5631] lexawise.com
[21:33:53]   OK Lexawise | ph:(786) 396-8822 | em:support@lexawise.com | 4.6* | 51 reviews
[21:33:57] [1079/5631] starterschool.com
[21:33:57]   OK Starter School | ph:(314) 948-3311 | em:hello@starterschool.com | 4.6* | 28 reviews | Austin, Texas
[21:34:02] [1080/5631] simplilearn.com
[21:34:03]   OK simplilearn | ph:(844) 532-7688 | em:socialsupport@simplilearn.com | 4.5* | 29327 reviews | Texas
[21:34:03]   [Progress saved: 1080 total leads]
[21:34:07] [1081/5631] ziprecruiter.com
[21:34:08]   OK ZipRecruiter | ph:(877) 252-1062 | 4.5* | 12351 reviews | Santa Monica
[21:34:12] [1082/5631] theceshop.com
[21:34:13]   OK The CE Shop | ph:(888) 827-0777 | em:Support@TheCEShop.com | 4.5* | 8751 reviews | Greenwood Village, CO
[21:34:18] [1083/5631] leearnoldsystem.com
[21:34:18]   OK Lee Arnold System of Real Estate Investing | ph:(800) 341-9918 | em:info@leearnoldsystem.com | 4.5* | 5942 reviews
[21:34:23] [1084/5631] e8markets.com
[21:34:24]   OK E8markets | em:support@E8markets.com | 4.5* | 3196 reviews | Dallas
[21:34:29] [1085/5631] resumecoach.com
[21:34:29]   OK ResumeCoach  | ph:(844) 333-0735 | em:contact@resumecoach.com  | 4.5* | 2964 reviews
[21:34:33] [1086/5631] www.pmtraining.com
[21:34:33]   OK PMTraining | ph:(800) 581-9819 | em:support@pmtraining.zendesk.com | 4.5* | 2650 reviews | Walnut
[21:34:37] [1087/5631] proofreadingpal.com
[21:34:38]   OK ProofreadingPal | ph:(888) 833-8385 | em:contact@proofreadingpal.com | 4.5* | 2256 reviews | Iowa City
[21:34:43] [1088/5631] smartick.com
[21:34:43]   OK Smartick | em:hello@smartick.com | 4.5* | 2011 reviews
[21:34:47] [1089/5631] homeceuconnection.com
[21:34:48]   OK HomeCEU | ph:(800) 554-2387 | em:Help@HomeCEU.com | 4.5* | 1293 reviews | Roseville
[21:34:51] [1090/5631] wukongsch.com
[21:34:52]   OK WuKong Education | ph:(628) 358-9588 | em:branding@wukongsch.com | 4.5* | 939 reviews | Mountain View
[21:34:56] [1091/5631] prosperityoflife.com
[21:34:58]   OK Prosperity Of Life | 4.5* | 666 reviews
[21:35:01] [1092/5631] interexchange.org
[21:35:03]   OK InterExchange | ph:(212) 924-0446 | em:info@interexchange.org | 4.5* | 427 reviews | New York
[21:35:08] [1093/5631] proofreadanywhere.com
[21:35:09]   OK Proofread Anywhere | ph:(321) 422-2998 | em:support@proofreadanywhere.com | 4.5* | 425 reviews | Dover
[21:35:13] [1094/5631] daytraders.com
[21:35:13]   OK DayTraders.com | 4.5* | 315 reviews
[21:35:18] [1095/5631] www.ciat.edu
[21:35:19]   OK California Institute of Applied Technology | ph:(877) 559-3621 | em:info@ciat.edu | 4.5* | 88 reviews | National City
[21:35:22] [1096/5631] ceulove.com
[21:35:23]   OK CEU Love | em:info@ceulove.com | 4.5* | 75 reviews
[21:35:27] [1097/5631] eduww.net
[21:35:27]   OK Education World Wide | ph:(786) 495-0626 | em:admissions@eduww.net | 4.5* | 61 reviews | Naples
[21:35:31] [1098/5631] cv.co
[21:35:31]   OK CV.co – AI CV Builder  | em:support@cv.co | 4.5* | 55 reviews | Los Angeles
[21:35:35] [1099/5631] www.rockmyresume.com
[21:35:36]   OK Rock My Resume | em:support@rockmyresume.com | 4.5* | 51 reviews | Miami
[21:35:40] [1100/5631] biogenixpeptides.com
[21:35:40]   OK BioGenix Peptides | ph:(888) 478-2001 | em:support@biogenixpeptides.com | 4.5* | 28 reviews | Albany
[21:35:40]   [Progress saved: 1100 total leads]
[21:35:45] [1101/5631] apextraderfunding.com
[21:35:46]   OK Apex Trader Funding | 4.4* | 17691 reviews
[21:35:50] [1102/5631] riseguide.com
[21:35:51]   OK Riseguide | em:trustpilot@riseguide.com | 4.4* | 13556 reviews
[21:35:54] [1103/5631] idtech.com
[21:35:55]   OK iD Tech | ph:(888) 709-8324 | em:hello@iDTech.com | 4.4* | 3312 reviews | Campbell
[21:35:59] [1104/5631] musesacademy.io
[21:35:59]   OK Muses Academy | em:support@musesacademy.io | 4.4* | 2947 reviews
[21:36:04] [1105/5631] supersummary.com
[21:36:05]   OK SuperSummary | em:support@supersummary.com | 4.4* | 863 reviews | San Francisco
[21:36:10] [1106/5631] www.honorsociety.org
[21:36:10]   OK HonorSociety.org | ph:(888) 805-3851 | em:memberservices@honorsociety.org | 4.4* | 743 reviews | Washington DC
[21:36:14] [1107/5631] monumenttradersalliance.com
[21:36:15]   OK Monument Traders Alliance | 4.4* | 139 reviews
[21:36:18] [1108/5631] chaosboost.com
[21:36:19]   OK ChaosBoost WoW Boost & Carry Services | ph:+148735472387 | em:reviews@chaosboost.com | 4.4* | 47 reviews | New York
[21:36:22] [1109/5631] mycontractorexam.com
[21:36:23]   OK Construction Estimating Institute | ph:(800) 423-7058 | em:info@ceihome.com | 4.4* | 30 reviews
[21:36:27] [1110/5631] resume.io
[21:36:28]   OK Resume.io | em:support@resume.io | 4.3* | 55249 reviews | Breda
[21:36:32] [1111/5631] www.kaplanfinancial.com
[21:36:32]   OK Kaplan Financial Education | 4.3* | 3876 reviews | Fort Lauderdale
[21:36:36] [1112/5631] mental-impulse.com
[21:36:36]   OK Impulse | ph:(216) 208-5473 | em:support@brainimpulse.me | 4.3* | 2777 reviews
[21:36:40] [1113/5631] mometrix.com
[21:36:41]   OK Mometrix Test Preparation | 4.3* | 1409 reviews | Beaumont
[21:36:45] [1114/5631] www.resumebuilder.com
[21:36:46]   OK ResumeBuilder.com - Create Your Professional Resume | ph:(800) 301-9082 | em:communications@resumebuilder.com | 4.3* | 1381 reviews | Guaynabo
[21:36:49] [1115/5631] enlightiumacademy.com
[21:36:50]   OK Enlightium Academy | ph:(509) 319-2288 | em:support@enlightiumacademy.com | 4.3* | 1203 reviews | Spokane
[21:36:54] [1116/5631] healthcoachinstitute.com
[21:36:55]   OK Health Coach Institute | ph:(877) 228-0899 | em:support@healthcoachinstitute.com | 4.3* | 1093 reviews | Boise
[21:36:59] [1117/5631] www.k12.com
[21:37:00]   OK K12 | ph:(866) 968-7512 | 4.3* | 946 reviews | Reston
[21:37:05] [1118/5631] meinperfekterlebenslauf.de
[21:37:06]   OK Meinperfekterlebenslauf | ph:0800 1824057 | 4.3* | 573 reviews | Guaynabo
[21:37:11] [1119/5631] wiingy.com
[21:37:12]   OK Wiingy | ph:(618) 827-5802 | em:hello@wiingy.com | 4.3* | 565 reviews | Dover
[21:37:15] [1120/5631] adbanker.com
[21:37:16]   OK A.D. Banker | 4.3* | 548 reviews
[21:37:16]   [Progress saved: 1120 total leads]
[21:37:20] [1121/5631] capandgowndirect.com
[21:37:21]   OK CapandGownDirect.com | ph:(347) 669-4696 | em:info@capandgowndirect.com | 4.3* | 472 reviews | Brooklyn, NY
[21:37:25] [1122/5631] nas.io
[21:37:25]   OK Nas.io | em:help@nas.io | 4.3* | 390 reviews
[21:37:30] [1123/5631] virtonomics.com
[21:37:30]   OK Virtonomics - business simulation game | 4.3* | 250 reviews
[21:37:35] [1124/5631] www.forteachersonly.com
[21:37:35]   OK For Teachers Only by Atlas Pen & Pencil LLC. | ph:(800) 642-8885 | em:ftoservice@atlaspen.com | 4.3* | 197 reviews | Shelbyville
[21:37:39] [1125/5631] ahit.com
[21:37:40]   OK American Home Inspectors Training | ph:(800) 441-9411 | em:ahit@theceshop.com | 4.3* | 67 reviews | Greenwood Village
[21:37:45] [1126/5631] wobo.ai
[21:37:45]   OK Wobo AI | em:support@wobo.ai | 4.3* | 32 reviews
[21:37:49] [1127/5631] topresume.com
[21:37:50]   OK TopResume | ph:(800) 604-1929 | em:support@topresume.com | 4.2* | 14340 reviews
[21:37:54] [1128/5631] varsitytutors.com
[21:37:55]   OK Varsity Tutors | ph:(888) 888-0446 | em:clientservices@varsitytutors.com | 4.2* | 12443 reviews | St. Louis
[21:37:59] [1129/5631] 240tutoring.com
[21:38:00]   OK 240 Tutoring | ph:(866) 433-4113 | em:helpdesk@240tutoring.com | 4.2* | 2511 reviews | HOUSTON
[21:38:05] [1130/5631] barbri.com
[21:38:05]   OK BARBRI | ph:(888) 322-7274 | em:service@barbri.com | 4.2* | 360 reviews | Dallas
[21:38:09] [1131/5631] www.springboard.com
[21:38:10]   OK Springboard | ph:(415) 857-4459 | em:hello@springboard.com | 4.2* | 356 reviews | San Francisco
[21:38:14] [1132/5631] marketrebellion.com
[21:38:14]   OK Market Rebellion | ph:(888) 982-8342 | em:sales@marketrebellion.com | 4.2* | 195 reviews | Plantation
[21:38:19] [1133/5631] fundedplus.com
[21:38:19]   OK Fundedplus | em:info@fundedplus.com | 4.2* | 41 reviews
[21:38:22] [1134/5631] www.italki.com
[21:38:23]   OK italki | em:servicemanager@italki.com | 4.1* | 14348 reviews
[21:38:27] [1135/5631] outschool.com
[21:38:28]   OK Outschool | 4.1* | 3409 reviews | San Francisco
[21:38:32] [1136/5631] www.compliancetrainingonline.com
[21:38:33]   OK Compliance Training Online | ph:(512) 410-7335 | 4.1* | 3076 reviews | Dripping Springs
[21:38:36] [1137/5631] acilearning.com
[21:38:37]   OK acilearning.com | em:support@acilearning.com | 4.1* | 1239 reviews
[21:38:40] [1138/5631] ihire.com
[21:38:41]   OK iHire | ph:(866) 238-0161 | em:customersuccess@ihire.com | 4.1* | 1097 reviews | Frederick
[21:38:45] [1139/5631] iteach.net
[21:38:46]   OK iteach | ph:(940) 383-8100 | em:admin@iteach.net | 4.1* | 1020 reviews | Denton
[21:38:50] [1140/5631] straighterline.com
[21:38:50]   OK StraighterLine | em:education@straighterline.com | 4.1* | 768 reviews | Baltimore
[21:38:50]   [Progress saved: 1140 total leads]
[21:38:53] [1141/5631] www.concealedcoalition.com
[21:38:54]   OK Concealed Coalition | ph:(800) 805-2238 | em:info@concealedcoalition.com | 4.1* | 71 reviews
[21:38:59] [1142/5631] neuefische.de
[21:38:59]   OK neue fische | em:marketing@neuefische.de | 4.1* | 67 reviews | Hamburg
[21:39:04] [1143/5631] www.textbookrush.com
[21:39:05]   OK TextbookRush | ph:(614) 729-2477 | em:help@textbookrush.com | 4* | 16823 reviews | Grandview Hts.
[21:39:09] [1144/5631] skillshare.com
[21:39:10]   OK Skillshare | em:help@skillshare.com | 4* | 3849 reviews | New York
[21:39:13] [1145/5631] californiapsychics.com
[21:39:14]   OK California Psychics | ph:(800) 585-6538 | 4* | 3423 reviews
[21:39:18] [1146/5631] versare.com
[21:39:18]   OK Versare Solutions, LLC. | ph:(800) 830-0210 | em:sales@versare.com | 4* | 569 reviews | Minneapolis
[21:39:23] [1147/5631] moonpreneur.com
[21:39:24]   OK moonpreneur.com | 4* | 121 reviews
[21:39:28] [1148/5631] cognitivemetrics.com
[21:39:28]   OK CognitiveMetrics | em:support@cognitivemetrics.com | 4* | 92 reviews
[21:39:33] [1149/5631] hydrafunding.io
[21:39:33]   OK Hydra Funding | em:support@hydrafunding.io | 4* | 89 reviews | Sheridan
[21:39:38] [1150/5631] www.educative.io
[21:39:38]   OK Educative | em:support@educative.io | 4* | 55 reviews
[21:39:43] [1151/5631] schweser.com
[21:39:43]   OK Kaplan Schweser | ph:(877) 311-9770 | 3.9* | 605 reviews | Fort Lauderdale
[21:39:47] [1152/5631] rmcls.com
[21:39:47]   OK RMC Learning Solutions | ph:(952) 846-4484 | em:info@rmcls.com | 3.9* | 440 reviews | Minnetonka
[21:39:51] [1153/5631] contractortrainingcenter.com
[21:39:52]   OK Contractor Training Center | ph:(888) 585-7350 | em:support@contractortrainingcenter.com | 3.9* | 349 reviews
[21:39:56] [1154/5631] classup.com
[21:39:56]   OK Cosmo (formerly ClassUp) | 3.9* | 131 reviews | Sacramento
[21:40:01] [1155/5631] toptraderprime.com
[21:40:02]   OK Toptraderprime | ph:(917) 695-2635 | em:contact@toptraderprime.com | 3.9* | 26 reviews | Brighton
[21:40:06] [1156/5631] makesyoufluent.com
[21:40:06]   OK MakesyouFluent | em:hello@makesyoufluent.com | 3.8* | 4812 reviews
[21:40:10] [1157/5631] iq-institute.org
[21:40:10]   OK IQ Institute | 3.8* | 804 reviews
[21:40:15] [1158/5631] ftuk.com
[21:40:15]   OK FTUK | em:support@ftuk.com | 3.8* | 602 reviews | Houston
[21:40:18] [1159/5631] smodin.io
[21:40:19]   OK Smodin | em:support@smodin.io | Casper
[21:40:22] [1160/5631] www.certus.com
[21:40:23]   OK Certus | 3.8* | 219 reviews
[21:40:23]   [Progress saved: 1160 total leads]
[21:40:27] [1161/5631] c2educate.com
[21:40:28]   OK C2 Education | ph:(770) 623-2800 | em:info@c2education.com | 3.7* | 416 reviews | Johns Creek
[21:40:31] [1162/5631] mindfuleve.com
[21:40:32]   OK Mindfuleve | em:hello@mindfuleve.com | 3.7* | 93 reviews | Cheyenne
[21:40:35] [1163/5631] lockedinai.com
[21:40:35]   OK Lockedin AI | ph:(862) 279-7219 | em:marketing@lockedinai.com | 3.7* | 76 reviews | Manhattan
[21:40:39] [1164/5631] psychicsource.com
[21:40:40]   OK Psychic Source | ph:(800) 732-0797 | em:info@psychicsource.com | 3.6* | 823 reviews | Trevose
[21:40:45] [1165/5631] www.360training.com
[21:40:46]   OK 360training | ph:(877) 881-2235 | em:support@360training.com | 3.5* | 10973 reviews | Austin
[21:40:49] [1166/5631] erpcloudtraining.com
[21:40:50]   OK ERP Cloud Training | ph:(214) 872-7517 | em:workday@erpcloudtraining.com | 3.5* | 283 reviews | Plano
[21:40:54] [1167/5631] thomaskralow.com
[21:40:55]   OK Thomas Kralow | em:info@thomaskralow.com | 3.4* | 325 reviews | Sheridan
[21:41:00] [1168/5631] www.hetperfectecv.nl
[21:41:00]   OK Hetperfectecv | 3.4* | 107 reviews
[21:41:04] [1169/5631] aiprofessionalsuniversity.com
[21:41:04]   OK AI Pro University | ph:(888) 464-5168 | em:support@aiprofessionalsuniversity.com | 3.3* | 183 reviews | Orlando
[21:41:08] [1170/5631] careeramend.com
[21:41:08]   OK Career Amend | ph:(709) 200-1266 | em:info@careeramend.com | 3* | 39 reviews | Austin
[21:41:12] [1171/5631] tradexmastery.com
[21:41:13]   OK TradeXMastery | em:support@tradexmastery.com
[21:41:17] [1172/5631] caktus.ai
[21:41:18]   OK Caktus | 1.8* | 72 reviews
[21:41:22] [1173/5631] iqbrain.org
[21:41:22]   OK Iqbrain | 1.5* | 77 reviews
[21:41:26] [1174/5631] thinkiqacademy.com
[21:41:27]   OK Thinkiqacademy | 1.4* | 138 reviews
[21:41:31] [1175/5631] mindgrasp.ai
[21:41:31]   OK Mindgrasp | 1.4* | 76 reviews
[21:41:36] [1176/5631] www.spotodumps.com
[21:41:37]   OK Spotodumps | 5* | 5974 reviews
[21:41:42] [1177/5631] nextdoordriving.com
[21:41:43]   OK NextDoorDriving.com | ph:(916) 633-1544 | em:info@nextdoordriving.com | 5* | 2444 reviews | Folsom
[21:41:47] [1178/5631] www.premierfoodsafety.com
[21:41:48]   OK Premier Food Safety | ph:(800) 676-3121 | em:info@premierfoodsafety.com | 5* | 1316 reviews | La Mirada 
[21:41:51] [1179/5631] pmmasterprep.com
[21:41:53]   OK PM Master Prep | em:admin@pmmasterprep.com | 5* | 720 reviews | Harrisburg
[21:41:58] [1180/5631] manhattanprep.com
[21:41:58]   OK Manhattan Prep | ph:(800) 576-4628 | em:info@manhattanprep.com | 5* | 691 reviews | New York
[21:41:58]   [Progress saved: 1180 total leads]
[21:42:03] [1181/5631] komando.com
[21:42:04]   OK The Kim Komando Show | ph:(602) 381-8200 | em:noc-admin@komando.com | 5* | 682 reviews | Phoenix
[21:42:07] [1182/5631] www.aileenellis.com
[21:42:07]   OK aileenellis.com (also known as AME Group, Inc.) | ph:(719) 659-3658 | em:aileen@aileenellis.com | 5* | 616 reviews | Colorado Springs
[21:42:11] [1183/5631] mytristaracademy.com
[21:42:12]   OK Tristar Academy, Inc | ph:(240) 701-6327 | em:info@mytristaracademy.com | 5* | 437 reviews | Silver Spring
[21:42:17] [1184/5631] sherpaprep.com
[21:42:18]   OK Sherpa Prep | ph:(202) 248-1679 | em:info@sherpaprep.com | 5* | 344 reviews | Washington
[21:42:21] [1185/5631] playbit.info
[21:42:22]   OK PlayBit | em:playbit@playbit.info | 5* | 311 reviews | Santa Cruz, CA
[21:42:25] [1186/5631] elevatelab.org
[21:42:26]   OK Onefinnet (Formerly Elevate) | em:info@onefinnet.com | 5* | 304 reviews
[21:42:30] [1187/5631] agileforall.com
[21:42:31]   OK Agile For All | em:info@agileforall.com | 5* | 289 reviews | Centennial
[21:42:36] [1188/5631] metaphysicsuniversity.com
[21:42:36]   OK University of Metaphysical Sciences | ph:(707) 822-2111 | em:ums@umsonline.org | 5* | 287 reviews | Arcata
[21:42:39] [1189/5631] pilotinstitute.com
[21:42:40]   OK Pilot Institute | ph:(855) 933-1440 | em:contact@pilotinstitute.com | 4.9* | 32891 reviews | Prescott
[21:42:44] [1190/5631] projectdestined.com
[21:42:44]   OK Project Destined | ph:(407) 393-0122 | em:recruitment@projectdestined.com | 4.9* | 6918 reviews | Washington
[21:42:48] [1191/5631] icpri.com
[21:42:48]   OK International CPR Institute, Inc. | ph:(407) 777-0177 | em:info@icpri.com | 4.9* | 3508 reviews | Ponte Vedra
[21:42:52] [1192/5631] medcerts.com
[21:42:53]   OK MedCerts | ph:(800) 734-1175 | em:info@medcerts.com | 4.9* | 3368 reviews | Livonia
[21:42:57] [1193/5631] gonerdify.com
[21:42:57]   OK Nerdify | em:done@gonerdify.com | 4.9* | 2901 reviews | Miami
[21:43:02] [1194/5631] textranch.com
[21:43:03]   OK TextRanch | em:info@textranch.com | 4.9* | 2126 reviews | San Diego
[21:43:08] [1195/5631] eduhubspot.com
[21:43:08]   OK EduHubSpot | ph:(833) 338-7768 | em:marketing@eduhubspot.com | 4.9* | 1413 reviews | San Diego
[21:43:12] [1196/5631] fxcartel.co.uk
[21:43:13]   OK FXC Academy - previously FX Cartel | 4.9* | 1211 reviews
[21:43:17] [1197/5631] coached.com
[21:43:18]   OK Coached | 4.9* | 1153 reviews
[21:43:22] [1198/5631] web.seesaw.me
[21:43:23]   OK Seesaw | 4.9* | 964 reviews
[21:43:26] [1199/5631] reallifetrading.com
[21:43:28]   OK Real Life Trading | em:support@reallifetrading.com | 4.9* | 925 reviews | Westport
[21:43:32] [1200/5631] highperformancetrain.com
[21:43:33]   OK Impact Clients - Richard Yu | ph:(512) 765-4158 | em:support@highperformancetrain.com | 4.9* | 927 reviews | Bee Cave
[21:43:33]   [Progress saved: 1200 total leads]
[21:43:37] [1201/5631] myinvestingclub.com
[21:43:38]   OK Myinvestingclub | 4.9* | 828 reviews
[21:43:41] [1202/5631] starmagichealing.org
[21:43:42]   OK Star Magic Healing | em:support@starmagichealing.org | 4.9* | 818 reviews | Baltimore 
[21:43:45] [1203/5631] www.findmyprofession.com
[21:43:46]   OK Find My Profession | ph:(831) 888-0967 | em:help@findmyprofession.com | 4.9* | 755 reviews | Golden
[21:43:49] [1204/5631] hyguru.com
[21:43:49]   OK HyGuru USMLE Prep | em:rahul@hyguru.com | 4.9* | 688 reviews
[21:43:54] [1205/5631] www.fhmoms.com
[21:43:55]   OK Filipina Homebased Moms | 4.9* | 644 reviews
[21:43:59] [1206/5631] dougboughton.com
[21:44:00]   OK Fulltime Freedom - Doug Boughton | em:doug@dougboughton.com | 4.9* | 627 reviews | Cardiff By The Sea
[21:44:05] [1207/5631] committedcoaches.com
[21:44:06]   OK Committed Coaches | 4.9* | 615 reviews
[21:44:09] [1208/5631] surgeu.com
[21:44:10]   OK SurgeU | 4.9* | 593 reviews
[21:44:14] [1209/5631] ravirkumar.com
[21:44:15]   OK ravirkumar.com | 4.9* | 463 reviews
[21:44:20] [1210/5631] babypips.com
[21:44:20]   OK Babypips | em:support@babypips.com | 4.9* | 444 reviews | Richmond
[21:44:25] [1211/5631] empowerly.com
[21:44:26]   OK Empowerly | ph:(800) 491-6920 | em:enrollment@empowerly.com | 4.9* | 431 reviews
[21:44:29] [1212/5631] cluschoolofthespirit.com
[21:44:30]   OK CLU School of the Spirit | ph:(716) 681-4896 | em:clu@cluonline.com | 4.9* | 415 reviews | Cheektowaga
[21:44:33] [1213/5631] mennohenselmans.com
[21:44:34]   OK Henselmans PT Course | em:info@mennohenselmans.com | 4.9* | 385 reviews | Sheridan
[21:44:37] [1214/5631] asicourse.com
[21:44:38]   OK American Safety Institute | ph:(800) 800-7121 | 4.9* | 340 reviews
[21:44:42] [1215/5631] www.nycsprep.com
[21:44:42]   OK NYCSPREP | ph:(212) 678-5900 | em:contact@nycsprep.com | 4.9* | 335 reviews | New York
[21:44:46] [1216/5631] thedrz.com
[21:44:47]   OK The Dr. Z Functional Medicine Academy. LLC | ph:(888) 767-8477 | em:team@thedrz.com | 4.9* | 330 reviews | Sheridan
[21:44:50] [1217/5631] www.tradingwithashley.com
[21:44:51]   OK Tradingwithashley | em:support@tradingwithashley.com | 4.9* | 327 reviews | Benton
[21:44:54] [1218/5631] wanderlustentrepreneur.com
[21:44:55]   OK Wanderlust Entrepreneur | em:drsheri@wanderlustentrepreneur.com | 4.9* | 326 reviews | St Petersburg
[21:44:59] [1219/5631] contrarianthinking.co
[21:44:59]   OK Contrarian Thinking  | em:info@contrarianthink.com | 4.9* | 315 reviews
[21:45:02] [1220/5631] www.inpulsecpr.com
[21:45:03]   OK In-Pulse CPR | 4.9* | 308 reviews | Spring Hill
[21:45:03]   [Progress saved: 1220 total leads]
[21:45:07] [1221/5631] courses.onlineyoga.school
[21:45:08]   OK Online Yoga School Yoga Teacher Training | ph:(570) 872-0552 | em:info@onlineyoga.school | 4.9* | 304 reviews
[21:45:11] [1222/5631] 98thpercentile.com
[21:45:12]   OK 98thPercentile | em:info@98thpercentile.com | 4.9* | 294 reviews | Grapevine
[21:45:16] [1223/5631] www.lumiere-education.com
[21:45:17]   OK Lumiere Education | em:contact@lumiere.education | 4.9* | 280 reviews | Wilmington
[21:45:22] [1224/5631] ambassadorleaders.com
[21:45:22]   OK Ambassador Leaders | ph:(509) 396-5551 | em:info@ambassadorleaders.com | 4.9* | 255 reviews | Spokane
[21:45:26] [1225/5631] metaphysics.com
[21:45:27]   OK University of Metaphysics and University of Sedona | ph:(928) 203-0730 | em:uom@metaphysics.com | 4.9* | 239 reviews | Sedona
[21:45:30] [1226/5631] poojaanand.in
[21:45:30]   OK The Inner SHIFT Academy (TISA) | 4.9* | 236 reviews
[21:45:34] [1227/5631] paysomeonetodo.com
[21:45:35]   OK Paysomeonetodo.com | ph:(248) 220-7202 | em:info@paysomeonetodo.com | 4.9* | 233 reviews | Troy
[21:45:38] [1228/5631] turingcollege.com
[21:45:39]   OK Turing College | em:study@turingcollege.com | 4.9* | 232 reviews | Wilmington
[21:45:42] [1229/5631] bluebridgetraining.com
[21:45:43]   OK Blue Bridge, LLC | ph:(732) 312-8799 | em:info@bluebridgetraining.com | 4.9* | 228 reviews | Eatontown
[21:45:46] [1230/5631] skillfront.com
[21:45:47]   OK SkillFront | 4.9* | 227 reviews
[21:45:50] [1231/5631] triplebyte.com
[21:45:51]   OK Triplebyte | 4.9* | 226 reviews | San Francisco
[21:45:54] [1232/5631] yourbestgrade.com
[21:45:55]   OK Your Best Grade | em:support@yourbestgrade.com | 4.9* | 223 reviews | Grandville, 49418
[21:45:59] [1233/5631] phsocapital.com
[21:45:59]   OK Phsocapital | 4.9* | 215 reviews
[21:46:03] [1234/5631] teachcorner.com
[21:46:03]   OK Teachcorner | 4.9* | 216 reviews
[21:46:07] [1235/5631] syncitlearning.com
[21:46:07]   OK Sync IT Learning | ph:(510) 779-9040 | em:info@syncitlearning.com | 4.9* | 211 reviews | Fremont
[21:46:12] [1236/5631] nolimitsnation.com
[21:46:12]   OK The Anxiety Free Executive - A Division of No Limits Nation | em:support@nolimitsnation.com | Hinsdale
[21:46:16] [1237/5631] whitecollaradvice.com
[21:46:17]   OK White Collar Advice | ph:(949) 799-3277 | em:Support@WhiteCollarAdvice.com | 4.9* | 200 reviews
[21:46:20] [1238/5631] agileclassrooms.com
[21:46:20]   OK Agile Classrooms, LLC | 4.9* | 196 reviews
[21:46:24] [1239/5631] clinicalmatchme.com
[21:46:25]   OK Clinical Match Me | ph:(787) 356-9000 | em:support@clinicalmatchme.com | 4.9* | 195 reviews | San Juan
[21:46:28] [1240/5631] sessions.edu
[21:46:29]   OK Sessions College | ph:(480) 212-1704 | em:admissions@sessions.edu | 4.9* | 186 reviews | Tempe
[21:46:29]   [Progress saved: 1240 total leads]
[21:46:32] [1241/5631] workhap.com
[21:46:32]   OK Workhap | em:team@workhap.com | 4.9* | 182 reviews
[21:46:36] [1242/5631] learnvoiceacting.com
[21:46:36]   OK Learn Voice Acting | 4.9* | 181 reviews
[21:46:40] [1243/5631] jodymichael.com
[21:46:40]   OK Jody Michael Associates | 4.9* | 178 reviews | Chicago, IL
[21:46:45] [1244/5631] ptpioneer.com
[21:46:46]   OK PTPioneer.com | ph:(541) 735-9399 | em:tyler@ptpioneer.com | 4.9* | 173 reviews | Eugene
[21:46:49] [1245/5631] getnoticedresumesandmore.com
[21:46:49]   OK Career Free Agent, LLC  | ph:(972) 559-0210 | em:info@getnoticedresumewriting.com  | 4.9* | 172 reviews | Mesquite 
[21:46:53] [1246/5631] janaalles.de
[21:46:54]   OK SMART PARENTS LLC | em:info@smartparents.app | 4.9* | 165 reviews | Fort Lauderdale
[21:46:58] [1247/5631] nursejanx.com
[21:46:58]   OK Nursejanx | ph:(804) 213-2429 | em:sales.nursejanx@gmail.com | 4.9* | 165 reviews | Richmond
[21:47:03] [1248/5631] www.advantagetesting.com
[21:47:03]   OK Advantage Testing | ph:(212) 744-8800 | em:info@advantagetesting.com | 4.9* | 157 reviews | New York
[21:47:08] [1249/5631] exceptionalgrad.com
[21:47:09]   OK ExceptionalGrad | ph:(908) 240-0625 | em:support@exceptionalgrad.com | 4.9* | 151 reviews | Dallas
[21:47:13] [1250/5631] alienwolf3dvision.com
[21:47:14]   OK Alienwolf3dvision  | 4.9* | 151 reviews
[21:47:18] [1251/5631] sutton.fund
[21:47:19]   OK Sutton Capital Private Equity/VC Education | em:support@suttoncapital.co | 4.9* | 147 reviews | New York 
[21:47:22] [1252/5631] oneprep.xyz
[21:47:23]   OK Oneprep | 4.9* | 146 reviews
[21:47:26] [1253/5631] lifehackmethod.com
[21:47:26]   OK Lifehack Method | em:info@lifehackmethod.com | 4.9* | 144 reviews | Miami
[21:47:30] [1254/5631] www.learnyourcnc.com
[21:47:31]   OK LearnYourCNC.com | em:info@learnyourcnc.com | 4.9* | 140 reviews | Scranton
[21:47:34] [1255/5631] polarchefs.com
[21:47:34]   OK Polar Chefs | em:support@polarchefs.com | 4.9* | 140 reviews
[21:47:38] [1256/5631] awesomecreatoracademy.com
[21:47:39]   OK Awesome Creator Academy | ph:(518) 406-8664 | em:support@awesomecreatoracademy.com | 4.9* | 136 reviews
[21:47:43] [1257/5631] columbusacademics.com
[21:47:43]   OK Columbus Academics | ph:(312) 612-9544 | em:Contact@ColumbusAcademics.com | 4.9* | 132 reviews | Frisco
[21:47:47] [1258/5631] fusionelitetrading.com
[21:47:48]   OK Fusion Elite Trading | em:Support@fusionelitetrading.com | 4.9* | 130 reviews | Fort Lauderdale
[21:47:51] [1259/5631] nationalleadershipassociation.org
[21:47:52]   OK National Leadership Association (NLA) | 4.9* | 128 reviews
[21:47:56] [1260/5631] coachsocial.net
[21:47:56]   OK Coach Social | em:equipo@coachsocial.net | 4.9* | 126 reviews | SHERIDAN
[21:47:56]   [Progress saved: 1260 total leads]
[21:47:59] [1261/5631] theexecutivejobsearch.com
[21:48:00]   OK The Executive Job Search | ph:(720) 418-8180 | em:hello@theexecutivejobsearch.com | 4.9* | 124 reviews | Denver
[21:48:04] [1262/5631] thecontractingblueprint.com
[21:48:05]   OK The Contracting Blueprint | ph:(216) 677-6697 | em:contact@thecontractingblueprint.com | 4.9* | 123 reviews | Cleveland
[21:48:09] [1263/5631] train2train.org
[21:48:10]   OK Train2Train | 4.9* | 120 reviews
[21:48:14] [1264/5631] 718taxservices.com
[21:48:15]   OK 718 Tax & Financial Services | ph:(904) 233-7808 | em:admin@718TaxServices.com | 4.9* | 117 reviews | Jacksonville
[21:48:19] [1265/5631] biology-forums.com
[21:48:19]   OK Biology Forums | em:support@studyforce.com | 4.9* | 113 reviews
[21:48:24] [1266/5631] sacredsoulempowerment.com
[21:48:24]   OK Sacred Soul Empowerment | 4.9* | 110 reviews | Greenville
[21:48:28] [1267/5631] tackletrading.com
[21:48:28]   OK Tackle Trading | em:team@tackletrading.com | 4.9* | 107 reviews | Riverton
[21:48:32] [1268/5631] gmatgenius.com
[21:48:33]   OK GMAT Genius | ph:(949) 943-3310 | em:info@gmatgenius.com | 4.9* | 107 reviews | Irvine
[21:48:36] [1269/5631] coachable.dev
[21:48:37]   OK coachable.dev | em:hello@coachable.dev | 4.9* | 105 reviews | Houston
[21:48:40] [1270/5631] adhdcoaching.com
[21:48:41]   OK Shanna Pearson's Expert ADHD Coaching | ph:(800) 987-8880 | 4.9* | 105 reviews | wherever you are.
[21:48:44] [1271/5631] unleashingyourmindset.com
[21:48:45]   OK The Mind Engineer | ph:(970) 546-8883 | em:www.themindengineer.com | 4.9* | 92 reviews | SHERIDAN
[21:48:48] [1272/5631] ryanbarba.com
[21:48:49]   OK Ryan Barba Consulting | em:ryan@ryanbarba.com | 4.9* | 91 reviews | Los Angeles
[21:48:52] [1273/5631] www.juriseducation.com
[21:48:52]   OK Juris Education | ph:(800) 551-3410 | em:contact@juriseducation.com | 4.9* | 91 reviews | New York
[21:48:56] [1274/5631] unleashyourpotential.org.uk
[21:48:56]   OK Unleash Your Potential Ltd | ph:02920023311 | em:info@unleashyourpotential.org.uk | 4.9* | 91 reviews | Cardiff
[21:49:00] [1275/5631] emme.academy
[21:49:00]   OK EMME Academy | ph:+393202620401 | em:support@emme.academy | 4.9* | 86 reviews
[21:49:04] [1276/5631] robinstolberg.de
[21:49:05]   OK Robin Stolberg | ph:+66933671848 | em:info@robinstolberg.de | 4.9* | 83 reviews | Sheridan
[21:49:08] [1277/5631] learnpianopro.com
[21:49:09]   OK www.Learnpianopro.com | em:info@learnpianopro.com | 4.9* | 81 reviews
[21:49:12] [1278/5631] achievehappily.com
[21:49:13]   OK Achievehappily | em:info@achievehappily.com | 4.9* | 76 reviews | leicester
[21:49:16] [1279/5631] shelbymcdaniel.com
[21:49:17]   OK shelbymcdaniel.com | em:shelby@shelbymcdaniel.com | 4.9* | 76 reviews
[21:49:21] [1280/5631] crambetter.com
[21:49:22]   OK CramBetter | em:help@crambetter.com | 4.9* | 74 reviews
[21:49:22]   [Progress saved: 1280 total leads]
[21:49:26] [1281/5631] prepory.com
[21:49:27]   OK Prepory  | ph:(929) 244-3365 | em:info@prepory.com | 4.9* | 75 reviews | Davie
[21:49:31] [1282/5631] impact.me
[21:49:31]   OK Impact Academy | em:help@impact.me | 4.9* | 73 reviews
[21:49:35] [1283/5631] ipdaxofficial.com
[21:49:35]   OK IPDA Trading Group | em:support@ipdaxofficial.com | 4.9* | 70 reviews | Orlando
[21:49:40] [1284/5631] voicemaster.org
[21:49:41]   OK Voicemaster Vocal Development | ph:808-375-6378 Ex. 3 | em:voicemasterdevelopment@gmail.com | 4.9* | 69 reviews | Honolulu
[21:49:44] [1285/5631] blockcircle.com
[21:49:45]   OK Blockcircle | ph:(480) 389-5399 | em:support@blockcircle.com | 4.9* | 68 reviews | Phoenix
[21:49:49] [1286/5631] www.mortgageeducators.com
[21:49:50]   OK Mortgage Educators and Compliance | ph:(877) 403-1428 | em:contact@morted.com | 4.8* | 8937 reviews | Austin
[21:49:53] [1287/5631] resumeworded.com
[21:49:53]   OK Resume Worded | 4.8* | 2950 reviews
[21:49:57] [1288/5631] warriortrading.com
[21:49:58]   OK Warrior Trading | em:team@warriortrading.com | 4.8* | 2667 reviews | Great Barrington
[21:50:01] [1289/5631] topstackresume.com
[21:50:02]   OK TopStack Resume | ph:(800) 568-7708 | em:support@topstackresume.com | 4.8* | 2440 reviews | Cary
[21:50:05] [1290/5631] jobinterviewtools.com
[21:50:06]   OK Job Interview Tools, LLC | 4.8* | 1178 reviews | Brecksville
[21:50:10] [1291/5631] mysupergeek.com
[21:50:10]   OK Mysupergeek | ph:(888) 337-1699 | em:support@mysupergeek.com | 4.8* | 1139 reviews
[21:50:15] [1292/5631] etrainingschool.com
[21:50:16]   OK Enterprise Training School, Inc. | ph:(800) 777-0490 | em:info@etrainingschool.com | 4.8* | 831 reviews | Nottingham
[21:50:20] [1293/5631] www.thenutritioninstitute.com
[21:50:21]   OK The Nutrition Institute | em:support-us-en@service.thenutritioninstitute.com | 4.8* | 828 reviews | San Francisco
[21:50:26] [1294/5631] projectmanagementacademy.net
[21:50:26]   OK Project Management Academy | ph:(877) 637-0450 | em:contact@projectmanagementacademy.net | 4.8* | 828 reviews
[21:50:31] [1295/5631] pickupmusic.com
[21:50:31]   OK Pickup Music | em:support@pickupmusic.com | 4.8* | 730 reviews | Los Angeles
[21:50:35] [1296/5631] decentralizedmasters.com
[21:50:35]   OK Decentralized Masters | 4.8* | 704 reviews
[21:50:39] [1297/5631] zerotomastery.io
[21:50:39]   OK Zero To Mastery | 4.8* | 653 reviews
[21:50:44] [1298/5631] graystonepremium.com
[21:50:44]   OK Graystone Trading LLC | 4.8* | 636 reviews
[21:50:48] [1299/5631] www.coacheasily.com
[21:50:48]   OK Purushottam Hambarde (CoachEasily School) | 4.8* | 567 reviews
[21:50:53] [1300/5631] paperdon.com
[21:50:53]   OK Paperdon | ph:(877) 249-9207 | em:support@paperdon.com | 4.8* | 556 reviews
[21:50:53]   [Progress saved: 1300 total leads]
[21:50:58] [1301/5631] fitnessmentors.com
[21:50:58]   OK Fitness Mentors | Hawthorne
[21:51:01] [1302/5631] ceufast.com
[21:51:02]   OK CEUFast | 4.8* | 477 reviews | Lake City
[21:51:07] [1303/5631] brilliantmicroschools-brilliantgrades.com
[21:51:07]   OK Brilliant Microschools | 4.8* | 445 reviews
[21:51:12] [1304/5631] www.letseatgrandma.com
[21:51:12]   OK Let's Eat, Grandma | 4.8* | 397 reviews | Austin
[21:51:17] [1305/5631] examtutor.me
[21:51:17]   OK myOnlineTutor.me | em:myonlinetutor.me@gmail.com | 4.8* | 371 reviews | Troy, Michigan
[21:51:22] [1306/5631] wallstmastermind.com
[21:51:22]   OK Wall Street Mastermind | em:sam@wallstmastermind.com | 4.8* | 368 reviews
[21:51:27] [1307/5631] junilearning.com
[21:51:27]   OK Juni Learning | em:hello@learnwithjuni.com | 4.8* | 363 reviews | San Francisco
[21:51:30] [1308/5631] masterofproject.com
[21:51:31]   OK Master of Project Academy | ph:(929) 224-3151 | em:info@masterofproject.com | 4.8* | 357 reviews | New York
[21:51:34] [1309/5631] hobiestradingroom.com
[21:51:34]   OK Hobie's Trading Room | em:info@hobiestradingroom.com | 4.8* | 347 reviews
[21:51:39] [1310/5631] prospertrading.com
[21:51:40]   OK Prosper Trading Academy | ph:(800) 764-7131 | em:info@prospertrading.com | 4.8* | 335 reviews | Chicago
[21:51:44] [1311/5631] paperial.com
[21:51:45]   OK Paperial | em:support@paperial.com | 4.8* | 335 reviews | Wilmington
[21:51:49] [1312/5631] upskillscert.com
[21:51:50]   OK Upskills Certifications | ph:(906) 934-6041 | em:info@upskillscert.com | 4.8* | 329 reviews | Wilmington
[21:51:54] [1313/5631] prompt.com
[21:51:54]   OK Prompt | ph:(844) 577-6678 | em:team@myprompt.com | 4.8* | 320 reviews | New York
[21:51:58] [1314/5631] wordvice.com
[21:51:58]   OK Wordvice | ph:(888) 627-6631 | em:edit@wordvice.com  | 4.8* | 294 reviews | Des Moines
[21:52:02] [1315/5631] dissertationbydesign.com
[21:52:04]   OK Dissertation by Design | ph:(984) 221-8217 | em:jessica@dissertationbydesign.com | 4.8* | 291 reviews | Raleigh
[21:52:08] [1316/5631] www.theanalystacademy.com
[21:52:08]   OK Analyst Academy | em:team@theanalystacademy.com | 4.8* | 245 reviews | Las Vegas
[21:52:13] [1317/5631] spiritualblossom.com
[21:52:13]   OK SpiritualBlossom | ph:(562) 362-5866 | em:social@spiritualblossom.com | 4.8* | 240 reviews | Houston
[21:52:18] [1318/5631] bloodbornecertification.com
[21:52:18]   OK COGNIZENSE LLP ONLINE TRAINING | ph:(800) 364-3136 | em:Info@bloodbornecertification.com | 4.8* | 235 reviews
[21:52:21] [1319/5631] www.allassignmenthelp.com
[21:52:22]   OK www.allassignmenthelp.com | ph:(817) 968-5551 | em:enquiry@allassignmenthelp.com | 4.8* | 235 reviews
[21:52:26] [1320/5631] financialeducatorscouncil.org
[21:52:26]   OK National Financial Educators Council | 4.8* | 225 reviews
[21:52:26]   [Progress saved: 1320 total leads]
[21:52:30] [1321/5631] tstprep.com
[21:52:30]   OK TST Prep | em:contact@tstprep.com | 4.8* | 222 reviews
[21:52:34] [1322/5631] elevatedrecovery.org
[21:52:34]   OK Elevated Recovery | ph:(505) 369-6634 | em:jkemezi@elevatedrecovery.org | 4.8* | 207 reviews | Albuquerque
[21:52:39] [1323/5631] themarketsniper.com
[21:52:40]   OK themarketsniper.com | 4.8* | 198 reviews
[21:52:43] [1324/5631] wonderlictestprep.com
[21:52:43]   OK Wonderlic Test Prep (by PrepTerminal)  | ph:(818) 765-7870 | em:info@wonderlictestprep.com | 4.8* | 197 reviews | Columbus
[21:52:48] [1325/5631] theinstituteofmakeupartistry.com
[21:52:48]   OK The Institute of Makeup Artistry | em:support-us-en@service.theinstituteofmakeupartistry.com | 4.8* | 190 reviews | San Francisco CA
[21:52:53] [1326/5631] ingeniusprep.com
[21:52:54]   OK InGenius Prep | ph:(800) 722-3105 | em:contact@ingeniusprep.com | 4.8* | 178 reviews | New Haven
[21:52:57] [1327/5631] sigmasociety.com
[21:52:57]   OK Sigma Society | em:support@sigmasociety.com | 4.8* | 176 reviews
[21:53:01] [1328/5631] joinprequel.com
[21:53:01]   OK Prequel | ph:(512) 980-1778 | em:hello@joinprequel.com | 4.8* | 175 reviews
[21:53:05] [1329/5631] joelgrimes.com
[21:53:06]   OK Joelgrimes | 4.8* | 169 reviews
[21:53:11] [1330/5631] wiccaacademy.com
[21:53:11]   OK Wicca Academy | em:info@wiccaacademy.com | 4.8* | 161 reviews
[21:53:15] [1331/5631] www.kelvindesigns.com
[21:53:15]   OK Kelvin Designs | 4.8* | 160 reviews
[21:53:19] [1332/5631] quantic.edu
[21:53:20]   OK Quantic School of Business and Technology | ph:(571) 483-8002 | em:admissions@quantic.edu | 4.8* | 151 reviews | Washington, DC
[21:53:24] [1333/5631] longwealthcapital.com
[21:53:24]   OK Long Wealth Capital | em:hello@longwealthcapital.com | 4.8* | 148 reviews | Los Angeles
[21:53:28] [1334/5631] areacv.com
[21:53:28]   OK Area CV | em:info@areacv.com | 4.8* | 144 reviews
[21:53:32] [1335/5631] josephtorregrossa.com
[21:53:32]   OK Joseph Torregrossa | em:info@josephtorregrossa.com | 4.8* | 140 reviews | Dallas
[21:53:37] [1336/5631] nextgenproductmanager.com
[21:53:37]   OK Jyothi Nookula | 4.8* | 140 reviews
[21:53:41] [1337/5631] onlinemadrasa.org
[21:53:42]   OK Online Madrasa | ph:(409) 349-0408 | em:info@onlinemadrasa.org | 4.8* | 131 reviews | Middletown
[21:53:46] [1338/5631] quarterzero.com
[21:53:46]   OK Quarter Zero | em:team@quarterzero.com | 4.8* | 131 reviews | Santa Barbara
[21:53:50] [1339/5631] www.onlineed.com
[21:53:50]   OK OnlineEd | 4.8* | 129 reviews | Tigard
[21:53:55] [1340/5631] resumepilots.com
[21:53:55]   OK Resume Pilots | ph:(312) 428-6048 | em:team@resumepilots.com | 4.8* | 129 reviews | Chicago
[21:53:55]   [Progress saved: 1340 total leads]
[21:53:59] [1341/5631] patricewashington.com
[21:53:59]   OK Patrice Washington | ph:(855) 888-1455 | em:me@patricewashington.com | 4.8* | 125 reviews | Alpharetta 
[21:54:03] [1342/5631] athletesusa.org
[21:54:03]   OK Athletes USA | em:info@athletesusa.org | 4.8* | 122 reviews | Miami
[21:54:08] [1343/5631] getcertified4less.com
[21:54:09]   OK GetCertified4Less | ph:(800) 232-4227 | em:getcetified@getcertified4less.com | 4.8* | 121 reviews | Grosse Pointe
[21:54:13] [1344/5631] quranteaching.com
[21:54:13]   OK QuranTeaching- Online Quran Classes | ph:(937) 964-5906 | em:info@quranteaching.com | 4.8* | 121 reviews | Miami
[21:54:18] [1345/5631] resellconcierge.com
[21:54:18]   OK Resell Concierge | em:info@resellconcierge.com | 4.8* | 119 reviews
[21:54:23] [1346/5631] masters-academy.com
[21:54:23]   OK Masters Academy | ph:(310) 906-5936 | em:cs@masters-academy.com | 4.8* | 118 reviews | New York
[21:54:26] [1347/5631] irtekaz.com
[21:54:27]   OK irtekaz.com | ph:966558034755 | em:adnan@irtekaz.com | 4.8* | 115 reviews | Jersey City
[21:54:30] [1348/5631] medone.academy
[21:54:31]   OK Medone Academy | ph:(302) 722-6221 | em:support@medone.academy | 4.8* | 113 reviews
[21:54:34] [1349/5631] paulesajian.com
[21:54:35]   OK Paul Esajian & Than Merrill Events  | ph:(888) 807-9964 | em:info@fortunebuilders.com | 4.8* | 109 reviews | San Diego
[21:54:38] [1350/5631] tradersdevgroup.com
[21:54:38]   OK tradersdevGROUP | ph:(725) 373-2393 | em:info@tradersdevgroup.com | 4.8* | 105 reviews | Las Vegas
[21:54:43] [1351/5631] quranforkids.com
[21:54:43]   OK QuranForKids | ph:(518) 380-2231 | em:info@quranforkids.com | 4.8* | 102 reviews | Pittsburgh
[21:54:47] [1352/5631] kingdomdebtsolutions.com
[21:54:47]   OK Kingdom Debt Solutions | em:help@kingdomdebtsolutions.com | 4.8* | 99 reviews
[21:54:52] [1353/5631] datingadvice.de
[21:54:52]   OK Marks Mentoring | ph:00491633934470 | em:marquardtfrickert@gmail.com | 4.8* | 97 reviews
[21:54:57] [1354/5631] alisteducation.com
[21:54:57]   OK Testive | ph:(813) 407-7910 | em:info@testive.com | 4.8* | 96 reviews
[21:55:01] [1355/5631] intentionalproductmanager.com
[21:55:03]   OK Intentional Product Manager | 4.8* | 95 reviews
[21:55:07] [1356/5631] creatortocashflow.com
[21:55:08]   OK Creator To Cashflow | em:support@creatortocashflow.com | 4.8* | 88 reviews
[21:55:12] [1357/5631] fitrecovery.com
[21:55:12]   OK Fit Recovery | em:chris@fitrecovery.com | 4.8* | 88 reviews | Atlanta
[21:55:17] [1358/5631] visioneacademy.io
[21:55:17]   OK VisioneAcademy | ph:+393519451895 | em:info@visioneacademy.io | 4.8* | 86 reviews | Sheridan
[21:55:21] [1359/5631] medvinhealth.com
[21:55:22]   OK Medvin Health | 4.8* | 86 reviews
[21:55:26] [1360/5631] pagetkagy.com
[21:55:27]   OK Paget Kagy Coaching | em:hi@pagetkagy.com | 4.8* | 84 reviews
[21:55:27]   [Progress saved: 1360 total leads]
[21:55:32] [1361/5631] beststockstrategy.com
[21:55:32]   OK beststockstrategy.com | em:david@beststockstrategy.com | 4.8* | 82 reviews
[21:55:35] [1362/5631] overcome.org.uk
[21:55:36]   OK Overcome | 4.8* | 81 reviews
[21:55:41] [1363/5631] skysociety.co
[21:55:41]   OK Sky Society Accelerator | em:support@skysociety.co | 4.8* | 80 reviews
[21:55:45] [1364/5631] russianmathtutors.com
[21:55:46]   OK Russian Math Tutors | ph:(888) 519-5929 | em:info@russianmathtutors.com | 4.8* | 80 reviews | San Jose
[21:55:50] [1365/5631] mathhelp.com
[21:55:51]   OK MathHelp.com | 4.8* | 80 reviews
[21:55:55] [1366/5631] unlockmath.com
[21:55:55]   OK Unlock Math | ph:(706) 668-0714 | em:info@unlockmath.com | 4.8* | 80 reviews
[21:55:58] [1367/5631] bodyboutique.de
[21:55:59]   OK Soul Boutique - Female Health & Body & Selflove Coaching | ph:+4915751053926 | em:info@soul-boutique.de | 4.8* | 78 reviews | Oakland Park 
[21:56:04] [1368/5631] smallplayers.com
[21:56:04]   OK Small Players | em:kk@smallplayers.com | 4.8* | 77 reviews
[21:56:09] [1369/5631] needleinkandthread.com
[21:56:09]   OK Needle, Ink And Thread | ph:(937) 490-9353 | em:jesy@needleinkandthread.com | 4.8* | 76 reviews | Kettering
[21:56:13] [1370/5631] www.drbeen.com
[21:56:14]   OK drbeen | ph:(866) 337-2336 | em:socialmedia@drbeen.com | 4.8* | 76 reviews | Cupertino
[21:56:17] [1371/5631] fcelestin.com
[21:56:17]   OK TOTAL IMPACT, LLC | em:contact@fcelestin.com | 4.8* | 75 reviews
[21:56:21] [1372/5631] toddlerplayconference.com
[21:56:21]   OK Toddler Play Conference | em:support@otholly.com | 4.8* | 73 reviews | Seattle
[21:56:25] [1373/5631] www.dataspoof.info
[21:56:25]   OK Dataspoof | 4.8* | 73 reviews
[21:56:30] [1374/5631] acemedboards.com
[21:56:31]   OK Ace Med Boards | em:hello@acemedboards.com | 4.8* | 72 reviews
[21:56:35] [1375/5631] ithrivefx.com
[21:56:36]   OK iThrive FX | 4.8* | 69 reviews
[21:56:39] [1376/5631] futureprobeauty.com
[21:56:40]   OK Future Professionals  | 4.8* | 69 reviews
[21:56:43] [1377/5631] mydrivepermit.com
[21:56:43]   OK Learn and Permits Driver's Ed | em:contact@mydrivepermit.com | 4.8* | 68 reviews | San  Ramon
[21:56:48] [1378/5631] tabarakacademy.com
[21:56:48]   OK Tabarakacademy | ph:+201098855803 | em:info@tabarakacademy.com | 4.8* | 67 reviews | Giza
[21:56:52] [1379/5631] www.fx-social.com
[21:56:52]   OK FX Social | em:Support@FX-Social.com | 4.8* | 66 reviews
[21:56:56] [1380/5631] ekshakti.org
[21:56:57]   OK Ekshakti-Jaya Karamchandani | em:team@ekshakti.org | 4.8* | 65 reviews | Suwanee
[21:56:57]   [Progress saved: 1380 total leads]
[21:57:01] [1381/5631] mysticinsights.net
[21:57:02]   OK Psychic Medium Boutique Mystic Insights | ph:(512) 820-2465 | em:info@mysticinsights.net | 4.8* | 65 reviews | Austin
[21:57:07] [1382/5631] denovoagency.com
[21:57:07]   OK De Novo Agency | em:CR@Denovoagency.com | 4.8* | 63 reviews | Davenport
[21:57:12] [1383/5631] altheaacademy.com
[21:57:12]   OK Althea Academy | em:info@altheaacademy.com | 4.8* | 63 reviews
[21:57:17] [1384/5631] capacitybuildingint.com
[21:57:17]   OK Crisis Lab by CBI | em:contact@crisislab.io | 4.8* | 63 reviews | Austin
[21:57:22] [1385/5631] chrislanefitness.com
[21:57:23]   OK Chris Lane Fitness | ph:(304) 208-3545 | em:info@chrislanefitness.com | 4.8* | 62 reviews
[21:57:28] [1386/5631] minisportsballs.com
[21:57:28]   OK MiniSportsBalls.com | ph:(888) 972-1460 | em:hello@MiniSportsBalls.com | 4.8* | 62 reviews | Tampa
[21:57:31] [1387/5631] 3secondrule.com
[21:57:31]   OK 3 Second Rule Coaching | ph:(424) 777-2062 | em:info@3secondrule.com | 4.8* | 63 reviews | Los Angeles
[21:57:35] [1388/5631] eetestingcenter.com
[21:57:35]   OK EE Testing Center | ph:(424) 800-2469 | em:info@eetestingcenter.com | 4.8* | 62 reviews | Inglewood
[21:57:40] [1389/5631] tutordoctormiami.com
[21:57:40]   OK Tutor Doctor Miami | ph:(786) 544-6020 | em:gabriel@tutordoctormiami.com | 4.8* | 61 reviews | Key Biscayne
[21:57:43] [1390/5631] riconquistafacile.it
[21:57:43]   OK Riconquista Facile | 4.8* | 60 reviews
[21:57:47] [1391/5631] itsmybot.com
[21:57:48]   OK itsmybot.com | ph:(408) 657-3294 | em:support@itsmybot.com | 4.8* | 60 reviews | San Ramon
[21:57:52] [1392/5631] plus31sports.com
[21:57:53]   OK Plus31 Sports | ph:(786) 856-5260 | em:info@plus31sports.com | 4.8* | 59 reviews | Miami
[21:57:56] [1393/5631] medlearnity.com
[21:57:56]   OK Medlearnity | ph:(201) 477-0018 | em:info@medlearnity.com | 4.8* | 58 reviews | New York, NY 
[21:58:00] [1394/5631] mssheajohnson.com
[21:58:01]   OK Shea Johnson LLC | em:contact@mssheajohnson.com | 4.8* | 58 reviews
[21:58:04] [1395/5631] 1worldtraining.com
[21:58:04]   OK 1 World Training | ph:(469) 502-3780 | em:info@1WorldTraining.com | 4.8* | 57 reviews | Dallas
[21:58:07] [1396/5631] seanstudies.com
[21:58:07]   OK Pillar Prep (formerly Sean Studies) | em:sean@seanstudies.com | 4.8* | 57 reviews | Westborough
[21:58:11] [1397/5631] iccouncil.org
[21:58:11]   OK ICCouncil.org | ph:(307) 216-5303 | em:info@iccouncil.org | 4.8* | 58 reviews | Johns Creek
[21:58:14] [1398/5631] tecdrives.com
[21:58:15]   OK Tecdrives | ph:(512) 709-6317 | em:henry@tecdrives.com | 4.8* | 57 reviews
[21:58:18] [1399/5631] tutoringheroes.co.uk
[21:58:19]   OK Tutoring Heroes | 4.8* | 57 reviews
[21:58:22] [1400/5631] wordsharp.net
[21:58:23]   OK Wordsharp Editing and Proofreading | em:clientservices@wordsharp.net | 4.8* | 56 reviews | Chicago
[21:58:23]   [Progress saved: 1400 total leads]
[21:58:26] [1401/5631] www.writeupcv.com
[21:58:27]   OK Writeupcv | ph:(214) 646-8751 | em:info@writeupcv.com | 4.8* | 56 reviews | Dallas
[21:58:31] [1402/5631] binarymasterclass.com
[21:58:32]   OK Binary Masterclass | em:support@binarymasterclass.com | 4.8* | 56 reviews | Chico
[21:58:36] [1403/5631] tiffanyhaynesco.com
[21:58:36]   OK Tiffany Haynes & Co | em:support@tiffanyhaynesco.com | 4.8* | 56 reviews | MELISSA
[21:58:41] [1404/5631] highticketsalesacademy.com
[21:58:41]   OK High Ticket Sales Academy | em:support@highticketsalesacademy.com | 4.8* | 55 reviews | Grand Rapids 
[21:58:45] [1405/5631] onlinemakeupacademy.com
[21:58:45]   OK Online Makeup Academy | 4.8* | 55 reviews | New York
[21:58:50] [1406/5631] www.helpwithassignment.com
[21:58:50]   OK Helpwithassignment.com | ph:(312) 224-1615 | em:support@helpwithassignment.com | 4.8* | 54 reviews | New York
[21:58:55] [1407/5631] wehealuniversity.com
[21:58:55]   OK We Heal University | ph:(251) 279-0051 | em:info@wehealuniversity.com | 4.8* | 54 reviews | Sherman Oaks
[21:59:00] [1408/5631] icareersolutions.com
[21:59:00]   OK iCareerSolutions | ph:(914) 297-8807 | em:arno@icareersolutions.com | 4.8* | 53 reviews | New York, NY 
[21:59:05] [1409/5631] hoppitylearning.com
[21:59:05]   OK Hoppity Learning | em:support@hoppitylearning.com | 4.8* | 53 reviews
[21:59:09] [1410/5631] mycreativeresumes.com
[21:59:10]   OK Creative Resumes, Inc. | ph:(877) 259-8556 | em:getacreativeresume@gmail.com | 4.8* | 53 reviews | Altamonte Springs
[21:59:13] [1411/5631] delphiusmle.com
[21:59:14]   OK Delphi USMLE   | ph:(630) 864-6269 | em:info@delphiusmle.com | 4.8* | 53 reviews | Aurora
[21:59:18] [1412/5631] www.thea.study
[21:59:18]   OK Thea | em:support@thea.study | 4.8* | 53 reviews
[21:59:22] [1413/5631] northwestcareercollege.edu
[21:59:22]   OK Northwest Career College | ph:(702) 254-7577 | em:admin@northwestcareercollege.edu | 4.8* | 52 reviews | Las Vegas
[21:59:27] [1414/5631] www.scrum-institute.org
[21:59:28]   OK International Scrum Institute™ | 4.8* | 52 reviews
[21:59:31] [1415/5631] resumeadvisor.com
[21:59:32]   OK Resume Advisor | ph:(424) 258-4265 | em:Support@ResumeAdvisor.com | 4.8* | 51 reviews | Los Angeles, CA
[21:59:36] [1416/5631] eslfluency.com
[21:59:37]   OK ESL Fluency | em:info@eslfluency.com | 4.8* | 51 reviews
[21:59:40] [1417/5631] winnerscircletraining.com
[21:59:40]   OK Winners Circle Training | 4.8* | 51 reviews
[21:59:45] [1418/5631] fluenz.com
[21:59:46]   OK Fluenz | em:usersupport@fluenz.com | 4.8* | 51 reviews
[21:59:50] [1419/5631] nomoremondays.io
[21:59:51]   OK Nomoremondays | em:office@nomoremondays.io | 4.8* | 51 reviews | Venice
[21:59:56] [1420/5631] klausriis.com
[21:59:56]   OK Riis Transformations v/Online Coach Klaus Riis | ph:(849) 449-7798 | em:info.klausriis@gmail.com | 4.8* | 50 reviews | Sheridan
[21:59:56]   [Progress saved: 1420 total leads]
[22:00:01] [1421/5631] parmvirsingh.com
[22:00:02]   OK Parmvir Singh | 4.8* | 50 reviews
[22:00:06] [1422/5631] smbootcamp.co
[22:00:07]   OK SMBootcamp | em:carolyn@smbootcamp.co | 4.8* | 49 reviews | Tampa
[22:00:10] [1423/5631] www.littlejusticeleaders.com
[22:00:11]   OK Little Justice Leaders | ph:(419) 407-6149 | em:contact@littlejusticeleaders.com | 4.8* | 49 reviews
[22:00:14] [1424/5631] www.testcrackers.org
[22:00:14]   OK TestCrackers GMAT & GRE Prep | ph:(415) 323-5728 | em:contact@testcrackers.org | 4.8* | 48 reviews | Berkeley
[22:00:19] [1425/5631] clarkkegley.com
[22:00:19]   OK Clark Kegley - Metamorphic | em:support@refusingtosettle.com | 4.8* | 48 reviews | Cheyenne
[22:00:23] [1426/5631] lovingwithoutboundaries.com
[22:00:24]   OK Loving Without Boundaries | em:support@lovingwithoutboundaries.com | 4.8* | 48 reviews | Alexandria
[22:00:28] [1427/5631] stonehillforex.com
[22:00:29]   OK Stonehill Forex Limited | ph:(970) 978-8224 | em:stonehillforex@gmail.com | 4.8* | 47 reviews | Denver
[22:00:32] [1428/5631] allinonehomeschool.com
[22:00:33]   OK Easy Peasy All-in-One Homeschool | em:contact@allinonehomeschool.com | 4.8* | 47 reviews
[22:00:38] [1429/5631] www.everlastingconfidence.com
[22:00:38]   OK Everlasting Confidence | em:daniel@everlasting-confidence.com | 4.8* | 47 reviews | Miami 
[22:00:42] [1430/5631] summitstemfellowship.org
[22:00:43]   OK Summit Education | 4.8* | 46 reviews
[22:00:47] [1431/5631] dextego.com
[22:00:48]   OK Dextego | em:ioanna@dextego.com | 4.8* | 46 reviews | New York
[22:00:52] [1432/5631] www.tklacademy.com
[22:00:52]   OK Tklacademy | 4.8* | 45 reviews
[22:00:57] [1433/5631] throga.com
[22:00:57]   OK Throga | 4.8* | 44 reviews
[22:01:00] [1434/5631] edvo.com
[22:01:01]   OK Edvo | em:hello@edvo.com | 4.8* | 43 reviews | Playa Vista
[22:01:05] [1435/5631] thestreamofdavid.com
[22:01:05]   OK Tya Academy | em:Support@TyaAcademy.com | 4.8* | 43 reviews | Palm Desert
[22:01:09] [1436/5631] matthewdoan.com
[22:01:09]   OK Corporate Graduation™ (Uncaged Life Design) | em:hello@matthewdoan.com | 4.8* | 43 reviews | Virginia Beach
[22:01:12] [1437/5631] workededu.com
[22:01:13]   OK Workededu | 4.8* | 42 reviews
[22:01:18] [1438/5631] headstartcareers.org
[22:01:18]   OK HeadStart Careers | em:varun.sharat@headstart-careers.org | 4.8* | 42 reviews | New York City
[22:01:22] [1439/5631] admissionscience.com
[22:01:23]   OK Admission Science | em:support@admissionscience.com | 4.8* | 41 reviews
[22:01:27] [1440/5631] successcircles.com
[22:01:27]   OK Success Circles | em:connect@successcircles.com | 4.8* | 40 reviews | New York
[22:01:27]   [Progress saved: 1440 total leads]
[22:01:31] [1441/5631] shaddai.life
[22:01:32]   OK Shaddai | em:rennet@shaddai.life | 4.8* | 40 reviews | MADISON
[22:01:37] [1442/5631] functionaldiagnosticnutrition.com
[22:01:37]   OK Functional Diagnostic Nutrition | ph:(877) 587-2882 | em:fdninfo@afdnp.com | 4.8* | 40 reviews | Henderson
[22:01:40] [1443/5631] englishtimeusa.com
[22:01:41]   OK English Time Academy | ph:(954) 607-7741 | em:info@englishtimeusa.com | 4.8* | 39 reviews | Dallas
[22:01:44] [1444/5631] atravelingteacher.com
[22:01:44]   OK A Traveling Teacher | ph:(617) 294-6920 | em:peter@atravelingteacher.com | 4.8* | 39 reviews | Walpole
[22:01:49] [1445/5631] myaapt.com
[22:01:49]   OK American Academy of Protective Training | ph:(877) 765-1428 | em:info@myaapt.com | 4.8* | 39 reviews | Los Angeles
[22:01:53] [1446/5631] growyournetworth.com
[22:01:54]   OK Amplifi - Braiden Shaw | ph:(208) 795-1290 | em:team@growyournetworth.com | 4.8* | 38 reviews | Eagle
[22:01:58] [1447/5631] immanuelwilliams.com
[22:01:58]   OK Immanuel Williams | 4.8* | 38 reviews
[22:02:01] [1448/5631] revolutiontutors.me
[22:02:02]   OK Revolution Tutors | ph:(917) 359-1996 | em:info@revolutiontutors.me | 4.8* | 37 reviews | Brooklyn
[22:02:05] [1449/5631] cpacredits.com
[22:02:06]   OK CPA Credits | ph:(888) 683-4935 | em:support@cpacredits.com | 4.8* | 38 reviews | Miami Gardens
[22:02:10] [1450/5631] algotradecamp.com
[22:02:11]   OK algotradecamp.com | 4.8* | 35 reviews
[22:02:14] [1451/5631] quillbot.com
[22:02:16]   OK QuillBot | 4.7* | 9261 reviews
[22:02:20] [1452/5631] ar.cvmaker.com
[22:02:20]   OK ar.cvmaker.com | 4.7* | 4028 reviews
[22:02:25] [1453/5631] simplenursing.com
[22:02:26]   OK Simple Nursing | ph:(702) 819-6645 | 4.7* | 2889 reviews | Las Vegas, NV
[22:02:30] [1454/5631] highwaytrafficschool.com
[22:02:31]   OK Highway Traffic School | ph:(888) 406-1726 | em:support@highwaytrafficschool.com | 4.7* | 2544 reviews | San Diego
[22:02:36] [1455/5631] eccouncil.org
[22:02:36]   OK EC-Council | ph:(505) 341-3228 | em:support@eccouncil.org | 4.7* | 1735 reviews | Albuquerque
[22:02:39] [1456/5631] www.davidmichigan.com
[22:02:40]   OK David Michigan | 4.7* | 1444 reviews
[22:02:45] [1457/5631] coddy.tech
[22:02:45]   OK Coddy | em:support@coddy.tech | 4.7* | 1092 reviews
[22:02:48] [1458/5631] contentcreator.com
[22:02:49]   OK 14 Day Filmmaker by ContentCreator.com | em:support@contentcreator.com | 4.7* | 901 reviews | Asheville
[22:02:53] [1459/5631] xtremelashes.com
[22:02:54]   OK Xtreme Lashes by Jo Mousselli | ph:(877) 244-5274 | em:Info@xtremelashes.com | 4.7* | 799 reviews | The Woodlands
[22:02:59] [1460/5631] my-cpe.com
[22:02:59]   OK MYCPE ONE | ph:(646) 688-5128 | em:jay@my-cpe.com | 4.7* | 665 reviews | Sugar Land
[22:02:59]   [Progress saved: 1460 total leads]
[22:03:04] [1461/5631] www.exitcertified.com
[22:03:04]   OK Ascendient Learning | ph:(800) 803-3948 | em:contact@ascendientlearning.com | 4.7* | 585 reviews | San Francisco
[22:03:08] [1462/5631] lifesurge.com
[22:03:09]   OK Life Surge | ph:(833) 867-8743 | em:publicrelations@lifesurge.com | 4.7* | 549 reviews | Palmetto
[22:03:14] [1463/5631] onlyoptionstrades.com
[22:03:14]   OK OnlyOptionsTrades | em:support@onlyoptionstrades.com | 4.7* | 483 reviews
[22:03:19] [1464/5631] aihr.com
[22:03:20]   OK AIHR | Academy to Innovate HR | ph:+31103400770 | em:support@aihr.com | 4.7* | 483 reviews | Rotterdam
[22:03:24] [1465/5631] traineracademy.org
[22:03:24]   OK International Personal Trainer Academy - IPTA | ph:(972) 502-9445 | em:info@traineracademy.org | 4.7* | 481 reviews | Dallas
[22:03:28] [1466/5631] authenticliving.com
[22:03:28]   OK authenticliving.com | 4.7* | 439 reviews
[22:03:32] [1467/5631] coursecareers.com
[22:03:32]   OK CourseCareers | em:info@coursecareers.com | 4.7* | 422 reviews | Atlanta
[22:03:36] [1468/5631] surplusfund.com
[22:03:36]   OK SurplusFund.com | ph:(949) 541-0958 | em:help@surplusfund.com | 4.7* | 408 reviews | LAGUNA HILLS
[22:03:39] [1469/5631] pathstream.com
[22:03:40]   OK Pathstream | ph:(628) 265-8282 | em:enrollments@pathstream.com | 4.7* | 348 reviews | San Francisco
[22:03:44] [1470/5631] alphaproacademy.com
[22:03:44]   OK Alpha Pro | ph:+541124029239 | em:hola@alphaproacademy.com | 4.7* | 347 reviews | Brooklyn
[22:03:48] [1471/5631] edueffective.online
[22:03:49]   OK EDU Effective Business School | ph:+420226288066 | em:skillup@edueffective.online | 4.7* | 306 reviews | Honolulu
[22:03:52] [1472/5631] marketmovesmatt.com
[22:03:54]   OK Market Moves LLC | ph:(315) 559-0271 | em:marketmovesmatt@gmail.com | 4.7* | 285 reviews | Westminster
[22:03:58] [1473/5631] ivypanda.com
[22:03:58]   OK Ivy Panda | ph:(866) 236-7979 | em:welcome@ivypanda.com | 4.7* | 283 reviews | Sheridan
[22:04:03] [1474/5631] accreditedresume.com
[22:04:03]   OK Accredited Resume | ph:(855) 846-0134 | em:info@accreditedresume.com | 4.7* | 275 reviews | Santa Monica
[22:04:08] [1475/5631] truetrader.net
[22:04:08]   OK Truetrader | em:support@truetrader.net | 4.7* | 268 reviews | Sheridan
[22:04:12] [1476/5631] commitaction.com
[22:04:12]   OK Commit Action | ph:(917) 819-6259 | em:info@commitaction.com | 4.7* | 265 reviews
[22:04:16] [1477/5631] creatorstraining.com
[22:04:17]   OK Creators Training | 4.7* | 240 reviews
[22:04:20] [1478/5631] tutorjob.org
[22:04:21]   OK tutorjob.org | 4.7* | 225 reviews
[22:04:25] [1479/5631] uxcel.com
[22:04:26]   OK Uxcel | em:support@uxcel.com | 4.7* | 198 reviews | West Palm Beach
[22:04:31] [1480/5631] liquiditytradingfx.com
[22:04:32]   OK liquiditytradingfx.com | 4.7* | 179 reviews
[22:04:32]   [Progress saved: 1480 total leads]
[22:04:35] [1481/5631] amadeux.com
[22:04:35]   OK Amadeux | em:support@amadeux.com | 4.7* | 173 reviews | New York
[22:04:39] [1482/5631] unipapers.org
[22:04:39]   OK Unipapers | 4.7* | 152 reviews
[22:04:43] [1483/5631] proresumehub.com
[22:04:43]   OK Pro Resume Hub | ph:(209) 787-3106 | em:Support@proresumehub.com | 4.7* | 151 reviews | MERCED
[22:04:48] [1484/5631] bastianbarami.com
[22:04:48]   OK Bastian Barami | BARAMI LLC | em:mail@bastianbarami.com | 4.7* | 147 reviews | New York
[22:04:52] [1485/5631] learnersink.com
[22:04:52]   OK Learners Ink, LLC | ph:(408) 444-7579 | em:byrne@learnersink.com | 4.7* | 139 reviews | CA
[22:04:55] [1486/5631] clarusway.com
[22:04:56]   OK Clarusway | ph:(571) 360-6677 | em:contact@clarusway.com | 4.7* | 138 reviews | McLean, Virginia
[22:05:01] [1487/5631] criptoclases.com
[22:05:01]   OK Criptoclases | ph:(206) 360-8199 | em:contacto@criptoclases.com | 4.7* | 135 reviews | Cheyenne
[22:05:05] [1488/5631] www.leapacademy.com
[22:05:06]   OK Leap Academy Ilana Golan | em:ilana@leapacademy.com | 4.7* | 135 reviews | Los Altos
[22:05:09] [1489/5631] skup.net
[22:05:10]   OK Skup | ph:(727) 339-7977 | em:support@skup.net | 4.7* | 132 reviews | Saint Petersburg
[22:05:13] [1490/5631] resumewizard101.com
[22:05:14]   OK Resume Wizard 101 | ph:(866) 360-4182 | em:neilbhatt20@gmail.com | 4.7* | 131 reviews | Bolingbrook
[22:05:18] [1491/5631] peterszabo.co
[22:05:18]   OK peterszabo.co | em:support@peterszabo.co | 4.7* | 123 reviews | Wilmington
[22:05:22] [1492/5631] www.goit.global
[22:05:22]   OK GoIT Academy | 4.7* | 123 reviews
[22:05:26] [1493/5631] viral.amvocalstudios.com
[22:05:27]   OK AM Vocal Studios | 4.7* | 111 reviews
[22:05:31] [1494/5631] bmaggarwal.com
[22:05:31]   OK Bmaggarwal | ph:+919650274066 | em:connect@bmaggarwal.com | 4.7* | 107 reviews | New Delhi
[22:05:34] [1495/5631] joinoutset.com
[22:05:35]   OK Outset | ph:(984) 369-9922 | em:contact@joinoutset.com | 4.7* | 106 reviews | Chapel Hill
[22:05:39] [1496/5631] examrabbithelp.com
[22:05:39]   OK Exam Rabbit Help | em:examrabbithelp@gmail.com | 4.7* | 102 reviews
[22:05:43] [1497/5631] careerconfidence.us
[22:05:43]   OK Career Confidence | ph:(801) 668-2180 | em:cassie@careerconfidence.us | 4.7* | 99 reviews | Salida
[22:05:48] [1498/5631] digitalmarketer.com
[22:05:48]   OK DigitalMarketer | ph:(512) 600-4363 | em:support@digitalmarketer.com | 4.7* | 99 reviews | Austin
[22:05:53] [1499/5631] ppt-mentoring.com
[22:05:54]   OK Peak Performance Trading | em:trustpilot@ppt-mentoring.com | 4.7* | 86 reviews | New York
[22:05:57] [1500/5631] www.nextlevelhomeschool.com
[22:05:58]   OK Next Level Homeschool | 4.7* | 82 reviews | Crestview
[22:05:58]   [Progress saved: 1500 total leads]
[22:06:01] [1501/5631] resumewritersusa.com
[22:06:02]   OK Resume Writers USA | ph:(855) 846-0134 | em:info@resumewritersusa.com | 4.7* | 81 reviews | Los Angeles
[22:06:06] [1502/5631] strategieinamore.com
[22:06:06]   OK Il Metodo ILS | em:info@ilmetodoils.it | 4.7* | 80 reviews
[22:06:09] [1503/5631] academicenglishnow.com
[22:06:10]   OK Academic English Now | em:info@academicenglishnow.com | 4.7* | 79 reviews | Jackson
[22:06:15] [1504/5631] paperhacker.com
[22:06:15]   OK PaperHacker | em:support@paperhacker.com | 4.7* | 78 reviews | Detroit
[22:06:19] [1505/5631] schoolofholisticmedicine.com
[22:06:20]   OK Rockwell School of Holistic Medicine | ph:(317) 721-7020 | em:info@schoolofholisticmedicine.com | 4.7* | 76 reviews
[22:06:25] [1506/5631] precisioncpd.com
[22:06:25]   OK Precisioncpd | em:info@precisioncpd.com  | 4.7* | 77 reviews
[22:06:30] [1507/5631] connectunited.com
[22:06:31]   OK Connect United | em:support@connectunited.com | 4.7* | 75 reviews
[22:06:35] [1508/5631] zonia.com
[22:06:36]   OK zonia.com | em:support@zonia.com | 4.7* | 71 reviews
[22:06:39] [1509/5631] placement.com
[22:06:40]   OK Placement | em:hello@placement.com | 4.7* | 71 reviews | San Francisco
[22:06:44] [1510/5631] le-de-mots.com
[22:06:44]   OK Dé-mots | em:contact@le-de-mots.com | 4.7* | 66 reviews | Piton Saint-Leu
[22:06:49] [1511/5631] dreamshift.net
[22:06:49]   OK Dreamshift | ph:+94716936096 | em:dreamshiftcareers@gmail.com | 4.7* | 64 reviews
[22:06:54] [1512/5631] jobstep.co
[22:06:54]   OK Jobstep | em:info@jobstep.co | 4.7* | 64 reviews
[22:06:58] [1513/5631] mykairos.life
[22:06:59]   OK Kairos Relationship & Personal Growth Coaching | ph:(253) 441-0351 | em:bryan@mykairos.life | 4.7* | 62 reviews | Seattle
[22:07:04] [1514/5631] joineliteecom.com
[22:07:04]   OK Elite Ecom | 4.7* | 62 reviews
[22:07:08] [1515/5631] plagiarismsearch.com
[22:07:08]   OK PlagiarismSearch | ph:(256) 690-5435 | em:services@plagiarismsearch.com | 4.7* | 61 reviews
[22:07:12] [1516/5631] tradersignals.io
[22:07:12]   OK Trader Signals | ph:(866) 777-4236 | em:admin@traderverse.io | 4.7* | 59 reviews | Alexandria
[22:07:16] [1517/5631] simplejaiswal.com
[22:07:16]   OK Simplejaiswal | 4.7* | 59 reviews
[22:07:21] [1518/5631] ohmify.com
[22:07:22]   OK Ohmify | 4.7* | 59 reviews | Oslo
[22:07:27] [1519/5631] www.tutorcomp.com
[22:07:27]   OK TutorComp | ph:(646) 546-5075 | em:info@tutorcomp.com | 4.7* | 58 reviews | Grayslake
[22:07:31] [1520/5631] happentoyourcareer.com
[22:07:32]   OK Happen To Your Career  | ph:(509) 761-3749 | em:support@happentoyourcareer.com | 4.7* | 54 reviews | Moses Lake
[22:07:32]   [Progress saved: 1520 total leads]
[22:07:36] [1521/5631] gettutors.online
[22:07:36]   OK Get Tutors Online | ph:(917) 725-4168 | em:support@gettutors.online | 4.7* | 54 reviews | New York
[22:07:41] [1522/5631] renatomontanes.com
[22:07:41]   OK Your Empowerment LLC | em:Contact@renatomontanes.com | 4.7* | 52 reviews | OAKLAND PARK
[22:07:45] [1523/5631] blackexecutivemen.com
[22:07:46]   OK Black Executive Men by Jewel Love | em:jewel@blackexecutivemen.com | 4.7* | 52 reviews
[22:07:50] [1524/5631] themoneylifecoach.com
[22:07:51]   OK The Money Life Coach | Intentional Finance | em:tawnya@themoneylifecoach.com | 4.7* | 51 reviews | Homewood
[22:07:55] [1525/5631] learntotranscribe.com
[22:07:55]   OK learntotranscribe.com | ph:(601) 813-4366 | em:info@learntotranscribe.com | 4.7* | 50 reviews | Jackson
[22:08:00] [1526/5631] cyberdefenders.org
[22:08:00]   OK CyberDefenders | 4.7* | 49 reviews | Middletown, Delware
[22:08:05] [1527/5631] parentsarehuman.com
[22:08:05]   OK Parents Are Human | em:hello@parentsarehuman.com | 4.7* | 49 reviews | San Francisco
[22:08:09] [1528/5631] handwritingsuccess.com
[22:08:09]   OK Handwriting Success | ph:(971) 254-8695 | em:info@handwritingsucces.com | 4.7* | 47 reviews | Portland
[22:08:13] [1529/5631] my.plagramme.com
[22:08:13]   OK plagramme | 4.7* | 46 reviews
[22:08:16] [1530/5631] paidtotrade-propfirm.com
[22:08:17]   OK Paid To Trade | 4.7* | 46 reviews
[22:08:21] [1531/5631] bootcoffee.com
[22:08:22]   OK Boot Coffee Campus | ph:(888) 814-4347 | em:info@bootcoffee.com | 4.7* | 45 reviews | San Rafael
[22:08:26] [1532/5631] jayshettycoaching.com
[22:08:27]   OK Jay Shetty Certification School | 4.7* | 45 reviews
[22:08:32] [1533/5631] theattractiveman.com
[22:08:32]   OK The Attractive Man | ph:(888) 992-8872 | em:info@theattractiveman.com | 4.7* | 44 reviews | Las Vegas
[22:08:37] [1534/5631] scoaladestiintespirituale.ro
[22:08:37]   OK Scoaladestiintespirituale | ph:+40723019705 | em:contact@scoaladestiintespirituale.ro | 4.7* | 44 reviews | Mogosoaia
[22:08:40] [1535/5631] theatreresource.in
[22:08:41]   OK Kaustubh Bankapure - Applied Theatre India | 4.7* | 43 reviews
[22:08:45] [1536/5631] pivot.ws
[22:08:45]   OK Pivot | ph:(980) 243-4788 | em:advisor@pivot.ws | 4.7* | 43 reviews | Wilmington, DE
[22:08:48] [1537/5631] thecriticalthinkingchild.com
[22:08:49]   OK The Critical Thinking Child | ph:(855) 646-3747 | em:lemiola@criticalthinkingchild.com | 4.7* | 43 reviews | Chicago
[22:08:52] [1538/5631] bestdelegate.com
[22:08:53]   OK Model United Nations Institute by Best Delegate | ph:(646) 308-1411 | em:support@bestdelegate.com | 4.7* | 42 reviews | Cambridge 
[22:08:57] [1539/5631] www.startspanish.com
[22:08:57]   OK StartSpanish.com | 4.7* | 42 reviews
[22:09:02] [1540/5631] namepros.com
[22:09:03]   OK NamePros | 4.7* | 40 reviews
[22:09:03]   [Progress saved: 1540 total leads]
[22:09:07] [1541/5631] www.govconnection.com
[22:09:08]   OK GovConnection | ph:(800) 800-0019 | em:customercare@connection.com | 4.7* | 40 reviews | Merrimack
[22:09:11] [1542/5631] technitrader.com
[22:09:11]   OK TechniTrader | ph:(888) 846-5577 | em:info@technitrader.com | 4.7* | 38 reviews | Auburn
[22:09:14] [1543/5631] amazing-mastery.com
[22:09:16]   OK Amazing Mastery | em:contact@amazing-mastery.com | 4.7* | 38 reviews
[22:09:20] [1544/5631] classly.online
[22:09:20]   OK Classly | em:team@classlyonline.com | 4.7* | 38 reviews | Treorchy
[22:09:25] [1545/5631] fujn.global
[22:09:25]   OK Fujn | 4.7* | 37 reviews
[22:09:29] [1546/5631] www.thedroneu.com
[22:09:30]   OK Drone U | 4.7* | 37 reviews
[22:09:34] [1547/5631] aniko.ai
[22:09:34]   OK Aniko | em:hello@aniko.ai | 4.7* | 37 reviews
[22:09:39] [1548/5631] certsolution.org
[22:09:39]   OK Cert Solution | ph:(518) 300-3001 | em:Info@certsolution.org | 4.7* | 36 reviews | New York
[22:09:43] [1549/5631] rmtcenter.com
[22:09:43]   OK Robbins-Madanes Training | ph:(855) 850-7111 | em:support@robbinsmadanes.com | 4.7* | 36 reviews | Carlsbad
[22:09:47] [1550/5631] areeb-academy.com
[22:09:47]   OK Areeb Academy | ph:(689) 256-4368 | em:info@areeb-academy.com | 4.7* | 36 reviews | Kalispell
[22:09:52] [1551/5631] homefromcollege.com
[22:09:52]   OK Home From College | em:info@homefromcollege.com | 4.7* | 36 reviews | Santa Monica
[22:09:56] [1552/5631] fishin4pips.com
[22:09:56]   OK fishin4pips.com | 4.7* | 36 reviews
[22:10:01] [1553/5631] accountingschool.online
[22:10:02]   OK AccountingSchool Online | ph:(210) 852-2234 | em:info@accountingschool.online | 4.7* | 36 reviews
[22:10:06] [1554/5631] careerpropulsion.com
[22:10:07]   OK Career Propulsion | 4.7* | 36 reviews
[22:10:12] [1555/5631] celineklarer.com
[22:10:12]   OK Celine Klarer | em:contact@celineklarer.com | 4.7* | 35 reviews | Dover
[22:10:16] [1556/5631] asbjornspeaks.com
[22:10:16]   OK Asbjornspeaks | 4.7* | 34 reviews
[22:10:20] [1557/5631] ascentcoaching.us
[22:10:20]   OK Ascent Empowerment | em:chris@ascentcoaching.us | 4.7* | 34 reviews | Durango
[22:10:24] [1558/5631] rnconnection.net
[22:10:25]   OK Rn Connection | ph:(626) 622-6687 | em:rnconnect04@gmail.com | 4.7* | 34 reviews | Wildomar
[22:10:28] [1559/5631] grey-capital.com
[22:10:29]   OK Grey Capital | em:no_reply@grey-capital.com | 4.7* | 34 reviews
[22:10:33] [1560/5631] 6thsenseconnection.com
[22:10:34]   OK 6th Sense Connection | ph:(407) 433-9581 | em:info@6thsenseconnection.com | 4.7* | 33 reviews | Kissimmee
[22:10:34]   [Progress saved: 1560 total leads]
[22:10:39] [1561/5631] guerrillazen.com
[22:10:39]   OK GuerrillaZen Fitness | 4.7* | 33 reviews
[22:10:43] [1562/5631] najamacademy.com
[22:10:43]   OK Najam Academy | ph:(773) 800-2886 | em:info@najamacademy.com | 4.7* | 33 reviews
[22:10:47] [1563/5631] inspirafutures.com
[22:10:47]   OK Inspira Futures | ph:(800) 991-8924 | em:contact@inspirafutures.com | 4.7* | 33 reviews | New York
[22:10:51] [1564/5631] resumewriterspro.com
[22:10:51]   OK Resume Writers Pro | ph:(650) 628-6511 | em:info@resumewriterspro.com | 4.7* | 33 reviews | Menlo Park, CA
[22:10:55] [1565/5631] lemonadelife.ca
[22:10:55]   OK Lemonade Life | em:Connect@lemonadelife.ca | 4.7* | 32 reviews
[22:10:59] [1566/5631] asdacademy.in
[22:10:59]   OK Asdacademy | 4.7* | 32 reviews
[22:11:03] [1567/5631] findfatfish.com
[22:11:04]   OK Find Fat Fish | em:support@findfatfish.com | 4.7* | 32 reviews
[22:11:09] [1568/5631] makeuponlineschool.com
[22:11:09]   OK makeuponlineschool.com | ph:(800) 951-0795 | em:info@makeuponlineschool.com | 4.7* | 32 reviews | Beverly Hills
[22:11:14] [1569/5631] shinelearnerstutors.com
[22:11:14]   OK Shinelearnerstutors | ph:+61480009644 | em:info@shinelearnerstutors.com | 4.7* | 32 reviews | Austin
[22:11:17] [1570/5631] vrcreators.io
[22:11:18]   OK VR Creators | em:hey@vrcreators.io | 4.7* | 31 reviews | Canton
[22:11:21] [1571/5631] mindspire.com
[22:11:21]   OK Mindspire Test Prep | ph:(844) 537-7737 | em:info@mindspireprep.com | 4.7* | 31 reviews | Durham
[22:11:24] [1572/5631] signatureinterviewprep.com
[22:11:25]   OK Signature Interview Prep | em:info@signatureinterviewprep.com | 4.7* | 31 reviews | Carmel
[22:11:29] [1573/5631] projectmgmtsuccess.com
[22:11:30]   OK Project Management Success | 4.7* | 31 reviews
[22:11:33] [1574/5631] kushalkulkarni.com
[22:11:33]   OK Kushalkulkarni | 4.7* | 31 reviews
[22:11:37] [1575/5631] askvmc.com
[22:11:38]   OK Valerie Martinelli Consulting, LLC  | ph:(203) 910-5093 | em:valerie@askvmc.com | 4.7* | 31 reviews | Waterbury
[22:11:42] [1576/5631] kavithathecoach.com
[22:11:42]   OK Kavitha the coach | em:connect@kavithathecoach.com | 4.7* | 30 reviews | Boston
[22:11:46] [1577/5631] memoja.com
[22:11:47]   OK Memoja.com | ph:(346) 212-7336 | em:support@memoja.com | 4.7* | 30 reviews | Anchorage
[22:11:50] [1578/5631] entrecajasacademy.com
[22:11:51]   OK Entre Cajas Academy | em:hello@entre-cajas.com | 4.7* | 30 reviews
[22:11:54] [1579/5631] alef-integration.com
[22:11:54]   OK Alef Integration | 4.7* | 30 reviews
[22:11:58] [1580/5631] wearecareer.com
[22:11:59]   OK WeAreCareer | ph:(646) 312-8971 | em:consultation@wearecareer.com | 4.7* | 30 reviews | Albany, New York 
[22:11:59]   [Progress saved: 1580 total leads]
[22:12:02] [1581/5631] takemymathlab.com
[22:12:03]   OK Takemymathlab | 4.7* | 30 reviews
[22:12:06] [1582/5631] musicschoolcentral.com
[22:12:07]   OK Music School Central - College Counseling | 4.7* | 29 reviews
[22:12:12] [1583/5631] caliahjinaye.com
[22:12:12]   OK Caliah Jinaye Enterprises, Inc. | ph:(678) 907-2705 | em:ADMIN@CALIAHJINAYE.COM | 4.7* | 29 reviews | Lawrenceville
[22:12:15] [1584/5631] mynursenotes.com
[22:12:16]   OK MyNurseNotes.com | ph:(949) 392-1065 | em:info@mynursenotes.com | 4.7* | 29 reviews
[22:12:20] [1585/5631] jobstars.com
[22:12:20]   OK JobStars USA | ph:(312) 788-9686 | em:info@jobstars.com | 4.7* | 29 reviews | Chicago
[22:12:25] [1586/5631] www.llcuniversity.com
[22:12:26]   OK LLC University | 4.7* | 28 reviews
[22:12:30] [1587/5631] realuniversity.com
[22:12:31]   OK REAL University | ph:(317) 865-9400 | em:info@realuniversity.com | 4.7* | 28 reviews | Greenwood
[22:12:35] [1588/5631] vhealyou.com
[22:12:35]   OK Neepam Jain | 4.7* | 28 reviews
[22:12:39] [1589/5631] resultswithjoe.com
[22:12:40]   OK Results With Joe | ph:(908) 963-7496 | em:joe@resultswithjoe.com | 4.7* | 28 reviews | Hopewell
[22:12:45] [1590/5631] corbettmaths.com
[22:12:45]   OK Corbettmaths | 4.7* | 28 reviews
[22:12:48] [1591/5631] falconmastery.ai
[22:12:49]   OK Falconmastery | ph:(309) 287-2892 | em:info@falconmastery.ai | 4.7* | 28 reviews | Mountain House
[22:12:53] [1592/5631] maeganburke.com
[22:12:53]   OK Maegan Tomela Burke | ph:(410) 849-9720 | em:hola@maeganburke.com | 4.7* | 28 reviews | Providence
[22:12:57] [1593/5631] theelitemusician.com
[22:12:58]   OK The Elite Musician | em:music@youngminyou.com | 4.7* | 27 reviews | Roswell
[22:13:02] [1594/5631] travelingwithkristin.com
[22:13:03]   OK Traveling with Kristin Relocation | em:hello@travelingwithkristin.com | 4.7* | 27 reviews
[22:13:07] [1595/5631] masterysales.com
[22:13:07]   OK Renevier Advising | 4.7* | 27 reviews
[22:13:11] [1596/5631] vicbrewski.com
[22:13:12]   OK Vbrewski | ph:(626) 489-1555 | em:contact@vicbrewski.com | 4.7* | 27 reviews | los angeles
[22:13:16] [1597/5631] wisedoc.net
[22:13:16]   OK Wisedoc, INC. | em:support@wisedoc.net | 4.7* | 27 reviews | Corvallis
[22:13:21] [1598/5631] goldenlsat.com
[22:13:22]   OK goldenLSAT | ph:(310) 628-1019 | em:mitchell@goldenlsat.com | 4.7* | 27 reviews | Los Angeles
[22:13:27] [1599/5631] nma.art
[22:13:27]   OK New Masters Academy | ph:(714) 696-8570 | em:caleb@nma.art | 4.7* | 27 reviews | Huntington Beach
[22:13:31] [1600/5631] coachinguniversity.org
[22:13:31]   OK Coaching University | 4.7* | 27 reviews
[22:13:31]   [Progress saved: 1600 total leads]
[22:13:35] [1601/5631] simplemarketsacademy.com
[22:13:35]   OK Simple Markets | em:support@simplemarketsacademy.com | 4.7* | 26 reviews | Hudson
[22:13:39] [1602/5631] expanda.it
[22:13:39]   OK Expanda | 4.7* | 26 reviews
[22:13:43] [1603/5631] journeytoyourself.net
[22:13:43]   OK Journey to Yourself | em:jessica@journeytoyourself.net | 4.7* | 26 reviews | King Of Prussia
[22:13:48] [1604/5631] www.tovakrakauercoaching.com
[22:13:48]   OK Tova Krakauer Coaching | ph:(929) 398-8875 | em:tovakrakauer@gmail.com | 4.7* | 26 reviews | Brooklyn
[22:13:53] [1605/5631] highestpotentialcoaching.com
[22:13:53]   OK Highest Potential Coaching LLC | ph:(571) 330-3866 | em:angelita.fanas@gmail.com | 4.7* | 26 reviews | Westwood
[22:13:57] [1606/5631] invisibletechnique.com
[22:13:58]   OK Invisible Technique | em:support@invisibletechnique.com | 4.7* | 26 reviews | Nashville
[22:14:02] [1607/5631] muhammadkhabbaz.com
[22:14:03]   OK MuhammadKhabbaz USMLE Tutor | 4.7* | 26 reviews
[22:14:08] [1608/5631] copysharks.com
[22:14:08]   OK Copy Sharks | em:support@copysharks.com | 4.7* | 26 reviews | New York
[22:14:12] [1609/5631] www.wsodownloadsite.com
[22:14:12]   OK Wsodownloadsite | 4.7* | 26 reviews
[22:14:16] [1610/5631] highalphatrends.com
[22:14:16]   OK High Alpha Trends | 4.7* | 26 reviews
[22:14:20] [1611/5631] docaway.es
[22:14:20]   OK Docaway | 4.7* | 25 reviews
[22:14:23] [1612/5631] clubdecapitales.com
[22:14:24]   OK Club de Capitales | em:info@clubdecapitales.com | 4.7* | 25 reviews | Miami
[22:14:28] [1613/5631] peterfeysa.com
[22:14:28]   OK Peterfeysa | ph:(206) 914-9650 | em:peter@peterfeysa.com | 4.7* | 25 reviews
[22:14:32] [1614/5631] useofenglishpro.com
[22:14:33]   OK Use of English PRO | ph:(505) 381-8112 | em:hello@useofenglishpro.com | 4.7* | 25 reviews
[22:14:37] [1615/5631] easyskills.net
[22:14:38]   OK EASYSKILLS ACADEMY LLC | em:easyskils22@gmail.com | 4.7* | 25 reviews | FOLSOM
[22:14:42] [1616/5631] transformyourperformance.com
[22:14:44]   OK Transform Your Performance | ph:(347) 821-8050 | em:regina@transformyourperformance.com | 4.7* | 25 reviews | New York
[22:14:47] [1617/5631] codinghomeworkhelp.com
[22:14:48]   OK Coding Homework Help | em:hi@codinghomworkhelp.com | 4.7* | 25 reviews | Middletown
[22:14:52] [1618/5631] skilr.com
[22:14:53]   OK Skilr | 4.7* | 25 reviews
[22:14:58] [1619/5631] fintrademasteracademy.academy
[22:14:58]   OK Fintrade Master Academy | em:nestor@fintrademasteracademy.com | 4.7* | 24 reviews | Sheridan
[22:15:02] [1620/5631] joshua-sting.com
[22:15:03]   OK Cycle Breaker - Joshua Sting  | ph:+4917660349774 | em:joshua@joshua-sting.com | 4.7* | 24 reviews | Hawaii
[22:15:03]   [Progress saved: 1620 total leads]
[22:15:06] [1621/5631] takeonlineexamhelp.com
[22:15:07]   OK takeonlineexamhelp.com | 4.7* | 24 reviews
[22:15:11] [1622/5631] bridgionary.com
[22:15:12]   OK Bridgionary | 4.7* | 24 reviews
[22:15:16] [1623/5631] fitnfight.dk
[22:15:16]   OK Fitnfight | 4.7* | 24 reviews
[22:15:20] [1624/5631] custom-essay.org
[22:15:21]   OK Custom Essay | 4.7* | 24 reviews
[22:15:24] [1625/5631] smarteroptions.com
[22:15:25]   OK smarteroptions.com | em:support@smarteroptions.com | 4.7* | 23 reviews | Nevada
[22:15:29] [1626/5631] painfreecomeback.com
[22:15:30]   OK Pain Free Comeback | em:hello@painfreecomeback.com | 4.7* | 23 reviews
[22:15:34] [1627/5631] mastercoursereviews.com
[22:15:35]   OK Mastercoursereviews | 4.7* | 23 reviews
[22:15:39] [1628/5631] www.stemexcellencetutoring.com
[22:15:39]   OK STEM Excellence | em:lori@stemexcellencetutoring.com | 4.7* | 23 reviews | Tucson
[22:15:43] [1629/5631] mgalpha.com
[22:15:44]   OK MG Alpha | em:web@mgalpha.com | 4.7* | 23 reviews
[22:15:48] [1630/5631] careerproguider.com
[22:15:49]   OK Career Pro Guider | em:info@careerproguider.com | 4.7* | 23 reviews | Petersburg
[22:15:52] [1631/5631] wingtrades.com
[22:15:52]   OK Wingtrades | ph:(720) 666-7442 | em:wingfield@wingtrades.com | 4.7* | 23 reviews
[22:15:56] [1632/5631] olympicresume.com
[22:15:56]   OK Olympic Résumé Career Consulting  | ph:(425) 239-4909 | em:john@olympicresume.com | 4.7* | 23 reviews | Mountlake Terrace
[22:16:01] [1633/5631] truity.com
[22:16:01]   OK Truity | em:help@truity.com | 4.6* | 9353 reviews
[22:16:06] [1634/5631] kickresume.com
[22:16:07]   OK Kickresume - AI Resume builder, ATS Resume Checker | em:helpme@kickresume.com | 4.6* | 3575 reviews
[22:16:11] [1635/5631] uopeople.edu
[22:16:12]   OK University of the People | ph:(626) 264-8880 | em:info@uopeople.edu | 4.6* | 2361 reviews | Pasadena
[22:16:15] [1636/5631] stackskills.com
[22:16:16]   OK StackSkills | ph:(415) 335-6768 | em:https://stackskills.zendesk.com | 4.6* | 2246 reviews | Venice
[22:16:19] [1637/5631] www.guitartricks.com
[22:16:20]   OK GuitarTricks.com - Online Guitar Lessons | ph:(855) 394-8482 | em:admin@guitartricks.com | 4.6* | 2149 reviews | San Francisco
[22:16:23] [1638/5631] capital.club
[22:16:24]   OK Capital Club | em:hello@capital.club | 4.6* | 1830 reviews | Miami
[22:16:28] [1639/5631] chrismalta.com
[22:16:29]   OK Chris Malta | ph:(888) 824-7476 | em:Chris@ChrisMalta.com | 4.6* | 1102 reviews | Orlando
[22:16:33] [1640/5631] prepexpert.com
[22:16:34]   OK Prep Expert | ph:(877) 345-7737 | em:support@prepexpert.com | 4.6* | 1044 reviews
[22:16:34]   [Progress saved: 1640 total leads]
[22:16:38] [1641/5631] pixeltests.com
[22:16:39]   OK Pixeltests | ph:(917) 740-1966 | em:jay@pixeltests.com | 4.6* | 987 reviews | Walnut
[22:16:42] [1642/5631] wonsulting.com
[22:16:42]   OK wonsulting.com | 4.6* | 959 reviews
[22:16:46] [1643/5631] www.datacamp.com
[22:16:47]   OK DataCamp | em:support@datacamp.com | 4.6* | 850 reviews | New York
[22:16:51] [1644/5631] www.autism360.com
[22:16:51]   OK A360 Inc | em:support@autism360.com | 4.6* | 794 reviews | Irvine, CA
[22:16:56] [1645/5631] mathema.me
[22:16:56]   OK mathema.me | ph:(302) 208-3167 | em:main@mathema.me | 4.6* | 790 reviews | Wilmington
[22:16:59] [1646/5631] www.manifestationbabe.com
[22:16:59]   OK manifestationbabe.com | 4.6* | 733 reviews
[22:17:03] [1647/5631] hiration.com
[22:17:03]   OK Hiration | em:team@hiration.com | 4.6* | 674 reviews
[22:17:08] [1648/5631] elvtr.com
[22:17:08]   OK | elvtr | | em:team@elvtr.com | 4.6* | 558 reviews
[22:17:12] [1649/5631] interviewkickstart.com
[22:17:13]   OK Interview Kickstart | em:start@interviewkickstart.com | 4.6* | 511 reviews | Santa Clara
[22:17:16] [1650/5631] 247drive.org
[22:17:16]   OK 247drive | ph:(844) 700-0900 | em:info@247drive.org | 4.6* | 501 reviews | Haymarket
[22:17:20] [1651/5631] ganadoresinversionesbienesraices.com
[22:17:20]   OK ganadoresinversionesbienesraices.com | ph:(800) 455-6603 | em:informacion@ganadoresibr.com | 4.6* | 471 reviews | Orlando
[22:17:23] [1652/5631] biopharmainstitute.com
[22:17:24]   OK Biopharma Institute | ph:(201) 301-8370 | em:support@biopharmainstitute.com | 4.6* | 312 reviews | PARAMUS
[22:17:28] [1653/5631] blueprintprep.com/lsat
[22:17:29]   OK Blueprint LSAT Preparation | ph:(888) 427-7737 | em:info@blueprintprep.com | 4.6* | 311 reviews | Los Angeles
[22:17:33] [1654/5631] buildofarm.com
[22:17:34]   OK Buildofarm | em:support@buildofarm.com | 4.6* | 302 reviews | Dover
[22:17:37] [1655/5631] careersmart.com
[22:17:38]   OK CareerSmart Learning | ph:(877) 479-7338 | em:info@careersmart.com | 4.6* | 267 reviews | Brea
[22:17:41] [1656/5631] trace.com
[22:17:41]   OK Trace Your Past | ph:(801) 797-1940 | em:hello@traceyourpast.com | 4.6* | 235 reviews | Provo
[22:17:45] [1657/5631] mos.com
[22:17:45]   OK Mos | ph:(415) 914-9642 | em:support@mos.com | 4.6* | 232 reviews | San Francisco
[22:17:50] [1658/5631] resumezest.com
[22:17:51]   OK ResumeZest | ph:(888) 530-4911 | em:help@resumezest.com | 4.6* | 219 reviews
[22:17:54] [1659/5631] afficienta.com
[22:17:55]   OK Afficient Academy | ph:(408) 642-1012 | em:info@afficienta.com | 4.6* | 214 reviews | San Jose
[22:17:58] [1660/5631] smarttradingblueprint.com
[22:17:59]   OK Smart Trading Blueprint | ph:(240) 852-2914 | em:info@smarttradingblueprint.com | 4.6* | 206 reviews | Middletown
[22:17:59]   [Progress saved: 1660 total leads]
[22:18:03] [1661/5631] thequrancourses.com
[22:18:04]   OK Learn Quran Online - Online Quran Classes | ph:+201223907739 | em:info@thequrancourses.com | 4.6* | 201 reviews | https://thequrancourses.com
[22:18:08] [1662/5631] heldental.com
[22:18:09]   OK heldental.com | 4.6* | 196 reviews
[22:18:12] [1663/5631] naxlex.com
[22:18:13]   OK Naxlex | em:support@naxlex.com | 4.6* | 194 reviews | texas
[22:18:17] [1664/5631] earnbetter.com
[22:18:17]   OK EarnBetter | em:coaches@earnbetter.com | 4.6* | 190 reviews
[22:18:21] [1665/5631] netpicks.com
[22:18:21]   OK NetPicks | ph:(949) 481-2396 | em:info@netpicks.com | 4.6* | 175 reviews | Austin
[22:18:25] [1666/5631] scale.jobs
[22:18:25]   OK Scale.jobs | ph:(415) 358-3066 | em:hi@scale.jobs | 4.6* | 163 reviews | Woodstock
[22:18:29] [1667/5631] ldworld.teachable.com
[22:18:30]   OK ldworld.teachable.com | 4.6* | 148 reviews
[22:18:34] [1668/5631] asknaheedkhan.com
[22:18:35]   OK asknaheedkhan.com | 4.6* | 131 reviews
[22:18:40] [1669/5631] closingbible.com
[22:18:40]   OK Closing Bible | em:garrett@closingbible.com | 4.6* | 126 reviews | Chicago
[22:18:43] [1670/5631] cococoders.com
[22:18:44]   OK Coco Coders | em:hi@cococoders.com | 4.6* | 125 reviews | Incline Village
[22:18:49] [1671/5631] www.tradewiththepros.com
[22:18:51]   OK Trade With The Pros | 4.6* | 123 reviews
[22:18:54] [1672/5631] lukehawkins.com
[22:18:55]   OK lukehawkins.com | 4.6* | 113 reviews
[22:18:59] [1673/5631] lorman.com
[22:18:59]   OK Lorman Education Services | ph:(866) 352-9539 | em:customerservice@lorman.com | 4.6* | 112 reviews | Eau Claire
[22:19:03] [1674/5631] enzohonore.com
[22:19:03]   OK enzohonore.com | 4.6* | 110 reviews
[22:19:08] [1675/5631] eachieve.com
[22:19:08]   OK eAchieve Academy | ph:(262) 970-1038 | em:jwest@waukesha.k12.wi.us | 4.6* | 96 reviews | Waukesha
[22:19:12] [1676/5631] www.gradepotentialtutoring.com
[22:19:12]   OK Grade Potential | ph:(888) 520-0511 | em:questions@gradepotential.com | 4.6* | 93 reviews | Fort Lauderdale
[22:19:16] [1677/5631] www.geeklama.com
[22:19:16]   OK Geeklama | 4.6* | 90 reviews
[22:19:20] [1678/5631] archiroots.com
[22:19:21]   OK archiroots | em:support@archiroots.com | 4.6* | 86 reviews
[22:19:25] [1679/5631] kyros.ai
[22:19:26]   OK Kyros AI | 4.6* | 73 reviews
[22:19:30] [1680/5631] akadian.com
[22:19:31]   OK Akadian Accounting Education | 4.6* | 71 reviews
[22:19:31]   [Progress saved: 1680 total leads]
[22:19:35] [1681/5631] www.digitalcareerblueprint.com
[22:19:35]   OK Seth Jared's Digital Marketing Career Blueprint Course | em:seth@digitalcareerblueprint.com | 4.6* | 69 reviews
[22:19:39] [1682/5631] beyond20.com
[22:19:40]   OK Beyond20 | ph:(866) 856-3117 | em:info@beyond20.com | 4.6* | 66 reviews | Washington
[22:19:44] [1683/5631] adamlanesmith.com
[22:19:45]   OK Adam Lane Smith | em:support@adamlanesmith.com | 4.6* | 65 reviews
[22:19:49] [1684/5631] edzoocation.com
[22:19:50]   OK edZOOcation™ | ph:(424) 218-6132 | em:support@edzoocation.com | 4.6* | 65 reviews | Concord
[22:19:54] [1685/5631] ourespire.com
[22:19:55]   OK Ourespire | 4.6* | 62 reviews
[22:19:59] [1686/5631] tinyhood.com
[22:19:59]   OK Tinyhood | em:support@tinyhood.com | 4.6* | 56 reviews
[22:20:02] [1687/5631] amanmanazir.com
[22:20:03]   OK Software Engineering Accelerator | em:enrollment@manazir.org | 4.6* | 55 reviews
[22:20:08] [1688/5631] graftrading.com
[22:20:08]   OK Graf Arbitrage LLC | em:guillaume.graf@graftrading.com | 4.6* | 53 reviews | New-York
[22:20:11] [1689/5631] transformationalnutrition.com
[22:20:12]   OK The Institute of Transformational Nutrition | ph:(866) 933-4492 | em:hello@transformationalnutrition.com | 4.6* | 50 reviews | Spokane
[22:20:15] [1690/5631] atlasproject.org
[22:20:16]   OK Atlasproject | em:info@atlasproject.org | 4.6* | 50 reviews
[22:20:19] [1691/5631] ladderinternships.com
[22:20:19]   OK Ladder Internships | em:contact@ladderinternships.com | 4.6* | 49 reviews | Wilmington
[22:20:23] [1692/5631] thecoursepedia.com
[22:20:23]   OK Thecoursepedia | 4.6* | 47 reviews
[22:20:28] [1693/5631] mypropfirmfunds.com
[22:20:28]   OK Mypropfirmfunds | ph:(407) 783-8544 | em:support@mypropfirmcompetition.com | 4.6* | 46 reviews | windermere
[22:20:31] [1694/5631] www.studioarabiya.com
[22:20:32]   OK Studio Arabiya | ph:(855) 226-2848 | em:support@studioarabiya.com | 4.6* | 46 reviews
[22:20:36] [1695/5631] click2invest.us
[22:20:36]   OK Click2invest | 4.6* | 46 reviews
[22:20:39] [1696/5631] ukenglishvi.co.uk
[22:20:40]   OK Ukenglishvi | 4.6* | 45 reviews
[22:20:44] [1697/5631] melaninmoney.com
[22:20:44]   OK Melanin Money | em:CustomerService@melaninmoney.com | 4.6* | 44 reviews
[22:20:48] [1698/5631] thelittlescientists.com
[22:20:49]   OK The little scientists | ph:(302) 402-3024 | em:info@thelittlescientists.com | 4.6* | 43 reviews | Dover
[22:20:52] [1699/5631] vicitradingsolutions.com
[22:20:52]   OK Vici Trading Solutions | em:info@vicitradingsolutions.com | 4.6* | 42 reviews | Chicago
[22:20:56] [1700/5631] usaii.org
[22:20:57]   OK United States Artificial Intelligence Institute (USAII) | ph:(888) 400-7681 | em:info.ct@usaii.org | 4.6* | 40 reviews | Dallas
[22:20:57]   [Progress saved: 1700 total leads]
[22:21:00] [1701/5631] fransfrancis.com
[22:21:00]   OK Frans Francis | ph:+660951343805 | em:hello@fransfrancis.com | 4.6* | 39 reviews | Sheridan
[22:21:05] [1702/5631] mygraduaid.com
[22:21:05]   OK Mygraduaid | em:reviews@mygraduaid.com | 4.6* | 38 reviews
[22:21:10] [1703/5631] onlinecoachintensive.info
[22:21:11]   OK Online Coach Intensive | 4.6* | 36 reviews
[22:21:16] [1704/5631] redwoodmcat.com
[22:21:16]   OK Redwood MCAT | 4.6* | 36 reviews
[22:21:20] [1705/5631] weje.io
[22:21:20]   OK Weje | em:wj@weje.io | 4.6* | 35 reviews | New York
[22:21:25] [1706/5631] remoteclosingclub.com
[22:21:26]   OK Remote Closing Club | em:segun@remoteclosingclub.com | 4.6* | 34 reviews
[22:21:29] [1707/5631] teachours.com
[22:21:30]   OK TEACH OURS | ph:(202) 985-0191 | em:info@teachours.com | 4.6* | 34 reviews | Lewis
[22:21:34] [1708/5631] thewomenofinfluence.de
[22:21:34]   OK Women of Influence Group LLC | ph:015560382138 | em:info@womenofinfluence.me | 4.6* | 34 reviews
[22:21:37] [1709/5631] knowcrunch.com
[22:21:38]   OK Knowcrunch | ph:(+30) 210 3007214 | em:info@knowcrunch.com | 4.6* | 33 reviews | Newark
[22:21:41] [1710/5631] adriannaonubogu.com
[22:21:42]   OK Adrianna Onubogu | ph:(678) 252-9138 | em:info@AdriannaOnubogu.com | 4.6* | 31 reviews | Covington
[22:21:46] [1711/5631] craftresumes.com
[22:21:47]   OK CraftResumes.co | ph:(888) 385-3312 | em:support@craftresumes.co | 4.6* | 29 reviews
[22:21:51] [1712/5631] plag.hu
[22:21:52]   OK Plag | 4.6* | 28 reviews
[22:21:55] [1713/5631] bullishbears.com
[22:21:55]   OK Bullish Bears | ph:(860) 268-2399 | em:lucien@bullishbears.com | 4.6* | 28 reviews
[22:21:59] [1714/5631] computersecurity.us
[22:21:59]   OK Computer Security US | 4.6* | 27 reviews
[22:22:03] [1715/5631] coachpinak.com
[22:22:03]   OK Pinak Das - Conscious Life Hub | 4.6* | 27 reviews
[22:22:07] [1716/5631] www.studywalk.com
[22:22:08]   OK studywalk | ph:+917982784357 | em:studywalk@gmail.com | 4.6* | 26 reviews
[22:22:13] [1717/5631] matchday.health
[22:22:13]   OK MatchDay Health | em:team@matchday.health | 4.6* | 26 reviews
[22:22:17] [1718/5631] teflonline.com
[22:22:17]   OK TEFLOnline.com | ph:(303) 785-8864 | em:support@bridge.edu | 4.6* | 26 reviews | Denver
[22:22:21] [1719/5631] elatra.io
[22:22:21]   OK Elatra | ph:(202) 555-0185 | em:hello@elatra.io | 4.6* | 24 reviews | San Clemente
[22:22:26] [1720/5631] logolife.org
[22:22:27]   OK logolife.org | em:info@logolife.org | 4.6* | 24 reviews
[22:22:27]   [Progress saved: 1720 total leads]
[22:22:30] [1721/5631] eau.university
[22:22:31]   OK Enterprise Agility University | em:erich.buhler@eau.university | 4.6* | 24 reviews
[22:22:34] [1722/5631] unfiltered-wisdom.com
[22:22:35]   OK Unfiltered Wisdom | ph:(302) 443-0763 | em:info@unfiltered-wisdom.com | 4.6* | 24 reviews | Lewes
[22:22:39] [1723/5631] agileforgrowth.com
[22:22:39]   OK Agile For Growth | 4.6* | 24 reviews
[22:22:44] [1724/5631] raisingkindness.org
[22:22:44]   OK Raising Kindness | Kindness Kids | ph:(678) 390-5220 | em:Melissa@RaisingKindness.org | 4.6* | 23 reviews | Suwanee
[22:22:48] [1725/5631] bestofai.com
[22:22:48]   OK Best of AI | em:hello@bestofai.com | 4.6* | 23 reviews | Sheridan
[22:22:52] [1726/5631] expledge.com
[22:22:53]   OK Expledge.com Employment Agency | em:support@expledge.com | 4.6* | 23 reviews | San Jose
[22:22:56] [1727/5631] courtneyintersimone.com
[22:22:57]   OK Courtney Intersimone | em:courtney@courtneyintersimone.com | 4.6* | 23 reviews | New York
[22:23:00] [1728/5631] academicexpeditions.com
[22:23:01]   OK Academic Expeditions | 4.6* | 23 reviews | New York
[22:23:05] [1729/5631] pricelesstay.com
[22:23:05]   OK Priceless Tay | 4.6* | 23 reviews
[22:23:09] [1730/5631] mitul.pro
[22:23:10]   OK Mitul | 4.6* | 23 reviews
[22:23:14] [1731/5631] realcoachryan.com
[22:23:14]   OK The Real Coach Ryan | em:ryan@realcoachryan.com | 4.6* | 22 reviews
[22:23:17] [1732/5631] prichardguides.co.uk
[22:23:18]   OK Prichardguides | 4.6* | 22 reviews
[22:23:22] [1733/5631] dropship.club
[22:23:23]   OK Dropship Club | em:support@dropship.club | 4.6* | 22 reviews | Las Vegas
[22:23:27] [1734/5631] consciouspoker.com
[22:23:27]   OK Conscious Poker | ph:(702) 907-2988 | em:support@consciouspoker.com | 4.6* | 22 reviews
[22:23:32] [1735/5631] thesongfoundry.com
[22:23:32]   OK The Song Foundry | ph:(646) 883-0030 | em:hello@thesongfoundry.com | 4.6* | 22 reviews
[22:23:36] [1736/5631] empireneursdefi.com
[22:23:37]   OK EMPIRENEURS DeFi LLC | ph:(214) 984-3150 | em:contact@empireneursdefi.com | 4.6* | 22 reviews | Hewitt
[22:23:41] [1737/5631] www.myqurantutor.com
[22:23:42]   OK MY QURAN TUTOR | ph:+923327666066 | em:info@myqurantutor.com | 4.6* | 22 reviews
[22:23:46] [1738/5631] freedombyfba.com
[22:23:46]   OK Freedombyfba | ph:(866) 322-5717 | em:support@freedombyfba.com | 4.6* | 21 reviews | Abbotsford
[22:23:50] [1739/5631] mehdiqurancenter.com
[22:23:50]   OK Al Mehdi Online Quran Center | ph:+923331941225 | em:admin@mehdiqurancenter.com | 4.6* | 21 reviews | Islamabad
[22:23:54] [1740/5631] freieresleben.com
[22:23:55]   OK Freieres Leben | Coaching für Bewusstsein & Transformation | em:kristina@freieresleben.com | 4.6* | 21 reviews | Cape Cora, Florida
[22:23:55]   [Progress saved: 1740 total leads]
[22:23:59] [1741/5631] ijaazah.com
[22:23:59]   OK IJAAZAH Online Academy | ph:(571) 205-8572 | 4.6* | 21 reviews | Fairfax Va
[22:24:03] [1742/5631] www.scholarden.com
[22:24:03]   OK Scholarden | em:faisal@scholarden.com | 4.6* | 21 reviews
[22:24:08] [1743/5631] hostcamp.com
[22:24:08]   OK Host Camp | em:support@hostcamp.com | 4.6* | 21 reviews
[22:24:12] [1744/5631] serenitytreehouse.com
[22:24:12]   OK Serenity Tree | ph:(678) 519-8820 | em:imhcounseling@yahoo.com | 4.6* | 20 reviews | Peachtree City
[22:24:16] [1745/5631] feelvalued.co
[22:24:16]   OK Valued | 4.6* | 20 reviews
[22:24:21] [1746/5631] makehimyours.com
[22:24:22]   OK Mark Rosenfeld / Make Him Yours Coaching | em:mark@makehimyours.com.au | 4.6* | 20 reviews | Las Vegas
[22:24:26] [1747/5631] stepexcel.com
[22:24:27]   OK Stepexcel | ph:(312) 758-7683 | em:info@stepexcel.com | 4.6* | 20 reviews | Skokie
[22:24:31] [1748/5631] breathbliss.com
[22:24:32]   OK Breath of Bliss LLC | em:breathofblissacademy@gmail.com | 4.6* | 20 reviews
[22:24:36] [1749/5631] lindagdowney.com
[22:24:36]   OK Linda Downey Coaching | 4.6* | 20 reviews
[22:24:41] [1750/5631] uncommoneducation.us
[22:24:42]   OK Uncommon Education | ph:(732) 781-6891 | em:info@uncommoneducation.us | 4.6* | 20 reviews | Califon
[22:24:46] [1751/5631] bulltradefinder.net
[22:24:47]   OK bulltradefinder.net | 4.6* | 20 reviews
[22:24:51] [1752/5631] sevenfigureauthorcareer.com
[22:24:51]   OK Seven Figure Author Career | em:support@mail.sevenfigureauthorcareer.com | 4.6* | 20 reviews | Athens 
[22:24:56] [1753/5631] www.universitydegree.education
[22:24:56]   OK Universitydegree | 4.6* | 20 reviews
[22:25:00] [1754/5631] luxurybarjob.com
[22:25:01]   OK Luxury Bar Jobs | em:info@luxurybarjob.com | 4.6* | 20 reviews | Sheridan
[22:25:05] [1755/5631] ciaoitalianlessons.com
[22:25:06]   OK Ciaoitalianlessons | em:info@ciaoitalianlessons.com | 4.6* | 20 reviews
[22:25:10] [1756/5631] athenainvestor.com
[22:25:11]   OK athenainvestor.com | 4.6* | 20 reviews
[22:25:16] [1757/5631] nextlevelnegotiation.com
[22:25:16]   OK Next Level Negotiation | em:alex@nextlevelnegotiation.com | 4.6* | 19 reviews | San Diego
[22:25:20] [1758/5631] completemyonlineclasses.com
[22:25:20]   OK Completemyonlineclasses | 4.6* | 19 reviews
[22:25:24] [1759/5631] clown-spirit.com
[22:25:24]   OK Clown Spirit | ph:(303) 264-9836 | em:barnaby@clown-spirit.com | 4.6* | 19 reviews | Hood River
[22:25:28] [1760/5631] certificationexammaster.com
[22:25:29]   OK Certificationexammaster | ph:(516) 737-5491 | em:Order@certificationexammaster.com | 4.6* | 19 reviews
[22:25:29]   [Progress saved: 1760 total leads]
[22:25:33] [1761/5631] essayedge.com
[22:25:33]   OK EssayEdge | ph:(877) 338-7772 | em:support@essayedgesupport.com | 4.6* | 19 reviews | Highlands Ranch
[22:25:38] [1762/5631] takavitutors.com
[22:25:38]   OK Takavi Tutors | em:Support@takavitutors.com | 4.6* | 19 reviews | Atlanta 
[22:25:42] [1763/5631] homeworkguy.live
[22:25:42]   OK Homework Guy | ph:(408) 709-4522 | em:support@homeworkguy.live | 4.6* | 19 reviews | London
[22:25:47] [1764/5631] prospecthelp.com
[22:25:47]   OK Prospect Growth Agency | ph:(239) 320-1202 | em:info@prospecthelp.com | 4.6* | 19 reviews
[22:25:51] [1765/5631] neombodyfit.com
[22:25:51]   OK Neombody Coaching | em:andrelloleonardo@gmail.com | 4.6* | 19 reviews
[22:25:55] [1766/5631] playersteachingplayers.com
[22:25:56]   OK Players Teaching Players | em:contact@playersteachingplayers.com | 4.6* | 19 reviews | Pittsburgh
[22:25:59] [1767/5631] orbonovo.com
[22:25:59]   OK Orbonovo | 4.6* | 18 reviews
[22:26:03] [1768/5631] mach10career.com
[22:26:03]   OK Mach10 Career & Leadership Coaching | ph:(617) 529-8795 | em:dehrenthal@mach10career.com | 4.6* | 18 reviews | Concord
[22:26:08] [1769/5631] goat1on1.com
[22:26:09]   OK Goat 1-on-1 | em:info@goat1on1.com | 4.6* | 18 reviews | Miami
[22:26:13] [1770/5631] chantelcohen.com
[22:26:14]   OK CWC Coaching & Therapy | ph:(470) 296-3090 | em:chantel@chantelcohen.com | 4.6* | 18 reviews | Atlanta
[22:26:18] [1771/5631] admitsee.com
[22:26:18]   OK Admitsee | ph:(415) 944-7498 | em:info@admitsee.com | 4.6* | 18 reviews | San Francisco
[22:26:22] [1772/5631] thecareerexpert.com
[22:26:22]   OK The Career Expert ® | ph:(855) 204-9180 | em:Info@TheCareerExpert.com | 4.6* | 18 reviews | Alpharetta
[22:26:26] [1773/5631] pdu60.com
[22:26:26]   OK PDU60: cost-effective PMP renewal | em:info@pdu60.com | 4.6* | 18 reviews | Austin
[22:26:30] [1774/5631] rdprofesionalvirtual.com
[22:26:30]   OK RD PROFESIONAL VIRTUAL | ph:(575) 224-2864 | em:info@rdprofesionalvirtual.com | 4.6* | 18 reviews | Santa Fe
[22:26:33] [1775/5631] ilyasvlr.com
[22:26:34]   OK Ilyas Van Laer | em:contact@ilyasvlr.com | 4.6* | 18 reviews | Lewes
[22:26:38] [1776/5631] totaleducator.com
[22:26:38]   OK Totaleducator | ph:(828) 544-8230 | em:info@totaleducator.com | 4.6* | 18 reviews | North Carolina
[22:26:43] [1777/5631] mytutoringzone.com
[22:26:44]   OK My Tutoring Zone | ph:(786) 887-6040 | em:info@mytutoringzone.com | 4.6* | 18 reviews | Miami
[22:26:47] [1778/5631] paperswow.com
[22:26:48]   OK Paperswow | 4.6* | 18 reviews
[22:26:52] [1779/5631] shaansaar.com
[22:26:53]   OK Shaan Saar Krav Maga Orlando | ph:(407) 730-1523 | em:info@shaansaar.com | 4.6* | 18 reviews | Orlando
[22:26:57] [1780/5631] thefirstmillion.biz
[22:26:57]   OK TheFirstMillion Courses | em:bondar@thefirstmillion.biz | 4.6* | 18 reviews | Austin
[22:26:57]   [Progress saved: 1780 total leads]
[22:27:01] [1781/5631] takemyteaspro.com
[22:27:01]   OK TakeMyTeasPro | ph:(914) 288-6418 | em:support@takemyteaspro.com | 4.6* | 18 reviews | New York
[22:27:05] [1782/5631] tradewithmarket.com
[22:27:05]   OK Tradewithmarket | 4.6* | 18 reviews
[22:27:09] [1783/5631] akadeemy.com
[22:27:09]   OK Akadeemy | em:community@akadeemy.com | 4.6* | 18 reviews
[22:27:14] [1784/5631] reclaimedrecovery.com
[22:27:14]   OK Reclaimed Recovery | em:freedom@reclaimedrecovery.com | 4.6* | 17 reviews | Little Rock
[22:27:18] [1785/5631] ruvimo.com
[22:27:19]   OK Ruvimo | em:hello@ruvimo.com | 4.6* | 17 reviews
[22:27:22] [1786/5631] ourcwg.com
[22:27:22]   OK Circle of Wealth Group LLC | ph:(407) 574-2333 | em:support@cicrlceofwealthgroup.com | 4.6* | 17 reviews | orlando
[22:27:26] [1787/5631] mangostudy.org
[22:27:26]   OK Mangostudy | em:hello@mangostudy.org | 4.6* | 17 reviews
[22:27:30] [1788/5631] askcoachamanda.com
[22:27:30]   OK Askcoachamanda | ph:(978) 400-3320 | em:Contact@AskCoachAmanda.com | 4.6* | 17 reviews
[22:27:34] [1789/5631] careeragents.org
[22:27:34]   OK Career Agents | 4.6* | 17 reviews
[22:27:37] [1790/5631] bclegends.com
[22:27:37]   OK The Blockchain Legends LLC | em:theblockchainlegends@gmail.com | 4.6* | 17 reviews
[22:27:42] [1791/5631] johannes-decker.de
[22:27:42]   OK Johannes Decker | ph:0171 3385387 | em:johannes.decker169@gmail.com | 4.6* | 17 reviews | Gardena
[22:27:45] [1792/5631] www.scribbr.com
[22:27:46]   OK Scribbr | ph:(510) 822-8066 | em:info@scribbr.com | 4.5* | 15475 reviews | Amsterdam
[22:27:49] [1793/5631] www.teacherstestprep.com
[22:27:49]   OK Teachers Test Prep | ph:(800) 764-8616 | em:info@teacherstestprep.com | 4.5* | 1009 reviews | Mill Valley
[22:27:54] [1794/5631] brighterly.com
[22:27:55]   OK Brighterly | ph:(662) 793-2350 | em:info@brighterly.com | 4.5* | 676 reviews | Las Vegas 
[22:27:59] [1795/5631] blueedgefinancial.com
[22:28:00]   OK Blue Edge Financial | ph:(925) 317-1349 | em:support@blueedgefinancial.com | 4.5* | 662 reviews | Cheyenne
[22:28:03] [1796/5631] readingprograms.org
[22:28:03]   OK Institute of Reading Development | ph:(800) 964-2030 | em:info@readingprograms.org | 4.5* | 657 reviews | Novato
[22:28:07] [1797/5631] www.mindcypress.com
[22:28:08]   OK MindCypress | em:support@mindcypress.com | 4.5* | 448 reviews | Severn
[22:28:11] [1798/5631] prepterminal.com
[22:28:12]   OK Prepterminal Instruction | em:admin@prepterminal.com | 4.5* | 410 reviews | Columbus
[22:28:16] [1799/5631] www.mydiscoverydestination.com
[22:28:16]   OK My Discovery Destination! | ph:(435) 770-0748 | em:Wattson@MyDiscoveryDestination.com | 4.5* | 305 reviews | Logan
[22:28:21] [1800/5631] jobscan.co
[22:28:21]   OK Jobscan.co | 4.5* | 297 reviews | Seattle
[22:28:21]   [Progress saved: 1800 total leads]
[22:28:25] [1801/5631] tradegenie.com
[22:28:26]   OK Trade Genie Inc. | ph:(212) 930-2245 | em:success@tradegenie.com | 4.5* | 281 reviews | Encinitas
[22:28:29] [1802/5631] exitforprofit.com
[22:28:30]   OK Exit For Profit | em:support@exitforprofit.com | 4.5* | 222 reviews | Miami Beach
[22:28:34] [1803/5631] shelbysapp.com
[22:28:34]   OK She Sells by Shelby Sapp | em:tech@shelbysapp.com | 4.5* | 194 reviews
[22:28:39] [1804/5631] job.com
[22:28:39]   OK Job.com | em:support@job.com | 4.5* | 185 reviews
[22:28:44] [1805/5631] www.ace.md
[22:28:44]   OK American Clinical Experience | ph:(703) 489-2336 | em:hello@ace.md | 4.5* | 176 reviews | Los Angeles
[22:28:49] [1806/5631] mentormatch.com
[22:28:49]   OK Mentor Match | em:hello@mentormatch.com | 4.5* | 165 reviews | Wilmington
[22:28:53] [1807/5631] helpfulpapers.com
[22:28:54]   OK Helpful Papers | 4.5* | 152 reviews
[22:28:59] [1808/5631] corexcel.com
[22:28:59]   OK Corexcel | ph:(888) 658-6641 | em:learn@corexcel.com | 4.5* | 147 reviews | Wilmington
[22:29:04] [1809/5631] thephotographyinstitute.com
[22:29:04]   OK The Photography Institute | em:support-us-en@service.thephotographyinstitute.com | 4.5* | 116 reviews | San Francisco, CA
[22:29:09] [1810/5631] cloudfoundation.com
[22:29:09]   OK CloudFoundation | em:sales@cloudfoundation.com | 4.5* | 106 reviews
[22:29:13] [1811/5631] mytutorsource.com
[22:29:14]   OK My Tutor Source LLC | ph:+44 7482875909 | em:info@mytutorsource.com | 4.5* | 104 reviews | Houston
[22:29:18] [1812/5631] davidkey.com
[22:29:18]   OK David Key | 4.5* | 88 reviews
[22:29:22] [1813/5631] thinkneuro.org
[22:29:23]   OK ThinkNeuro, LLC | em:info@thinkneuro.org | 4.5* | 86 reviews | Beverly Hills
[22:29:26] [1814/5631] remotelearning.school
[22:29:27]   OK remotelearning.school | ph:(800) 558-3165 | em:info@remotelearning.school | 4.5* | 84 reviews
[22:29:30] [1815/5631] midastouchtradinggroup.com
[22:29:30]   OK The Midas Touch Trading Group | em:mike@midastouchtradinggroup.com | 4.5* | 81 reviews | Mckinney
[22:29:34] [1816/5631] affiliateinstitute.com
[22:29:34]   OK Affiliate Institute | em:support@affiliateinstitute.com | 4.5* | 79 reviews
[22:29:38] [1817/5631] trainingcoursematerial.com
[22:29:39]   OK TrainingCourseMaterial.com | ph:(800) 561-9405 | em:info@trainingcoursematerial.com | 4.5* | 78 reviews | Dubai
[22:29:44] [1818/5631] harrythesoulcoach.com
[22:29:44]   OK Harrythesoulcoach | 4.5* | 69 reviews
[22:29:49] [1819/5631] cryptobotaccelerator.com
[22:29:49]   OK Crypto Bot Accelerator | em:emilioalv@cryptobotaccelerator.com | 4.5* | 65 reviews | Mesa
[22:29:52] [1820/5631] www.kingdombuilders.academy
[22:29:53]   OK Kingdombuilders | 4.5* | 61 reviews
[22:29:53]   [Progress saved: 1820 total leads]
[22:29:56] [1821/5631] theambitiousexec.com
[22:29:57]   OK The Ambitious Exec | ph:(914) 559-0737 | 4.5* | 60 reviews | Boulder
[22:30:01] [1822/5631] veritasai.com
[22:30:02]   OK Veritas AI | em:contact@veritasai.com | 4.5* | 58 reviews | Wilmington
[22:30:07] [1823/5631] resumetemplates.net
[22:30:07]   OK ResumeTemplates.net | em:support@resumetemplates.net | 4.5* | 55 reviews | Los Angeles
[22:30:12] [1824/5631] notarycourseonline.com
[22:30:12]   OK Notary Course Online | ph:(818) 433-7371 | em:support@notarycourseonline.com | 4.5* | 55 reviews | Burbank
[22:30:16] [1825/5631] assignmentmavens.net
[22:30:16]   OK Assignmentmavens | em:care@assignmentmavens.net | 4.5* | 52 reviews
[22:30:20] [1826/5631] resumemansion.com
[22:30:21]   OK Resume Mansion LLC | em:contact@resumemansion.com | 4.5* | 50 reviews | Idaho
[22:30:26] [1827/5631] neotechacademy.com
[22:30:26]   OK NeoTech Academy | ph:(202) 641-2712 | em:team@neotechacademy.com | 4.5* | 46 reviews
[22:30:30] [1828/5631] www.hiraedu.com
[22:30:30]   OK Hiraedu | ph:(213) 289-6343 | em:info@hiraedu.com | 4.5* | 40 reviews | grass valley
[22:30:35] [1829/5631] vitaresume.com
[22:30:35]   OK Vitaresume | em:info@vitaresume.com | 4.5* | 39 reviews
[22:30:40] [1830/5631] thestocktraderhub.com
[22:30:41]   OK The Stock Trader Hub | 4.5* | 38 reviews
[22:30:44] [1831/5631] courseflix.net
[22:30:46]   OK Courseflix | 4.5* | 37 reviews
[22:30:49] [1832/5631] elitemedicalprep.com
[22:30:50]   OK Elite Medical Prep | ph:(508) 928-7737 | em:info@elitemedicalprep.com | 4.5* | 36 reviews | New York
[22:30:54] [1833/5631] safehavenmetal.com
[22:30:55]   OK Safe Haven Metal | ph:(323) 676-0558 | em:contact@safehavenmetal.com | 4.5* | 35 reviews
[22:30:59] [1834/5631] digitalmediaacademy.org
[22:31:00]   OK Digital Media Academy | ph:(866) 526-6854 | em:info@digitalmediaacademy.org | 4.5* | 35 reviews | Vancouver
[22:31:03] [1835/5631] getclera.com
[22:31:04]   OK Clera | em:clera@getclera.com | 4.5* | 35 reviews | San Francisco
[22:31:09] [1836/5631] mindpsyguidance.com
[22:31:09]   OK Mindpsyguidance | em:support@sevencenterslifeschool.com | 4.5* | 34 reviews
[22:31:14] [1837/5631] resumewritinglab.com
[22:31:14]   OK ResumeWritingLab | ph:(888) 385-3312 | em:info@resumewritinglab.com | 4.5* | 34 reviews
[22:31:19] [1838/5631] samedaypapers.com
[22:31:19]   OK SameDayPapers | ph:(312) 890-5335 | em:info@samedaypapers.com | 4.5* | 32 reviews | Chicago
[22:31:23] [1839/5631] assignology.com
[22:31:23]   OK Assignology | 4.5* | 32 reviews
[22:31:28] [1840/5631] craftserving.com
[22:31:29]   OK Craft Serving | ph:(206) 333-4007 | em:customerservice@craftserving.com | 4.5* | 32 reviews | White Salmon
[22:31:29]   [Progress saved: 1840 total leads]
[22:31:33] [1841/5631] bluepenresumes.com
[22:31:34]   OK Blue Pen Resumes | ph:(424) 309-8453 | em:hello@bluepenresumes.com | 4.5* | 31 reviews
[22:31:38] [1842/5631] deep-diving-experience.com
[22:31:38]   OK Deep Diving Retreats | ph:+4915735997640 | em:mail@deep-diving-experience.com | 4.5* | 31 reviews | Albuquerque
[22:31:42] [1843/5631] rhresumes.com
[22:31:42]   OK The Job Girl - Rebecca Henninger Career Services | ph:(973) 270-1777 | em:rebecca@thejobgirl.com | 4.5* | 30 reviews | Montville
[22:31:46] [1844/5631] palmcommissions.com
[22:31:46]   OK PalmCommissions | em:support@palmcommissions.com | 4.5* | 30 reviews
[22:31:51] [1845/5631] tutored.live
[22:31:51]   OK Tutored by Teachers | em:info@tutored.live | 4.5* | 30 reviews
[22:31:56] [1846/5631] proofreadingservices.com
[22:31:56]   OK ProofreadingServices.com | 4.5* | 28 reviews | Raleigh
[22:32:00] [1847/5631] groktrade.com
[22:32:01]   OK Grok Trade | em:admin@groktrade.com | 4.5* | 27 reviews | Tampa
[22:32:04] [1848/5631] localwork.com
[22:32:04]   OK LocalWork.com | ph:(602) 733-6344 | em:info@localwork.com | 4.5* | 27 reviews | Scottsdale
[22:32:09] [1849/5631] www.webagesolutions.com
[22:32:09]   OK Web Age Solutions | ph:(877) 517-6540 | em:getinfousa@webagesolutions.com | 4.5* | 26 reviews | Austin
[22:32:13] [1850/5631] thinkcloudly.com
[22:32:14]   OK ThinkCloudly | em:info@thinkcloudly.com | 4.5* | 25 reviews | Toronto, Ontario
[22:32:17] [1851/5631] cvgun.io
[22:32:18]   OK cvgun.io resume builder | em:support@cvgun.io | 4.5* | 25 reviews | Houston
[22:32:22] [1852/5631] bettervoice.store
[22:32:23]   OK Better Voice | em:support@bettervoice.store | 4.5* | 24 reviews | Springville
[22:32:27] [1853/5631] excelsiorcertification.com
[22:32:27]   OK Excelsior Certification LLC | ph:(713) 370-5087 | em:support@excelsiorcertification.com | 4.5* | 24 reviews | Houston
[22:32:32] [1854/5631] the-onepercent.com
[22:32:33]   OK The One Percent | ph:(348) 540-3343 | em:adambunnell@the-onepercent.com | 4.5* | 25 reviews | Sugar Land
[22:32:37] [1855/5631] levelupintech.com
[22:32:38]   OK Level Up In Tech | ph:(434) 373-0354 | em:Info@levelupintech.com | 4.5* | 23 reviews | Midlothian 
[22:32:43] [1856/5631] supervoucher.com
[22:32:43]   OK SuperVoucher | em:24x7@supervoucher.com | 4.5* | 22 reviews
[22:32:47] [1857/5631] thefutur.com
[22:32:47]   OK The Futur | em:support@thefutur.com | 4.5* | 21 reviews | Santa Monica
[22:32:52] [1858/5631] expertresearchservice.com
[22:32:52]   OK Expertresearchservice | 4.5* | 21 reviews
[22:32:56] [1859/5631] casetutor.com
[22:32:56]   OK Casetutor | 4.5* | 20 reviews
[22:32:59] [1860/5631] howtodao.xyz
[22:33:00]   OK How To DAO | 4.5* | 20 reviews
[22:33:00]   [Progress saved: 1860 total leads]
[22:33:04] [1861/5631] myvetcandy.com
[22:33:04]   OK Vet Candy | ph:(973) 437-3771 | em:hello@myvetcandy.com | 4.5* | 20 reviews | Montclair
[22:33:08] [1862/5631] ifers.org
[22:33:09]   OK Institute for Education | 4.5* | 20 reviews | Los Angeles
[22:33:14] [1863/5631] quick-and-easy-english.com
[22:33:14]   OK Quick And Easy English | em:tobinayres@gmail.com | 4.5* | 19 reviews | Hamburg
[22:33:19] [1864/5631] exclusivemartialarts.net
[22:33:19]   OK Exclusivemartialarts | 4.5* | 19 reviews
[22:33:22] [1865/5631] stratslabs.com
[22:33:23]   OK Strats Labs | em:support@stratslabs.com | 4.5* | 19 reviews | Cheyenne
[22:33:27] [1866/5631] hurleywrite.com
[22:33:28]   OK Hurley Write | ph:(877) 249-7483 | em:info@hurleywrite.com. | 4.5* | 19 reviews | Washington, DC 20003
[22:33:31] [1867/5631] pmstudy.com
[22:33:31]   OK PMstudy | ph:(877) 316-9118 | em:marketing@pmstudy.com | 4.5* | 19 reviews | Avondale, AZ
[22:33:35] [1868/5631] luearaujo.com
[22:33:35]   OK Lue Araujo I Boost your Mind  | ph:(786) 714-8022 | em:lue@luearaujo.com | 4.5* | 19 reviews | Key Biscayne
[22:33:39] [1869/5631] huntr.co
[22:33:39]   OK Huntr | ph:(855) 697-6835 | em:support@huntr.co | 4.5* | 19 reviews | Seattle
[22:33:43] [1870/5631] nursesfornaturalhealth.org
[22:33:44]   OK Nurses for Natural Health | ph:(480) 712-7702 | em:contact@nursesfornaturalhelath.org | 4.5* | 18 reviews | Phoenix
[22:33:48] [1871/5631] moneypracticellc.com
[22:33:49]   OK Money Practice LLC | em:hello@moneypracticellc.com | 4.5* | 18 reviews
[22:33:53] [1872/5631] vervecopilot.com
[22:33:54]   OK Vervecopilot | em:team@vervecopilot.com | 4.5* | 18 reviews
[22:33:58] [1873/5631] greatercareerpursuits.com
[22:33:58]   OK Greater Career Pursuits | 4.5* | 18 reviews
[22:34:01] [1874/5631] eliteacademicbrokers.com
[22:34:02]   OK Eliteacademicbrokers | ph:(838) 201-5405 | em:support@eliteacademicbrokers.com | 4.5* | 17 reviews
[22:34:06] [1875/5631] www.xpresdata.com
[22:34:07]   OK Xpresdata | 4.5* | 17 reviews
[22:34:10] [1876/5631] enfoquetrading.com
[22:34:11]   OK Enfoque Trading | 4.5* | 17 reviews
[22:34:14] [1877/5631] apziva.com
[22:34:15]   OK Apziva | 4.5* | 17 reviews
[22:34:19] [1878/5631] premium-papers.com
[22:34:19]   OK Premium Papers | 4.5* | 17 reviews
[22:34:24] [1879/5631] ttgmastermind.com
[22:34:24]   OK TTG Mastermind | ph:(786) 505-4755 | em:info@ttgmastermind.com | 4.5* | 17 reviews | CORAL GABLES
[22:34:27] [1880/5631] 1st2achieve.co.uk
[22:34:28]   OK 1st2 Achieve Training | 4.5* | 16 reviews
[22:34:28]   [Progress saved: 1880 total leads]
[22:34:31] [1881/5631] weareinitial.com
[22:34:32]   OK Initial - Au Commencement | 4.5* | 16 reviews
[22:34:36] [1882/5631] awakencollective.com
[22:34:37]   OK Awaken Collective | em:info@awakencollective.com | 4.5* | 16 reviews | West Palm Beach
[22:34:41] [1883/5631] sellermoms.com
[22:34:41]   OK Seller Moms | em:nate@sellermoms.com | 4.5* | 16 reviews
[22:34:46] [1884/5631] nationalips.com
[22:34:46]   OK National Institute of Public Safety | ph:(302) 556-7446 | em:Contact@NationalIPS.com | 4.5* | 16 reviews | Los Angeles
[22:34:51] [1885/5631] ixperience.co
[22:34:52]   OK iXperience | em:hello@ixperience.co | 4.5* | 16 reviews | LA CRESCENTA
[22:34:56] [1886/5631] recitequranonline.com
[22:34:56]   OK Recitequranonline | ph:(661) 553-3670 | em:Info@recitequranonline.com | 4.5* | 16 reviews |  Suit #105 Newark,CA , US
[22:35:00] [1887/5631] leveldcareers.com
[22:35:00]   OK Leveldcareers | em:info@leveldcareers.com | 4.5* | 16 reviews | Austin
[22:35:05] [1888/5631] global-trading-intelligence.com
[22:35:05]   OK Global Trading Intelligence | em:support@global-trading-intelligence.com | 4.5* | 16 reviews | CASPER
[22:35:08] [1889/5631] www.learnearnforever.com
[22:35:09]   OK Learnearnforever | 4.5* | 16 reviews
[22:35:12] [1890/5631] exbackpermanently.com
[22:35:13]   OK Ex Back Permanently | em:support@exbackpermanently.com | 4.5* | 16 reviews | Las Vegas
[22:35:17] [1891/5631] chessmood.com
[22:35:17]   OK ChessMood | 4.5* | 16 reviews
[22:35:21] [1892/5631] goonjanipatel.com
[22:35:21]   OK Goonjani Patel LLC | ph:(646) 379-5163 | em:support@goonjanipatel.com | 4.6* | 17 reviews
[22:35:26] [1893/5631] camathories.com
[22:35:26]   OK CAMathories | em:info@camathories.com | 4.5* | 16 reviews
[22:35:30] [1894/5631] www.resumeedge.com
[22:35:30]   OK ResumeEdge | 4.5* | 16 reviews
[22:35:35] [1895/5631] crypto123-livesessions.com
[22:35:35]   OK Crypto123 Livesessions | 4.5* | 16 reviews
[22:35:40] [1896/5631] skyfareracademy.com
[22:35:40]   OK Skyfarer Academy | ph:(971) 415-0339 | em:info@skyfareracademy.com | 4.5* | 16 reviews
[22:35:45] [1897/5631] jadeinkenterprise.square.site
[22:35:45]   OK JadeInk Enterprise LLC | ph:(757) 585-3123 | em:services@jadeink.org | 4.5* | 16 reviews | Newport News
[22:35:49] [1898/5631] matheaze.com
[22:35:49]   OK Matheaze Tutors | ph:(612) 710-7309 | em:info@matheaze.com | 4.5* | 16 reviews
[22:35:53] [1899/5631] www.thefairyjobmom.com
[22:35:54]   OK The Fairy Job Mom | em:thefairyjobmom@gmail.com | 4.5* | 16 reviews
[22:35:57] [1900/5631] specialessays.com
[22:35:58]   OK specialessays | ph:(888) 302-2844 | em:support@specialessays.com | 4.5* | 16 reviews | Hallandale Beach, FL
[22:35:58]   [Progress saved: 1900 total leads]
[22:36:02] [1901/5631] writingmasteryprogram.com
[22:36:03]   OK Writingmasteryprogram | ph:(212) 249-0147 | em:elevy@writingmasteryprogram.com | 4.5* | 16 reviews
[22:36:07] [1902/5631] pittrader.com
[22:36:08]   OK PITTRADER | em:info@pittrader.com | 4.5* | 16 reviews
[22:36:11] [1903/5631] functionalmedicinecoaching.org
[22:36:11]   OK Functional Medicine Coaching Academy | ph:(855) 270-3622 | em:admissions@functionalmedicinecoaching.org | 4.5* | 16 reviews | Springfield
[22:36:16] [1904/5631] vocaladvancement.com
[22:36:16]   OK Institue for Vocal Advancement | em:hello@vocaladvancement.com | 4.5* | 15 reviews | Las Vegas
[22:36:20] [1905/5631] yellowtunnel.com
[22:36:20]   OK yellowtunnel.com | ph:(312) 798-9280 | em:vlad@yellowtunnel.com | 4.5* | 15 reviews | northbrook
[22:36:25] [1906/5631] academicghostwriter.org
[22:36:25]   OK academicghostwriter.org | 4.5* | 15 reviews
[22:36:29] [1907/5631] ninjaessays.com
[22:36:29]   OK Ninja Essays | ph:(302) 384-9820 | em:support@ninjaessays.com | 4.5* | 15 reviews | New York
[22:36:32] [1908/5631] assignmentdude.com
[22:36:33]   OK AssignmentDude.com | ph:(315) 961-7703 | em:hello@assignmentdude.com | 4.5* | 15 reviews | Brooklyn
[22:36:37] [1909/5631] applypass.com
[22:36:38]   OK Applypass | 4.5* | 15 reviews
[22:36:43] [1910/5631] mycareerguy.io
[22:36:43]   OK Mycareerguy | 4.5* | 15 reviews
[22:36:47] [1911/5631] steppingfwd.com
[22:36:48]   OK Steppingfwd | 4.5* | 15 reviews
[22:36:53] [1912/5631] thai-resume.com
[22:36:53]   OK thai-resume.com | 4.5* | 15 reviews
[22:36:57] [1913/5631] www.radioactivetutors.com
[22:36:58]   OK radioactivetutors.com | 4.5* | 15 reviews
[22:37:02] [1914/5631] trainsec.net
[22:37:02]   OK TrainSec - Cybersecurity training | em:info@trainsec.net | 4.5* | 15 reviews | Tenafly
[22:37:06] [1915/5631] collegey.com
[22:37:06]   OK Collegey | ph:(253) 307-5624 | em:syed@collegey.com | 4.5* | 15 reviews | Tacoma, Washington
[22:37:10] [1916/5631] vmedu.com
[22:37:11]   OK VMEdu | ph:(866) 804-9728 | em:support@vmedu.com | 4.5* | 15 reviews | Phoenix
[22:37:16] [1917/5631] innerbeautybybel.com
[22:37:16]   OK Credentialed Coach School | em:hi@innerbeautybybel.com | 4.5* | 15 reviews
[22:37:20] [1918/5631] speacsuccess.com
[22:37:20]   OK speacsuccess.com | ph:(844) 489-2837 | em:shannon@speacsuccess.com | 4.5* | 15 reviews | STAMFORD
[22:37:25] [1919/5631] 300writers.com
[22:37:25]   OK 300writers | 4.5* | 15 reviews
[22:37:30] [1920/5631] www.veteransnetwork.club
[22:37:30]   OK Veterans Network Champions Club | ph:(202) 998-4880 | em:info@veterans-network.com | 4.5* | 15 reviews | Chantilly
[22:37:30]   [Progress saved: 1920 total leads]
[22:37:34] [1921/5631] ruddyortiz.com
[22:37:34]   OK RuddyOrtiz.Com | em:ruddy@ruddyortiz.com | 4.5* | 14 reviews | Oakbrook Terrace
[22:37:38] [1922/5631] rahiqacademy.com
[22:37:38]   OK RAHIQ Academy | ph:(267) 805-9170 | em:support@rahiqacademy.com | 4.5* | 14 reviews | Sheridan
[22:37:41] [1923/5631] techsalesaccelerator.com
[22:37:42]   OK Tech Sales Accelerator | 4.5* | 14 reviews
[22:37:45] [1924/5631] adrianaforex.com
[22:37:46]   OK Adriana Forex | ph:+573118677035 | em:info@adrianaforex.com | 4.5* | 14 reviews
[22:37:50] [1925/5631] whizara.com
[22:37:50]   OK Whizara | ph:(832) 696-8199 | em:info@whizara.com | 4.5* | 14 reviews | Sugar Land, TX
[22:37:54] [1926/5631] etherealhorizon.co
[22:37:55]   OK Etherealhorizon | em:support@etherealhorizon.co | 4.5* | 14 reviews
[22:37:58] [1927/5631] scholarwriters.com
[22:37:59]   OK Scholarwriters | 4.5* | 14 reviews
[22:38:02] [1928/5631] secretactor.com
[22:38:03]   OK Secret Actor Society | 4.5* | 14 reviews
[22:38:06] [1929/5631] consciousmasculinity.net
[22:38:06]   OK Conscious Masculinity | em:info@consciousmasculinity.net | 4.5* | 14 reviews
[22:38:11] [1930/5631] affordable-papers.net
[22:38:11]   OK Affordable-Papers.net | em:support@affordable-papers.net | 4.5* | 14 reviews
[22:38:16] [1931/5631] answerwhatsnext.com
[22:38:16]   OK What's Next | 4.5* | 14 reviews
[22:38:20] [1932/5631] tutordel.com
[22:38:21]   OK Tutordel | ph:(585) 999-5252 | em:support@tutordel.com | 4.5* | 14 reviews | Dover
[22:38:24] [1933/5631] futureskillsacademy.com
[22:38:25]   OK Future Skills Academy | em:contact@futureskillsacademy.com | 4.5* | 14 reviews | New York
[22:38:28] [1934/5631] ai4ei.com
[22:38:28]   OK Ai 4 Ei | ph:(864) 361-6399 | em:nabil@ai4ei.com | 4.5* | 13 reviews | Simpsonville
[22:38:32] [1935/5631] courses24h.com
[22:38:32]   OK Courses24h | 4.5* | 13 reviews
[22:38:35] [1936/5631] boxresume.com
[22:38:35]   OK Boxresume | ph:(213) 594-5287 | em:info@boxresume.com | 4.5* | 13 reviews
[22:38:39] [1937/5631] vivaessays.com
[22:38:39]   OK VivaEssays.com | 4.5* | 13 reviews
[22:38:42] [1938/5631] ceobae.co
[22:38:43]   OK CEO Bae | em:info@ceobae.co | 4.5* | 13 reviews | Houston 
[22:38:47] [1939/5631] prosper.trading
[22:38:47]   OK Prosper Trading | 4.5* | 13 reviews
[22:38:52] [1940/5631] crisprclassroom.org
[22:38:53]   OK CRISPR Classroom | em:hello@crisprclassroom.org | 4.5* | 13 reviews | Porter Ranch
[22:38:53]   [Progress saved: 1940 total leads]
[22:38:57] [1941/5631] usbankruptcyhelp.com
[22:38:57]   OK US Bankruptcy Help  USBankruptcyHelp.com | ph:(480) 619-8147 | em:contact@usbankruptcyhelp.copm | 4.5* | 13 reviews | Phoenix
[22:39:01] [1942/5631] ianimate.net
[22:39:01]   OK iAnimate.net | ph:(623) 322-0721 | em:admissions@ianimate.net | 4.5* | 13 reviews | Goodyear
[22:39:06] [1943/5631] womensales.com
[22:39:06]   OK Women's Sales Institute | em:info@womensales.com | 4.5* | 13 reviews
[22:39:10] [1944/5631] starresumesuite.com
[22:39:11]   OK Executive Edit  | ph:(716) 266-2722 | em:Support@exec-edit.com | 4.5* | 13 reviews
[22:39:14] [1945/5631] nls.edu
[22:39:14]   OK Nile Language School | ph:(201) 904-6862 | em:info@nls.edu | 4.5* | 13 reviews | Ridgewood
[22:39:18] [1946/5631] noalumni.com
[22:39:18]   OK No Alumni | ph:(216) 550-4689 | em:connect@noalumni.com | 4.5* | 13 reviews | Cleveland
[22:39:23] [1947/5631] anildagia.com
[22:39:23]   OK Anil Dagia | em:info@anildagia.com | 4.5* | 13 reviews | Orlando
[22:39:26] [1948/5631] ux-go.com
[22:39:26]   OK UXGO | em:admin@ux-go.com  | 4.5* | 13 reviews | Bellevue, WA 
[22:39:31] [1949/5631] gailroot.com
[22:39:31]   OK Gailroot | em:gail.plantbasedhealing@gmail.com | 4.5* | 13 reviews | Fairview
[22:39:35] [1950/5631] 1215daytrading.com
[22:39:35]   OK 1215daytrading.com | em:info@1215daytrading.com | 4.5* | 13 reviews | knoxville
[22:39:39] [1951/5631] truetradinggroup.com
[22:39:40]   OK True Trading Group | 4.4* | 2783 reviews
[22:39:43] [1952/5631] jasonbondpicks.com
[22:39:44]   OK Jason Bond Picks | ph:(410) 775-6138 | em:support@ragingbull.com | 4.4* | 1218 reviews | Lee
[22:39:48] [1953/5631] scholarshipowl.com
[22:39:48]   OK ScholarshipOwl | ph:(800) 494-4908 | em:contact@scholarshipowl.com | 4.4* | 1192 reviews
[22:39:51] [1954/5631] independence.edu
[22:39:52]   OK Independence University | ph:(855) 502-6806 | em:social.media@independence.edu | 4.4* | 1175 reviews | Salt Lake City
[22:39:57] [1955/5631] juicedio.com
[22:39:57]   OK Juiced  | em:support@juiced.io | 4.4* | 946 reviews | Lewes
[22:40:00] [1956/5631] www.nurse.plus
[22:40:01]   OK Nurse Plus Academy | ph:(800) 460-2485 | em:hello@nurse.plus | 4.4* | 902 reviews | Sarasota
[22:40:06] [1957/5631] www.timothysykes.com
[22:40:07]   OK TimothySykes.com | ph:(888) 871-2331 | em:support-alerts@timothysykes.com | 4.4* | 674 reviews | Miami
[22:40:10] [1958/5631] paraphrasetools.com
[22:40:10]   OK Paraphrasetools | 4.4* | 651 reviews
[22:40:13] [1959/5631] hci.org
[22:40:14]   OK Human Capital Institute | ph:(866) 538-1909 | em:support@hci.org | 4.4* | 614 reviews | Cincinnati
[22:40:19] [1960/5631] classover.com
[22:40:19]   OK Classover Inc | ph:(800) 345-9588 | em:hello@classover.com | 4.4* | 404 reviews | New York
[22:40:19]   [Progress saved: 1960 total leads]
[22:40:23] [1961/5631] nucamp.co
[22:40:23]   OK Nucamp | em:info@nucamp.co | 4.4* | 399 reviews
[22:40:27] [1962/5631] www.resumeprofessionalwriters.com
[22:40:27]   OK Resume Professional Writers | ph:(877) 285-5492 | em:reviews@resumeprofessionalwriters.com | 4.4* | 371 reviews | Torrance
[22:40:31] [1963/5631] geeklyhub.com
[22:40:32]   OK GeeklyHub | em:support@geeklyhub.com  | 4.4* | 370 reviews | San Francisco
[22:40:37] [1964/5631] schoolstore.com
[22:40:37]   OK SchoolStore | ph:(615) 494-4026 | em:acarter@rfe.net | 4.4* | 336 reviews | Murfreesboro
[22:40:42] [1965/5631] livetraders.com
[22:40:42]   OK Live Traders | ph:(800) 947-4027 | em:info@livetraders.com | 4.4* | 300 reviews | Scottsdale
[22:40:46] [1966/5631] flowresearchcollective.com
[22:40:47]   OK Flow Research Collective | em:support@flowresearchcollective.com | 4.4* | 271 reviews | Gardnerville
[22:40:50] [1967/5631] greatresumesfast.com
[22:40:50]   OK Great Resumes Fast | ph:(800) 991-5187 | em:info@greatresumesfast.com | 4.4* | 271 reviews | Callahan
[22:40:53] [1968/5631] blockchain-council.org
[22:40:54]   OK Blockchain Council | ph:(323) 984-8594 | em:hello@blockchain-council.org | 4.4* | 259 reviews
[22:40:59] [1969/5631] financialcrimeacademy.org
[22:40:59]   OK Financial Crime Academy | 4.4* | 254 reviews
[22:41:03] [1970/5631] thewmarketplace.com
[22:41:04]   OK The WMarketplace Inc | em:CustomerCare@thewmarketplace.com | 4.4* | 135 reviews | Seattle
[22:41:07] [1971/5631] successfundtrader.com
[22:41:08]   OK SuccessFundTrader | 4.4* | 124 reviews
[22:41:12] [1972/5631] collegeessayguy.com
[22:41:12]   OK College Essay Guy | em:help@collegeessayguy.com | 4.4* | 93 reviews
[22:41:16] [1973/5631] writesaver.co
[22:41:16]   OK Writesaver | em:contact@writesaver.co | 4.4* | 90 reviews | Los Angeles
[22:41:20] [1974/5631] fiveable.me
[22:41:21]   OK Fiveable  | em:help@fiveable.me | 4.4* | 89 reviews | Milwaukee
[22:41:26] [1975/5631] wealthbuildersinstitute.com
[22:41:26]   OK Wall Street Education | 4* | 84 reviews
[22:41:31] [1976/5631] moneyis.com
[22:41:31]   OK Money Is | ph:(866) 934-8345 | em:hello@moneyis.com | 4.4* | 83 reviews | Ponte Vedra
[22:41:36] [1977/5631] newlawbusinessmodel.com
[22:41:37]   OK New Law Business Model | em:support@newlawbusinessmodel.com | 4.4* | 80 reviews
[22:41:40] [1978/5631] lisaaromano.com
[22:41:40]   OK Lisa A. Romano | 4.4* | 67 reviews | Huntington
[22:41:45] [1979/5631] codemonkey.com
[22:41:45]   OK CodeMonkey - Coding for Kids | ph:(888) 299-3294 | em:info@codemonkey.com | 4.4* | 58 reviews | Palo Alto
[22:41:50] [1980/5631] trademomentum.org
[22:41:51]   OK Momentum. | 4.4* | 48 reviews
[22:41:51]   [Progress saved: 1980 total leads]
[22:41:56] [1981/5631] boostmyclass.com
[22:41:56]   Timeout, retrying...
[22:41:56]   OK Boost My Class | ph:(657) 300-3540 | em:help@boostmyclass.com | 4.4* | 47 reviews | New City, New York
[22:41:59] [1982/5631] thejobhelpers.com
[22:41:59]   OK The Job Helpers | ph:(914) 418-4242 | em:info@thejobhelpers.com | 4.4* | 44 reviews | West Fargo
[22:42:03] [1983/5631] beatacademy.com
[22:42:03]   OK Beat Academy  | em:support@beatacedemy.com | 4.4* | 42 reviews
[22:42:08] [1984/5631] mentorme.co
[22:42:08]   OK MentorMe | em:contact@mentorme.co | 4.4* | 42 reviews | Miami
[22:42:12] [1985/5631] www.bestworksupplycenter.com
[22:42:13]   OK Bestwork Supply Center | ph:(856) 903-3330 | em:customerservice@bestworksupplycenter.com | 4.4* | 42 reviews | Cherry Hill
[22:42:17] [1986/5631] stephaney-ey.com
[22:42:17]   OK Stephaney-ey LNC Mentorship | em:stephaney@stephaney-ey.com | 4.4* | 41 reviews | Sparr
[22:42:20] [1987/5631] ashleighdilello.com
[22:42:21]   OK Ashleigh Di Lello LLC | em:ashleigh@ashleighdilello.com | 4.4* | 40 reviews | Orem
[22:42:24] [1988/5631] theprofessionalcleaner.net
[22:42:25]   OK The Professional Cleaner by Bethany Jean | 4.4* | 39 reviews
[22:42:28] [1989/5631] www.myspalive.com
[22:42:28]   OK Myspalive | 4.4* | 37 reviews
[22:42:29]   Timeout, retrying...
[22:42:32] [1990/5631] lsc.studysixsigma.com
[22:42:33]   OK Lean Sigma Corporation | ph:(980) 209-9674 | em:admin@lscorp.com | 4.4* | 35 reviews | Charlotte
[22:42:38] [1991/5631] www.workitdaily.com
[22:42:38]   OK Work It Daily | em:support@workitdaily.com | 4.4* | 33 reviews | Portsmouth
[22:42:43] [1992/5631] iamacomeback.com
[22:42:44]   OK IAMACOMEBACK, LLC | ph:(262) 581-5626 | em:amber@iamacomeback.com | 4.4* | 33 reviews | Lake Geneva
[22:42:47] [1993/5631] takeaction.troykearns.com
[22:42:47]   OK Millionaire Mentorship | em:kaitlyn@troykearns.com | 4.4* | 33 reviews
[22:42:50] [1994/5631] marriagemavericks.com
[22:42:51]   OK Marriage Mavericks | ph:(443) 331-2705 | em:help@marriagemaverics.com | 4.4* | 30 reviews | Westminster
[22:42:54] [1995/5631] www.certbolt.com
[22:42:55]   OK certbolt.com | 4.4* | 28 reviews
[22:43:00] [1996/5631] elevatedtech.us
[22:43:00]   OK Elevated Technologies LLC | 4.4* | 28 reviews
[22:43:02]   Timeout, retrying...
[22:43:04] [1997/5631] joycat.com
[22:43:04]   OK JoyCat | ph:(202) 209-7422 | em:service@joycat.com | 4.4* | 27 reviews | Dover
[22:43:09] [1998/5631] resumelord.com
[22:43:10]   OK Resumelord | 4.4* | 26 reviews
[22:43:14] [1999/5631] flip2freedom.com
[22:43:14]   OK Flip2freedom  | ph:(623) 518-4969 | em:help@flip2freedom.com | 4.4* | 25 reviews | Glendale
[22:43:18] [2000/5631] academikx.com
[22:43:18]   OK Academikx | ph:(315) 306-3620 | em:info@academikx.com | 4.4* | 25 reviews | Syracuse
[22:43:18]   [Progress saved: 2000 total leads]
[22:43:22] [2001/5631] paperell.com
[22:43:22]   OK Paperell | em:support@paperell.com | 4.4* | 24 reviews
[22:43:26] [2002/5631] www.thewallstreetquants.com
[22:43:27]   OK WallStreetQuants | 4.4* | 24 reviews
[22:43:31] [2003/5631] tradingfusion.de
[22:43:31]   OK Trading Fusion | em:info@tradingfusion.de | 4.4* | 22 reviews | Florida
[22:43:35] [2004/5631] ambmovingservices.com
[22:43:35]   OK AMB Moving & Storage Inc  | ph:(973) 975-0336 | em:Booking@ambmovingservices.com | 4.4* | 22 reviews | Garfield
[22:43:40] [2005/5631] myvisiontrading.academy
[22:43:40]   OK Myvisiontrading | 4.4* | 21 reviews
[22:43:44] [2006/5631] sustainableeventsacademy.com
[22:43:44]   OK Sustainable Events Academy | ph:+436642788729 | em:info@sustainableeventsacademy.com | 4.4* | 21 reviews | Graz
[22:43:49] [2007/5631] elitefrenchtutoring.com
[22:43:49]   OK Elite French Tutoring | ph:(212) 470-2128 | em:andrei@elitefrenchtutoring.com | 4.4* | 20 reviews | Brooklyn
[22:43:54] [2008/5631] edunx.org
[22:43:54]   OK Edunx | ph:(605) 846-9060 | em:rakesh@edunx.org | 4.4* | 20 reviews
[22:43:58] [2009/5631] paulbickfordsolutions.com
[22:43:58]   OK Paulbickfordsolutions | 4.4* | 19 reviews
[22:44:03] [2010/5631] place4papers.com
[22:44:04]   OK Place For Papers | 4.4* | 19 reviews
[22:44:09] [2011/5631] www.cvireland.com
[22:44:09]   OK Cvireland | ph:(071) 966-2437 | em:Ciararoisin37@gmail.com | 4.4* | 19 reviews | No Regions available
[22:44:13] [2012/5631] marineproacademy.com
[22:44:13]   OK Marine Pro Academy | ph:+393894992069 | em:info@marineproacademy.com | 4.4* | 18 reviews | Sheridan
[22:44:16] [2013/5631] apprentus.lu
[22:44:17]   OK Apprentus | 4.4* | 18 reviews
[22:44:20] [2014/5631] pinnacletraderfx.com
[22:44:20]   OK Pinnacletraderfx | em:pinnacletraderfx@gmail.com | 4.4* | 17 reviews | San Francisco 
[22:44:24] [2015/5631] thecoursearena.com
[22:44:25]   OK Thecoursearena | 4.4* | 17 reviews
[22:44:29] [2016/5631] iglobecareer.com
[22:44:29]   OK iGlobe Career | ph:(518) 977-7282 | em:info@iglobecareer.com | 4.4* | 17 reviews | VA
[22:44:34] [2017/5631] sterlingnext.com
[22:44:34]   OK SterlingNext | ph:(832) 299-2257 | em:support@sterlingnext.com | 4.4* | 16 reviews | Houston
[22:44:39] [2018/5631] amipeps.com
[22:44:39]   OK Amipeps | ph:(737) 285-2728 | em:support@amipeps.com | 4.4* | 16 reviews
[22:44:44] [2019/5631] www.classmarker.com
[22:44:44]   OK ClassMarker | 4.4* | 16 reviews
[22:44:47] [2020/5631] wickedstocks.com
[22:44:48]   OK Wicked Stocks | 4.4* | 16 reviews
[22:44:48]   [Progress saved: 2020 total leads]
[22:44:53] [2021/5631] recovering-narcissist.com
[22:44:53]   OK Heal Narcissism | ph:(385) 351-9232 | em:info@recovering-narcissist.com | 4.4* | 16 reviews | Lehi 
[22:44:56] [2022/5631] buildyourliferesume.com
[22:44:56]   OK Build Your Life Resume | em:info@buildyourliferesume.com | 4.4* | 16 reviews | Englewood Cliffs
[22:45:01] [2023/5631] programming-hero.com
[22:45:01]   OK Programming Hero | em:programming.hero1@gmail.com | 4.4* | 15 reviews
[22:45:05] [2024/5631] gianvictorcueva.com
[22:45:05]   OK Gianvictorcueva | em:info@gianvictorcueva.com | 4.4* | 15 reviews | Doral
[22:45:09] [2025/5631] doyobi.com
[22:45:09]   OK Doyobi | ph:(628) 313-3993 | em:hello@doyobi.com | 4.4* | 15 reviews | Los Angeles
[22:45:13] [2026/5631] onlinefacialcourses.com
[22:45:14]   OK ASFA Facial Academy | ph:(800) 838-3779 | em:info@onlinefacialcourses.com | 4.4* | 14 reviews | Laguna Niguel
[22:45:18] [2027/5631] graceandsaltleadership.com
[22:45:19]   OK Grace & Salt Leadership Academy | ph:(815) 846-4366 | em:hello@graceandsaltleadership.com | 4.4* | 14 reviews
[22:45:22] [2028/5631] bound.site
[22:45:22]   OK Bound | ph:+34711253519 | em:support@bound.site | 4.4* | 14 reviews | Dover
[22:45:26] [2029/5631] ttmhub.co
[22:45:27]   OK The Talent Management Hub (TTMHUB) | ph:(321) 987-6747 | em:grow@ttmhub.co | 4.4* | 14 reviews
[22:45:30] [2030/5631] www.writingsymphony.com
[22:45:31]   OK Writing Symphony | ph:(425) 448-3290 | em:support@writingsymphony.com | 4.4* | 13 reviews
[22:45:34] [2031/5631] aidd.io
[22:45:35]   OK Aidd | 4.4* | 13 reviews
[22:45:39] [2032/5631] designzhub360.com
[22:45:40]   OK Designzhub360 | em:cynthia@designzhub360.com | 4.4* | 13 reviews | Chicago
[22:45:44] [2033/5631] takemyproctoringexam.com
[22:45:44]   OK takemyproctoringexam.com | ph:(917) 720-3292 | em:info@takemyproctoringexam.com | 4.4* | 13 reviews
[22:45:49] [2034/5631] bywdreams.com
[22:45:49]   OK Beyond Your Wildest Dreams (BYWD) | ph:(866) 337-5602 | em:hello@bywdreams.com | 4.4* | 12 reviews | Tarzana
[22:45:54] [2035/5631] thedannycoach.com
[22:45:54]   OK Danny Daniel Coach | ph:(954) 465-5852 | em:dannyd@thedannycoach.com | 4.4* | 12 reviews | Miami
[22:45:58] [2036/5631] juliagudde.de
[22:45:59]   OK Julia Gudde LLC | em:julia.gudde1@gmail.com | 4.4* | 12 reviews
[22:46:03] [2037/5631] onlinequranclassesusa.com
[22:46:03]   OK Online Quran Classes USA | ph:(214) 584-3843 | em:info@onlinequranclassesusa.com | 4.4* | 12 reviews | Middletown
[22:46:08] [2038/5631] theempireacademy.com
[22:46:08]   OK Empire Academy | ph:(305) 707-3135 | em:info@theempireacademy.com | 4.4* | 12 reviews | Sheridan
[22:46:11] [2039/5631] www.elitetradersinc.com
[22:46:12]   OK Elite Traders Inc | ph:(949) 779-6030 | em:Info@elitetradersinc.com | 4.4* | 12 reviews | Orange
[22:46:16] [2040/5631] atltantra.org
[22:46:17]   OK Atlanta Institute of Tantra | ph:(808) 954-0224 | em:info@atltantra.org | 4.4* | 12 reviews | Atlanta
[22:46:17]   [Progress saved: 2040 total leads]
[22:46:21] [2041/5631] www.openpathtutoring.com
[22:46:21]   OK Open Path Tutoring | em:hello@openpathtutoring.com | 4.4* | 12 reviews
[22:46:25] [2042/5631] pasinggrades.com
[22:46:26]   OK pasinggrades.com | 4.4* | 12 reviews
[22:46:31] [2043/5631] thehumandesignlab.co
[22:46:31]   OK The Human Design Lab | em:hello@thehumandesignlab.co | 4.4* | 12 reviews
[22:46:35] [2044/5631] atlearning.org
[22:46:36]   OK atlearning | ph:(813) 863-1357 | em:travis.hostetter@atlearning.org | 4.4* | 12 reviews
[22:46:40] [2045/5631] shinebrightx.com
[22:46:40]   OK Shine BrightX | ph:(832) 856-3354 | em:support@shinebrightx.com | 4.4* | 12 reviews | Houston
[22:46:44] [2046/5631] robzweerman.com
[22:46:44]   OK Rob Zweerman Coaching Org. | ph:(844) 862-7470 | em:rob@robzweerman.com | 4.4* | 12 reviews | Austin
[22:46:49] [2047/5631] faithfulandfruitful.com
[22:46:50]   OK Faithfulandfruitful | em:info@faithfulandfruitful.com | 4.4* | 12 reviews | Chandler
[22:46:54] [2048/5631] exceltest.com
[22:46:55]   OK Excel Test Prep | ph:(510) 490-7000 | em:info@exceltest.com | 4.4* | 12 reviews | Fremont
[22:46:58] [2049/5631] mgscc.net
[22:46:58]   OK Marshall Goldsmith Stakeholder Centered Coaching | 4.4* | 12 reviews
[22:47:02] [2050/5631] qualifylearn.com
[22:47:02]   OK Qualify Learn  | em:info@qualifylearn.com  | 4.4* | 12 reviews
[22:47:06] [2051/5631] barprephero.com
[22:47:06]   OK Bar Prep Hero | 4.4* | 12 reviews | Sarasota
[22:47:10] [2052/5631] missionwithvision.com
[22:47:10]   OK Mission With Vision | 4.4* | 12 reviews
[22:47:14] [2053/5631] switchup.org
[22:47:15]   OK SwitchUp | 4.4* | 12 reviews | Boston
[22:47:19] [2054/5631] benjorgoals.com
[22:47:19]   OK Benjor Goals | ph:(689) 600-3896 | em:contact@benjorgoals.com | Orlando
[22:47:24] [2055/5631] trueresume.ai
[22:47:24]   OK Trueresume | em:contact@trueresume.ai | 4.4* | 12 reviews
[22:47:28] [2056/5631] stylishbeaute.com
[22:47:28]   OK Shanae Jackson, LLC | ph:(205) 873-2291 | em:hello@theshanaejackson.com | 4.4* | 12 reviews | Birmingham
[22:47:33] [2057/5631] profitavengers.com
[22:47:33]   OK Profitavengers | 4.4* | 12 reviews
[22:47:37] [2058/5631] leesamuel423.com
[22:47:37]   OK Spero Labs | 4.4* | 12 reviews
[22:47:42] [2059/5631] lightedlanterns.com
[22:47:42]   OK Lighted Lanterns Consulting  | ph:(678) 902-4622 | em:info@lightedlanterns.com | 4.4* | 11 reviews | Peachtree City
[22:47:47] [2060/5631] tfxg.store
[22:47:47]   OK tfxg store | ph:+254742789821 | em:tfxgstore@gmail.com | 4.4* | 11 reviews | nairobi
[22:47:47]   [Progress saved: 2060 total leads]
[22:47:52] [2061/5631] www.scribbledo.com
[22:47:52]   OK Scribbledo | ph:(862) 218-0757 | em:sales@scribbledo.com | 4.4* | 11 reviews | New York
[22:47:57] [2062/5631] homeworkdomain.com
[22:47:57]   OK Homeworkdomain | 4.4* | 11 reviews
[22:48:01] [2063/5631] www.allabovecapital.com
[22:48:01]   OK Allabovecapital | em:Support@allabovecapital.com | 4.4* | 11 reviews | Chico
[22:48:05] [2064/5631] imgrotations.com
[22:48:06]   OK IMG Rotations | ph:(413) 847-0655 | em:admin@imgrotations.com | 4.4* | 11 reviews | Wilmington
[22:48:10] [2065/5631] thequranicguidance.com
[22:48:10]   OK The Quranic Guidance | ph:(347) 526-5541 | em:info@thequranicguidance.com | 4.4* | 11 reviews | Dayton
[22:48:15] [2066/5631] healingbeyondtrauma.com
[22:48:15]   OK Healing Beyond Trauma | ph:(330) 595-9149 | em:amanda@healingbeyondtrauma.com | 4.4* | 11 reviews | Streetsboro
[22:48:18] [2067/5631] qurankingdom.com
[22:48:19]   OK Quran kingdom | ph:(661) 584-4099 | em:info@qurankingdom.com | 4.4* | 11 reviews | Wyoming
[22:48:23] [2068/5631] bunch.ai
[22:48:23]   OK Bunch | em:hey@bunch.ai | 4.4* | 11 reviews | New York
[22:48:26] [2069/5631] associatepi.com
[22:48:26]   OK AssociatePI | em:contact@associatepi.com | 4.4* | 11 reviews | Kittery
[22:48:30] [2070/5631] futureleadersoftomorrow.com
[22:48:30]   OK Futureleadersoftomorrow | 4.4* | 11 reviews
[22:48:34] [2071/5631] exceptionalresume.com
[22:48:35]   OK Exceptional Resume | ph:(401) 680-0305 | em:support@exceptionalresume.com | 4.4* | 11 reviews | Cranston
[22:48:39] [2072/5631] rn-link.com
[22:48:39]   OK Rn Link | ph:(800) 853-2810 | em:rnlink2016@gmail.com | 4.4* | 11 reviews | Fort Mohave
[22:48:43] [2073/5631] go.codecareermastery.com
[22:48:44]   OK Code Career Mastery | em:hello@codecareermastery.com | 4.4* | 11 reviews
[22:48:47] [2074/5631] antitradingclub.com
[22:48:48]   OK Anti Trading Club  | em:Contact@antisupply.co | 4.4* | 11 reviews | Charlotte 
[22:48:52] [2075/5631] proficiently.com
[22:48:52]   OK Proficiently | 4.4* | 11 reviews
[22:48:56] [2076/5631] www.upperclarity.com
[22:48:56]   OK upperclarity.com | 4.4* | 11 reviews
[22:48:59] [2077/5631] www.savvylearning.com
[22:49:00]   OK Savvy Learning | 4.4* | 11 reviews
[22:49:03] [2078/5631] testinvite.com
[22:49:03]   OK TestInvite | em:info@testinvite.com | 4.4* | 11 reviews
[22:49:07] [2079/5631] themichaelblank.com
[22:49:07]   OK themichaelblank.com | 4.4* | 11 reviews
[22:49:11] [2080/5631] studentshare.org
[22:49:12]   OK StudentShare | 4.4* | 11 reviews
[22:49:12]   [Progress saved: 2080 total leads]
[22:49:15] [2081/5631] www.badatya.com
[22:49:15]   OK Badatya | 4.4* | 11 reviews
[22:49:19] [2082/5631] www.tradingfriends.org
[22:49:20]   OK Trading Friends FOREX Education Center | ph:(704) 286-6640 | em:David@tradingfriends.org | 4.4* | 11 reviews | Harmony
[22:49:23] [2083/5631] dropshipbreakthru.com
[22:49:23]   OK Dropship Breakthru | em:support@dropshipbreakthru.com | 4.4* | 11 reviews | Hudson
[22:49:27] [2084/5631] www.proaupairs24.com
[22:49:27]   OK Proaupairs24 | 4.4* | 11 reviews
[22:49:32] [2085/5631] achristlifestyle.com
[22:49:32]   OK Relationship Coaching With A Christ Life Style | ph:(800) 311-0690 | em:info@achristlifestyle.com | 4.4* | 11 reviews | Harrisburg
[22:49:35] [2086/5631] edustudy.org
[22:49:36]   OK Edustudy | 4.4* | 11 reviews | Blacksburg
[22:49:39] [2087/5631] patrick.kostedde.de
[22:49:39]   OK Patrick Kostedde - Strategie 4 Freiheit | em:hallo@strategie4freiheit.de | 4.4* | 11 reviews | St. Petersburg
[22:49:43] [2088/5631] tradingcollective.ai
[22:49:43]   OK Trading Collective | em:contact@tradingcollective.ai | 4.4* | 11 reviews | Dover
[22:49:47] [2089/5631] abalancedlife.co.uk
[22:49:47]   OK A Balanced Life for Women | ph:07950 487005 | em:hello@abalancedlife.co.uk | 4.4* | 11 reviews
[22:49:50] [2090/5631] hiredcloser.com
[22:49:51]   OK HiredCloser | em:support@hiredcloser.com | 4.4* | 11 reviews | Newport Beach
[22:49:55] [2091/5631] happinessstudies.academy
[22:49:55]   OK Happiness Studies Academy | ph:(917) 634-5158 | em:info@happinessstudies.academy | 4.4* | 11 reviews | New York
[22:50:00] [2092/5631] plag.sk
[22:50:00]   OK Plag | 4.4* | 11 reviews
[22:50:05] [2093/5631] soluge.com
[22:50:05]   OK Soluge | ph:(313) 466-6102 | em:admin@soluge.com | 4.4* | 11 reviews | Sheridan
[22:50:09] [2094/5631] codemify.com
[22:50:09]   OK codemify.com | ph:(424) 444-4522 | em:support@codemify.com | 4.4* | 11 reviews | Hawthorne
[22:50:14] [2095/5631] striacademy.com
[22:50:14]   OK STRI Academy | ph:(561) 645-4210 | em:care@striacademy.com | 4.4* | 11 reviews | Tallahassee
[22:50:17] [2096/5631] completemyonlineclass.com
[22:50:17]   OK Completemyonlineclass | ph:(616) 229-0090 | em:info@completemyonlineclass.com | 4.4* | 11 reviews | miami
[22:50:22] [2097/5631] test-guide.com
[22:50:22]   OK Test-Guide.com | ph:(614) 943-2395 | em:dave@test-guide.com | 4.4* | 10 reviews | Dublin
[22:50:27] [2098/5631] hellopolygon.com
[22:50:27]   OK Polygon Psychology | ph:(213) 712-5727 | em:contact@hellopolygon.com | 4.4* | 10 reviews | West Hollywood
[22:50:31] [2099/5631] www.mcatking.com
[22:50:32]   OK MCAT KING | ph:(212) 220-1538 | em:info@mcatking.com | 4.4* | 10 reviews | NEW YORK
[22:50:37] [2100/5631] industrialcareerhub.com
[22:50:37]   OK Industrial Career Hub | em:connect@industrialcareerhub.com | 4.4* | 10 reviews | Naperville
[22:50:37]   [Progress saved: 2100 total leads]
[22:50:42] [2101/5631] thecodingspace.com
[22:50:43]   OK The Coding Space | 4.4* | 10 reviews | New York
[22:50:46] [2102/5631] jillturner.com
[22:50:47]   OK Jill Turner Coaching | em:hello@jillturner.com | 4.4* | 10 reviews | Sausalito
[22:50:51] [2103/5631] sherpalai.com
[22:50:51]   OK Sherpal | em:info@sherpalai.com | 4.4* | 10 reviews | Houston
[22:50:56] [2104/5631] rootedpsychiatry.com
[22:50:56]   OK Rooted PMHNP Mentorship | 4.4* | 10 reviews
[22:51:01] [2105/5631] readingforeducation.org
[22:51:02]   OK Reading For Education | ph:(615) 494-4026 | em:acarter@rfe.net | 4.4* | 10 reviews | Murfreesboro
[22:51:06] [2106/5631] smartinvestmentscapital.com
[22:51:07]   OK SMART INVESTMENTS CAPITAL | ph:(305) 359-7480 | em:contacto@smartinvestmentscapital.com | 4.4* | 10 reviews | St Petersburg
[22:51:12] [2107/5631] greengoalsbeautyacademy.com
[22:51:12]   OK Green Goals Beauty Academy | ph:(443) 461-4561 | em:Info@GreenGoalsBeautyAcademy.com | 4.4* | 10 reviews | Pikesville
[22:51:16] [2108/5631] befluentnow.com
[22:51:17]   OK Befluentnow | ph:(347) 848-5054 | em:info@befluentnow.com | 4.4* | 10 reviews
[22:51:21] [2109/5631] guitarealm.com
[22:51:21]   OK Guitarealm | em:info@guitarealm.com | 4.4* | 10 reviews
[22:51:26] [2110/5631] goodresumeproject.com
[22:51:27]   OK The Good Resume Project | ph:(770) 609-1327 | em:info@goodresumeproject.com | 4.4* | 10 reviews | Atlanta
[22:51:31] [2111/5631] www.aplacebeyond.com
[22:51:31]   OK A Place Beyond | ph:(503) 927-0668 | em:info@aplacebeyond.com | 4.4* | 10 reviews | Vancouver
[22:51:36] [2112/5631] mendskills.com
[22:51:36]   OK Mendskills Americas LLC | ph:(585) 300-5177 | em:alex.wood@mendskills.com | 4.4* | 10 reviews | Sheridan
[22:51:41] [2113/5631] ourlifearena.com
[22:51:41]   OK Our Life Arena | 4.4* | 10 reviews
[22:51:45] [2114/5631] welcometocorporate.com
[22:51:45]   OK Welcome To Corporate | 4.4* | 10 reviews
[22:51:48] [2115/5631] darkblue.ink
[22:51:49]   OK Darkblue | 4.4* | 10 reviews
[22:51:52] [2116/5631] sumizeit.com
[22:51:53]   OK sumizeit.com | 4.4* | 10 reviews
[22:51:56] [2117/5631] bartleby.com
[22:51:57]   OK bartleby | em:customercare@bartleby.com | 4.3* | 4193 reviews
[22:52:01] [2118/5631] sprintzeal.com
[22:52:01]   OK Sprintzeal | ph:(833) 636-6366 | em:support@sprintzeal.com | 4.3* | 1204 reviews | Las Vegas, NV
[22:52:06] [2119/5631] wallstreetoasis.com
[22:52:07]   OK Wall Street Oasis | ph:(617) 337-3353 | em:Patrick@wallstreetoasis.com | 4.3* | 622 reviews | Saratoga
[22:52:10] [2120/5631] freshresume.co
[22:52:11]   OK FreshResume | em:support@freshresume.co | 4.3* | 605 reviews
[22:52:11]   [Progress saved: 2120 total leads]
[22:52:15] [2121/5631] simplertrading.com
[22:52:16]   OK Simpler Trading | ph:(512) 266-8659 | em:support@simplertrading.com | 4.3* | 538 reviews | Austin
[22:52:21] [2122/5631] www.sulekha.com
[22:52:21]   OK Sulekha US & Canada | em:us.sulekha@sulekha.com | 4.3* | 399 reviews | Austin
[22:52:25] [2123/5631] bookwormlab.com
[22:52:25]   OK Bookwormlab.com | ph:(770) 659-7014 | em:support@bookwormlab.com | 4.3* | 199 reviews | Chicago
[22:52:28] [2124/5631] billionairesacademy.net
[22:52:29]   OK BILLIONAIRES ACADEMY | ph:(876) 787-2428 | em:info@billionairesacademy.net | 4.3* | 194 reviews
[22:52:33] [2125/5631] estheticworldbeauty.com
[22:52:33]   OK Esthetic World Beauty | ph:(630) 670-2154 | em:info@estheticworldbeauty.com | 4.3* | 176 reviews | Norridge
[22:52:37] [2126/5631] www.miu.edu
[22:52:37]   OK Maharishi International University | 4.3* | 175 reviews | Hargeisa
[22:52:41] [2127/5631] hyperskill.org
[22:52:41]   OK Hyperskill | em:hello@hyperskill.org | 4.3* | 159 reviews
[22:52:45] [2128/5631] beyondbooksmart.com
[22:52:46]   OK Beyond BookSmart | ph:(844) 337-5455 | em:info@beyondbooksmart.com | 4.3* | 132 reviews | Needham
[22:52:51] [2129/5631] www.invensislearning.com
[22:52:51]   OK Invensis Learning | ph:(470) 260-0084 | em:contact@invensislearning.com | 4.3* | 102 reviews | Lewisville
[22:52:55] [2130/5631] psychicworld.com
[22:52:56]   OK Psychicworld | ph:(619) 304-0070 | em:admin@psychicworld.com | 4.3* | 83 reviews | New York
[22:52:59] [2131/5631] truecoders.io
[22:52:59]   OK TrueCoders | ph:(205) 843-7103 | em:support@truecoders.io | 4.3* | 67 reviews
[22:53:03] [2132/5631] literati.com
[22:53:03]   OK Literati | 4.3* | 54 reviews
[22:53:08] [2133/5631] achievecentre.com
[22:53:08]   OK ACHIEVE Centre for Leadership | 4.3* | 53 reviews
[22:53:12] [2134/5631] amazing.com
[22:53:13]   OK Amazing.com | ph:(888) 415-0615 | em:support@amazing.com | 4.3* | 50 reviews | Austin
[22:53:17] [2135/5631] www.cpresumes.com
[22:53:18]   OK Careers Plus Resumes, LLC | ph:(866) 788-8978 | em:support@cpresumes.com | 4.3* | 45 reviews
[22:53:21] [2136/5631] lexvid.com
[22:53:21]   OK LexVid Online CLE  | ph:(877) 327-1226 | em:info@lexvid.com | 4.3* | 45 reviews | San Diego
[22:53:26] [2137/5631] www.theflipstress.com
[22:53:26]   OK The Flipstress | ph:(512) 766-3935 | em:contact@theflipstress.com | 4.3* | 43 reviews
[22:53:30] [2138/5631] econolearn.com
[22:53:30]   OK Econolearn | 4.3* | 38 reviews
[22:53:34] [2139/5631] www.usmle-rx.com
[22:53:35]   OK USMLE-Rx | em:info@USMLE-Rx.com | 4.3* | 36 reviews | Louisville
[22:53:38] [2140/5631] nursing.com
[22:53:38]   OK NURSING.com | em:contact@nursing.com | 4.3* | 34 reviews
[22:53:38]   [Progress saved: 2140 total leads]
[22:53:42] [2141/5631] eleinternacional.com
[22:53:43]   OK ELEInternacional | em:hola@eleinternacional.com | 4.3* | 33 reviews | Newark
[22:53:47] [2142/5631] certlibrary.com
[22:53:48]   OK Certlibrary | 4.3* | 28 reviews
[22:53:53] [2143/5631] artsonia.com
[22:53:53]   OK Artsonia | 4.3* | 24 reviews | Gurnee
[22:53:56] [2144/5631] katzberginstitute.org
[22:53:56]   OK Katzberg Institute for Career Advancement | em:support@katzberginstitute.org | 4.3* | 22 reviews
[22:54:00] [2145/5631] thefashiondesigninstitute.com/us/en
[22:54:00]   OK The Fashion Design Institute | em:support-us-en@service.thefashiondesigninstitute.com | 4.3* | 22 reviews | San Francisco
[22:54:04] [2146/5631] www.test-questions.com
[22:54:05]   OK test-questions.com | 4.3* | 21 reviews
[22:54:09] [2147/5631] www.virtualclasshelper.com
[22:54:10]   OK Virtualclasshelper | 4.3* | 21 reviews
[22:54:13] [2148/5631] yourdissertation.com
[22:54:13]   OK Yourdissertation | 4.3* | 21 reviews
[22:54:17] [2149/5631] training.devlaunch.us
[22:54:17]   OK Devlaunch | em:support@devlaunch.us | 4.3* | 21 reviews
[22:54:21] [2150/5631] iampower.al
[22:54:21]   OK Iampower | 4.3* | 20 reviews
[22:54:25] [2151/5631] moneyzg.co
[22:54:25]   OK moneyzg.co | 4.3* | 18 reviews
[22:54:30] [2152/5631] reversehire.com
[22:54:30]   OK Reverse Hire | em:info@reversehire.com | 4.3* | 18 reviews | Townsend
[22:54:35] [2153/5631] examspress.com
[22:54:35]   OK Examspress | 4.3* | 15 reviews
[22:54:40] [2154/5631] pedagogyeducation.com
[22:54:40]   OK Pedagogy Education | ph:(903) 871-2150 | em:support@pedagogyeducation.com | 4.3* | 15 reviews
[22:54:44] [2155/5631] intelligencefx.com
[22:54:45]   OK intelligencefx.com | 4.3* | 14 reviews
[22:54:50] [2156/5631] advclinical.org
[22:54:50]   OK advclinical.org | ph:(617) 336-6104 | em:info@eclinicalcert.org | 4.3* | 14 reviews | Manchester
[22:54:55] [2157/5631] theinstituteforeventmanagement.com/us/en
[22:54:56]   OK The Institute for Event Management | em:support-us-en@service.theinstituteforeventmanagement.com | 4.3* | 13 reviews | San Francisco
[22:55:00] [2158/5631] sovereignmancoaching.com
[22:55:01]   OK Sovereign Man Coaching Company | em:matt@sovereignmancoaching.com | 4.3* | 13 reviews
[22:55:04] [2159/5631] a2zassignment.com
[22:55:05]   OK A2zassignment | 4.3* | 13 reviews | New York
[22:55:09] [2160/5631] proicttraining.com
[22:55:09]   OK ProICT Training | ph:(718) 285-9928 | em:Info@proicttraining.com | 4.3* | 12 reviews | Brooklyn , New York
[22:55:09]   [Progress saved: 2160 total leads]
[22:55:14] [2161/5631] omegawellness.life
[22:55:14]   OK Omegawellness | 4.3* | 12 reviews
[22:55:18] [2162/5631] energeticalignmentacademy.com
[22:55:18]   OK Energetic Alignment Academy | em:info@energeticalignmentacademy.com | 4.3* | 12 reviews | Las Vegas
[22:55:22] [2163/5631] spiritualmonarch.com
[22:55:23]   OK Spiritual Monarch LLC | ph:(608) 444-6536 | em:amanda@spiritualmonarch.com | 4.3* | 12 reviews | Middleton
[22:55:26] [2164/5631] angerdetox.org
[22:55:27]   OK Anger Detox | ph:(424) 234-6169 | em:info@angerdetox.org | 4.3* | 12 reviews | Beverly Hills
[22:55:31] [2165/5631] gradeonfire.com
[22:55:31]   OK GradeOnFire | 4.3* | 12 reviews
[22:55:35] [2166/5631] sigmaforces.com
[22:55:35]   OK Sigma Forces | ph:(813) 361-5086 | em:kasie@sigmaforces.com | 4.3* | 12 reviews
[22:55:39] [2167/5631] generatore-opportunita.com
[22:55:39]   OK Generatore Opportunita | 4.3* | 12 reviews
[22:55:43] [2168/5631] assignmenthelp.us
[22:55:43]   OK Assignmenthelp | 4.3* | 12 reviews | New York
[22:55:47] [2169/5631] poweredessays.com
[22:55:48]   OK Powered Essays | 4.3* | 11 reviews
[22:55:52] [2170/5631] milamonth.com
[22:55:52]   OK $Mil-A-Month | 4.3* | 11 reviews
[22:55:56] [2171/5631] 4students.us
[22:55:56]   OK 4students.us | ph:(347) 366-2857 | em:info@4students.us | 4.3* | 11 reviews | Denver
[22:56:01] [2172/5631] onlineclassprofessionals.com
[22:56:02]   OK Onlineclassprofessionals | 4.3* | 11 reviews
[22:56:05] [2173/5631] courseresearchers.com
[22:56:06]   OK Course Researchers | 4.3* | 11 reviews
[22:56:10] [2174/5631] gopractice.io
[22:56:11]   OK GoPractice | em:contacts@gopractice.io | 4.3* | 11 reviews
[22:56:15] [2175/5631] superessay.org
[22:56:16]   OK superessay.org | ph:(888) 620-0167 | em:support@superessay.org | 4.3* | 11 reviews | Lake Mary, FL
[22:56:20] [2176/5631] thequranclasses.online
[22:56:21]   OK The Quran Classes Institute | ph:+201222372252 | em:info@thequranclasses.online | 4.3* | 10 reviews | Hollywood Park
[22:56:25] [2177/5631] optionalpha.com
[22:56:25]   OK Option Alpha | 4.3* | 10 reviews | Miami Beach
[22:56:29] [2178/5631] loveconnects.org
[22:56:29]   OK LoveConnects | em:office@loveconnects.org | 4.3* | 10 reviews | Beverly Hills
[22:56:34] [2179/5631] learninggenius.com
[22:56:34]   OK Learning Genius | ph:(469) 213-0032 | em:support@learninggenius.com | 4.3* | 10 reviews | Dallas
[22:56:38] [2180/5631] rlrgresilientstars.com
[22:56:39]   OK Robinson Lloyd Resiliency Group | 4.3* | 10 reviews
[22:56:39]   [Progress saved: 2180 total leads]
[22:56:43] [2181/5631] ygpconnect.com
[22:56:43]   OK Ygpconnect | 4.3* | 10 reviews
[22:56:47] [2182/5631] authenticascensionwellness.com
[22:56:47]   OK Authentic Ascension Wellness Practice | ph:(336) 777-7220 | em:soulenergy@authenticascensionwellness.com | 4.3* | 10 reviews | Richmond
[22:56:52] [2183/5631] conexionpineal.net
[22:56:52]   OK Conexión Pineal | ph:+5491157516629 | em:info@conexionpineal.net | 4.3* | 10 reviews | Buenos Aires
[22:56:57] [2184/5631] esthly.com
[22:56:57]   OK Esthly | em:support@esthly.com | 4.3* | 10 reviews
[22:57:01] [2185/5631] impactaccelerator.io
[22:57:02]   OK Impact Accelerator | em:contact@impactaccelerator.io | 4.3* | 10 reviews | Manhattan
[22:57:06] [2186/5631] needforessay.com
[22:57:07]   OK Needforessay | ph:(435) 515-0111 | em:support@needforessay.com | 4.3* | 10 reviews | Utah
[22:57:12] [2187/5631] tradyom.com
[22:57:12]   OK Tradyom | ph:0019295716790 | em:grow@tradyom.com | 4.3* | 10 reviews | New York
[22:57:15] [2188/5631] infotechresume.com
[22:57:16]   OK Infotech Resume | 4.3* | 9 reviews
[22:57:20] [2189/5631] e-quranacademy.com
[22:57:21]   OK E Quranacademy | ph:(530) 278-5227 | em:info@e-quranacademy.com | 4.3* | 9 reviews
[22:57:24] [2190/5631] certometer.com
[22:57:25]   OK CertoMeter | 4.3* | 9 reviews
[22:57:28] [2191/5631] lifewithcredit.com
[22:57:29]   OK Life With Credit | ph:(888) 296-1008 | em:info@lifewithcredit.com | 4.3* | 9 reviews | FT LAUDERDALE
[22:57:32] [2192/5631] bjornlenz.com
[22:57:33]   OK Björn Lenz, PhD | em:info@bjornlenz.com | 4.3* | 9 reviews | New York
[22:57:37] [2193/5631] apexsalespros.com
[22:57:37]   OK Apex Sales Pros | 4.3* | 9 reviews
[22:57:41] [2194/5631] narensubramani.com
[22:57:41]   OK Naren Subramani | 4.3* | 9 reviews
[22:57:45] [2195/5631] masterycoding.com
[22:57:46]   OK Mastery Coding | em:hello@masterycoding.com | 4.3* | 9 reviews |  Thousand Oaks
[22:57:50] [2196/5631] 21bridgesllc.com
[22:57:51]   OK 21 Bridges Tutors | ph:(323) 519-9901 | em:andrea@21bridgesllc.com | 4.3* | 9 reviews | Indio
[22:57:55] [2197/5631] exclusive-paper.net
[22:57:55]   OK Exclusive-paper.net | ph:(888) 302-2214 | em:support@exclusive-paper.net | 4.3* | 9 reviews | Philadelphia, PA 
[22:58:00] [2198/5631] growyoursoul.love
[22:58:00]   OK Grow Your Soul | ph:(407) 463-3277 | em:lynn@growyoursoul.love | 4.3* | 9 reviews | MOUNT DORA
[22:58:03] [2199/5631] dispatch42.school
[22:58:04]   OK dispatch42.school | 4.3* | 9 reviews
[22:58:08] [2200/5631] quran.com
[22:58:08]   OK Al-Qur'an al-Kareem - القرآن الكريم | 4.3* | 9 reviews
[22:58:08]   [Progress saved: 2200 total leads]
[22:58:13] [2201/5631] nurtem.com
[22:58:13]   OK Nurtem | ph:(408) 365-4708 | em:support@nurtem.com | 4.3* | 9 reviews | Fremont
[22:58:17] [2202/5631] weneedtomeditate.com
[22:58:18]   OK Viji Mariaselvam | ph:(484) 923-0380 | em:Vijush@hotmail.com | 4.3* | 9 reviews | Charlotte
[22:58:22] [2203/5631] optiongenius.com
[22:58:22]   OK Option Genius | 4.3* | 9 reviews
[22:58:26] [2204/5631] productcareerlyst.com
[22:58:26]   OK Product Careerlyst | em:team@productcareerlyst.com | 4.3* | 9 reviews
[22:58:30] [2205/5631] apolloschool.io
[22:58:30]   OK Prequel | ph:(647) 955-2377 | em:hello@joinprequel.com | 4.3* | 9 reviews
[22:58:34] [2206/5631] e-ztutoring.com
[22:58:35]   OK E-Z Tutoring | ph:(954) 716-1644 | em:info@e-ztutoring.com | 4.3* | 9 reviews
[22:58:39] [2207/5631] chelseastokes.com
[22:58:40]   OK Rich and Hired Academy | em:support@chelseastokes.com | 4.4* | 10 reviews
[22:58:44] [2208/5631] filmmakersuccess.com
[22:58:45]   OK Filmmaker Success LLC | ph:(415) 368-3669 | em:joanne@filmmakersuccess.com | 4.3* | 9 reviews
[22:58:48] [2209/5631] www.londonglobalconsulting.com
[22:58:48]   OK Lisseth London Global Consulting, LLC | ph:(210) 998-1542 | em:Info@lissethlondonglobalconsulting.com | 4.3* | 9 reviews
[22:58:52] [2210/5631] ghislainemahler.com
[22:58:52]   OK Beyond Your Limits with Ghislaine Mahler | 4.3* | 9 reviews
[22:58:57] [2211/5631] 4dollaressay.com
[22:58:57]   OK 4 Dollar Essay | ph:001224-338-5225 | em:info@4dollaressay.com | 4.3* | 9 reviews | Houston, TX, USA
[22:59:00] [2212/5631] estevescreative.com
[22:59:01]   OK Esteves Creative | ph:(470) 835-0123 | em:hello@estevescreative.com | 4.3* | 9 reviews | Atlanta
[22:59:04] [2213/5631] eunioa.io
[22:59:04]   OK Eunioa | em:info@eunioa.io | 4.3* | 9 reviews
[22:59:08] [2214/5631] prime-resume.com
[22:59:08]   OK Prime-Resume | ph:(877) 352-5249 | em:support@prime-resume.com | 4.3* | 9 reviews | New York City
[22:59:13] [2215/5631] prime-essays.com
[22:59:13]   OK Prime Essays | 4.3* | 9 reviews
[22:59:18] [2216/5631] souqjet.com
[22:59:18]   OK SouqJet | Certified Resume Writers | em:hello@souqjet.com | 4.3* | 9 reviews | St. Petersburg
[22:59:21] [2217/5631] gandharvaschoolofmusic.com
[22:59:21]   OK Gandharvaschoolofmusic | 4.3* | 9 reviews
[22:59:26] [2218/5631] www.jeanettewettersteinlarsen.com
[22:59:26]   OK Jeanettewettersteinlarsen | 4.3* | 9 reviews
[22:59:30] [2219/5631] tieronetrading.com
[22:59:30]   OK Tieronetrading | 4.3* | 9 reviews | Olathe
[22:59:35] [2220/5631] thrilledmama.site
[22:59:36]   OK Thrilledmama | 4.3* | 9 reviews
[22:59:36]   [Progress saved: 2220 total leads]
[22:59:39] [2221/5631] edglobalacademy.com
[22:59:40]   OK Edglobalacademy | ph:(307) 381-0038 | em:info@edglobalacademy.com | 4.3* | 9 reviews | Sheridan
[22:59:44] [2222/5631] www.geeksgod.com
[22:59:45]   OK Geeksgod | 4.3* | 9 reviews
[22:59:49] [2223/5631] essayforever.com
[22:59:49]   OK EssayForever | 4.3* | 9 reviews
[22:59:53] [2224/5631] terraimm.com
[22:59:54]   OK TerraImm | ph:(713) 258-4068 | em:info@terraimm.com | 4.3* | 9 reviews | Houston
[22:59:57] [2225/5631] bullishstockalerts.com
[22:59:57]   OK Bullish Stock Alerts | em:contact@bullishstockalerts.com | 4.3* | 9 reviews | New York
[23:00:02] [2226/5631] order-essay.org
[23:00:04]   OK order-essay | 4.3* | 8 reviews
[23:00:09] [2227/5631] reikidome.com
[23:00:09]   OK Reiki Dome | ph:(425) 417-2066 | em:alex@reikidome.com | 4.3* | 8 reviews | Bellevue
[23:00:13] [2228/5631] miamitradingschool.com
[23:00:14]   OK Miami Trading Academy | ph:(800) 538-3856 | em:info@miamitradingschool.com | 4.3* | 8 reviews | Miami
[23:00:18] [2229/5631] alleviatetinnitustherapy.com
[23:00:19]   OK Alleviate Tinnitus Therapy | em:info@alleviatetinnitustherapy.com | 4.3* | 8 reviews
[23:00:23] [2230/5631] acemath.com
[23:00:23]   OK ACE Academy by LingoAce | 4.3* | 8 reviews
[23:00:26] [2231/5631] edwardemosleyjr.com
[23:00:27]   OK Edward E. Mosley Jr.  | ph:(571) 406-2667 | em:emosley@edwardemosleyjr.com | 4.3* | 8 reviews | Fredericksburg
[23:00:31] [2232/5631] vigormuse.com
[23:00:31]   OK VigorMuse Coaching | em:hello@vigormuse.com | 4.3* | 8 reviews | Arlington
[23:00:35] [2233/5631] agileresume.org
[23:00:35]   OK Agile Resume | em:eric@agileresume.org | 4.3* | 8 reviews
[23:00:38] [2234/5631] trainapelife.com
[23:00:38]   OK APE Life Coaching | 4.3* | 8 reviews
[23:00:42] [2235/5631] learnaboutwine.com
[23:00:43]   OK Learnaboutwine | 4.3* | 8 reviews
[23:00:46] [2236/5631] paperdone.org
[23:00:47]   OK Paperdone | 4.3* | 8 reviews
[23:00:51] [2237/5631] williamtingle.com
[23:00:51]   OK William Tingle | ph:(504) 437-1342 | em:support@williamtingle.com | 4.3* | 8 reviews | Bentonville
[23:00:55] [2238/5631] clientsandcoaching.com
[23:00:56]   OK Nathan Marchand Coaching | ph:(207) 712-1321 | em:nathan@nathanmarchandcoaching.com | 4.3* | 8 reviews | Asheville
[23:01:00] [2239/5631] sorsi.com
[23:01:00]   OK SORSI | ph:(913) 239-0228 | em:office@sorsi.com | 4.3* | 8 reviews
[23:01:03] [2240/5631] eastbadge.com
[23:01:03]   OK EastBadge | 4.3* | 8 reviews
[23:01:03]   [Progress saved: 2240 total leads]
[23:01:08] [2241/5631] ohiocomputeracademy.com
[23:01:08]   OK Ohiocomputeracademy | em:hello@ohiocomputeracademy.com | 4.3* | 8 reviews | Dublin
[23:01:13] [2242/5631] theblackmountainacademy.com
[23:01:14]   OK Black Mountain Academy | ph:(828) 357-4383 | 4.3* | 8 reviews | Black Mountain
[23:01:17] [2243/5631] cocoaching.dk
[23:01:17]   OK Cocoaching | 4.3* | 8 reviews
[23:01:21] [2244/5631] drninainc.com
[23:01:21]   OK Dr Nina, Inc. | ph:(818) 990-0622 | em:dr.nina@drninainc.com | 4.3* | 8 reviews | Calabasas
[23:01:25] [2245/5631] orionretreats.com
[23:01:26]   OK Orion Retreats | ph:(530) 638-2226 | em:info@orionretreats.com | 4.3* | 8 reviews | Mount Shasta
[23:01:30] [2246/5631] lovenlux.com
[23:01:30]   OK Love & Lux | em:info@lovenlux.com | 4.3* | 8 reviews | Boca Raton
[23:01:33] [2247/5631] freedomcoachinglab.aweb.page
[23:01:34]   OK Freedomcoachinglab Aweb | 4.3* | 8 reviews
[23:01:39] [2248/5631] behappiful.com
[23:01:39]   OK Happiful | ph:(888) 494-2779 | em:info@behappiful.com | 4.3* | 8 reviews | Reno
[23:01:43] [2249/5631] jsnmentoring.com
[23:01:43]   OK Jsnmentoring | 4.3* | 8 reviews
[23:01:47] [2250/5631] resumewriterusa.com
[23:01:48]   OK Resume Writer USA | ph:(877) 210-2200 | em:Linda@resumewriterusa.com | 4.3* | 8 reviews | North Las Vegas
[23:01:53] [2251/5631] hanux.org
[23:01:53]   OK Hanux Learning | ph:(848) 291-1630 | em:support@hanux.org | 4.3* | 8 reviews | Sheridan
[23:01:57] [2252/5631] quenza.com
[23:01:57]   OK Quenza | ph:+31683606833 | em:info@quenza.com | 4.3* | 8 reviews | Maastricht
[23:02:01] [2253/5631] medsalesblueprint.com
[23:02:02]   OK MedSales Blueprint | 4.3* | 8 reviews
[23:02:07] [2254/5631] cpa.examprep.ai
[23:02:07]   OK ExamPrep.ai | ph:(617) 800-0007 | em:support@examprep.ai | 4.3* | 8 reviews | Pasadena
[23:02:11] [2255/5631] aestheticlasercourses.com
[23:02:11]   OK AML Laser Academy | 4.3* | 8 reviews
[23:02:15] [2256/5631] chicagostudentloans.com
[23:02:15]   OK A.M. Money | em:info@a-m.money | 4.3* | 8 reviews | Chicago
[23:02:20] [2257/5631] jcarole.com
[23:02:20]   OK Jennifer Carole | Leadership Coach | ph:(831) 239-6496 | em:jennifer@jcarole.com | 4.3* | 8 reviews | Santa Cruz
[23:02:24] [2258/5631] desmos.com
[23:02:25]   OK Desmos | 4.3* | 8 reviews
[23:02:28] [2259/5631] apexinitiative.co
[23:02:28]   OK Apex Initiative | ph:(213) 271-7388 | em:paul@apexinitiative.co | 4.3* | 8 reviews | ALBUQUERQUE
[23:02:32] [2260/5631] www.deltacatalystlab.com
[23:02:33]   OK Delta Catalyst Lab | ph:(313) 230-4781 | em:support@deltacatalystlab.com | 4.3* | 8 reviews | Birmingham
[23:02:33]   [Progress saved: 2260 total leads]
[23:02:37] [2261/5631] infiniteemploymentpossibilitiesllc.com
[23:02:38]   OK Infinite Employment Possibilities, LLC | ph:(866) 535-0342 | em:customer-support@infiniteemploymentpossibilitiesllc.com | 4.3* | 7 reviews | Chesapeake
[23:02:42] [2262/5631] monstereducation.com
[23:02:42]   OK Monster Education | ph:(855) 664-1888 | em:info@monstereducation.com | 4.3* | 7 reviews | Los Angeles
[23:02:46] [2263/5631] textamend.com
[23:02:47]   OK Textamend | ph:(646) 820-0990 | em:team@textamend.com | 4.3* | 7 reviews
[23:02:51] [2264/5631] allamericanmun.com
[23:02:52]   OK All-American Model UN | ph:(857) 400-9525 | em:hello@allamericanmun.com | 4.3* | 7 reviews | Cambridge
[23:02:55] [2265/5631] wenyorsinternational.com
[23:02:56]   OK Wenyorsinternational | em:info@wenyorsinternational.com | 4.3* | 7 reviews
[23:02:59] [2266/5631] beyond-wealthtrading.com
[23:02:59]   OK Beyond Wealth Trading | em:support@beyondwealthtrading.com | 4.3* | 7 reviews
[23:03:03] [2267/5631] essayfount.com
[23:03:03]   OK Essayfount | 4.3* | 7 reviews | New Lenox
[23:03:06] [2268/5631] tcsgroupacademy.com
[23:03:07]   OK TCSG Academy | ph:(559) 777-2410 | em:contactus@tcsgroupacademy | 4.3* | 7 reviews | Sheridan
[23:03:11] [2269/5631] seedtime.com
[23:03:11]   OK SeedTime Money | ph:(636) 344-0438 | em:lauren@seedtime.com | 4.3* | 7 reviews | Franklin
[23:03:15] [2270/5631] adminandeve.com
[23:03:15]   OK Admin & Eve, LLC | 4.3* | 7 reviews
[23:03:19] [2271/5631] my.plagscout.com
[23:03:20]   OK plagscout.com | 4.3* | 7 reviews
[23:03:23] [2272/5631] gradschoolgrades.com
[23:03:24]   OK Grad School Grades | em:vlad@gradschoolgrades.com | 4.3* | 7 reviews | Dover
[23:03:27] [2273/5631] justxpert.com
[23:03:27]   OK Justxpert | 4.3* | 7 reviews
[23:03:31] [2274/5631] webxracademy.com
[23:03:32]   OK WebXR Academy | em:hello@webxracademy.com | 4.3* | 7 reviews
[23:03:37] [2275/5631] thomasedwardsjr.com
[23:03:37]   OK Thomas Edwards Jr. | ph:(601) 879-4641 | em:thomas@thomasedwardsjr.com | 4.3* | 7 reviews
[23:03:42] [2276/5631] essaysbureau.com
[23:03:42]   OK EssaysBureau | 4.3* | 7 reviews
[23:03:47] [2277/5631] 10pagepapers.com
[23:03:47]   OK 10pagepapers | 4.3* | 7 reviews
[23:03:52] [2278/5631] derrickjoseph.com
[23:03:52]   OK Derrick Joseph - Psychic Medium | ph:(267) 607-3939 | em:derrick.joseph.mystic@gmail.com | 4.3* | 7 reviews | Philadelphia
[23:03:55] [2279/5631] statistics.laerd.com
[23:03:56]   OK statistics.laerd.com | 4.3* | 7 reviews
[23:03:59] [2280/5631] wiziya.com
[23:04:00]   OK Wiziya | 4.3* | 7 reviews
[23:04:00]   [Progress saved: 2280 total leads]
[23:04:03] [2281/5631] thegritguy.com
[23:04:04]   OK The Grit Guy | 4.3* | 7 reviews
[23:04:07] [2282/5631] yotribe.co
[23:04:08]   OK Yotribe | ph:(202) 643-3494 | em:yo@yotribe.co | 4.3* | 7 reviews | New York
[23:04:13] [2283/5631] www.hoxlp.com
[23:04:13]   OK Hoxlp | 4.3* | 7 reviews
[23:04:17] [2284/5631] itexamhub.com
[23:04:17]   OK ITExam Hub | em:admin@itexamhub.com | 4.3* | 7 reviews | Albuquerque
[23:04:22] [2285/5631] www.profitduel.com
[23:04:22]   OK ProfitDuel | ph:(201) 643-6980 | em:support@profitduel.com | 4.3* | 7 reviews | Hoboken
[23:04:26] [2286/5631] tkchannel.com
[23:04:26]   OK tkchannel.com | 4.3* | 7 reviews
[23:04:29] [2287/5631] formations-spiritualite-energetique.com
[23:04:30]   OK Formations Spiritualite Energetique | 4.3* | 7 reviews
[23:04:33] [2288/5631] crazyessay.com
[23:04:34]   OK Crazyessay | 4.3* | 7 reviews
[23:04:38] [2289/5631] escuelacienciassalud.com
[23:04:38]   OK Escuelacienciassalud | 4.3* | 7 reviews
[23:04:42] [2290/5631] doubledareyou.us
[23:04:43]   OK Burnout Breakthrough | ph:(402) 630-8998 | em:Lianne@doubledareyou.us | 4.3* | 7 reviews | Omaha
[23:04:47] [2291/5631] tract.app
[23:04:47]   OK Tract | ph:(833) 872-2826 | em:hello@tract.app | 4.3* | 7 reviews | San Francisco
[23:04:52] [2292/5631] successfullystartingover.com
[23:04:53]   OK Successfully Starting Over | ph:(415) 385-2378 | em:info@successfullystartingover.com | 4.3* | 7 reviews | Brooklyn
[23:04:56] [2293/5631] vimalarane.com
[23:04:56]   OK Vimalarane | 4.3* | 7 reviews
[23:05:00] [2294/5631] customessayorder.com
[23:05:01]   OK Custom Essay Order | ph:(888) 220-7382 | em:support@customessayorder.com | 4.3* | 7 reviews | Seattle
[23:05:06] [2295/5631] compensation.coach
[23:05:06]   OK The Compensation Coach | em:thecompensationcoach@gmail.com | 4.3* | 7 reviews
[23:05:09] [2296/5631] onsego.com
[23:05:10]   OK Onsego | em:support@onsego.com | 4.3* | 7 reviews
[23:05:13] [2297/5631] rosemet.com
[23:05:14]   OK ROSEMET LLC | ph:(864) 209-1612 | em:info@rosemet.com | 4.3* | 7 reviews | Greer
[23:05:18] [2298/5631] careerstep.com
[23:05:19]   OK CareerStep | ph:(800) 411-7073 | em:info@careerstep.com | 4.2* | 4983 reviews | Lehi
[23:05:22] [2299/5631] www.pirple.com
[23:05:23]   OK Pirple.com | ph:(415) 662-3180 | em:hello@pirple.com | 4.2* | 2955 reviews
[23:05:26] [2300/5631] apress.com
[23:05:27]   OK apress.com | em:customerservice@springernature.com | 4.2* | 2703 reviews | New York
[23:05:27]   [Progress saved: 2300 total leads]
[23:05:30] [2301/5631] princetonreview.com
[23:05:31]   OK The Princeton Review | ph:(800) 273-8439 | 4.2* | 2116 reviews
[23:05:35] [2302/5631] revolutionprep.com
[23:05:35]   OK Revolution Prep | ph:(877) 738-7737 | em:info@revolutionprep.com | 4.2* | 778 reviews | Culver City
[23:05:39] [2303/5631] elite-boutiques.com
[23:05:40]   OK Elite Boutiques | em:contact@elite-boutiques.com | 4.2* | 678 reviews
[23:05:43] [2304/5631] titany.co
[23:05:43]   OK Titany | em:info@titany.co | 4.2* | 340 reviews | Albuquerque
[23:05:48] [2305/5631] ai-camp.org
[23:05:48]   OK ai-camp.org | ph:(626) 688-7921 | em:hello@ai-camp.org | 4.2* | 335 reviews | Palo Alto
[23:05:52] [2306/5631] iq-global-test.com
[23:05:53]   OK iq-global-test.com | 4.2* | 294 reviews
[23:05:57] [2307/5631] www.marriagehelper.com
[23:05:58]   OK Marriage Helper | ph:(615) 472-1161 | em:info@marriagehelper.com | 4.2* | 250 reviews | Spring Hill
[23:06:02] [2308/5631] resumewritinggroup.com
[23:06:03]   OK Resume Writing Group | ph:(800) 466-3076 | em:dave@resumewritinggroup.com | 4.2* | 222 reviews | Mesa
[23:06:07] [2309/5631] www.aupairinamerica.com
[23:06:08]   OK Au Pair in America | em:hello@aupairamerica.co.uk | 4.2* | 114 reviews | Stamford
[23:06:12] [2310/5631] www.oshaoutreachcourses.com
[23:06:12]   OK OSHA Outreach Courses | ph:(833) 212-6742 | em:support@oshaoutreachcourses.com | 4.2* | 104 reviews | Houston
[23:06:17] [2311/5631] enneagram-personality.com
[23:06:17]   OK Enneagram Test (Free) (enneagram-personality.com) | 4.2* | 98 reviews
[23:06:21] [2312/5631] asknow.com
[23:06:21]   OK AskNow | 4.2* | 96 reviews | Largo
[23:06:24] [2313/5631] ontocollege.com
[23:06:25]   OK OnToCollege | ph:(402) 475-7737 | em:info@ontocollege.com | 4.2* | 87 reviews | Lincoln
[23:06:29] [2314/5631] cursosbajoprecio.com
[23:06:29]   OK Cursos Bajo Precio | ph:+43688877766826 | em:cursosbajoprecio@gmail.com | 4.2* | 60 reviews | Miami
[23:06:33] [2315/5631] testdumps.org
[23:06:33]   OK Testdumps | 4.2* | 56 reviews
[23:06:38] [2316/5631] www.topborsa.com
[23:06:38]   OK topborsa.com | ph:800 681 999 | em:info@topborsa.com | 4.2* | 55 reviews | UAQ Free Trade Zone
[23:06:43] [2317/5631] tradingalphas.com
[23:06:43]   OK Tradingalphas | em:hello@tradingalphas.com | 4.2* | 52 reviews | Sheridan
[23:06:47] [2318/5631] easydrivingsafety.com
[23:06:47]   OK Easy Driving Safety | ph:(888) 770-0963 | em:support@easydrivingsafety.com | 4.2* | 48 reviews | Plano
[23:06:51] [2319/5631] resumas.com
[23:06:52]   OK Resumas | em:support@resumas.com | 4.2* | 43 reviews
[23:06:56] [2320/5631] liveandstudy.eu
[23:06:56]   OK Liveandstudy | 4.2* | 42 reviews
[23:06:56]   [Progress saved: 2320 total leads]
[23:07:00] [2321/5631] thorstenwittmann.com
[23:07:00]   OK thorstenwittmann.com | em:klartext@thorstenwittmann.com | 4.2* | 41 reviews | Miami
[23:07:05] [2322/5631] wedevx.co
[23:07:06]   OK WEDEVX | ph:(312) 667-9735 | em:hello@wedevx.co
[23:07:09] [2323/5631] bridgingthegap.ai
[23:07:09]   OK Bridger Rogers: Freedom Closer Academy | em:Bridger@bridgingthegap.ai | 4.2* | 37 reviews
[23:07:12] [2324/5631] mentoredbyty.com
[23:07:13]   OK mentoredbyty.com | 4.2* | 37 reviews
[23:07:17] [2325/5631] intellectualszone.net
[23:07:18]   OK IntellectualsZone | em:care@intellectualszone.net | 4.2* | 29 reviews
[23:07:21] [2326/5631] 4geeksacademy.com
[23:07:22]   OK 4Geeks Academy | 4.2* | 26 reviews
[23:07:25] [2327/5631] assistiveitsolutions.com
[23:07:25]   OK Assistiveitsolutions | 4.2* | 26 reviews
[23:07:29] [2328/5631] liquorexam.com
[23:07:30]   OK LIQUORexam.com | ph:(888) 344-5554 | em:contact@LIQUORexam.com | 4.2* | 24 reviews | Cedar Park
[23:07:33] [2329/5631] pushbuttontrading.co
[23:07:34]   OK Push Button Trading | ph:(615) 819-5215 | em:hello@pushbuttontrading.co | 4.2* | 24 reviews | Franklin
[23:07:38] [2330/5631] study4pass.com
[23:07:39]   OK Study4pass | em:support@study4pass.com | 4.2* | 23 reviews | Sheridan
[23:07:42] [2331/5631] senvestai.us
[23:07:42]   OK Senvestai | ph:(929) 277-6903 | em:support@senvestai.us | 4.2* | 22 reviews
[23:07:47] [2332/5631] lifestyleprescriptions.tv
[23:07:47]   OK Lifestyle Prescriptions® University | ph:(310) 906-0366 | em:support@lifestyleprescriptions.tv | 4.2* | 21 reviews | Cheyenne
[23:07:51] [2333/5631] www.statisticsassignmenthelper.com
[23:07:52]   OK StatisticsAssignmentHelper.com | 4.2* | 19 reviews
[23:07:57] [2334/5631] www.jaychrismentor.com
[23:07:57]   OK Ascension Consulting | em:customerservice@jaychrismentor.com | 4.2* | 19 reviews | Albuquerque
[23:08:02] [2335/5631] assignzen.com
[23:08:02]   OK Assignzen | 4.2* | 18 reviews
[23:08:05] [2336/5631] proresumehelp.org
[23:08:06]   OK Proresumehelp | em:support@proresumehelp.org | 4.2* | 17 reviews
[23:08:10] [2337/5631] endiseducation.org
[23:08:10]   OK Endis | em:help@endiseducation.org | 4.2* | 16 reviews
[23:08:14] [2338/5631] impactaccelerator.online
[23:08:14]   OK Impact Accelerator | em:info@impactaccelerator.online | 4.2* | 16 reviews | San Diego
[23:08:18] [2339/5631] www.learndigital.co
[23:08:18]   OK Learn Digital | 4.2* | 16 reviews
[23:08:22] [2340/5631] stash101.com
[23:08:23]   OK Stash101 | ph:(800) 205-5164 | em:stash101support@stash.com | 4.2* | 15 reviews | New York
[23:08:23]   [Progress saved: 2340 total leads]
[23:08:28] [2341/5631] business-explained.com
[23:08:28]   OK Business Explained | em:hello@business-explained.com | 4.2* | 15 reviews
[23:08:32] [2342/5631] shadowpages.io
[23:08:33]   OK Shadow Pages | em:support@shadowpages.io | 4.2* | 14 reviews
[23:08:36] [2343/5631] usaonlineessays.com
[23:08:37]   OK usaonlineessays.com | 4.2* | 14 reviews
[23:08:41] [2344/5631] alna-design.com
[23:08:41]   OK Alna Design | em:team@alna-design.com | 4.2* | 13 reviews | Long Island City
[23:08:45] [2345/5631] drewwolfer.com
[23:08:46]   OK Nordic Alpha | em:info@drewwolfer.com | 4.2* | 13 reviews | Fort Myers
[23:08:49] [2346/5631] worksheet-creator.com
[23:08:50]   OK Worksheet Creator | 4.2* | 12 reviews
[23:08:53] [2347/5631] expert-writers.net
[23:08:54]   OK Expert-Writers.net | ph:(917) 702-7757 | 4.2* | 12 reviews
[23:08:58] [2348/5631] learnxr.io
[23:08:59]   OK Learn XR | em:hello@learnxr.io | 4.2* | 12 reviews | South Jordan
[23:09:03] [2349/5631] sparkbyexamples.com
[23:09:03]   OK Sparkbyexamples | em:sparkbyexamples@gmail.com | 4.2* | 11 reviews | IRVINE
[23:09:08] [2350/5631] asnhr.com
[23:09:08]   OK ASNHR/ Dr. Neha Sanwalka | 4.2* | 11 reviews
[23:09:12] [2351/5631] adeptdating.com
[23:09:12]   OK Adept Dating | em:support@adeptdating.com | 4.2* | 11 reviews | Sheridan
[23:09:15] [2352/5631] projectmedschool.com
[23:09:16]   OK ProjectMedSchool | 4.2* | 11 reviews
[23:09:20] [2353/5631] simusell.com
[23:09:21]   OK Sim-u-sell Sales Management Simulation | em:support@simusell.com | 4.2* | 11 reviews | Streetsboro
[23:09:24] [2354/5631] learnwithkirthi.com
[23:09:25]   OK Learnwithkirthi | 4.2* | 11 reviews
[23:09:30] [2355/5631] logaligroup.com
[23:09:30]   OK logaligroup.com | 4.2* | 10 reviews
[23:09:35] [2356/5631] productcamps.com
[23:09:35]   OK Productcamps | 4.2* | 10 reviews
[23:09:39] [2357/5631] essayjabber.com
[23:09:39]   OK EssayJabber.com | em:info@essayjabber.com | 4.2* | 10 reviews
[23:09:44] [2358/5631] assignmentforum.com
[23:09:44]   OK assignmentforum.com | 4.2* | 9 reviews
[23:09:49] [2359/5631] www.tryexponent.com
[23:09:50]   OK Exponent | em:support@tryexponent.com | 4.2* | 9 reviews
[23:09:53] [2360/5631] testcollections.com
[23:09:53]   OK Testcollections | 4.2* | 9 reviews
[23:09:53]   [Progress saved: 2360 total leads]
[23:09:57] [2361/5631] tradymind.com
[23:09:58]   OK Tradymind | 4.2* | 8 reviews
[23:10:02] [2362/5631] onlinemathcenter.com
[23:10:02]   OK Online Math Center (OMC) | ph:(978) 395-2026 | em:support@onlinemathcenter.com | 4.2* | 8 reviews
[23:10:06] [2363/5631] institutodeinteriorismo.com
[23:10:07]   OK Instituto de Interiorismo | em:contacto-us-es@service.theinteriordesigninstitute.com | 4.2* | 8 reviews | San Francisco
[23:10:11] [2364/5631] college-paper.org
[23:10:12]   OK College Paper | 4.2* | 8 reviews
[23:10:15] [2365/5631] charlenemurray1.com
[23:10:16]   OK Charlene Murray | 4.2* | 8 reviews
[23:10:19] [2366/5631] thedigisoft.com
[23:10:20]   OK The Digi Soft | 4.2* | 8 reviews
[23:10:25] [2367/5631] reliabledegree.com
[23:10:25]   OK Reliabledegree | 4.2* | 8 reviews
[23:10:30] [2368/5631] oltraining.com
[23:10:30]   OK Online Training Institute | ph:(561) 283-0333 | em:finance@oltraining.com | 4.2* | 8 reviews | Deland
[23:10:35] [2369/5631] stocksquares.com
[23:10:35]   OK Stocksquares | 4.2* | 8 reviews
[23:10:40] [2370/5631] learnreadquran.com
[23:10:40]   OK Learn Quran Online with Tajweed | ph:(512) 325-7603 | em:info@learnreadquran.com | 4.2* | 8 reviews | Austin
[23:10:43] [2371/5631] beatsbydara.com
[23:10:44]   OK Beats By Dara | ph:(276) 525-9031 | em:info@beatsbydara.com | 4.2* | 8 reviews | Houston
[23:10:48] [2372/5631] goethe-sprachschule.com
[23:10:49]   OK Goethe Sprachschule | 4.2* | 7 reviews
[23:10:52] [2373/5631] education-ecosystem.com
[23:10:52]   OK Education Ecosystem | 4.2* | 7 reviews | San Francisco
[23:10:57] [2374/5631] silverquicken.com
[23:10:58]   OK silverquicken.com | em:info@silverquicken.com | 4.2* | 7 reviews | Carrboro
[23:11:01] [2375/5631] ladyleaderacademy.com
[23:11:02]   OK Lady LEADER Academy, LLC | ph:(240) 502-5323 | em:info@ladyleaderacademy.com | 4.2* | 7 reviews | Windsor Mill
[23:11:05] [2376/5631] calmingchaoswithale.com
[23:11:05]   OK Calmingchaoswithale | ph:(786) 390-5674 | em:calmingchaoswithale@gmail.com | 4.2* | 7 reviews
[23:11:08] [2377/5631] lisaflynn.com
[23:11:09]   OK Lisa Flynn Coaching | 4.2* | 7 reviews
[23:11:13] [2378/5631] mungapunga.com
[23:11:13]   OK Mungapunga | em:support@mungapunga.com | 4.2* | 7 reviews | Draper
[23:11:17] [2379/5631] marketmindsmastery.com
[23:11:17]   OK Marketmindsmastery | 4.2* | 7 reviews
[23:11:21] [2380/5631] domycodinghomework.com
[23:11:21]   OK Domycodinghomework | 4.2* | 7 reviews
[23:11:21]   [Progress saved: 2380 total leads]
[23:11:26] [2381/5631] publications.vsac.org
[23:11:26]   OK VSAC Publications | ph:(800) 642-3177 | em:publications@vsac.org | 4.2* | 7 reviews | Winooski
[23:11:30] [2382/5631] coachers.org
[23:11:30]   OK Coachers | 4.2* | 7 reviews
[23:11:34] [2383/5631] www.chemistryassignmenthelp.com
[23:11:34]   OK Chemistryassignmenthelp | 4.2* | 7 reviews
[23:11:39] [2384/5631] www.practice4me.com
[23:11:39]   OK Practice4me | 4.2* | 7 reviews
[23:11:43] [2385/5631] www.matlabhomeworkhelper.com
[23:11:44]   OK Matlab Homework Helper | ph:(315) 557-6473 | em:support@matlabhomeworkhelper.com | 4.2* | 7 reviews | Purdon
[23:11:48] [2386/5631] www.bdfx.com
[23:11:48]   OK Bdfx | 4.2* | 7 reviews
[23:11:52] [2387/5631] unusualdaytrader.com
[23:11:53]   OK Unusualdaytrader | em:unusualdaytrader@gmail.com | 4.2* | 7 reviews | New York
[23:11:57] [2388/5631] careervantage.co.uk
[23:11:57]   OK Careervantage | 4.2* | 7 reviews
[23:12:02] [2389/5631] www.actfirstcpr.com
[23:12:02]   OK Act First CPR | ph:(508) 500-9727 | em:contact@actfirstcpr.com | 4.2* | 7 reviews | Wrentham
[23:12:06] [2390/5631] cursodeoratoria.com
[23:12:06]   OK Curso de Oratoria ™ | ph:(786) 864-0673 | em:contacto@cursodeoratoria.com | 4.2* | 7 reviews | Hawthorne
[23:12:11] [2391/5631] ulcj.university
[23:12:11]   OK Universidad Latinoamericana de Ciencias Jurídicas | ph:(305) 367-8226 | em:academico@ulcj.university | 4.2* | 7 reviews | Miami
[23:12:14] [2392/5631] coursemaster.co
[23:12:14]   OK COURSE MASTER | em:support@coursemaster.co | 4.2* | 7 reviews | Tampa
[23:12:19] [2393/5631] grow10x.io
[23:12:19]   OK Grow10x | em:support@grow10x.io | 4.2* | 7 reviews | Albuquerque
[23:12:23] [2394/5631] columbiatutoring.com
[23:12:24]   OK Columbia Tutoring | ph:(573) 222-0546 | em:tutoring@columbiatutoring.com | 4.2* | 6 reviews | Columbia
[23:12:28] [2395/5631] enrichednurse.com
[23:12:29]   OK The Enriched Nurse® | em:dan@enrichednurse.com | 4.2* | 6 reviews
[23:12:33] [2396/5631] resumeinminutes.com
[23:12:34]   OK Resume In Minutes | ph:(800) 758-4921 | em:customerservice@resumeinminutes.com | 4.2* | 6 reviews | Morton Grove
[23:12:37] [2397/5631] autolocksmithelite.com
[23:12:37]   OK Auto Locksmith Elite | em:adnane@autolocksmithelite.com | 4.2* | 6 reviews
[23:12:42] [2398/5631] mintstudiosagency.com
[23:12:42]   OK Akos Kis-Kallo (Mindset Coaching) | 4.2* | 6 reviews
[23:12:46] [2399/5631] setandsell.com
[23:12:46]   OK Setandsell.com | em:support@setandsell.com | 4.2* | 6 reviews
[23:12:51] [2400/5631] essaybolt.com
[23:12:51]   OK Essaybolt | ph:(855) 442-6454 | em:info@essaybolt.com | 4.2* | 6 reviews
[23:12:51]   [Progress saved: 2400 total leads]
[23:12:56] [2401/5631] www.fremontmathhub.com
[23:12:56]   OK Fremontmathhub | 4.2* | 6 reviews
[23:13:01] [2402/5631] needassignment.com
[23:13:02]   OK Needassignment | ph:(837) 787-5990 | em:contact@needassignment.com | 4.2* | 6 reviews | New York
[23:13:06] [2403/5631] shareholdr.io
[23:13:06]   OK shareholdr.io | em:info@megapixelab.se | 4.2* | 6 reviews | Stockholm
[23:13:10] [2404/5631] veteranhundoclub.com
[23:13:10]   OK VETERAN HUNDO CLUB ™  | ph:(315) 643-0202 | em:support@veteranhundoclub.com | 4.2* | 6 reviews | Kirkville
[23:13:14] [2405/5631] philippstieler.de
[23:13:14]   OK Philipp Stieler | Online Dating Coach | ph:+4915172720428 | em:info@philippstieler.de | 4.2* | 6 reviews | ST. Petersburg
[23:13:17] [2406/5631] thesobercreative.com
[23:13:18]   OK The Sober Creative | 4.2* | 6 reviews
[23:13:23] [2407/5631] essaylimo.com
[23:13:23]   OK essaylimo.com | ph:(208) 254-6996 | em:info@essaylimo.com | 4.2* | 6 reviews | Los Angeles
[23:13:28] [2408/5631] resumeprestige.com
[23:13:28]   OK Resume Prestige | em:support@resumeprestige.com | 4.2* | 6 reviews
[23:13:31] [2409/5631] getyourbestresume.com
[23:13:32]   OK Get Your Best Resume | 4.2* | 6 reviews
[23:13:35] [2410/5631] english-proofreading-experts.com
[23:13:36]   OK English Proofreading Experts | 4.2* | 6 reviews
[23:13:39] [2411/5631] compassresume.com
[23:13:40]   OK Compass Resume Co. | ph:(706) 288-8640 | em:info@compassresume.com | 4.2* | 6 reviews | Evans
[23:13:43] [2412/5631] nocodeadvantage.com
[23:13:43]   OK nocodeadvantage.com | em:support@nocodeadvantage.com | 4.2* | 6 reviews | Pleasant Grove
[23:13:48] [2413/5631] monsalud.studio
[23:13:48]   OK MonSalud Studio | ph:(505) 208-6676 | em:hola@monsalud.studio | 4.2* | 6 reviews | Albuquerque
[23:13:52] [2414/5631] examprepresources.com
[23:13:52]   OK Examprepresources | em:Tbworld2020@gmail.com | 4.2* | 6 reviews
[23:13:57] [2415/5631] www.mastersofai.courses
[23:13:57]   OK Masters of AI™ | em:contact@mastersofai.courses | 4.2* | 6 reviews | Brooklyn
[23:14:01] [2416/5631] midalyspadron.com
[23:14:03]   OK Midalys Padron Enterprise LLC | 4.2* | 6 reviews
[23:14:07] [2417/5631] www.42courses.com
[23:14:07]   OK 42courses | 4.2* | 6 reviews
[23:14:10] [2418/5631] eliteacademicresearch.com
[23:14:10]   OK Elite Academic Research | ph:(213) 436-1352 | em:support@eliteacademicresearch.com | 4.2* | 6 reviews | Pasadena
[23:14:15] [2419/5631] getamplifier.com
[23:14:15]   OK Amplifier | 4.2* | 6 reviews
[23:14:20] [2420/5631] www.tricksteinbach.com
[23:14:21]   OK Trick Steinbach  | em:nicole@tricksteinbach.com | 4.2* | 6 reviews | Golden
[23:14:21]   [Progress saved: 2420 total leads]
[23:14:24] [2421/5631] collegedisha.com
[23:14:25]   OK CollegeDisha | 4.2* | 6 reviews
[23:14:29] [2422/5631] benidex.com
[23:14:30]   OK benidex.com | 4.2* | 6 reviews
[23:14:34] [2423/5631] premiumdegree.com
[23:14:34]   OK Premiumdegree | 4.2* | 6 reviews
[23:14:39] [2424/5631] australiaessaywriters.com
[23:14:39]   OK Australiaessaywriters | 4.2* | 6 reviews
[23:14:42] [2425/5631] personalstatementwriter.org
[23:14:43]   OK Personalstatementwriter | 4.2* | 6 reviews
[23:14:47] [2426/5631] yourdyslexiaexpert.com
[23:14:47]   OK Your Dyslexia Expert | ph:(909) 528-2680 | em:Troyhubbell@yourdyslexiaexpert.com | 4.2* | 6 reviews | Denver
[23:14:51] [2427/5631] newline.co
[23:14:51]   OK Newline AI Accelerator | em:us@fullstack.io | 4.2* | 6 reviews
[23:14:56] [2428/5631] yabla.com
[23:14:56]   OK Yabla | ph:(212) 625-3226 | em:support@yabla.com | 4.1* | 3157 reviews | New York
[23:15:01] [2429/5631] study.com
[23:15:02]   OK Study.com | ph:(877) 266-4919 | 4.1* | 2900 reviews | Mountain View
[23:15:05] [2430/5631] praktika.ai
[23:15:06]   OK Praktika AI | ph:(650) 332-0501 | em:support@praktika.ai | 4.1* | 644 reviews | Palo Alto
[23:15:10] [2431/5631] iready.com
[23:15:11]   OK Iready | 1.3* | 148 reviews
[23:15:15] [2432/5631] jenniejohnson.com
[23:15:15]   OK Jennie Johnson | em:jennie@jenniejohnson.com | 4.1* | 643 reviews | Austin
[23:15:20] [2433/5631] teacheron.com
[23:15:20]   OK teacheron | 4.1* | 550 reviews | London
[23:15:24] [2434/5631] junehomes.com
[23:15:25]   OK June Homes | ph:(888) 604-6697 | em:welcome@junehomes.com | 4.1* | 431 reviews | New York
[23:15:29] [2435/5631] www.elektor.com
[23:15:29]   OK Elektor Store | ph:+44 02076928344 | em:service@elektor.com | 4.1* | 399 reviews | Susteren
[23:15:34] [2436/5631] netcomlearning.com
[23:15:34]   OK NetCom Learning | ph:(888) 563-8266 | em:info@netcomlearning.com | 4.1* | 347 reviews | New York
[23:15:38] [2437/5631] www.editage.com
[23:15:39]   OK Editage | ph:(833) 979-0061 | em:request@editage.com | 4.1* | 212 reviews | Princeton
[23:15:44] [2438/5631] lavnercampsandprograms.com
[23:15:45]   OK lavnercampsandprograms.com | 4.1* | 197 reviews
[23:15:49] [2439/5631] academiaeuropea.com
[23:15:50]   OK Academia Europea | em:digital@academiaeuropea.com | 4.1* | 176 reviews | Miami
[23:15:54] [2440/5631] theinterviewguys.com
[23:15:55]   OK TheInterviewGuys.com | ph:(888) 478-9512 | em:support@theinterviewguys.com | 4.1* | 150 reviews
[23:15:55]   [Progress saved: 2440 total leads]
[23:16:00] [2441/5631] jenni.ai
[23:16:00]   OK Jenni AI | em:support@jenni.ai | 4.1* | 141 reviews
[23:16:04] [2442/5631] qwikresume.com
[23:16:05]   OK Qwikresume.com | 4.1* | 122 reviews
[23:16:09] [2443/5631] modernwealthy.com
[23:16:10]   OK Modern Wealthy | em:support@launchyou.com | 4.1* | 106 reviews
[23:16:14] [2444/5631] www.jobsolv.com
[23:16:14]   OK Jobsolv | em:hello@jobsolv.com | 4.1* | 105 reviews | Austin
[23:16:17] [2445/5631] www.careerfitter.com
[23:16:18]   OK CareerFitter | 4.1* | 100 reviews
[23:16:22] [2446/5631] getmypath.com
[23:16:22]   OK GETMYPATH LEARNING ACADEMY | ph:(515) 368-8871 | em:support@getmypath.com | 4.1* | 82 reviews | poway
[23:16:26] [2447/5631] docmerit.com
[23:16:26]   OK DocMerit | em:support@docmerit.com | 4.1* | 77 reviews
[23:16:31] [2448/5631] finestro.io
[23:16:32]   OK Finestro | 4.1* | 76 reviews
[23:16:35] [2449/5631] uniontestprep.com
[23:16:36]   OK Union Test Prep | em:info@uniontestprep.com | 4.1* | 69 reviews | Grand Rapids
[23:16:40] [2450/5631] mineacademy.org
[23:16:41]   OK MineAcademy | 4.1* | 66 reviews
[23:16:45] [2451/5631] www.top-english-academy.com
[23:16:45]   OK top-english-academy.com | ph:(678) 506-0109 | em:info@top-english-academy.com | 4.1* | 61 reviews | New York
[23:16:50] [2452/5631] cwnp.com
[23:16:50]   OK CWNP | ph:(866) 438-2963 | em:marketing@cwnp.com | 4.1* | 57 reviews | Durham
[23:16:54] [2453/5631] remoteintegrators.com
[23:16:55]   OK Remote Integrator Academy | 4.1* | 43 reviews
[23:16:59] [2454/5631] christianmickelsen.com
[23:16:59]   OK christianmickelsen.com | 4.1* | 28 reviews
[23:17:03] [2455/5631] momentum-options.com
[23:17:03]   OK Momentum Options | em:info@momentum-options.com | 4.1* | 27 reviews
[23:17:08] [2456/5631] boostprep.com
[23:17:08]   OK BoostPrep.com | em:support@boostprep.com | 4.1* | 25 reviews | Dublin
[23:17:12] [2457/5631] passexamsnow.com
[23:17:12]   OK Passexamsnow | 4.1* | 21 reviews
[23:17:17] [2458/5631] iil.com
[23:17:17]   OK International Institute for Learning | ph:(212) 758-0177 | em:learning@iil.com | 4.1* | 20 reviews | New York City
[23:17:22] [2459/5631] clinicalshadowing.com
[23:17:25]   OK HEAL Clinical Education Network | em:info@clinicalshadowing.com | 4.1* | 19 reviews
[23:17:28] [2460/5631] ayusa.org
[23:17:28]   OK Ayusa International | ph:(888) 552-9872 | em:info@ayusa.org | 4.1* | 18 reviews | San Francisco 
[23:17:28]   [Progress saved: 2460 total leads]
[23:17:31] [2461/5631] weteachremotely.com
[23:17:32]   OK We Teach Remotely | 4.1* | 17 reviews
[23:17:35] [2462/5631] codesoflife.com
[23:17:35]   OK Codes of Life | em:info@codesoflife.com | 4.1* | 17 reviews
[23:17:39] [2463/5631] twinsisters.com
[23:17:39]   OK Twin Sisters® Digital Media | em:twinsisters@twinsisters.com | 4.1* | 15 reviews | Akron
[23:17:43] [2464/5631] perfectcustompapers.com
[23:17:43]   OK perfectcustompapers.com | 4.1* | 14 reviews
[23:17:48] [2465/5631] expertsminds.com
[23:17:48]   OK Expertsminds.com | ph:(415) 670-9521 | em:info@expertsmind.com | 4.1* | 13 reviews
[23:17:53] [2466/5631] allhealthcarecareers.com
[23:17:53]   OK All Healthcare Careers | 4.1* | 13 reviews
[23:17:58] [2467/5631] www.aulanube.com
[23:17:59]   OK aulanube.com | 4.1* | 12 reviews
[23:18:02] [2468/5631] spacefunded.com
[23:18:03]   OK Space Funded | em:email@spacefunded.com | 4.1* | 12 reviews | Cheyenne
[23:18:07] [2469/5631] indreasada.com
[23:18:08]   OK Indre Asada Ltd. | 4.1* | 11 reviews
[23:18:12] [2470/5631] jobpassin.com
[23:18:12]   OK Job Pass In Company | em:support@jobpassin.com | 4.1* | 10 reviews | Houston
[23:18:17] [2471/5631] elitefuturestrading.com
[23:18:17]   OK Elitefuturestrading | em:fahad@elitefuturestrading.com | 4.1* | 10 reviews
[23:18:21] [2472/5631] expertwritingsolutions.com
[23:18:21]   OK Expert Writing Solutions  | ph:(770) 744-0750 | em:ews@expertwritingsolutions.com | 4.1* | 10 reviews | Warner Robins 
[23:18:25] [2473/5631] www.sunkissedsolutions.com
[23:18:26]   OK Sunkissedsolutions | 4.1* | 10 reviews
[23:18:30] [2474/5631] courses.pharmalesson.com
[23:18:30]   OK Pharma Lesson Masterclass | em:info@pharmalesson.com | 4.1* | 10 reviews
[23:18:34] [2475/5631] www.dentalnurseacademy.com
[23:18:35]   OK Dentalnurseacademy | 4.1* | 10 reviews
[23:18:39] [2476/5631] animaledu.com
[23:18:40]   OK Animal Behavior Institute | 4.1* | 9 reviews
[23:18:44] [2477/5631] cyberprostraining.com
[23:18:44]   OK Cyber Pros Training | ph:(470) 470-5352 | em:support@cyberprostraining.com | 4.1* | 9 reviews | Atlanta
[23:18:48] [2478/5631] scholarsapp.com
[23:18:48]   OK Scholars App | 4.1* | 9 reviews | Honolulu
[23:18:51] [2479/5631] www.tradersumo.com
[23:18:52]   OK tradersumo.com | 4.1* | 9 reviews
[23:18:56] [2480/5631] grammarcheck.net
[23:18:56]   OK Grammarcheck | 4.1* | 9 reviews
[23:18:56]   [Progress saved: 2480 total leads]
[23:19:01] [2481/5631] resumeology.com
[23:19:01]   OK Resumeology | ph:(305) 506-1374 | em:irina@resumeology.com | 4.1* | 8 reviews | Delray
[23:19:06] [2482/5631] jcolemantrading.com
[23:19:06]   OK J Coleman Trading Systems | ph:(808) 470-8567 | em:admin@jcolemantrading.com | 4.1* | 8 reviews | Kahuku
[23:19:10] [2483/5631] www.certs2pass.com
[23:19:10]   OK Certs2pass | 4.1* | 8 reviews
[23:19:13] [2484/5631] edumatics.net
[23:19:13]   OK Edumatics | 4.1* | 8 reviews
[23:19:18] [2485/5631] edlynsabrina.com
[23:19:18]   OK Edlyn Sabrina McGarity | ph:(330) 309-4111 | em:contact@edlynsabrina.com | 4.1* | 6 reviews
[23:19:23] [2486/5631] www.machineforce.co.uk
[23:19:23]   OK Machine Force | 4.1* | 6 reviews | Paddock Wood
[23:19:28] [2487/5631] sayiampossible.com
[23:19:28]   OK Say I'mPossible Academy | em:admin@jtdkbenterprises.com | 4.1* | 6 reviews | ARLINGTON HEIGHTS
[23:19:33] [2488/5631] www.yesgermany.com
[23:19:33]   OK yesgermany.com | 4.1* | 6 reviews
[23:19:38] [2489/5631] www.bestdissertation.com
[23:19:38]   OK Bestdissertation | 4.1* | 6 reviews
[23:19:42] [2490/5631] ecornell.cornell.edu
[23:19:42]   OK eCornell | 4.1* | 6 reviews
[23:19:47] [2491/5631] tutorversal.com
[23:19:48]   OK Tutorversal.com | 4.1* | 6 reviews
[23:19:52] [2492/5631] skillup.ua
[23:19:52]   OK International IT Educational Center SkillUp (Скілап) | 4.1* | 6 reviews
[23:19:56] [2493/5631] careerxl.com
[23:19:56]   OK Careerxl | 4.1* | 6 reviews
[23:20:00] [2494/5631] careerlearning.com
[23:20:00]   OK CareerLearning | ph:(845) 622-5003 | em:support@careerlearning.com | 4.1* | 6 reviews
[23:20:04] [2495/5631] kissmarketers.com
[23:20:04]   OK Kissmarketers | ph:(650) 538-8563 | em:hello@proskilla.com | 4.1* | 6 reviews | Albany
[23:20:09] [2496/5631] estudiaenmalta.com
[23:20:09]   OK Estudiaenmalta | 4.1* | 6 reviews
[23:20:13] [2497/5631] teassist.com
[23:20:14]   OK Teassist | 4.1* | 6 reviews
[23:20:18] [2498/5631] jobscaptain.com
[23:20:18]   OK jobs captain | 4.1* | 6 reviews
[23:20:22] [2499/5631] summarizing.biz
[23:20:22]   OK SummarizingBiz | 4.1* | 5 reviews
[23:20:26] [2500/5631] lolacademy.com
[23:20:26]   OK LoL Academy | em:team@lolacademy.com | 4.1* | 5 reviews
[23:20:26]   [Progress saved: 2500 total leads]
[23:20:30] [2501/5631] idealu.io
[23:20:30]   OK IDEAL.™ | em:idealperformanceapp@gmail.com | 4.1* | 5 reviews | Peoria
[23:20:33] [2502/5631] jenunderwoodleadership.com
[23:20:34]   OK Jen Underwood Leadership | em:jen@jenunderwoodleadership.com | 4.1* | 5 reviews | Denver
[23:20:38] [2503/5631] www.attractiontruth.com
[23:20:39]   OK attractiontruth.com | 4.1* | 5 reviews
[23:20:43] [2504/5631] superhi.com
[23:20:43]   OK SuperHi | em:hi@superhi.com | 4.1* | 5 reviews | Brooklyn
[23:20:47] [2505/5631] travelries.com
[23:20:47]   OK Travelries | ph:(323) 484-6488 | em:maria@travelries.com | 4.1* | 5 reviews | Sacramento
[23:20:51] [2506/5631] undergroundrivermusic.com
[23:20:51]   OK Underground River Music | ph:(541) 671-5237 | em:info@undergroundrivermusic.com | 4.1* | 5 reviews | Sutherlin
[23:20:56] [2507/5631] mastercourse.space
[23:20:57]   OK Master Course | ph:(646) 535-0654 | em:learn@mastercourse.space | 4.1* | 5 reviews | New York
[23:21:01] [2508/5631] sino-bus.com
[23:21:02]   OK SinoBus | ph:(240) 302-6131 | em:support@sino-bus.com | 4.1* | 5 reviews | LA
[23:21:07] [2509/5631] quraneasy.com
[23:21:07]   OK Quran Easy - Online Quran Classes | ph:(315) 359-5868 | em:info@quraneasy.com | 4.1* | 5 reviews | New York
[23:21:11] [2510/5631] www.braincipher.com
[23:21:11]   OK braincipher.com | 4.1* | 5 reviews
[23:21:14] [2511/5631] www.passmrcpsych.com
[23:21:15]   OK  PassMRCPsych | 4.1* | 5 reviews
[23:21:19] [2512/5631] digitrend.in
[23:21:19]   OK DIGITREND-Digital Marketing Institute in Lucknow | 4.1* | 5 reviews
[23:21:23] [2513/5631] riseuptradinghub.com
[23:21:23]   OK RISE UP | TRADING HUB | em:info@riseuptradinghub.com | 4.1* | 5 reviews
[23:21:27] [2514/5631] agradeessay.com
[23:21:27]   OK A Grade Essay | 4.1* | 5 reviews
[23:21:31] [2515/5631] allhomework.net
[23:21:31]   OK Allhomework | 4.1* | 5 reviews
[23:21:36] [2516/5631] metamorphedu.com
[23:21:37]   OK Metamorph Edu | 4.1* | 5 reviews
[23:21:42] [2517/5631] assignmentprohelp.com
[23:21:42]   OK Assignment Pro Help | ph:+918810358496 | em:support@assignmentprohelp.com | 4.1* | 5 reviews | Manhattan
[23:21:45] [2518/5631] cpdprofessionals.co.uk
[23:21:46]   OK Cpd Professionals Limited | em:info@cpdprofessionals.co.uk | 4.1* | 5 reviews
[23:21:50] [2519/5631] www.edugeeksclub.com
[23:21:51]   OK EduGeeksClub | 4.1* | 5 reviews
[23:21:54] [2520/5631] www.jsktuitionclasses.com
[23:21:55]   OK Jsktuitionclasses | 4.1* | 5 reviews
[23:21:55]   [Progress saved: 2520 total leads]
[23:21:59] [2521/5631] www.josieapp.com
[23:21:59]   OK Josieapp | em:info@josieapp.com | 4.1* | 5 reviews | New York
[23:22:03] [2522/5631] studdit.com
[23:22:04]   OK Studdit | 4.1* | 5 reviews
[23:22:07] [2523/5631] theallisonpeck.com
[23:22:07]   OK Theallisonpeck | 4.1* | 5 reviews
[23:22:12] [2524/5631] atrespiratorylectures.com
[23:22:12]   OK A & T Respiratory Lectures | ph:(570) 301-6861 | em:a.t.respiratorylectures@gmail.com | 4.1* | 5 reviews | East Stroudsburg
[23:22:16] [2525/5631] automaticinsuranceagency.com
[23:22:17]   OK Automatic Insurance Agency | ph:(877) 266-8763 | em:wade@automaticinsuranceagency.com | 4.1* | 5 reviews | Naples
[23:22:21] [2526/5631] 123helpme.org
[23:22:21]   OK 123helpme | ph:(888) 622-2161 | em:support@123helpme.org | 4.1* | 5 reviews | Weston
[23:22:25] [2527/5631] experthats.com
[23:22:25]   OK ExpertHats LLC. | ph:(216) 677-1855 | em:training@experthats.com | 4.1* | 5 reviews | Canton
[23:22:28] [2528/5631] mathster.com
[23:22:28]   OK Mathster | 4.1* | 5 reviews
[23:22:32] [2529/5631] math-on.com
[23:22:32]   OK MathOn | ph:(305) 882-9914 | em:pa@math-on.com | 4.1* | 5 reviews
[23:22:37] [2530/5631] quantumhealingsynergy.com
[23:22:37]   OK Quantumhealingsynergy | ph:(678) 833-8248 | em:Natalie@quantumhealingsynergy.com | 4.1* | 5 reviews | marietta
[23:22:41] [2531/5631] unstoppable247.com
[23:22:42]   OK Unstoppable247 | em:friends@unstoppable247.com | 4.1* | 5 reviews | Lewes
[23:22:45] [2532/5631] pragmaticworks.com
[23:22:46]   OK Pragmatic Works | ph:(904) 638-5743 | em:marketing@pragmaticworks.com | 4.1* | 5 reviews | Green Cove Springs
[23:22:49] [2533/5631] mendminds.co
[23:22:50]   OK Mendminds | em:social@mendminds.co | 4.1* | 5 reviews
[23:22:54] [2534/5631] theremmertmethod.com
[23:22:55]   OK The Remmert Method | ph:(702) 901-2389 | em:odille@theremmertmethod.com | 4.1* | 5 reviews | Peoria
[23:23:00] [2535/5631] us-leadership.com
[23:23:00]   OK American Management and Leadership by Design | ph:(888) 824-4631 | em:support@us-leadership.com | 4.1* | 5 reviews | Gaithersburg
[23:23:03] [2536/5631] brighter-learning.co.uk
[23:23:04]   OK Brighter Learning | 4.1* | 5 reviews
[23:23:07] [2537/5631] rebekahjosann.com
[23:23:08]   OK Scripture Prescriptions Ministries | em:spministries@rebekahjosann.com | 4.1* | 5 reviews
[23:23:12] [2538/5631] welltyme.com
[23:23:12]   OK WellTyme, Inc. | ph:(818) 430-9597 | em:Info@welltyme.com | 4.1* | 5 reviews | Calabasas
[23:23:16] [2539/5631] hello-peter.com
[23:23:16]   OK PeterAI | em:peter@hello-peter.com | 4.1* | 5 reviews
[23:23:19] [2540/5631] akshaytiwari.in
[23:23:20]   OK Akshay Tiwari | 4.1* | 5 reviews
[23:23:20]   [Progress saved: 2540 total leads]
[23:23:24] [2541/5631] savviest.com
[23:23:24]   OK Savviest | em:hello@savviest.com | 4.1* | 5 reviews
[23:23:28] [2542/5631] quantumalchemyfusion.com
[23:23:29]   OK Quantumalchemyfusion | ph:(404) 423-5001 | em:tim@quantumalchemyfusion.com | 4.1* | 5 reviews | Cornville
[23:23:33] [2543/5631] www.speak-honest.com
[23:23:34]   OK Speak Honest | 4.1* | 5 reviews
[23:23:38] [2544/5631] www.mylearnerstribe.com
[23:23:39]   OK Learners Tribe Pvt. Ltd | ph:(307) 284-4916 | em:mohd.siraj@mylearnerstribe.com | 4.1* | 5 reviews | New York
[23:23:43] [2545/5631] coursevault.org
[23:23:43]   OK Coursevault | ph:(778) 769-0305 | em:support@coursevault.org | 4.1* | 5 reviews | Austin
[23:23:46] [2546/5631] theresumeco.com
[23:23:47]   OK The Resume Co | 4.1* | 5 reviews
[23:23:50] [2547/5631] horizoninspires.com
[23:23:51]   OK Horizon Academic Research Program | em:contact@horizoninspires.com | 4.1* | 5 reviews
[23:23:56] [2548/5631] www.learnqurannow.com
[23:23:56]   OK Learnqurannow | 4.1* | 5 reviews
[23:24:00] [2549/5631] upby20.info
[23:24:00]   OK Upby20 TradeRoom | ph:(972) 834-5102 | em:upby20@yahoo.com | 4.1* | 5 reviews | austin
[23:24:05] [2550/5631] certboosters.com
[23:24:05]   OK CertBoosters | 4.1* | 5 reviews
[23:24:09] [2551/5631] ucode.com
[23:24:09]   OK UCode | ph:(888) 888-8681 | 4.1* | 5 reviews | Manhattan Beach
[23:24:12] [2552/5631] kalviprep.com
[23:24:13]   OK Kalvi | ph:(470) 231-7190 | em:contact@kalviprep.com | 4.1* | 5 reviews
[23:24:16] [2553/5631] synbridg.com
[23:24:16]   OK Synbridg | ph:(866) 295-9705 | em:Info@synbridg.com | 4.1* | 5 reviews | Atlanta
[23:24:20] [2554/5631] a1mathtutoring.com
[23:24:21]   OK A1 Math Tutoring | ph:(724) 307-8133 | em:tutors@a1mathtutoring.com | 4.1* | 5 reviews | Pittsburgh
[23:24:25] [2555/5631] neurographicacademy.com
[23:24:25]   OK Neurographic Academy | em:info@neurographicacademy.com | 4.1* | 5 reviews | Seattle
[23:24:29] [2556/5631] bokehacademy.co
[23:24:29]   OK Bokeh Academy | em:info@bokehacademy.co | 4.1* | 5 reviews | Atlanta
[23:24:34] [2557/5631] sacredevolution.me
[23:24:34]   OK Sacred Evolution | ph:(720) 295-1811 | em:elowan@sacredevolution.me | 4.1* | 5 reviews | Weaverville
[23:24:38] [2558/5631] auditorwhisperer.com
[23:24:38]   OK The Auditor Whisperer | ph:(888) 780-5333 | em:help@auditorwhisperer.com | 4.1* | 5 reviews | Roseville
[23:24:42] [2559/5631] nomadicprofessor.com
[23:24:42]   OK The Nomadic Professor | ph:(986) 213-4822 | em:support@nomadicprofessor.com | 4.1* | 5 reviews | Fruitland
[23:24:46] [2560/5631] prosperingpractice.com
[23:24:46]   OK Prospering Practice | ph:(763) 331-1449 | em:diane@prosperingpractice.com | 4.1* | 5 reviews | Asheville, North Carolina
[23:24:46]   [Progress saved: 2560 total leads]
[23:24:50] [2561/5631] www.exceltolead.com
[23:24:50]   OK exceltolead.com | 4.1* | 5 reviews
[23:24:53] [2562/5631] www.iqboard.net
[23:24:53]   OK iqboard.net | 4.1* | 5 reviews
[23:24:57] [2563/5631] katygraham.com
[23:24:58]   OK Katy Graham | Everyday Confidence Coaching | em:katy@everydayconfidencecoaching.com | 4.1* | 5 reviews
[23:25:02] [2564/5631] www.afriqjmarbitrage.us
[23:25:02]   OK Afriq Arbitrage System  | ph:(973) 336-1557 | em:support@afriqjmarbitrage.us | 4* | 3083 reviews | Irvington
[23:25:07] [2565/5631] brilliant.org
[23:25:07]   OK Brilliant.org | em:trustpilot@brilliant.org | 4* | 2710 reviews | San Francisco
[23:25:11] [2566/5631] markettraders.com
[23:25:12]   OK Market Traders Institute | em:hello@markettraders.com | 4* | 1465 reviews | Maitland
[23:25:15] [2567/5631] switzyman.com
[23:25:16]   OK SwitzyMan | 4* | 1208 reviews
[23:25:20] [2568/5631] subto.com
[23:25:21]   OK Subto | em:support@subto.com | 4* | 418 reviews | Tempe
[23:25:26] [2569/5631] digitaldefynd.com
[23:25:26]   OK DigitalDefynd | ph:(415) 450-6696 | em:contact@digitaldefynd.com | 4* | 279 reviews | San Francisco
[23:25:30] [2570/5631] studyfetch.com
[23:25:32]   OK Studyfetch | em:contact@studyfetch.com | 4* | 249 reviews
[23:25:36] [2571/5631] lessons.com
[23:25:37]   OK Lessons.com | 4* | 228 reviews | Austin
[23:25:41] [2572/5631] scite.ai
[23:25:42]   OK Scite | em:hi@scite.ai | 4* | 220 reviews | Brooklyn
[23:25:46] [2573/5631] sparkyourresume.com
[23:25:47]   OK Spark Your Resume | ph:(404) 419-7940 | em:hello@sparkyourresume.com | 4* | 214 reviews | Atlanta
[23:25:50] [2574/5631] enotes.com
[23:25:51]   OK eNotes.com | ph:(888) 847-6897 | em:support@enotes.com | 4* | 181 reviews | Seattle
[23:25:55] [2575/5631] mcafeeinstitute.com
[23:25:56]   OK McAfee Institute | ph:(888) 263-1650 | em:support@mcafeeinstitute.com | 4* | 177 reviews | Chesterfield
[23:26:00] [2576/5631] chesterzoda.com
[23:26:01]   OK Chesterzoda.com | em:hello@chesterzoda.com | 4* | 137 reviews
[23:26:05] [2577/5631] generalassemb.ly
[23:26:06]   OK General Assembly | ph:(844) 969-4669 | em:hello@generalassemb.ly | 4* | 88 reviews | New York City
[23:26:09] [2578/5631] wallstreeteducation.com
[23:26:11]   OK Wall Street Education | 4* | 84 reviews
[23:26:14] [2579/5631] rampedcareers.com
[23:26:14]   OK Ramped | em:success@rampedcareers.com | 4* | 83 reviews
[23:26:18] [2580/5631] headwayinstitute.org
[23:26:18]   OK Headway Institute of Strategic Alliance | ph:(586) 284-6558 | em:info@headwayinstitute.org | 4* | 66 reviews | Southfield
[23:26:18]   [Progress saved: 2580 total leads]
[23:26:21] [2581/5631] digitalregenesys.com
[23:26:22]   OK Digital Regenesys | ph:94104-5401 | em:info.digital@regenesys.net | 4* | 62 reviews | San Francisco
[23:26:25] [2582/5631] resumepeople.ca
[23:26:25]   OK Resume People | New York
[23:26:30] [2583/5631] herlastcall.com
[23:26:30]   OK Her Last Call Academy | 4* | 46 reviews
[23:26:34] [2584/5631] paperblazer.com
[23:26:35]   OK PaperBlazer | em:contact@paperblazer.com | 4* | 42 reviews
[23:26:38] [2585/5631] www.tradebuddy.net
[23:26:38]   OK Tradebuddy | em:tony@tradebuddy.net | 4* | 26 reviews | Los Angeles
[23:26:43] [2586/5631] gotakemyonlineclass.com
[23:26:43]   OK Go Take My Online Class | ph:(315) 203-8682 | em:gotakemyonlineclass@gmail.com | 4* | 26 reviews | Brooklyn, NY
[23:26:48] [2587/5631] www.starterstory.com
[23:26:49]   OK Starter Story | 4* | 23 reviews
[23:26:53] [2588/5631] www.gingersoftware.com
[23:26:54]   OK Ginger Software | em:support@gingersoftware.com | 4* | 23 reviews | Boston
[23:26:57] [2589/5631] nalearning.org
[23:26:58]   OK North American Learning Institute | ph:(888) 338-8855 | em:help@nalearning.org | 4* | 22 reviews | Orlando
[23:27:02] [2590/5631] learningleaders.com
[23:27:02]   OK LearningLeaders | ph:(973) 975-0888 | em:hello@learningleaders.com | 4* | 22 reviews | Morristown
[23:27:06] [2591/5631] theresumefactory.com
[23:27:07]   OK The Resume Factory | 4* | 21 reviews
[23:27:10] [2592/5631] gannchart.com
[23:27:10]   OK Gannchart | em:karim@gannchart.com | 4* | 20 reviews | Delaware
[23:27:14] [2593/5631] startupinflow.com
[23:27:15]   OK Startupinflow | 4* | 19 reviews
[23:27:20] [2594/5631] techsherpas.com
[23:27:20]   OK TechSherpas | 4* | 19 reviews | Tampa
[23:27:25] [2595/5631] www.luvbeingworld.com
[23:27:25]   OK LuvBeing World Technologies | 4* | 19 reviews
[23:27:30] [2596/5631] thecontingentplan.com
[23:27:31]   OK The Contingent Plan | ph:(833) 612-5627 | em:kathy@thecontingentplan.com | 4* | 17 reviews | Minneapolis
[23:27:35] [2597/5631] knowledgewebcasts.com
[23:27:36]   OK The Knowledge Group | ph:(646) 844-0200 | em:info@theknowledgegroup.org | 4* | 16 reviews | Jersey City
[23:27:39] [2598/5631] www.myhomeworkwriters.com
[23:27:39]   OK Myhomeworkwriters | 4* | 15 reviews
[23:27:44] [2599/5631] ipgamasterclass.com
[23:27:45]   OK IPGA Masterclass | em:support@coet.org | 4* | 14 reviews
[23:27:49] [2600/5631] certstime.com
[23:27:50]   OK Certstime | 4* | 14 reviews
[23:27:50]   [Progress saved: 2600 total leads]
[23:27:54] [2601/5631] spoto.info
[23:27:54]   OK SPOTO思博 | 4* | 14 reviews
[23:27:59] [2602/5631] playtolabs.com
[23:27:59]   OK Playto Labs | em:info@playtolabs.com | 4* | 13 reviews
[23:28:03] [2603/5631] heartcorebusiness.com
[23:28:04]   OK HeartCore Business | ph:(866) 390-3005 | em:clientcare@heartcorebusiness.com | 4* | 12 reviews | Solana Beach
[23:28:08] [2604/5631] atskiller.com
[23:28:09]   OK ATS Killer | 4* | 12 reviews
[23:28:14] [2605/5631] compliantpapers.com
[23:28:14]   OK compliantpapers.com | 4* | 11 reviews
[23:28:18] [2606/5631] karenpryoracademy.com
[23:28:19]   OK Karenpryoracademy.com | 4* | 11 reviews
[23:28:24] [2607/5631] universaltradinggroup.com
[23:28:24]   OK universaltradinggroup.com | ph:(305) 814-8073 | em:contact@universaltradinggroup.com | 4* | 11 reviews | Brickell
[23:28:28] [2608/5631] lingva-pro.com
[23:28:28]   OK Lingva Pro | 4* | 11 reviews | New York
[23:28:33] [2609/5631] amexwrite.com
[23:28:33]   OK Amexwrite | 4* | 11 reviews
[23:28:37] [2610/5631] blockchaintrainingalliance.com
[23:28:37]   OK Blockchain Training Alliance | 4* | 10 reviews
[23:28:42] [2611/5631] www.getmegafunded.com
[23:28:42]   OK Mega Funded | em:admin@getmegafunded.com | 4* | 10 reviews | Ulaanbaatar City
[23:28:47] [2612/5631] tipsalcohol.com
[23:28:47]   OK TIPS Alcohol | ph:(877) 851-7272 | em:info@tipsalcohol.com | 4* | 9 reviews | Key West
[23:28:50] [2613/5631] meritglobaltraining.com
[23:28:51]   OK Merit Global Training LLC | ph:(863) 250-1577 | em:info@meritglobaltraining.com | 4* | 9 reviews | Dover
[23:28:56] [2614/5631] www.gmatpill.com
[23:28:56]   OK GMAT PILL | ph:(650) 773-1174 | em:zeke@gmatpill.com | 4* | 9 reviews | New York
[23:29:00] [2615/5631] www.chcphealthinstitution.com
[23:29:01]   OK Chcphealthinstitution | ph:(323) 642-2762 | em:info@chcphealthinstitution.com | 4* | 8 reviews | Middletown 
[23:29:04] [2616/5631] www.shayyourlovediva.com
[23:29:04]   OK shayyourlovediva.com | ph:(404) 662-3173 | em:support@gmail.com | 4* | 8 reviews | Alpharetta
[23:29:07] [2617/5631] trustobmen.com
[23:29:08]   OK Trustobmen | 4* | 8 reviews
[23:29:11] [2618/5631] skilly-training.com
[23:29:11]   OK Skilly Training | em:support@skilly-training.com | 4* | 8 reviews
[23:29:14] [2619/5631] responsivelearning.com
[23:29:15]   OK responsivelearning.com | ph:(915) 532-9964 | em:support@responsivelearning.com | 4* | 8 reviews | El Paso 
[23:29:19] [2620/5631] paper-due-now.com
[23:29:20]   OK Paper Due-now | 4* | 8 reviews
[23:29:20]   [Progress saved: 2620 total leads]
[23:29:24] [2621/5631] callings.ai
[23:29:25]   OK Callings.ai | em:info@callings.ai | 4* | 8 reviews | San Mateo
[23:29:29] [2622/5631] clearweavejobs.com
[23:29:29]   OK ClearWeave Careers | ph:(323) 405-0354 | em:info@clearweavejobs.com | 4* | 7 reviews
[23:29:32] [2623/5631] midwestern.edu
[23:29:33]   OK Midwestern University | 4* | 7 reviews | Downers Grove
[23:29:37] [2624/5631] wizco.io
[23:29:37]   OK wizco.io | em:hi@wizco.io | 4* | 7 reviews | New York
[23:29:40] [2625/5631] india77.com
[23:29:41]   OK india77.com | 4* | 7 reviews
[23:29:46] [2626/5631] fixnotes.com
[23:29:46]   OK FIXnotes | 4* | 6 reviews
[23:29:49] [2627/5631] masterclassenglish.com
[23:29:49]   OK Masterclassenglish | 4* | 5 reviews
[23:29:54] [2628/5631] www.primetechnical.in
[23:29:54]   OK primetechnical.in | 4* | 5 reviews
[23:29:57] [2629/5631] flightdemy.com
[23:29:58]   OK Flightdemy | ph:(786) 305-8369 | em:info@flightdemy.com | 4* | 5 reviews | Miami
[23:30:02] [2630/5631] www.studymerit.com
[23:30:04]   OK studymerit.com | 4* | 5 reviews
[23:30:07] [2631/5631] ladysupaconsultingllc.com
[23:30:08]   OK Lady Supa Consulting LLC | 4* | 5 reviews
[23:30:12] [2632/5631] hirecarta.com
[23:30:13]   OK Hirecarta | 4* | 5 reviews
[23:30:16] [2633/5631] www.clubscikidz.com
[23:30:17]   OK Club SciKidz Atlanta | 4* | 5 reviews | Woodstock
[23:30:20] [2634/5631] referso.com
[23:30:20]   OK Referso | 4* | 5 reviews
[23:30:23] [2635/5631] essaycompany.com
[23:30:24]   OK essaycompany.com | 4* | 5 reviews
[23:30:28] [2636/5631] gerhard-zirkel.com
[23:30:29]   OK Gerhard Zirkel | em:mail@gerhard-zirkel.com | 4* | 5 reviews | Brandon
[23:30:33] [2637/5631] cheapcustomwriting.com
[23:30:33]   OK #@Do My Homework | 4* | 5 reviews
[23:30:38] [2638/5631] eduassistants.com
[23:30:38]   OK EduAssistants | em:care@eduassistants.com | 4* | 5 reviews
[23:30:41] [2639/5631] mortgage.aceable.com
[23:30:42]   OK Aceable Mortgage | 4* | 5 reviews
[23:30:46] [2640/5631] awcoach.co
[23:30:46]   OK Amber Waugaman, Executive Coach | em:amber@awcoach.co | 4* | 5 reviews
[23:30:46]   [Progress saved: 2640 total leads]
[23:30:50] [2641/5631] gowaltfx.com
[23:30:51]   OK Gowaltfx | em:support@gowaltfx.com | 4* | 5 reviews
[23:30:54] [2642/5631] aptronnoida.in
[23:30:54]   OK APTRON Solutions Pvt | 4* | 5 reviews
[23:30:58] [2643/5631] australianwritings.net
[23:30:58]   OK australianwritings.net | 4* | 5 reviews
[23:31:03] [2644/5631] aiskool.co
[23:31:03]   OK Aiskool | ph:(332) 456-0786 | em:hi@aiskool.co | 4* | 5 reviews | Albuquerque
[23:31:08] [2645/5631] tenpercentcreditspreads.com
[23:31:08]   OK 10% Credit Spreads | 4* | 4 reviews
[23:31:12] [2646/5631] theglobalyouthcongress.com
[23:31:13]   OK Global Youth Congress | ph:(888) 280-1954 | em:apply@theglobalyouthcongress.com | 4* | 4 reviews | Lewes
[23:31:16] [2647/5631] calculusexpert.com
[23:31:16]   OK Krista King Math | em:help@calculusexpert.com | 4* | 4 reviews
[23:31:20] [2648/5631] levelupdiscord.com
[23:31:20]   OK Level Up Investing | em:connor@levelupdiscord.com | 4* | 4 reviews
[23:31:23] [2649/5631] ambercorinne.com
[23:31:23]   OK Amber Corinne | Neutralize Unconscious Blocks to Success | em:amber@ambercorinne.com | 4* | 4 reviews | Bellingham
[23:31:27] [2650/5631] counselhero.com
[23:31:28]   OK counselhero.com | ph:(669) 241-3113 | em:info@counselhero.com | 4* | 4 reviews | Santa Clara, CA
[23:31:32] [2651/5631] brainlox.com
[23:31:32]   OK Brainlox | ph:(414) 429-3937 | em:support@brainlox.com | 4* | 4 reviews | Katy
[23:31:35] [2652/5631] inkwire.online
[23:31:35]   OK Ink Wire Education | ph:(628) 600-9074 | em:admin@inkwire.online | 4* | 4 reviews | Sheridan
[23:31:40] [2653/5631] growgoodcoaching.com
[23:31:40]   OK GROWGOOD Coaching | ph:(254) 332-2633 | em:stephanie@growgoodcoaching.com | 4* | 4 reviews | Richardson
[23:31:44] [2654/5631] nsim.in
[23:31:44]   OK National School Of Internet Marketing @NSIM Delhi | 4* | 4 reviews
[23:31:49] [2655/5631] biginterviewmedical.com
[23:31:49]   OK Big Interview: Residency Edition | 4* | 4 reviews
[23:31:54] [2656/5631] teluscope.store
[23:31:54]   OK Teluscope | 4* | 4 reviews
[23:31:57] [2657/5631] www.trishanatechnologies.com
[23:31:58]   OK Trishanatechnologies | 4* | 4 reviews
[23:32:02] [2658/5631] developyourauthority.com
[23:32:03]   OK Develop Your Authority | ph:(415) 599-6275 | em:Contact@DevelopYourAuthority.com | 4* | 4 reviews | Bend
[23:32:06] [2659/5631] thepoisedgentlemen.com
[23:32:07]   OK The Poised Gentlemen | ph:(504) 484-9037 | em:david@thepoisedgentlemen.com | 4* | 4 reviews | New Orleans
[23:32:11] [2660/5631] math123.com
[23:32:11]   OK MATH 1-2-3 | ph:1-888-MATH-123 | em:mkronenberg@fordham.edu | 4* | 4 reviews | RIDGEFIELD
[23:32:11]   [Progress saved: 2660 total leads]
[23:32:16] [2661/5631] evzoia.org
[23:32:16]   OK EVZOIA Life Coach, Career Coach & Mentorship Programs | em:grow@evzoia.org | 4* | 4 reviews | Pasadena
[23:32:21] [2662/5631] learnwithvariable.com
[23:32:22]   OK Variable | em:riverside@learnwithvariable.com | 4* | 4 reviews | Irving
[23:32:25] [2663/5631] anthonymetten.com
[23:32:25]   OK Anthony Metten | ph:(408) 529-3778 | em:anthony@anthonymetten.com | 4* | 4 reviews | Campbell
[23:32:30] [2664/5631] typingmaster.com
[23:32:30]   OK Typingmaster | 4* | 4 reviews
[23:32:34] [2665/5631] mentorsocial.myshopify.com
[23:32:35]   OK Mentor.Social | 4* | 4 reviews
[23:32:39] [2666/5631] germanwithantrim.com
[23:32:39]   OK Learn German with Herr Antrim | em:info@germanwithantrim.com | 4* | 4 reviews | Edwardsville
[23:32:43] [2667/5631] visualcreativecontent.com
[23:32:44]   OK Visual Creative Content | ph:(321) 333-4431 | em:Support@visualcreativecontent.com | 4* | 4 reviews | Orlando 
[23:32:47] [2668/5631] skillup.online
[23:32:47]   OK SkillUp Online | em:reachus@skillup.online | 4* | 4 reviews | Washington
[23:32:52] [2669/5631] twee.com
[23:32:52]   OK Twee | em:eldar@twee.com | 4* | 4 reviews | Hallandale
[23:32:56] [2670/5631] www.thedegreepeople.com
[23:32:56]   OK TheDegreePeople | 4* | 4 reviews | Fort Lauderdale
[23:33:00] [2671/5631] editingclub.com
[23:33:00]   OK EditingClub | em:support@editingclub.com | 4* | 4 reviews
[23:33:04] [2672/5631] crypto-monopoly.com
[23:33:05]   OK Crypto Monopoly | 4* | 4 reviews
[23:33:08] [2673/5631] royalpipsacademy.online
[23:33:08]   OK RoyalPips Academy | ph:(940) 293-5763 | em:royalpipsa@gmail.com | 4* | 4 reviews
[23:33:12] [2674/5631] dreamchaserresumes.com
[23:33:13]   OK DreamChaserResumes | ph:(951) 675-6494 | em:gail@dreamchaserresumes.com | 4* | 4 reviews | Riverside
[23:33:17] [2675/5631] tqapk.com
[23:33:18]   OK Tqapk | 4* | 4 reviews
[23:33:22] [2676/5631] divineblessing20healing.com
[23:33:22]   OK DivineBlessing20 | ph:(445) 213-9439 | em:divineblessinghealing@gmail.com | 4* | 4 reviews | HopeMills
[23:33:27] [2677/5631] tutorflow.io
[23:33:27]   OK Tutorflow | em:contact@tutorflow.io | 4* | 4 reviews
[23:33:32] [2678/5631] dissertationauthors.com
[23:33:32]   OK Dissertationauthors | 4* | 4 reviews
[23:33:37] [2679/5631] foerstehjaelp.com
[23:33:37]   OK Førstehjælp.com | 4* | 4 reviews
[23:33:41] [2680/5631] foorquiz.com
[23:33:42]   OK foorquiz.com | 4* | 4 reviews
[23:33:42]   [Progress saved: 2680 total leads]
[23:33:47] [2681/5631] academace.com
[23:33:47]   OK Academace | 4* | 4 reviews
[23:33:52] [2682/5631] writingpaper.org
[23:33:52]   OK Writingpaper | 4* | 4 reviews
[23:33:56] [2683/5631] sixsigmaversity.org
[23:33:58]   OK Sixsigmaversity | 4* | 4 reviews
[23:34:01] [2684/5631] buklibry.com
[23:34:02]   OK buklibry.com | 4* | 4 reviews
[23:34:07] [2685/5631] create2discover.com
[23:34:07]   OK Create2Discover | em:swalk@create2discover.com | 4* | 4 reviews
[23:34:12] [2686/5631] independenttraderslab.com
[23:34:12]   OK ITL | em:mr.t@independenttraderslab.com | 4* | 4 reviews
[23:34:17] [2687/5631] stocksrocks.com
[23:34:17]   OK Stocks Rocks  | em:hi@stocksrocks.com | 4* | 4 reviews
[23:34:21] [2688/5631] ilssqma.org
[23:34:22]   OK International Lean Six Sigma Quality Management Association | ph:(942) 441-8005 | em:support@ilssqma.org | 4* | 4 reviews
[23:34:25] [2689/5631] firecloudcert.com
[23:34:26]   OK FireCert | ph:+44 7367856261 | em:samuel.buxton@gmail.com | 4* | 4 reviews | San Francisco
[23:34:29] [2690/5631] theartofhealingbytrevor.com
[23:34:30]   OK The Art of Healing | ph:(808) 400-6860 | em:hello@theartofhealingbytrevor.com | 4* | 4 reviews | Mililani
[23:34:33] [2691/5631] www.alrozaviation.com
[23:34:33]   OK alrozaviation | 4* | 4 reviews
[23:34:36] [2692/5631] e-kalvi.com
[23:34:36]   OK E Kalvi | 4* | 4 reviews
[23:34:40] [2693/5631] catalizando.com
[23:34:41]   OK Catalizando Academy | 4* | 4 reviews
[23:34:46] [2694/5631] www.homeworkminutes.com
[23:34:46]   OK Homework Minutes | 4* | 4 reviews
[23:34:50] [2695/5631] empowerelearning.com
[23:34:51]   OK emPower eLearning | ph:(502) 400-9374 | em:info@empowerelearrning.com | 4* | 4 reviews | Louisville
[23:34:55] [2696/5631] coolkidsinc.square.site
[23:34:55]   OK Vallure | ph:(240) 685-6733 | em:support@lucionesports.com | 4* | 4 reviews | Disctict of Columbia
[23:34:59] [2697/5631] www.sfxtradinggroup.com
[23:34:59]   OK SFX Trading Group | em:stefanosfx@sfxtradinggroup.com | 4* | 4 reviews | Tafton
[23:35:03] [2698/5631] buyessay.net
[23:35:04]   OK buyessay.net | 4* | 4 reviews
[23:35:08] [2699/5631] lakotaslegacy.com
[23:35:08]   OK Lakota's Legacy  | em:lakotaslegacy@gmail.com  | 4* | 4 reviews
[23:35:12] [2700/5631] shaankhanmd.com
[23:35:12]   OK Next Step USMLE Coaching | 4* | 4 reviews
[23:35:12]   [Progress saved: 2700 total leads]
[23:35:16] [2701/5631] limitlessagility.com
[23:35:17]   OK Limitlessagility | 4* | 4 reviews
[23:35:22] [2702/5631] www.resumeinventor.com
[23:35:22]   OK Resumeinventor | em:support@resumeinventor.com | 4* | 4 reviews | Minnesota
[23:35:27] [2703/5631] mastermytrades.com
[23:35:27]   OK Liberty Trading Academy | ph:(615) 852-2772 | em:nate@goodmorningliberty.us | 4* | 4 reviews | Nolensville
[23:35:30] [2704/5631] onlineclassworkhelp.unaux.com
[23:35:31]   OK Online Class Work Help | ph:(646) 978-3057 | em:onlineclassworkhelp@gmail.com | 4* | 4 reviews | New York
[23:35:35] [2705/5631] certification-guide.com
[23:35:35]   OK Certification Guide, Inc | 4* | 4 reviews
[23:35:39] [2706/5631] cutewriters.com
[23:35:39]   OK Cutewriters | 4* | 4 reviews
[23:35:43] [2707/5631] whliam.com
[23:35:43]   OK Wholesome Healing  | 4* | 4 reviews
[23:35:47] [2708/5631] damarasimmons.com
[23:35:47]   OK Damara Simmons Coaching | em:damarasimmonscoaching@gmail.com | 4* | 4 reviews
[23:35:51] [2709/5631] theidioms.com
[23:35:51]   OK The Idioms | em:webmaster@theidioms.com | 4* | 4 reviews | NY
[23:35:56] [2710/5631] fittobeloved.com
[23:35:57]   OK Fit to be Loved | ph:07793 350882 | em:fittobeloved@mail.com | 4* | 4 reviews | Grantham
[23:36:00] [2711/5631] zenmynd.org
[23:36:01]   OK Zenmynd | 4* | 4 reviews
[23:36:05] [2712/5631] technoparkjobs.com
[23:36:06]   OK technoparkjobs.com | 4* | 4 reviews
[23:36:11] [2713/5631] achievedfulfillment.com
[23:36:11]   OK Achieved Fulfillment | em:achievedfulfillment@gmail.com | 4* | 4 reviews
[23:36:16] [2714/5631] laughingdivas.com
[23:36:16]   OK Laughing Divas | 4* | 4 reviews
[23:36:20] [2715/5631] familyessay.org
[23:36:20]   OK Familyessay | 4* | 4 reviews |  Kansas City
[23:36:24] [2716/5631] thecoursebin.com
[23:36:24]   OK CourseBin | ph:(917) 397-2617 | em:tutoring@thecoursebin.com | 4* | 4 reviews | Trumbull 
[23:36:29] [2717/5631] beginthejourney.co
[23:36:29]   OK Go Superlative | em:hi@gosuperlative.co | 4* | 4 reviews
[23:36:34] [2718/5631] twscourses.com
[23:36:34]   OK twscourses.com | 4* | 4 reviews
[23:36:38] [2719/5631] malvernhouse.com
[23:36:38]   OK Malvern House | 4* | 4 reviews
[23:36:43] [2720/5631] prothesiswriter.com
[23:36:44]   OK Prothesiswriter | 4* | 4 reviews
[23:36:44]   [Progress saved: 2720 total leads]
[23:36:47] [2721/5631] bbcnoun.com.ng
[23:36:47]   OK bbcnoun.com.ng | 4* | 4 reviews
[23:36:51] [2722/5631] jobinberlin.com
[23:36:51]   OK Job in Berlin | 4* | 4 reviews
[23:36:55] [2723/5631] essaypanther.com
[23:36:55]   OK Essaypanther | 4* | 4 reviews
[23:37:00] [2724/5631] learn-by-design.com
[23:37:00]   OK Monica Gragg | 4* | 4 reviews
[23:37:03] [2725/5631] www.talkinarabic.com
[23:37:04]   OK Talk In Arabic | 4* | 4 reviews
[23:37:08] [2726/5631] alltoursinmorocco.com
[23:37:08]   OK All Tours In Morocco | ph:+44 7862431867 | em:contact@alltoursinmorocco.com | 4* | 4 reviews
[23:37:13] [2727/5631] bestprop4u.com
[23:37:13]   OK Best Prop 4 U | 4* | 4 reviews
[23:37:18] [2728/5631] www.codingphase.com
[23:37:18]   OK codingphase.com | 4* | 4 reviews
[23:37:22] [2729/5631] tailoredcv.ai
[23:37:22]   OK TailoredCV.ai - AI-Powered CV and Cover Letter Tailoring | em:support@tailoredcv.ai | 4* | 4 reviews
[23:37:26] [2730/5631] lsatlaunchpad.com
[23:37:26]   OK LSAT Launchpad | ph:(925) 577-7971 | em:lohithd@lsatlaunchpad.com | 4* | 4 reviews
[23:37:30] [2731/5631] fatihbuzgan.com
[23:37:30]   OK Online Coach Fatih Buzgan | 4* | 4 reviews
[23:37:34] [2732/5631] guidedcareerquest.com
[23:37:34]   OK Guided Career Quest | ph:(214) 883-6199 | em:support@guidedcareerquest.com | 4* | 4 reviews | New Orleans
[23:37:39] [2733/5631] nvox.com
[23:37:40]   OK NVOX Inc. | em:info@nvox.com | 4* | 4 reviews | Newark
[23:37:44] [2734/5631] typingjob.online
[23:37:44]   OK Typingjob | 4* | 4 reviews
[23:37:49] [2735/5631] thed2dcrm.com
[23:37:49]   OK D2DCRM | 4* | 4 reviews
[23:37:53] [2736/5631] careerlee.com
[23:37:53]   OK Careerlee | 4* | 4 reviews
[23:37:57] [2737/5631] breakthroughblushing.com
[23:37:57]   OK Break Through Blushing with Collin Clem | 4* | 4 reviews
[23:38:01] [2738/5631] majafranklinyoga.com
[23:38:02]   OK Maja Franklin Yoga | 4* | 4 reviews
[23:38:07] [2739/5631] progressparade.com
[23:38:07]   OK Progress Parade | ph:(312) 622-1494 | em:hello@progressparade.com | 4* | 4 reviews | Chicago
[23:38:12] [2740/5631] www.dreamcatchercourse.com
[23:38:12]   OK Dream Catcher Course | em:ned@dreamcatchercourse.com | 4* | 4 reviews | Los Angeles
[23:38:12]   [Progress saved: 2740 total leads]
[23:38:17] [2741/5631] brainpop.com
[23:38:18]   OK BrainPOP | 4* | 4 reviews | New York
[23:38:21] [2742/5631] alliance-combat.com
[23:38:21]   OK Alliance Combat | 4* | 4 reviews
[23:38:26] [2743/5631] skillable.website
[23:38:27]   OK Skillable | em:info@skillable.website | 4* | 4 reviews
[23:38:32] [2744/5631] profitchasers.net
[23:38:32]   OK Profitchasers | ph:(315) 565-6853 | em:profitchasershlep@gmail.com | 4* | 4 reviews | watertown
[23:38:36] [2745/5631] quraneclass.com
[23:38:37]   OK Quran E Class Online Academy | ph:(551) 277-0177 | em:info@quraneclass.com | 4* | 4 reviews | Jersey City
[23:38:40] [2746/5631] gids.co
[23:38:40]   OK The Global Institute of Data Science | em:support@gids.co | 4* | 4 reviews | El Segundo
[23:38:45] [2747/5631] www.qz9.com
[23:38:45]   OK QZ9 | 4* | 4 reviews
[23:38:48] [2748/5631] freshessay.net
[23:38:48]   OK freshessay | 4* | 4 reviews
[23:38:52] [2749/5631] nobleprog.in
[23:38:52]   OK Nobleprog | 4* | 4 reviews
[23:38:57] [2750/5631] www.orchidfoundation.info
[23:38:57]   OK Orchid Education 🎓🇮🇳 | 4* | 4 reviews
[23:39:02] [2751/5631] resumesuniverse.com
[23:39:02]   OK Resumes Universe | em:support@resumesuniverse.com | 4* | 4 reviews
[23:39:06] [2752/5631] aligned.careers
[23:39:06]   OK Career Therapist Abhi | ph:(619) 354-8350 | em:info@careertherapistabhi.com | 4* | 4 reviews | Sacramento
[23:39:10] [2753/5631] onlinelabs.io
[23:39:11]   OK Online Labs | em:team@onlinelabs.io | 4* | 4 reviews
[23:39:14] [2754/5631] scolasticilibri.com
[23:39:14]   OK Scolasticilibri | 4* | 4 reviews
[23:39:17] [2755/5631] secondelementliving.com
[23:39:18]   OK Second Element Living LLC | em:koorosh@secondelementliving.com | 4* | 4 reviews | New York
[23:39:22] [2756/5631] exceptionalmanmethod.com
[23:39:22]   OK Thrivono Coaching | em:Thrivono@gmail.com | 4* | 4 reviews | Laguna Beach
[23:39:27] [2757/5631] dissertationowl.com
[23:39:28]   OK Dissertationowl | 4* | 4 reviews | Billings
[23:39:32] [2758/5631] growthmanagersuite.com
[23:39:33]   OK Growth Manager Suite | em:Soporte@growthmanagersuite.com | 4* | 4 reviews | Albuquerque
[23:39:37] [2759/5631] www.certificationcamps.com
[23:39:38]   OK certificationcamps.com | 4* | 4 reviews
[23:39:43] [2760/5631] whitescholars.com
[23:39:43]   OK WhiteScholars | 4* | 3 reviews
[23:39:43]   [Progress saved: 2760 total leads]
[23:39:48] [2761/5631] awordandcompany.com
[23:39:48]   OK , | 4* | 3 reviews
[23:39:53] [2762/5631] one-theory.com
[23:39:53]   OK One Theory | 4* | 3 reviews
[23:39:57] [2763/5631] sonjatsang.com
[23:39:58]   OK Sonja Tsang Coaching | ph:(650) 532-3692 | em:hello@sonjatsang.com | 4* | 3 reviews | San Francisco
[23:40:02] [2764/5631] ricardcoach.com
[23:40:03]   OK Ricardcoach | 4* | 3 reviews
[23:40:07] [2765/5631] ivyleagueassignmenthelp.com
[23:40:07]   OK Ivyleagueassignmenthelp | 4* | 3 reviews
[23:40:10] [2766/5631] zmc10.com
[23:40:11]   OK ZMC FX ACADEMY  | 4* | 3 reviews
[23:40:14] [2767/5631] www.braindumps4exams.com
[23:40:14]   OK Braindumps4exams | 4* | 3 reviews
[23:40:17] [2768/5631] academy.webotapp.com
[23:40:18]   OK WeBotApp Academy | ph:(700) 216-0093 | em:operations@webotapp.com | 4* | 3 reviews | Guwahati
[23:40:22] [2769/5631] pathivy.com
[23:40:22]   OK Pathivy | ph:(425) 200-5345 | em:info@pathivy.com | 4* | 3 reviews | Sammamish
[23:40:27] [2770/5631] careerdreaming.com
[23:40:27]   OK Career Dreaming | 4* | 3 reviews
[23:40:30] [2771/5631] www.executeprogram.com
[23:40:31]   OK Executeprogram | 4* | 3 reviews
[23:40:35] [2772/5631] onelifeepisolutions.com
[23:40:35]   OK One Life Epi Solutions | ph:(520) 329-3395 | em:gdixon@onelifeepisolutions.com | 4* | 3 reviews
[23:40:39] [2773/5631] papersgram.com
[23:40:39]   OK Papersgram | ph:(866) 715-0506 | 4* | 3 reviews | New York
[23:40:42] [2774/5631] releaseandtranscend.com
[23:40:42]   OK Release and Transcend | em:hello@releaseandtranscend.com | 4* | 3 reviews | Los Angeles
[23:40:46] [2775/5631] internallyrichcoaching.com
[23:40:47]   OK Internally Rich Coaching | ph:(443) 655-2646 | em:rjrivera@internallyrichcoaching.com | 4* | 3 reviews | CATONSVILLE
[23:40:50] [2776/5631] educationalbookmatrix.com
[23:40:51]   OK Educationalbookmatrix | ph:(213) 529-0997 | em:Admin@educationalbookmatrix.com | 4* | 3 reviews | New York
[23:40:54] [2777/5631] reviveyourlife.net
[23:40:55]   OK Revive Recovery | ph:(843) 620-2653 | em:brantcole2024@gmail.com | 4* | 3 reviews | Boyne City
[23:41:00] [2778/5631] assignmentessays.com
[23:41:00]   OK Assignmentessays | 4* | 3 reviews
[23:41:04] [2779/5631] www.field-studies-council.org
[23:41:04]   OK Field Studies Council | 4* | 3 reviews
[23:41:08] [2780/5631] tasksbay.com
[23:41:09]   OK Tasksbay | ph:(346) 299-9044 | em:ravi.r@tasksbay | 4* | 3 reviews
[23:41:09]   [Progress saved: 2780 total leads]
[23:41:14] [2781/5631] careerfreeagency.com
[23:41:14]   OK Career Free Agency | em:chris@careerfreeagency.com | 4* | 3 reviews
[23:41:17] [2782/5631] mytoptutor.com
[23:41:18]   OK Mytoptutor | 4* | 3 reviews
[23:41:22] [2783/5631] www.institutece.org
[23:41:22]   OK Institute of Continuing Education | em:marketing@institutece.org | 4* | 3 reviews
[23:41:26] [2784/5631] www.essayassociates.com
[23:41:26]   OK Essayassociates | 4* | 3 reviews | New York
[23:41:30] [2785/5631] academiasavants.com
[23:41:31]   OK Academiasavants | 4* | 3 reviews
[23:41:35] [2786/5631] pharmacytechnologyinstitution.com
[23:41:35]   OK Pharmacy Technology Institution | ph:(856) 523-3303 | em:support@pharmacytechnologyinstitution.com | 4* | 3 reviews | Claremont
[23:41:39] [2787/5631] greenscalecredit.com
[23:41:39]   OK GreenScale LLC | ph:(912) 216-2613 | em:info@greenscalecredit.com | 4* | 3 reviews | Savannah
[23:41:44] [2788/5631] testteamtrainer.com
[23:41:44]   OK TestTeamTrainer | ph:(888) 470-6556 | em:info@Testteamtrainer.com | 4* | 3 reviews | Visalia
[23:41:48] [2789/5631] theighalossystems.com
[23:41:48]   OK Theighalossystems | 4* | 3 reviews
[23:41:52] [2790/5631] octilearn.com
[23:41:53]   OK Octilearn | ph:+971547213430 | em:info@octilearn.com | 4* | 3 reviews | Dover
[23:41:56] [2791/5631] www.theprofs.co.uk
[23:41:57]   OK The Profs | ph:0208 004 7639 | em:enquiries@theprofs.co.uk | 4.9* | 1879 reviews | London
[23:42:01] [2792/5631] gradcoach.com
[23:42:04]   OK Grad Coach | em:hello@gradcoach.com | 4.9* | 1140 reviews
[23:42:07] [2793/5631] scotslawtalks.com
[23:42:08]   OK Scots Law Talks | em:scotslawtalks@gmail.com | 4.9* | 240 reviews | Dundee
[23:42:12] [2794/5631] atlanticlondon.co.uk
[23:42:12]   OK Atlantic London Education | ph:+44 2073775971 | em:marketing@atlanticlondon.co.uk | 4.9* | 206 reviews | London
[23:42:17] [2795/5631] www.thesleepingbabyroutine.co.uk
[23:42:17]   OK The Sleeping Baby Routine | 4.9* | 198 reviews
[23:42:22] [2796/5631] www.virtual-college.co.uk
[23:42:23]   OK Virtual College | ph:01943 605976 | em:hello@virtual-college.co.uk | 4.8* | 16195 reviews | Leeds
[23:42:27] [2797/5631] inspirelondoncollege.co.uk
[23:42:28]   OK Inspire London College | ph:+44 02071019543 | em:info@inspirelondoncollege.co.uk | 4.8* | 563 reviews | Southall London
[23:42:32] [2798/5631] magicoftheatre.com
[23:42:33]   OK M&M Theatrical Productions Ltd | ph:01292618500 | em:enquiries@mamproductions.co.uk | 4.8* | 303 reviews | Ayr
[23:42:37] [2799/5631] sendprotect.co.uk
[23:42:37]   OK SEND Protect | ph:07904549007 | em:lisa@sendprotect.co.uk | 4.8* | 59 reviews | Walthamstow
[23:42:41] [2800/5631] spires.co
[23:42:43]   OK Spires | ph:02078460126 | em:support@spires.co | 4.7* | 1221 reviews | London
[23:42:43]   [Progress saved: 2800 total leads]
[23:42:47] [2801/5631] www.estiatuition.com
[23:42:47]   OK Estia Tuition | em:customersupport@estiatuition.com | 4.6* | 1950 reviews | Morden
[23:42:50] [2802/5631] mandatorytraining.co.uk
[23:42:51]   OK The Mandatory Training Group | ph:024 7610 0090 | em:trustpilot@mandatorytraining.co.uk | 4.5* | 647 reviews | Coventry
[23:42:55] [2803/5631] maudsleylearning.com
[23:42:56]   OK Maudsley Learning | ph:0330 808 9391 | em:maudsleylearning@slam.nhs.uk | 4.4* | 269 reviews | LONDON
[23:43:00] [2804/5631] lahavim.com
[23:43:01]   OK Lahavim | ph:+44 7414109905 | em:help.desk@lahavim.com | 4.4* | 52 reviews
[23:43:04] [2805/5631] peoplecert.org
[23:43:05]   OK PeopleCert | ph:+44 2035647044 | em:customerservice@peoplecert.org | 3.9* | 4544 reviews | London
[23:43:09] [2806/5631] yourconstructioncertification.com
[23:43:10]   OK Your Construction Certification | ph:020 4540 5749 | em:support@yourconstructioncertification.com | 3.9* | 109 reviews | London
[23:43:14] [2807/5631] medology.co.uk
[23:43:15]   OK Medology | ph:07340 742027 | em:admin@medology.co.uk | 5* | 936 reviews | London
[23:43:19] [2808/5631] avgeducation.com
[23:43:20]   OK Avgeducation | ph:07446294542 | em:applications@avgeducation.com | 5* | 486 reviews | London 
[23:43:24] [2809/5631] blueskygraphics.co.uk
[23:43:25]   OK Blue Sky Graphics | ph:+44 02074594342 | em:noah@blueskygraphics.co.uk | 5* | 390 reviews | London
[23:43:28] [2810/5631] www.eustudentsintheuk.com
[23:43:29]   OK EU STUDENTS IN THE UK | ph:02081032999 | em:info@eustudentsintheuk.com | 5* | 300 reviews | London
[23:43:33] [2811/5631] myschola.uk
[23:43:33]   OK MySchola | ph:+44 7344193804 | em:myscholauk@gmail.com | 4.1* | 5 reviews
[23:43:38] [2812/5631] shecom.co.uk
[23:43:38]   OK SheCommerce | 4.8* | 76 reviews
[23:43:43] [2813/5631] drappraisals.com
[23:43:43]   OK Dr Appraisals | ph:+44 7356281616 | em:info@drappraisals.com | 4.8* | 40 reviews | Warwick
[23:43:47] [2814/5631] qbaycareer.com
[23:43:48]   OK Qbay Career | ph:+44 7300646372 | em:info@qbaycareer.com | 4.6* | 297 reviews | England
[23:43:52] [2815/5631] kaplaclubs.co.uk
[23:43:53]   OK Kapla Clubs | 4.5* | 16 reviews
[23:43:57] [2816/5631] southlondoncollege.org
[23:43:58]   OK South London College | ph:020 8126 0422 | em:info@southlondoncollege.org | 4.9* | 925 reviews | London
[23:44:01] [2817/5631] www.novaspiredigitalmarketing.com
[23:44:02]   OK Novaspiredigitalmarketing | 2.6* | 17 reviews
[23:44:06] [2818/5631] romaniinukadvisors.co.uk
[23:44:06]   OK Romaniinukadvisors | ph:07939409935 | em:info@romaniinukadvisors.co.uk | 4* | 3 reviews | LONDON
[23:44:09] [2819/5631] mooreteachers.co.uk
[23:44:10]   OK Moore Teachers Ltd | ph:01992 611902 | em:Bookings@mooreteachers.co.uk | 4.1* | 5 reviews | Hoddesdon
[23:44:14] [2820/5631] www.hsamadesimple.co.uk
[23:44:14]   OK Herts School Admissions Made Simple | ph:07939076070 | em:Info@hsamadesimple.co.uk | 4.3* | 8 reviews | Watford
[23:44:14]   [Progress saved: 2820 total leads]
[23:44:18] [2821/5631] casapp.ai
[23:44:18]   OK CasApp.ai | 4* | 3 reviews
[23:44:22] [2822/5631] uniquemindstutoring.com
[23:44:22]   OK Uniquemindstutoring | ph:07939572153 | em:nathalie.apcher@uniquemindstutoring.com | 4.2* | 6 reviews | London
[23:44:27] [2823/5631] tutorelite.co.uk
[23:44:27]   OK TutorElite with David Bell | ph:03300438501 | em:enquiries@tutorelite.co.uk | 4* | 3 reviews | Boreham
[23:44:32] [2824/5631] younimentor.co.uk
[23:44:32]   OK YoUni Mentor | ph:+44078677242288 | em:elijah@younimentor.co.uk | 4.6* | 18 reviews | Ilford
[23:44:37] [2825/5631] luminarytutors.com
[23:44:38]   OK LuminaryTutors | ph:+44 7748919219 | em:admins@luminarytutors.com | 3.7* | 1 reviews
[23:44:41] [2826/5631] emotionintell.com
[23:44:41]   OK EmotionIntell | ph:0161 552 3811 | em:service@emotionintell.com | 4.7* | 23 reviews | Salford
[23:44:45] [2827/5631] www.downundercentre.com
[23:44:46]   OK Down Under Centre | ph:0203 376 1555 | em:info@downundercentre.com | 5* | 277 reviews | Dumbarton
[23:44:50] [2828/5631] p8fxtrading.com
[23:44:51]   OK P8FX Trading Ltd | em:hello@p8fxtrading.com | 5* | 238 reviews | London
[23:44:55] [2829/5631] medichut.com
[23:44:55]   OK MedicHut | ph:020 3488 8644 | em:team@medichut.com | 4.9* | 1504 reviews
[23:44:59] [2830/5631] cpdme.com
[23:45:00]   OK CPDme.com | ph:01254 943159 | em:team@cpdme.com | 4.9* | 1343 reviews | Whalley
[23:45:03] [2831/5631] www.zerogravity.co.uk
[23:45:03]   OK Zero Gravity | ph:0203 488 5308 | em:hello@zerogravity.co.uk | 4.9* | 1271 reviews | London
[23:45:08] [2832/5631] www.alasdair-cunningham.com
[23:45:09]   OK Valiant Education  | em:team@valiant-education.com | 4.9* | 695 reviews
[23:45:13] [2833/5631] projectcertifications.com
[23:45:14]   OK Gabor Stramb - Projectcertifications | ph:+44 7929860623 | em:contact@projectcertifiations.com | 4.9* | 553 reviews
[23:45:19] [2834/5631] pyjamadrama.com
[23:45:19]   OK Pyjama Drama | ph:+44 7983675388 | em:rachel@pyjamadrama.com | 4.9* | 478 reviews
[23:45:23] [2835/5631] medlinkstudents.com
[23:45:23]   OK Medlink Students: Study Medicine Abroad  | ph:+44 02045385852 | em:enquire@medlinkstudents.com | 4.9* | 477 reviews | Poole
[23:45:28] [2836/5631] enlearningment.co.uk
[23:45:28]   OK Enlearningment | em:inbound@enlearningment.co.uk | 4.9* | 469 reviews | HARWICH
[23:45:32] [2837/5631] www.ukplatinumservices.com
[23:45:32]   OK Platinum Services | ph:0333 3606 587 | em:info@ukplatinumservices.com | 4.9* | 460 reviews | Oxford
[23:45:36] [2838/5631] www.suitedtutor.com
[23:45:37]   OK Suited Tutor | ph:+44 1865684049 | em:info@suitedtutor.com | 4.9* | 358 reviews | Oxford
[23:45:41] [2839/5631] sendstation.co.uk
[23:45:41]   OK SEND Station Ltd | em:info@sendstation.co.uk | 4.9* | 311 reviews | London
[23:45:45] [2840/5631] liveandlearnconsultancy.co.uk
[23:45:45]   OK Live and Learn Consultancy | ph:0114 357 0350 | em:Info@LiveAndLearnConsultancy.co.uk | 4.9* | 265 reviews | Sheffield
[23:45:45]   [Progress saved: 2840 total leads]
[23:45:49] [2841/5631] www.proofers.co.uk
[23:45:50]   OK Proofers Ltd | ph:01772 439016 | em:enquiries@proofers.co.uk | 4.9* | 207 reviews | Preston
[23:45:54] [2842/5631] eunetwork.co.uk
[23:45:55]   OK Eu Network | ph:+44 02038860210 | em:info@eunetwork.co.uk | 4.9* | 206 reviews | London
[23:45:59] [2843/5631] www.teamadl.uk
[23:45:59]   OK TeamADL CIC | em:admin@teamadl.uk | 4.9* | 201 reviews
[23:46:03] [2844/5631] alevelmathsmastery.com
[23:46:04]   OK A Level Maths Mastery | em:amrit@alevelmathsmastery.com | 4.9* | 189 reviews
[23:46:08] [2845/5631] primevr.co.uk
[23:46:08]   OK PrimeVR | em:info@primevr.co.uk | 4.9* | 186 reviews | Oxford
[23:46:13] [2846/5631] uniupp.com
[23:46:13]   OK UniUpp | ph:0330 027 1749 | em:info@uniupp.com | 4.9* | 186 reviews | London
[23:46:18] [2847/5631] centraltutors.co.uk
[23:46:18]   OK Central Tutors | ph:07867662092 | em:info@centraltutors.co.uk  | 4.9* | 175 reviews | Stirling
[23:46:22] [2848/5631] able2train.com
[23:46:22]   OK Able 2 Train | ph:01291423496 | em:info@able2train.com | 4.9* | 155 reviews | Portskewett
[23:46:27] [2849/5631] matrecruitment.com
[23:46:28]   OK MAT Recruitment | ph:0330 1244 363 | em:enquiries@matrecruitment.com | 4.9* | 149 reviews | Warrington
[23:46:32] [2850/5631] smarteducationpro.co.uk
[23:46:33]   OK Smart Education Pro | ph:+44 7775065060 | em:office@smarteducationpro.co.uk | 4.9* | 135 reviews | Luton
[23:46:37] [2851/5631] babycollege.co.uk
[23:46:38]   OK Baby College | ph:+44 7986014818 | em:office@babycollege.co.uk | 4.9* | 122 reviews | Chipping Norton
[23:46:41] [2852/5631] tablet.academy
[23:46:41]   OK TA (Tablet Academy) | ph:01952 567450 | em:info@tablet.academy | 4.9* | 109 reviews | Telford
[23:46:45] [2853/5631] expressproofreading.com
[23:46:45]   OK Express Proofreading | ph:0800 689 3548 | em:Info@expressproofreading.com | 4.9* | 109 reviews | Manchester
[23:46:49] [2854/5631] supplywell.co.uk
[23:46:49]   OK SupplyWell | ph:03333050601 | em:hello@supplywell.co.uk | 4.9* | 109 reviews | Liverpool
[23:46:54] [2855/5631] productmanagementtraining.com
[23:46:55]   OK Tarigo | em:info@tarigo.co.uk | 4.9* | 108 reviews | Pontefract
[23:46:58] [2856/5631] frontlinetraining.co.uk
[23:46:58]   OK Frontline Training | ph:07531705283 | em:info@frontlinetraining.co.uk | 4.9* | 101 reviews | Epsom
[23:47:03] [2857/5631] speak-greek.com
[23:47:03]   OK Speak Greek | ph:07543699421 | em:info@speak-greek.com | 4.9* | 99 reviews | Sale
[23:47:08] [2858/5631] themontessorifamily.com
[23:47:08]   OK themontessorifamily.com | em:carinerobin@gmail.com | 4.9* | 87 reviews
[23:47:12] [2859/5631] newalternative.co.uk
[23:47:13]   OK New Alternative Path | ph:07861684639 | em:newalternativepath.info@gmail.com | 4.9* | 87 reviews | London
[23:47:16] [2860/5631] kellyashby.myshopify.com
[23:47:17]   OK Kelly Ashby Nail Academy | 4.9* | 81 reviews
[23:47:17]   [Progress saved: 2860 total leads]
[23:47:20] [2861/5631] topeducation.uk
[23:47:20]   OK Top Education Group Ltd | ph:07488848262 | em:info@topeducation.uk | 4.9* | 79 reviews | LONDON
[23:47:23] [2862/5631] www.smartbeee.co.uk
[23:47:24]   OK Smartbeee | ph:07799032499 | em:as.jay@smartbeee.co.uk | 4.9* | 79 reviews | London
[23:47:28] [2863/5631] projectelysium.org
[23:47:28]   OK Elysium Equity | em:admin@projectelysium.org | 4.9* | 74 reviews | London
[23:47:32] [2864/5631] antenatal-classes.co.uk
[23:47:33]   OK Antenatal Classes | ph:07758215954 | em:info@antenatal-classes.co.uk | 4.9* | 71 reviews | Cheltenham
[23:47:37] [2865/5631] missionstudyabroad.com
[23:47:37]   OK Mission Study Abroad  | ph:+44 7732279664 | em:info@missionstudyabroad.com | 4.9* | 71 reviews | London
[23:47:42] [2866/5631] clementinewade.co.uk
[23:47:42]   OK Clementinewade | em:hello@clementinewade.co.uk | 4.9* | 71 reviews | London
[23:47:46] [2867/5631] www.teacherhorizons.com
[23:47:47]   OK Teacher Horizons | 4.8* | 678 reviews | London
[23:47:52] [2868/5631] my-medx.com
[23:47:52]   OK MedX
[23:47:57] [2869/5631] dukestutoring.com
[23:47:58]   OK Dukes Tutoring | ph:+44 02034880754 | em:info@dukestutoring.com | 4.8* | 220 reviews | London
[23:48:02] [2870/5631] edu-4u.eu
[23:48:03]   OK Edu4u  | ph:+44 7511807765 | em:office@edu-4u.uk | 4.8* | 165 reviews | London
[23:48:08] [2871/5631] edgerise.org.uk
[23:48:08]   OK Edgerise Consultancy Ltd | ph:07507637965 | em:support@edgerise.org.uk | 4.8* | 152 reviews | Sunderland
[23:48:13] [2872/5631] ribbons-reeves.co.uk
[23:48:14]   OK Ribbons & Reeves | ph:020 8004 1155 | em:office@ribbons-reeves.co.uk | 4.8* | 135 reviews | London
[23:48:18] [2873/5631] educationtraining.uk
[23:48:18]   OK Education and Training | ph:+44 7436528618 | em:admin@educationtraining.uk | 4.8* | 129 reviews | London
[23:48:23] [2874/5631] westlandmark.com
[23:48:23]   OK Westland Mark | ph:07305464777 | em:info@westlandmark.com | 4.8* | 111 reviews | London
[23:48:27] [2875/5631] rsrglobal.co
[23:48:27]   OK rsrglobal.co | ph:+44 2086293915 | em:contact@rsrglobal.co | 4.8* | 104 reviews | CROYDON
[23:48:31] [2876/5631] monedafx.com
[23:48:32]   OK Moneda FX | em:info@monedafx.com | 4.8* | 103 reviews | London
[23:48:36] [2877/5631] theoriseltd.com
[23:48:36]   OK Theorise Ltd | ph:0131 589 2363 | em:dany@theoriseltd.com | 4.8* | 99 reviews | Edinburgh
[23:48:41] [2878/5631] studynow.org.uk
[23:48:41]   OK Studynow | ph:+44 2034337700 | em:marketing@studynow.org.uk | 4.8* | 90 reviews | London, 
[23:48:46] [2879/5631] britanniaacademics.co.uk
[23:48:46]   OK Britannia Academics | ph:+44 2084329448 | em:Info@britanniaacademics.co.uk | 4.8* | 76 reviews | Dartford
[23:48:50] [2880/5631] aintreetraining.co.uk
[23:48:50]   OK Aintree Training Limited | ph:01512811135 | em:admin@aintreetraining.co.uk | 4.8* | 65 reviews | LIVERPOOL
[23:48:50]   [Progress saved: 2880 total leads]
[23:48:55] [2881/5631] www.teachinggadget.com
[23:48:55]   OK TeachingGadget | ph:07849 317609 | em:info@TeachingGadget.com | 4.8* | 63 reviews
[23:48:59] [2882/5631] pocketpanda.co.uk
[23:48:59]   OK Pocket Panda Early Learning | ph:07548256142 | em:hello@pocketpanda.co.uk | 4.8* | 62 reviews | Chesham
[23:49:03] [2883/5631] recruit-you.co.uk
[23:49:03]   OK Recruit U | ph:01613273076 | em:recruitu2019@gmail.com | 4.8* | 59 reviews | Oldham
[23:49:07] [2884/5631] beveen.com
[23:49:08]   OK Beveen | 4.8* | 55 reviews
[23:49:11] [2885/5631] a2atraining.co.uk
[23:49:11]   OK A2A Training and EPA | ph:01212945153 | em:info@a2atraining.co.uk | 4.8* | 55 reviews | West Midlands
[23:49:15] [2886/5631] dradmissions.co.uk
[23:49:15]   OK Dr Admissions | 4.8* | 55 reviews
[23:49:19] [2887/5631] thegraduateproject.co.uk
[23:49:19]   OK The Graduate Project | ph:02070434629 | em:recruitment@thegraduateproject.co.uk | 4.8* | 54 reviews | London
[23:49:24] [2888/5631] oraqual.com
[23:49:24]   OK Oraqual Ltd | ph:02030510689 | em:info@oraqual.com | 4.8* | 52 reviews | London
[23:49:28] [2889/5631] theeliteprep.co.uk
[23:49:29]   OK The Elite Prep UK | ph:07541120271 | em:info@theeliteprep.co.uk | 4.8* | 51 reviews | London
[23:49:33] [2890/5631] syllabi.co.uk
[23:49:34]   OK syllabi | 4.8* | 50 reviews
[23:49:37] [2891/5631] ask33.co.uk
[23:49:38]   OK Ask33 | em:info@ask33.co.uk | 4.8* | 49 reviews | LONDON
[23:49:42] [2892/5631] globalsportsrelations.com
[23:49:43]   OK Global Sports Relations Ltd | em:enquiries@globalsportsrelations.com | 4.8* | 49 reviews
[23:49:47] [2893/5631] medenteurope.com
[23:49:48]   OK Medent Europe | 4.8* | 48 reviews
[23:49:52] [2894/5631] psychologyuniversitytutor.co.uk
[23:49:52]   OK Psychology University Tutor | ph:+44 07401384598 | em:info@psychologyuniversitytutor.co.uk | 4.8* | 47 reviews
[23:49:56] [2895/5631] limitlesstuition.com
[23:49:57]   OK Limitless Tuition | ph:07482789427 | em:director@limitlesstuitionltd.com | 4.8* | 46 reviews | London
[23:50:01] [2896/5631] jabbatraining.com
[23:50:02]   OK Jabba  | ph:+4915256245766 | em:alistair@jabba.io | 4.8* | 46 reviews | Poole
[23:50:06] [2897/5631] panoba.co.uk
[23:50:06]   OK Panoba | ph:+44 2036333101 | em:info@panoba.co.uk | 4.8* | 45 reviews
[23:50:10] [2898/5631] leadearly.co.uk
[23:50:10]   OK Leadearly | ph:0207 129 7549 | em:hello@leadearly.co.uk | 4.8* | 45 reviews | London
[23:50:14] [2899/5631] henry-ward.co.uk
[23:50:15]   OK Henry Ward Trading | em:contact@henry-ward.co.uk | 4.8* | 45 reviews | London
[23:50:19] [2900/5631] smartxtutoring.uk
[23:50:19]   OK SmartX Tutoring | ph:+44 7356046887 | em:admin@smartxtutoring.uk | 4.8* | 45 reviews | London
[23:50:19]   [Progress saved: 2900 total leads]
[23:50:24] [2901/5631] bug-fest.com
[23:50:24]   OK Bugfest | ph:07976 169084 | em:enquiries@bug-fest.com | 4.8* | 43 reviews | Dorset
[23:50:28] [2902/5631] flytoteach.co.uk
[23:50:29]   OK Fly to Teach | em:joe@flytoteach.co.uk | 4.8* | 40 reviews
[23:50:32] [2903/5631] www.linkythinks.com
[23:50:32]   OK LinkyThinks | ph:+44 2031504506 | em:info@linkythinks.com | 4.8* | 39 reviews | Altrincham
[23:50:36] [2904/5631] theskillzone.co.uk
[23:50:37]   OK The Skillzone | ph:01414590524 | em:admin@theskillzone.co.uk | 4.8* | 37 reviews | Airdrie
[23:50:41] [2905/5631] edex.co.uk
[23:50:42]   OK EdEx - Education Recruitment | ph:0203 695 6713 | em:hi@edex.co.uk | 4.7* | 286 reviews | Maidstone
[23:50:46] [2906/5631] www.in2med.co.uk
[23:50:47]   OK In2Med | em:enquiries@in2med.co.uk | 4.7* | 145 reviews | London
[23:50:50] [2907/5631] developinghomes.co.uk
[23:50:51]   OK Developing Homes | 4.7* | 128 reviews
[23:50:55] [2908/5631] jpwtutors.com
[23:50:56]   OK JPW Academy | ph:+44 7700168033 | em:hello@jpwtutors.com | 4.7* | 88 reviews | Brackley
[23:51:00] [2909/5631] dyslexiafoundation.co.uk
[23:51:01]   OK Dyslexia Foundation | ph:0151 707 1525 | em:hello@dyslexiafoundation.co.uk | 4.7* | 82 reviews | Liverpool
[23:51:05] [2910/5631] studey.com
[23:51:06]   OK Studey | em:support@studey.com | 4.7* | 81 reviews | London
[23:51:11] [2911/5631] evoxacademy.com
[23:51:11]   OK Evoxacademy | 4.7* | 81 reviews
[23:51:14] [2912/5631] lesinvestisseuses.podia.com
[23:51:15]   OK Lesinvestisseuses | 4.7* | 72 reviews
[23:51:19] [2913/5631] thedivergenttrader.com
[23:51:20]   OK thedivergenttrader.com | 4.7* | 69 reviews
[23:51:23] [2914/5631] www.nativeassignmenthelp.co.uk
[23:51:24]   OK Native Assignment Help | ph:+44 2033183300 | em:help@nativeassignmenthelp.co.uk | Sheffield
[23:51:28] [2915/5631] www.createeducation.com
[23:51:28]   OK The CREATE Education Project | ph:01257 276116 | em:Enquiries@createeducation.com | 4.7* | 61 reviews | Chorley
[23:51:33] [2916/5631] smusa.co.uk
[23:51:34]   OK SMUSA | ph:+44 7917764459 | em:info@smusa.co.uk | 4.7* | 59 reviews | Belfast
[23:51:38] [2917/5631] dataprotectionpeople.com
[23:51:38]   OK Data Protection People | ph:0113 869 1290 | em:Info@dataprotectionpeople.com | 4.7* | 53 reviews | Leeds
[23:51:42] [2918/5631] creative-hut.com
[23:51:43]   OK Creative Hut | ph:08007797242 | em:info@creative-hut.com | 4.7* | 48 reviews | Warrington 
[23:51:47] [2919/5631] www.ideaacademylondon.co.uk
[23:51:48]   OK idea Academy London | ph:02072052811 | em:info@ideaAcademyLondon.com | 4.7* | 47 reviews | London
[23:51:52] [2920/5631] www.121privatetutor.com
[23:51:53]   OK 121 Private Tutor | em:info@121privatetutor.co.uk | 4.7* | 45 reviews | Wokingham
[23:51:53]   [Progress saved: 2920 total leads]
[23:51:57] [2921/5631] vectormaths.co.uk
[23:51:57]   OK vectormaths.co.uk | ph:07749417444 | em:admin@vectormaths.co.uk | 4.7* | 43 reviews | Grays
[23:52:02] [2922/5631] activecareeducation.com
[23:52:03]   OK Active Care Education | ph:+44 7833148697 | em:info@activecareeducation.com | 4.7* | 42 reviews | Dartford
[23:52:07] [2923/5631] eefx.co.uk
[23:52:07]   OK eefx.co.uk | em:support@eefx.co.uk | 4.7* | 39 reviews
[23:52:11] [2924/5631] hatfieldwickeducation.co.uk
[23:52:11]   OK Hatfield Wick Education | ph:01245 380 682 | em:hello@hatfieldwickeducation.co.uk | 4.7* | 38 reviews | Chelmsford
[23:52:16] [2925/5631] deconpete.co.uk
[23:52:17]   OK Deconpete | ph:07581309835 | em:info@deconpete.co.uk | 4.7* | 37 reviews | canterbury
[23:52:21] [2926/5631] send-help.co.uk
[23:52:21]   OK SENDhelp | 4.7* | 36 reviews
[23:52:25] [2927/5631] thenewleaf.uk
[23:52:25]   OK The Newleaf Solutions | ph:02034887628 | em:info@thenewleafgroup.co.uk | 4.7* | 36 reviews | London
[23:52:29] [2928/5631] sciencebymir.com
[23:52:29]   OK Sciencebymir | em:Sciencebymir@gmail.com | 4.7* | 34 reviews
[23:52:32] [2929/5631] gcsemathsaccelerator.com
[23:52:33]   OK GCSE Maths Accelerator | em:michael@gcsemathsaccelerator.com | 4.7* | 34 reviews | London
[23:52:36] [2930/5631] theorytestexplained.co.uk
[23:52:36]   OK Theory Test Explained | ph:08001185032 | em:info@theorytestexplained.co.uk | 4.7* | 34 reviews | Sevenoaks
[23:52:40] [2931/5631] theemg.co.uk
[23:52:40]   OK The EMG Ltd | ph:07967 029905 | em:sarah@theemg.co.uk | 4.7* | 33 reviews
[23:52:44] [2932/5631] quinteducation.co.uk
[23:52:44]   OK Quint Education | ph:02071188994 | em:info@quinteducation.co.uk | 4.7* | 33 reviews | Hertfordshire
[23:52:48] [2933/5631] prosmartstudy.co.uk
[23:52:49]   OK Prosmartstudy | ph:+44 7743964546 | em:info.prosmart.edu@gmail.com | London
[23:52:52] [2934/5631] ams-education.co.uk
[23:52:53]   OK AMS-Education Limited | ph:+44 7547532011 | em:info@ams-education.co.uk | 4.7* | 31 reviews | London
[23:52:56] [2935/5631] www.libertytuition.co.uk
[23:52:56]   OK Liberty Tuition | ph:07845035247 | em:info@libertytuition.co.uk | 4.7* | 31 reviews | London
[23:53:00] [2936/5631] cotswoldeducation.co.uk
[23:53:00]   OK Cotswold Education | ph:01242 350593 | em:cotswoldeducationuk@gmail.com | 4.7* | 30 reviews | Gloucester
[23:53:05] [2937/5631] statementpacer.com
[23:53:05]   OK Statementpacer | ph:+44 7415783672 | em:orders@statementpacer.com | 4.7* | 30 reviews | Birmingham, UK
[23:53:09] [2938/5631] clairecalderconsultancy.com
[23:53:10]   OK Claire Calder Consultancy | ph:07586 294687 | em:claire@clairecalderconsultancy.com | 4.7* | 30 reviews | Gloucester 
[23:53:14] [2939/5631] qedtuition.com
[23:53:15]   OK QED  Tuition Ltd | ph:07700143031 | em:info@qedtuition.com | 4.7* | 29 reviews | London
[23:53:18] [2940/5631] openanursery.co.uk
[23:53:19]   OK Open a Nursery in the UK | em:nurserycourseuk@gmail.com | 4.7* | 28 reviews | South Croydon
[23:53:19]   [Progress saved: 2940 total leads]
[23:53:22] [2941/5631] coursentia.com
[23:53:23]   OK My University Admissions | ph:+44 7594124218 | em:info@uniadmissions.co | 4.7* | 27 reviews | London
[23:53:26] [2942/5631] vantageadmissions.co.uk
[23:53:26]   OK Vantage Admissions | em:contact@vantageadmissions.co.uk | 4.7* | 26 reviews
[23:53:31] [2943/5631] academicwing.com
[23:53:31]   OK Academicwing | ph:+44 7700163137 | em:info@academicwing.com | 4.7* | 26 reviews | London
[23:53:35] [2944/5631] helenlewistutoring.com
[23:53:35]   OK Helen Lewis Tutoring | 4.7* | 26 reviews
[23:53:40] [2945/5631] sahrafec.com
[23:53:40]   OK Sahra FEC Ltd. | ph:07379090071 | em:info@sahrafec.com | 4.7* | 25 reviews | London
[23:53:43] [2946/5631] mathsense-education.com
[23:53:44]   OK MathSense Education | ph:07487738226 | em:info@mathsense-education.com | 4.7* | 25 reviews | London
[23:53:47] [2947/5631] aspectstudents.co.uk
[23:53:48]   OK Aspect Students | ph:07778891527 | em:admin@aspectstudents.co.uk | 4.7* | 25 reviews | London
[23:53:51] [2948/5631] accessprotraining.co.uk
[23:53:52]   OK Access Pro Training | ph:07471054093 | em:enquiries@accessprotraining.co.uk | 4.7* | 24 reviews | Leeds
[23:53:56] [2949/5631] mintago.com
[23:53:56]   OK Mintago | em:enquiries@mintago.com | 4.6* | 109 reviews | London
[23:53:59] [2950/5631] www.tilcareer.co.uk
[23:54:00]   OK London TILCareer Institute | ph:+44 1616600577 | em:info@tilcareer.co.uk | 4.6* | 91 reviews | London
[23:54:03] [2951/5631] avaloncaretraining.co.uk
[23:54:04]   OK Avalon Care Training Limited | ph:020 3955 8295 | em:info@avaloncaretraining.co.uk | 4.6* | 86 reviews | Manchester
[23:54:07] [2952/5631] learningpool.com
[23:54:08]   OK Learning Pool | 4.6* | 59 reviews | Londonderry
[23:54:12] [2953/5631] teflfreedom.com
[23:54:13]   OK TEFL Freedom | em:info@teflfreedom.com | 4.6* | 53 reviews | Reading
[23:54:16] [2954/5631] dasstak.co.uk
[23:54:17]   OK Dasstak | 4.6* | 51 reviews
[23:54:20] [2955/5631] edinburgh-tutors.co.uk
[23:54:21]   OK Edinburgh  Tutors | ph:0131 516 1811 | em:alicja@edinburgh-tutors.co.uk | 4.6* | 50 reviews | Kelso
[23:54:25] [2956/5631] aca-scholarships.com
[23:54:25]   OK ACA Scholarships  | em:info@aca-scholarships.com | 4.6* | 50 reviews
[23:54:28] [2957/5631] canonicaltutors.com
[23:54:29]   OK Canonical Tutors | ph:020 8004 9550 | em:contact@canonicaltutors.com | 4.6* | 44 reviews
[23:54:33] [2958/5631] everychildneedsamentor.com
[23:54:33]   OK Every Child Needs a Mentor  | ph:0800 644 4881 | em:info@everychildneedsamentor.com | 4.6* | 31 reviews
[23:54:37] [2959/5631] opulink.co.uk
[23:54:37]   OK Opulink | em:admin@opulink.co.uk | 4.6* | 30 reviews | London
[23:54:42] [2960/5631] www.librovibe.com
[23:54:42]   OK Librovibe | 4.6* | 27 reviews
[23:54:42]   [Progress saved: 2960 total leads]
[23:54:45] [2961/5631] theonetuition.co.uk
[23:54:46]   OK The One Tuition | 4.6* | 26 reviews
[23:54:50] [2962/5631] assignmentcreatorforu.com
[23:54:50]   OK Assignmentcreatorforu | 4.6* | 25 reviews | London
[23:54:54] [2963/5631] thecuriosityapproach.co.uk
[23:54:55]   OK The Curiosity Approach Ltd | ph:+44 1164300200 | em:support@thecuriosityapproach.co.uk | 4.6* | 24 reviews | Birmingham
[23:54:58] [2964/5631] ukeducators.com
[23:54:58]   OK UK Educators Community Ltd | 4.6* | 24 reviews
[23:55:02] [2965/5631] recruitmentgroup.uk
[23:55:02]   OK The Recruitment Group | ph:01615328275 | em:enquiries@recruitmentgroup.uk | 4.6* | 23 reviews | Manchester
[23:55:07] [2966/5631] freemanrichards.com
[23:55:07]   OK F RICH CONSULTING | em:frichconsulting@gmail.com | 4.6* | 23 reviews
[23:55:11] [2967/5631] totrain.co.uk
[23:55:12]   OK totrain.co.uk | ph:01642551592 | em:enquiries@totrain.co.uk | 4.6* | 23 reviews | Stockton-on-Tees
[23:55:17] [2968/5631] mindtheeducation.co.uk
[23:55:17]   OK Mind The Education | ph:07311446854 | em:hello@mindtheducation.co.uk | 4.6* | 22 reviews | London Wimbledon
[23:55:21] [2969/5631] thequalityassurancenetwork.co.uk
[23:55:21]   OK The Quality Assurance Network | ph:0333 090 5884 | em:info@thequalityassurancenetwork.co.uk | 4.6* | 22 reviews | London
[23:55:26] [2970/5631] www.keystonetutors.com
[23:55:26]   OK Keystone Tutors | ph:+44 02076025310 | em:enquiries@keystonetutors.com | 4.6* | 22 reviews | London
[23:55:31] [2971/5631] amaniglobal.co.uk
[23:55:31]   OK Amani Global | ph:+66813482921 | em:info@amaniglobal.co.uk | 4.6* | 22 reviews | London
[23:55:35] [2972/5631] evolvepropertynetwork.co.uk
[23:55:36]   OK Evolve Property Network | 4.6* | 22 reviews
[23:55:40] [2973/5631] ubiqueriskmanagement.co.uk
[23:55:40]   OK Ubique Risk Management | ph:01615069822 | em:info@ubiquerm.co.uk | 4.6* | 22 reviews | Warrington
[23:55:44] [2974/5631] patheducation.co.uk
[23:55:44]   OK Path Education | em:admin@patheducation.co.uk | 4.6* | 22 reviews | London
[23:55:48] [2975/5631] adaptivle.co.uk
[23:55:49]   OK adaptiVLE - proper eLearning | ph:0113 8330261 | em:sales@adaptivle.co.uk | 4.6* | 22 reviews | Skipton
[23:55:52] [2976/5631] collisondeih.com
[23:55:52]   OK CollisonDeih® Education  | ph:+44 7951124426 | em:hello@collisondeih.com | 4.6* | 22 reviews | Staines
[23:55:56] [2977/5631] fiveoakslondon.co.uk
[23:55:57]   OK Five OAKS London | ph:+44 7865646745 | em:contato@fiveoakslondon.co.uk | 4.6* | 21 reviews | HARPENDEN
[23:56:00] [2978/5631] firstprep.co
[23:56:00]   OK firstprep | ph:+44 7867651525 | em:lee.casey@firstprep.co | 4.6* | 21 reviews | London
[23:56:04] [2979/5631] numberonetutor.com
[23:56:04]   OK Number One Tutor | ph:+44 7722477150 | em:info@numberonetutor.com | 4.6* | 21 reviews | London
[23:56:07] [2980/5631] healthyenglish.co.uk
[23:56:08]   OK Healthy English | em:rachel.dexter@healthyenglish.org | 4.6* | 20 reviews | St Neots
[23:56:08]   [Progress saved: 2980 total leads]
[23:56:12] [2981/5631] yesguardians.co.uk
[23:56:13]   OK Yes Guardians | ph:07429553356 | em:marc@yesguardians.co.uk | 4.6* | 19 reviews | Cheltenham
[23:56:17] [2982/5631] doracopelandeducationalservices.co.uk
[23:56:17]   OK Dora Copeland Educational Services Ltd. | ph:07516 261155 | em:doracopeland@gmail.com | 4.6* | 19 reviews | London
[23:56:21] [2983/5631] theblackcurriculum.com
[23:56:21]   OK The Black Curriculum | em:learning@theblackcurriculum.com | 4.6* | 19 reviews | London
[23:56:26] [2984/5631] ezyconsultancy.com
[23:56:26]   OK Ezy Consultancy | ph:07394568196 | em:info@ezyconsultancy.co.uk | 4.6* | 19 reviews | Wembley, London
[23:56:29] [2985/5631] futureeducation.co.uk
[23:56:29]   OK Future Education Ltd | ph:0208 256 0910 | em:contact@futureeducation.co.uk | 4.6* | 19 reviews | London
[23:56:33] [2986/5631] domyassignmentshelper.co.uk
[23:56:33]   OK Domyassignmentshelper | ph:+44 7719780271 | em:info@domyassignmentshelper.co.uk | 4.6* | 19 reviews | Wolverhampton
[23:56:37] [2987/5631] universitio.com
[23:56:37]   OK Universitio LTD | ph:+44 7963345465 | em:info@universitio.com | 4.6* | 19 reviews | Birmingham
[23:56:42] [2988/5631] simplified-consultancy.com
[23:56:42]   OK Simplified Consultancy | 4.6* | 18 reviews
[23:56:46] [2989/5631] newventuresrecruitment.co.uk
[23:56:47]   OK New Ventures Recruitment Ltd  | ph:07517 200464 | em:Enquiries@newventuresrecruitment.co.uk | 4.6* | 18 reviews
[23:56:52] [2990/5631] classact-teaching.co.uk
[23:56:52]   OK Class Act Teaching Services | ph:01235 832828 | em:info@classact-teaching.co.uk | 4.6* | 18 reviews | Abingdon 
[23:56:55] [2991/5631] endeavourhq.co.uk
[23:56:55]   OK Endeavour HQ | ph:07826853260 | em:endeavourhq@hotmail.com | 4.6* | 18 reviews | Great Horkesley
[23:56:59] [2992/5631] newessays.com
[23:56:59]   OK New Essays UK | ph:01618706251 | em:info@newessays.com | 4.6* | 18 reviews | Manchester 
[23:57:03] [2993/5631] edviceuk.com
[23:57:03]   OK Edvice UK | ph:02030265742 | em:info@edviceuk.com | 4.6* | 18 reviews | London, United Kingdom
[23:57:08] [2994/5631] physicsandmathscourses.com
[23:57:08]   OK Physics and Maths Courses Limited | ph:07475945844 | 4.6* | 17 reviews | London 
[23:57:13] [2995/5631] eclassroom.org.uk
[23:57:13]   OK eClassroom | em:croberts@eclassroom.org.uk | 4.6* | 17 reviews | London
[23:57:18] [2996/5631] 1st-step-to-study.com
[23:57:18]   OK 1st step to study | ph:07459797159 | em:student.support@1ststeptostudy.co.uk | 4.6* | 17 reviews | Stevenage
[23:57:22] [2997/5631] enrichyourcareer.com
[23:57:23]   OK Enrich Your Career Ltd | ph:07898447829 | em:info@enrichyourcareer.com | 4.6* | 17 reviews
[23:57:27] [2998/5631] vladimirribakov.com
[23:57:28]   OK Vladimir Ribakov | em:support@vladimirribakov.com | 4.6* | 17 reviews | London
[23:57:32] [2999/5631] simple-fx.net
[23:57:33]   OK Simple-FX | ph:01527 879397 | em:helen@simple-fx.net | 4.5* | 146 reviews | Bromsgrove
[23:57:38] [3000/5631] essaynook.com
[23:57:38]   OK Essaynook | ph:(914) 398-6028 | em:support@essaynook.com | 4.5* | 89 reviews | London, United Kingdom
[23:57:38]   [Progress saved: 3000 total leads]
[23:57:43] [3001/5631] cfte.education
[23:57:43]   OK cfte.education | em:london@cfte.education | 4.5* | 88 reviews | London
[23:57:47] [3002/5631] www.whiterosedyslexia.co.uk
[23:57:47]   OK White Rose Dyslexia Centre Limited | ph:01142656991 | em:enquiries@whiterosedyslexia.co.uk | 4.5* | 72 reviews | Sheffield
[23:57:52] [3003/5631] nudgetutorial.com
[23:57:52]   OK Nudge Academic Support | em:info@nudgetutorial.com | 4.5* | 44 reviews | London
[23:57:56] [3004/5631] young-professionals.uk
[23:57:56]   OK Young Professionals | 4.5* | 36 reviews
[23:57:59] [3005/5631] upmatch.io
[23:58:00]   OK Upmatch | ph:+44 7782394940 | em:info@UpMatch.io | 4.5* | 36 reviews | Birmingham
[23:58:03] [3006/5631] nursingassignmentwriters.co.uk
[23:58:03]   OK Nursing Assignment Writers UK | ph:+44 1613810000 | em:info@nursingassignmentwriters.co.uk | 4.5* | 22 reviews | London 
[23:58:08] [3007/5631] academicexpert.uk
[23:58:09]   OK Academic Expert UK | ph:+44 1158883562 | em:info@academicexpert.uk | 4.5* | 20 reviews | Salford
[23:58:12] [3008/5631] charlieandthelearningfactory.com
[23:58:13]   OK Charlie and the Learning Factory | em:Charlie@CharlieAndTheLearningFactory.com | 4.5* | 18 reviews
[23:58:17] [3009/5631] fortetrainingcompany.com
[23:58:17]   OK Forte Training Company | 4.5* | 18 reviews
[23:58:22] [3010/5631] slanjavalearning.co.uk
[23:58:22]   OK Slanjava Learning | ph:0141 459 0894 | em:hello@slanjavalearning.co.uk | 4.5* | 17 reviews | Kilmarnock
[23:58:26] [3011/5631] apexassignment.com
[23:58:27]   OK Apex Assignment | ph:07467732575 | em:support@apexassignment.com | 4.5* | 16 reviews | London
[23:58:30] [3012/5631] pivotalhealth.org.uk
[23:58:30]   OK Pivotal Health Education | 4.5* | 16 reviews
[23:58:35] [3013/5631] proofessional.co.uk
[23:58:36]   OK Proofessional | em:contact@proofessional.co.uk | 4.5* | 16 reviews | London
[23:58:40] [3014/5631] calibrae.com
[23:58:40]   OK Calibrae LMS | 4.5* | 16 reviews
[23:58:44] [3015/5631] courageovercomfortcoaching.co.uk
[23:58:44]   OK Courage Over Comfort Coaching | ph:07306029785 | em:info@courageovercomfortcoaching.co.uk | 4.5* | 15 reviews | London
[23:58:48] [3016/5631] teachertastic.co.uk
[23:58:49]   OK Teachertastic | ph:07746130975 | em:adele@teachertastic.co.uk | 4.5* | 15 reviews | Ferndown
[23:58:52] [3017/5631] stemventures.co.uk
[23:58:52]   OK STEMventures Ltd | em:info@stemventures.co.uk | 4.5* | 15 reviews | Bournemouth
[23:58:56] [3018/5631] thedrivinganxietycoach.co.uk
[23:58:57]   OK Thedrivinganxietycoach | 4.5* | 15 reviews
[23:59:00] [3019/5631] thinkteachers.co.uk
[23:59:01]   OK Think Teachers | ph:01992660300 | em:greg@thinkteachers.co.uk | 4.5* | 15 reviews | Cheshunt
[23:59:05] [3020/5631] www.qslearning.co.uk
[23:59:06]   OK QS Learning (Maths, English & Science Tuition) | ph:020 8144 4149 | em:info@qslearning.co.uk | 4.5* | 14 reviews | Hounslow
[23:59:06]   [Progress saved: 3020 total leads]
[23:59:10] [3021/5631] usa.buyessay.co.uk
[23:59:11]   OK usa.buyessay.co.uk | ph:02033977257 | em:help@buyessay.co.uk | 4.5* | 14 reviews | Newcastle 
[23:59:14] [3022/5631] koyani.co.uk
[23:59:14]   OK Koyani Education | ph:+44 02071937743 | em:contactus@koyani.co.uk | 4.5* | 14 reviews
[23:59:19] [3023/5631] thegeographytutor.com
[23:59:20]   OK The Geography Tutor | ph:+44 7462920627 | em:info@thegeographytutor.com | 4.5* | 14 reviews
[23:59:25] [3024/5631] topspottutors.co.uk
[23:59:25]   OK Top Spot Tutors | 4.5* | 14 reviews
[23:59:29] [3025/5631] gdedu.co.uk
[23:59:29]   OK General Dynamics INT  | ph:07392838319 | em:hr@generaldynamics.org.uk | 4.5* | 14 reviews
[23:59:32] [3026/5631] quicksnipestrading.com
[23:59:33]   OK SBA Trade Club | em:founder@systemsbyaryan.com | 4.5* | 13 reviews | London
[23:59:36] [3027/5631] www.adamkiani.co.uk
[23:59:36]   OK Adamkiani | em:hello@adamkiani.co.uk | 4.5* | 13 reviews | Birmingham
[23:59:41] [3028/5631] tmtutoring.com
[23:59:41]   OK T&M Tutoring | em:info@tmtutoring.com | 4.5* | 13 reviews
[23:59:45] [3029/5631] amanyaipcourses.com
[23:59:45]   OK Amanya IP Courses | ph:+44 07769923957 | em:anna@amanyadesign.com | 4.5* | 13 reviews | Liverpool
[23:59:49] [3030/5631] getpaperdone.co.uk
[23:59:49]   OK Get Paper Done | ph:+44 2031291938 | em:info@getpaperdone.co.uk | 4.5* | 13 reviews
[23:59:53] [3031/5631] addvor.com
[23:59:54]   OK Addvor | ph:+44 7459018953 | em:info@addvor.com | 4.5* | 13 reviews | London
[23:59:57] [3032/5631] hankin.digital
[23:59:57]   OK Hankin Digital | ph:01462 534403 | em:ideas@hankin.digital | 4.5* | 13 reviews | Shefford
[00:00:02] [3033/5631] ukacademichelp.co.uk
[00:00:03]   OK UK Academic Help | ph:+44 7441915956 | em:Info@ukacademichelp.co.uk | 4.5* | 13 reviews
[00:00:07] [3034/5631] puzzlelocker.com
[00:00:08]   OK Puzzle Locker - Escape Rooms for Schools | ph:01865 921298 | em:hello@puzzlelocker.com | 4.5* | 13 reviews
[00:00:12] [3035/5631] admissions-academy.com
[00:00:13]   OK The Admissions Academy | ph:+44 02030515549 | em:info@admissions-academy.com | 4.5* | 13 reviews | London
[00:00:16] [3036/5631] futureleaders.kids
[00:00:17]   OK Future Leaders Kids | em:help@futureleaders.kids | 4.5* | 13 reviews
[00:00:20] [3037/5631] physicsowls.com
[00:00:20]   OK Physics Owls by Latoya van der Meer | em:latoya.vandermeer@physicsowls.com | 4.5* | 13 reviews | Oxford
[00:00:25] [3038/5631] proveitweb.co.uk
[00:00:25]   OK ProveIt | ph:+44 7447707829 | em:adrian@proveitweb.co.uk | 4.4* | 173 reviews | Caerphilly, Wales
[00:00:29] [3039/5631] thepagedoctor.com
[00:00:29]   OK The Page Doctor | em:support@thepagedoctor.com | 4.4* | 152 reviews | London
[00:00:33] [3040/5631] writedom.com
[00:00:34]   OK WriteDom | em:support@writedom.com | 4.4* | 76 reviews
[00:00:34]   [Progress saved: 3040 total leads]
[00:00:38] [3041/5631] 11plusmentors.co.uk
[00:00:39]   OK 11plusmentors | ph:+44 7531337421 | em:hello@11plusmentors.com | 4.4* | 42 reviews | London
[00:00:42] [3042/5631] talabapp.co.uk
[00:00:42]   OK TALAB | ph:+44 7823938827 | 4.4* | 26 reviews | Manchester
[00:00:45] [3043/5631] babytalk.uk
[00:00:46]   OK Baby Talk | em:hello@babytalk.uk | 4.4* | 23 reviews
[00:00:51] [3044/5631] affordableassignments.co.uk
[00:00:51]   OK Affordableassignments.uk | ph:+44 2039877595 | em:info@affordableassignments.co.uk | 4.4* | 22 reviews | London 
[00:00:55] [3045/5631] pescholar.com
[00:00:56]   OK PE Scholar | ph:01225 595970 | em:support@pescholar.com | 4.4* | 17 reviews | Chippenham
[00:01:00] [3046/5631] jonphil.com
[00:01:00]   OK Jonphil | ph:03301332606 | em:enquires@jonphil.com | 4.4* | 15 reviews | Glasgow
[00:01:04] [3047/5631] projectsdeal.com
[00:01:04]   OK projectsdeal.com | ph:02032900046 | em:sales@projectsdeal.com | 4.4* | 15 reviews | London
[00:01:09] [3048/5631] surewinpath.com
[00:01:09]   OK Surewinpath Education | 4.4* | 15 reviews | Hatfield
[00:01:14] [3049/5631] www.owlypia.org
[00:01:14]   OK Owlypia Intellectuals' Challenge | ph:+44 2074061459 | em:info@owlypia.org | 4.4* | 13 reviews | London
[00:01:18] [3050/5631] dissertationsbyluke.com
[00:01:18]   OK Dissertationsbyluke | ph:+44 7400496886 | em:support@dissertationsbyluke.com | 4.4* | 13 reviews | London
[00:01:21] [3051/5631] hasslefreeeducation.co.uk
[00:01:21]   OK Hassle Free Education | ph:02070622733 | em:hasslefreeeducationlondon@gmail.com | 4.4* | 13 reviews | London
[00:01:26] [3052/5631] englisher.co.uk
[00:01:27]   OK Englisher Ltd. | ph:+8615053262325 | em:julian@englisher.co.uk | 4.4* | 12 reviews | Manchester
[00:01:31] [3053/5631] unboundactor.com
[00:01:32]   OK The Unbound Actor | 4.4* | 12 reviews
[00:01:36] [3054/5631] faithbrynelsinsights.com
[00:01:36]   OK Faith Brynels Insights CIC | ph:07361579671 | em:admin@faithbrynelsinsights.com | 4.4* | 12 reviews
[00:01:40] [3055/5631] mentorstudio.co.uk
[00:01:40]   OK MentorStudio | ph:07943141271 | em:fatimal_mirza@yahoo.com | 4.4* | 12 reviews | London
[00:01:44] [3056/5631] haveenglish.com
[00:01:45]   OK haveenglish | ph:+44 7539329566 | em:frasereditor@gmail.com | 4.4* | 12 reviews | Glasgow
[00:01:48] [3057/5631] deltatutoring.co.uk
[00:01:49]   OK Delta Tutoring | 4.4* | 12 reviews
[00:01:53] [3058/5631] courseassist.co.uk
[00:01:53]   OK Course Assist  | ph:+44 7466219390 | em:info@courseassist.co.uk | 4.4* | 11 reviews | London
[00:01:57] [3059/5631] firearmslicensing.net
[00:01:58]   OK Firearmslicensing.net | em:info@firearmslicensing.net | 4.4* | 11 reviews
[00:02:02] [3060/5631] certifyglobal.co.uk
[00:02:03]   OK Certifyglobal | ph:02083004549 | em:info@certifyglobal.co.uk | 4.4* | 11 reviews
[00:02:03]   [Progress saved: 3060 total leads]
[00:02:07] [3061/5631] uniq-consulting.co.uk
[00:02:07]   OK UNIQ Study Hub | em:office@uniq-consulting.co.uk | 4.4* | 11 reviews | London
[00:02:11] [3062/5631] venturedteaching.com
[00:02:11]   OK Ventured Teaching Ltd | em:enquiries@venturedteaching.com | 4.4* | 12 reviews | Birmingham
[00:02:15] [3063/5631] highgroveeducation.com
[00:02:15]   OK Highgrove Education | ph:+44 2081323945 | em:admissions@highgroveeducation.com | 4.4* | 11 reviews | London
[00:02:19] [3064/5631] biologyeducation.co.uk
[00:02:19]   OK Biology Education - Tuition In A-Level Biology | ph:07969418179 | em:Tyrone@biologyeducation.co.uk | 4.4* | 11 reviews | Bridgend
[00:02:23] [3065/5631] fatherfigures.co.uk
[00:02:23]   OK Father Figures | 4.4* | 11 reviews
[00:02:26] [3066/5631] spotlighteducation.co.uk
[00:02:27]   OK Spotlight Education | em:enquiries@spotlighteducation.co.uk | 4.4* | 11 reviews | Bristol
[00:02:30] [3067/5631] shootingstarents.co.uk
[00:02:30]   OK Shooting Star Entertainments | ph:07708390137 | em:enquiries@shootingstarents.co.uk | 4.4* | 11 reviews | Maidstone
[00:02:35] [3068/5631] dissertationeditorspro.com
[00:02:35]   OK Dissertationeditorspro | 4.4* | 10 reviews
[00:02:40] [3069/5631] athenaevolve.com
[00:02:41]   OK Athena Evolve Ltd | 4.4* | 10 reviews
[00:02:45] [3070/5631] kccapital.co.uk
[00:02:45]   OK KC Capital LTD | ph:+44 7832361375 | em:kevin@kccapital.co.uk | 4.4* | 10 reviews | London
[00:02:49] [3071/5631] www.ashton-consultancy.co.uk
[00:02:49]   OK ACE - Ashton Consultancy for Education | em:info@ashton-consultancy.co.uk | 4.4* | 10 reviews
[00:02:53] [3072/5631] jaynejosephtraining.com
[00:02:53]   OK Jayne Joseph Training | ph:0800 368 8768 | em:info@jaynejosephtraining.com | 4.4* | 10 reviews | Ashton under Lyne, Greater Manchester
[00:02:56] [3073/5631] certifiedcpd.com
[00:02:57]   OK Certified CPD | ph:+44 7377216576 | em:info@certifiedcpd.com | 4.4* | 10 reviews
[00:03:00] [3074/5631] hrsupportdesk.co.uk
[00:03:00]   OK HR Support Desk | ph:+44 1217900124 | em:info@hrsupportdesk.co.uk | 4.4* | 10 reviews | Birmingham
[00:03:05] [3075/5631] freelancehouse.co.uk
[00:03:05]   OK Freelancehouse | 4.4* | 10 reviews
[00:03:09] [3076/5631] 6med.co.uk
[00:03:09]   OK 6med | ph:01344 951122 | em:team@6med.co.uk | 4.3* | 300 reviews | Cambridge
[00:03:13] [3077/5631] galaxyprofit.co.uk
[00:03:13]   OK Galaxyprofit | ph:00447895616821 | em:Support@galaxyprofit.co.uk | 4.3* | 101 reviews | London
[00:03:16] [3078/5631] wherereadingrocks.com
[00:03:17]   OK Reading Rocks | em:support@wherereadingrocks.com | 4.3* | 66 reviews | Hayle
[00:03:20] [3079/5631] premiumassignmenthelp.co.uk
[00:03:21]   OK Premium Assignment Help | ph:+44 7864360797 | em:info@premiumassignmenthelp.co.uk | 4.3* | 25 reviews | Thames
[00:03:26] [3080/5631] dmaacademy.co.uk
[00:03:26]   OK D.M.A Academy | ph:01634 217259 | em:enquiries@dmaacademy.co.uk | 4.3* | 19 reviews | Upnor
[00:03:26]   [Progress saved: 3080 total leads]
[00:03:30] [3081/5631] libris-search.co.uk
[00:03:30]   OK Libris Search | em:info@libris-search.co.uk | 4.3* | 19 reviews | Knutsford
[00:03:35] [3082/5631] knowledgebeez.com
[00:03:35]   OK KnowledgeBeez Global | ph:+44 7853015698 | em:knowledgebeez@gmail.com | 4.3* | 14 reviews | Crawley
[00:03:40] [3083/5631] rkeducationservices.com
[00:03:40]   OK RK Education Services | 4.3* | 14 reviews
[00:03:44] [3084/5631] postgradproofreader.co.uk
[00:03:45]   OK PGPR | em:info@postgradproofreader.co.uk | 4.3* | 13 reviews
[00:03:49] [3085/5631] iamadamnolan.co.uk
[00:03:50]   OK Team ANFX | em:info@iamadamnolan.co.uk | 4.3* | 13 reviews | .
[00:03:53] [3086/5631] www.studentsassignmenthelp.co.uk
[00:03:53]   OK studentsassignmenthelp.co.uk | 4.3* | 13 reviews
[00:03:56] [3087/5631] step2uni.com
[00:03:57]   OK Step2Uni | em:info@step2uni.com | 4.3* | 12 reviews
[00:04:00] [3088/5631] supplynow.co.uk
[00:04:00]   OK SupplyNow | ph:+44 02031371246 | em:help@supplynow.co.uk | 4.3* | 11 reviews | London
[00:04:03] [3089/5631] studyingwithdyslexiablog.co.uk
[00:04:04]   OK Spectacles Training & Coaching Ltd | ph:07502207233 | em:john@spectaclescoach.com | 4.3* | 10 reviews | Cambridge
[00:04:07] [3090/5631] leapeducate.com
[00:04:08]   OK LEAPeducate | ph:+44 2084206271 | em:info@leapeducate.com | 4.3* | 10 reviews | London
[00:04:12] [3091/5631] cipdhelp.com
[00:04:12]   OK CIPD ASSIGNMENT HELP UK - CIPDHELP.COM | ph:+44 7340959539 | em:support@cipdhelp.com | 4.3* | 10 reviews | London
[00:04:16] [3092/5631] academiceditors.co.uk
[00:04:17]   OK Academic Editors | ph:+44 1133100133 | em:info@academiceditors.co.uk | 4.3* | 9 reviews
[00:04:21] [3093/5631] notebookmentor.com
[00:04:22]   OK Notebook Mentor | ph:01926 730438 | em:info@notebookmentor.com | 4.3* | 9 reviews | Leamington Spa
[00:04:26] [3094/5631] nobleacademicwriters.uk
[00:04:26]   OK Noble Academic Writers | 4.3* | 9 reviews
[00:04:30] [3095/5631] gammatuition.co.uk
[00:04:30]   OK Gamma Tuition | em:info@gammatuition.co.uk | 4.3* | 9 reviews | Cobham
[00:04:33] [3096/5631] hfsconsultancy.co.uk
[00:04:34]   OK HFS CONSULTANCY | ph:07521069480 | em:info@hfsconsultancy.co.uk | 4.3* | 9 reviews | London
[00:04:38] [3097/5631] positiveyoungmind.com
[00:04:39]   OK Positive Young Minds (and The Sweary SENCo) | em:lynn@positiveyoungmind.com | 4.3* | 9 reviews | Chelmsford
[00:04:42] [3098/5631] www.sendhelp-uk.com
[00:04:43]   OK Sendhelp Uk | ph:0333 0140 304 | em:hello@sendhelp-uk.com | 4.3* | 9 reviews | Mildenhall I
[00:04:47] [3099/5631] britishacademichelps.co.uk
[00:04:48]   OK British Academic Helps | 4.3* | 9 reviews
[00:04:51] [3100/5631] nowgocreate.co.uk
[00:04:52]   OK Now Go Create | ph:07769 703284 | em:claire@nowgocreate.co.uk | 4.3* | 9 reviews
[00:04:52]   [Progress saved: 3100 total leads]
[00:04:57] [3101/5631] crystalcasestudies.com
[00:04:57]   OK Crystal Case Studies | em:emily@crystalcasestudies.com | 4.3* | 9 reviews
[00:05:00] [3102/5631] mindsightsport.com
[00:05:01]   OK Mindsightsport | em:coach@mindsightsport.com | 4.3* | 9 reviews | London
[00:05:06] [3103/5631] medglobeeducation.com
[00:05:06]   OK Med Globe Education | 4.3* | 9 reviews
[00:05:09] [3104/5631] thornlearning.com
[00:05:10]   OK ThornLearning | ph:+44 07551512346 | em:info@thornlearning.com | 4.3* | 9 reviews
[00:05:14] [3105/5631] theacademicadvisor.com.ua
[00:05:14]   OK The Academic Advisor | ph:+380930222773 | em:julia@theacademicadvisor.com.ua | 4.3* | 8 reviews
[00:05:18] [3106/5631] assignmentsservices.com
[00:05:18]   OK Assignmentsservices | ph:+44 2045206159 | em:info@assingmentsservices.com | 4.3* | 8 reviews | Liverpool
[00:05:22] [3107/5631] hithermann.co.uk
[00:05:22]   OK Hither Mann | em:hither@hithermann.co.uk | 4.3* | 8 reviews | London
[00:05:26] [3108/5631] inomee.com
[00:05:26]   OK Inomee | em:info@inomee.com | 4.3* | 8 reviews
[00:05:30] [3109/5631] bristolsafety.co.uk
[00:05:31]   OK Bristol Safety Ltd | ph:07709460992 | em:info@bristolsafety.co.uk | 4.3* | 8 reviews
[00:05:34] [3110/5631] academicprotutors.com
[00:05:35]   OK Academic Tutors | em:hello@academicprotutors.com | 4.3* | 8 reviews | Colchester
[00:05:39] [3111/5631] theconsciousprofessional.com
[00:05:39]   OK The Conscious Professional | ph:02071930548 | em:info@theconsciousprofessional.com | 4.3* | 8 reviews | London
[00:05:43] [3112/5631] mockmedic.com
[00:05:43]   OK Mockmedic | em:support@mockmedic.com | 4.3* | 8 reviews
[00:05:47] [3113/5631] sensationalminds.co.uk
[00:05:47]   OK Sensational Minds Ltd | ph:01206 586027 | em:hello@sensationalminds.co.uk | 4.3* | 8 reviews | Colchester
[00:05:51] [3114/5631] lornatutoring.com
[00:05:51]   OK Lorna Horsley Tutoring | ph:07730477717 | em:lornatutoring@gmail.com | 4.3* | 8 reviews | Manchester
[00:05:56] [3115/5631] pathlight.org.uk
[00:05:56]   OK Pathlight | ph:07971 143571 | em:info@pathlight.org.uk | 4.3* | 8 reviews | Saddleworth, Greater Manchester
[00:06:00] [3116/5631] writeanassignment.com
[00:06:00]   OK Write An Assignment | ph:+44 7568796755 | em:info@writeanassignment.com | 4.3* | 8 reviews | Wolverhampton
[00:06:05] [3117/5631] studywithmihaela.co.uk
[00:06:05]   OK Studywithmihaela | ph:07342577915 | em:info@studywithmihaela.co.uk | 4.3* | 8 reviews
[00:06:10] [3118/5631] bigfish.live
[00:06:10]   OK Bigfish Live Forex Trading | em:admin@bigfish.live | 4.3* | 8 reviews | London
[00:06:14] [3119/5631] sickleandsettle.com
[00:06:14]   OK SICKLE & SETTLE | em:hello@sickleandsettle.com | 4.3* | 8 reviews
[00:06:19] [3120/5631] besparkelearning.com
[00:06:20]   OK Be.Spark Operations & e-Learning | ph:+44 1513147234 | em:hello@besparkelearning.com | 4.3* | 8 reviews | Liverpool
[00:06:20]   [Progress saved: 3120 total leads]
[00:06:24] [3121/5631] elevenace.com
[00:06:24]   OK Eleven Ace | ph:+44 7918493197 | em:info@elevenace.com | 4.3* | 8 reviews | Ilford
[00:06:29] [3122/5631] in2colour.co.uk
[00:06:29]   OK In2colour Ltd | ph:07747 823357 | em:in2colourart@gmail.com | 4.3* | 8 reviews | Walsall
[00:06:33] [3123/5631] i2imaths.com
[00:06:33]   OK i2imaths | ph:+44 7900036835 | em:alexandra@i2imaths.com | 4.3* | 7 reviews | Totnes
[00:06:37] [3124/5631] quranassistant.com
[00:06:37]   OK Quran Assistant | ph:+923184868720 | em:info@quranassistant.com | Sheffield
[00:06:40] [3125/5631] www.pioneer-fx.com
[00:06:40]   OK Pioneer Fx | em:info@pioneer-fx.com | 4.3* | 7 reviews | London
[00:06:45] [3126/5631] realassignments.co.uk
[00:06:46]   OK Realassignments | 4.3* | 7 reviews
[00:06:50] [3127/5631] hmosuccess.co.uk
[00:06:51]   OK HMO Success | 4.3* | 7 reviews
[00:06:54] [3128/5631] step4progress.co.uk
[00:06:54]   OK Step4progress | ph:+44 7883080428 | em:info@step4progress.co.uk | 4.3* | 7 reviews | Ilford
[00:06:58] [3129/5631] chelledouglascoaching.com
[00:06:59]   OK Chelle Douglas Coaching | ph:07832237556 | em:chelle@chelledouglascoaching.com | 4.3* | 7 reviews
[00:07:02] [3130/5631] socialcaretrainingsolutions.com
[00:07:02]   OK Social Care Training Solutions | ph:01273931011 | em:admin@socialcaretrainingsolutions.com | 4.3* | 7 reviews | Brighton
[00:07:06] [3131/5631] tej-talks.com
[00:07:06]   OK Tej Talks | em:hello@tejinvests.com | 4.3* | 7 reviews | London
[00:07:10] [3132/5631] mypersonaltutors.org
[00:07:10]   OK My Personal Tutors | ph:07368819628 | em:contact@mypersonaltutors.org | 4.3* | 7 reviews
[00:07:13] [3133/5631] www.navvassociates.uk
[00:07:14]   OK Navv Associates Ltd | ph:02034887517 | em:info@navvassociates.uk | 4.3* | 7 reviews | Ilford
[00:07:18] [3134/5631] tamarindtutoring.co.uk
[00:07:18]   OK Tamarind Tutoring | ph:07786 853445 | em:sarah@tamarindtutoring.co.uk | 4.3* | 7 reviews | Badminton
[00:07:22] [3135/5631] www.boostyoureconomics.co.uk
[00:07:23]   OK Boostyoureconomics | ph:07584410778 | em:mike@boostyoureconomics.co.uk | 4.3* | 7 reviews | CHIGWELL
[00:07:27] [3136/5631] assessingandtutoringwithsarah.co.uk
[00:07:28]   OK Assessing and Tutoring with Sarah | ph:+44 7973375016 | em:Sarah@assessingandtutoringwithsarah.co.uk | 4.3* | 7 reviews | Northampton
[00:07:32] [3137/5631] allstats.co.uk
[00:07:32]   OK AllStats | ph:+44 07419838014 | em:info@allstats.co.uk | 4.3* | 7 reviews
[00:07:35] [3138/5631] jhanviglobalsolution.com
[00:07:36]   OK JHANVI Global Solution LTD | ph:07367209876 | em:info@jhanviglobalsolution.com | 4.2* | 48 reviews | Wembley
[00:07:41] [3139/5631] crypto-consultants.co.uk
[00:07:41]   OK Crypto Consultants UK | em:contact@crypto-consultants.co.uk | 4.2* | 39 reviews | Glasgow
[00:07:46] [3140/5631] payforassignments.co.uk
[00:07:46]   OK Pay for Assignments | ph:+44 1515289103 | em:info@payforassignments.co.uk | 4.2* | 19 reviews | Poole
[00:07:46]   [Progress saved: 3140 total leads]
[00:07:51] [3141/5631] ta.education
[00:07:51]   OK TA (Tablet Academy) | ph:01952 567450 | em:marketing@tablet.academy | 4.2* | 17 reviews | Telford
[00:07:55] [3142/5631] assignmentmaster.org.uk
[00:07:56]   OK Assignment Master | ph:+44 1613810000 | em:info@assignmentmaster.org.uk | 4.2* | 15 reviews | Holborn
[00:08:00] [3143/5631] rseducation.co.uk
[00:08:01]   OK RS Education | ph:02039210907 | em:info@rseducation.co.uk | 4.2* | 15 reviews | London
[00:08:05] [3144/5631] www.iprojectmaster.com
[00:08:06]   OK iprojectmaster.com | 4.2* | 15 reviews
[00:08:10] [3145/5631] assignmentbank.co.uk
[00:08:10]   OK Assignment Bank UK | ph:+44 7340959539 | em:support@assignmentbank.co.uk | 4.2* | 10 reviews | London
[00:08:14] [3146/5631] nihongo.life
[00:08:14]   OK Nihongo Life | em:hello@nihongo.life | 4.2* | 9 reviews | London
[00:08:18] [3147/5631] militaryassessmentpreparation.com
[00:08:18]   OK Military Assessment Preparation | em:info@militaryassessmentpreparation.com | 4.2* | 8 reviews
[00:08:23] [3148/5631] forexfrontier.net
[00:08:23]   OK Forex Frontier | em:contact@forexfrontier.net | 4.2* | 8 reviews | London
[00:08:28] [3149/5631] uecare.co.uk
[00:08:29]   OK Universal Ecucation Care Ltd | ph:+44 7952652471 | em:info@uecare.co.uk | 4.2* | 8 reviews | London
[00:08:34] [3150/5631] educraftinstitute.co.uk
[00:08:34]   OK Educraft Institute | em:info@educraftinstitute.co.uk | 4.2* | 8 reviews | London
[00:08:38] [3151/5631] neurodiversityachievement.co.uk
[00:08:38]   OK Neurodiversity Achievement | em:info@neurodiversityachievement.co.uk | 4.2* | 7 reviews
[00:08:41] [3152/5631] uniq-edu.com
[00:08:41]   OK UNIQ STUDY HUB  | em:office@uniq-consulting.co.uk  | 4.2* | 7 reviews
[00:08:44] [3153/5631] helpassignmentonline.com
[00:08:45]   OK Helpassignmentonline | 4.2* | 6 reviews
[00:08:49] [3154/5631] globaltopconsultant.me
[00:08:49]   OK GlobalTopConsultant.me | 4.2* | 6 reviews
[00:08:54] [3155/5631] ukeycoach.co.uk
[00:08:54]   OK UKey | 4.2* | 6 reviews | London
[00:08:59] [3156/5631] dx-academy.co.uk
[00:09:00]   OK Dx Academy | em:contact@dx-academy.co.uk | 4.2* | 6 reviews
[00:09:04] [3157/5631] topassignmentwriters.co.uk
[00:09:05]   OK Top Assignment Writers | ph:+44 1162182941 | em:info@topassignmentwriters.co.uk | 4.2* | 6 reviews | Grafton Square
[00:09:09] [3158/5631] bestassignmentwriting.co.uk
[00:09:09]   OK Best Assignment Writing Help London | ph:+44 7378490151 | em:sales@bestassignmentwriting.co.uk | 4.2* | 6 reviews | London
[00:09:12] [3159/5631] videomakersmasterclass.com
[00:09:13]   OK Videomakers Masterclass | 4.2* | 6 reviews
[00:09:16] [3160/5631] oxbridge.lifechangingtuition.com
[00:09:17]   OK Life Changing Oxbridge | em:admin@lifechangingtuition.com | 4.2* | 6 reviews | Sidcup, Greater London
[00:09:17]   [Progress saved: 3160 total leads]
[00:09:21] [3161/5631] taylor-tuition.co.uk
[00:09:21]   OK Taylor Tuition | em:info@taylor-tuition.co.uk | 4.2* | 6 reviews | London
[00:09:24] [3162/5631] alicecook.education
[00:09:24]   OK Alice Cook Education | ph:07432556606 | em:hello@alicecook.education | 4.2* | 6 reviews | Southampton
[00:09:28] [3163/5631] easyassignmenthelp.co.uk
[00:09:28]   OK Easy Assignment Help | ph:+44 7456398908 | em:info@easyassignmenthelp.co.uk | 4.2* | 6 reviews | Birmingham
[00:09:33] [3164/5631] assignmenthelpersuk.co.uk
[00:09:33]   OK Assignment Helpers UK | ph:+44 7498000616 | em:info@assignmenthelpersuk.co.uk | 4.2* | 6 reviews
[00:09:36] [3165/5631] lcis.uk
[00:09:37]   OK London Centre of International Studies | ph:07512334668 | em:info@lcis.uk | 4.2* | 6 reviews | London
[00:09:41] [3166/5631] nursingdissertationhelp.co.uk
[00:09:41]   OK Nursing Dissertation Help UK | ph:+44 1613810000 | em:info@nursingdissertationhelp.co.uk | 4.2* | 6 reviews | London
[00:09:45] [3167/5631] changeproud.com
[00:09:45]   OK Change Proud | em:discover@changeproud.com | 4.2* | 6 reviews | Cheshire
[00:09:48] [3168/5631] cyberani.org
[00:09:48]   OK Cyberani Academy | 4.2* | 6 reviews
[00:09:53] [3169/5631] hands-oneducation.com
[00:09:53]   OK Hands-On Education | em:support@hands-oneducation.com | 4.2* | 6 reviews | Brighton
[00:09:57] [3170/5631] jdcdeal.co.uk
[00:09:57]   OK Project Possible | ph:07501801219 | em:Info@jdcdeal.co.uk | 4.2* | 6 reviews | Barking 
[00:10:01] [3171/5631] humanequity.net
[00:10:02]   OK Human Equity | em:duncan@humanequity.net | 4.2* | 6 reviews | Poole
[00:10:06] [3172/5631] uniup.uk
[00:10:06]   OK UniUp | em:info@uniup.uk | 4.2* | 6 reviews | London
[00:10:10] [3173/5631] bp4usolutions.com
[00:10:11]   OK BP4u Solutions | ph:07880 435309 | em:info@bp4usolutions.com | 4.2* | 6 reviews | Nottingham
[00:10:16] [3174/5631] projectileeducation.com
[00:10:16]   OK Projectile Education | 4.2* | 6 reviews
[00:10:21] [3175/5631] rextutors.com
[00:10:21]   OK Rex Tutors | 4.2* | 6 reviews
[00:10:25] [3176/5631] trustingchildren.com
[00:10:25]   OK Trusting Children | em:aisha@trustingchildren.com | 4.2* | 6 reviews | Windsor
[00:10:28] [3177/5631] ukonlineexpert.co.uk
[00:10:29]   OK Ukonlineexpert | 4.2* | 6 reviews
[00:10:32] [3178/5631] avtconsultancy.com
[00:10:33]   OK Avt Consultancy Ltd. | ph:07576374849 | em:ADINA@AVTCONSULTANCY.COM | 4.2* | 6 reviews | London
[00:10:36] [3179/5631] raineducation.com
[00:10:36]   OK Rain Education | ph:+44 7956561217 | em:info@raineducation.com | 4.2* | 6 reviews | London
[00:10:40] [3180/5631] cipdassessment.co.uk
[00:10:41]   OK CIPD Assessment UK | ph:+44 2033320848 | em:info@cipdassessment.co.uk | 4.2* | 6 reviews | London, UK
[00:10:41]   [Progress saved: 3180 total leads]
[00:10:46] [3181/5631] houseofmaths.co.uk
[00:10:46]   OK House Of Maths | 4.2* | 6 reviews
[00:10:51] [3182/5631] orioneducation.co.uk
[00:10:51]   OK Orion Education | em:katherine@orioneducation.co.uk | 4.2* | 6 reviews
[00:10:55] [3183/5631] amotherplace.com
[00:10:55]   OK A Mother Place | em:becca@amotherplace.com | 4.1* | 51 reviews | LONDON
[00:11:00] [3184/5631] corpfit.com
[00:11:00]   OK CorpFit | em:contact@corpfit.com | 4.1* | 33 reviews
[00:11:03] [3185/5631] globallearningpathway.co.uk
[00:11:04]   OK Global Learning Pathway | ph:+44 7534848065 | em:info@globallearningpathway.co.uk | 4.1* | 32 reviews | Manchester
[00:11:09] [3186/5631] sanctuarygraduates.co.uk
[00:11:09]   OK Sanctuary Graduates | 4.1* | 12 reviews
[00:11:13] [3187/5631] applykite.com
[00:11:14]   OK Applykite | ph:020 3488 5486 | em:support@applykite.com | 4.1* | 11 reviews | London
[00:11:18] [3188/5631] expertsdissertation.co.uk
[00:11:19]   OK Experience Acer | 4.1* | 11 reviews
[00:11:23] [3189/5631] tutor.olaarowolo.com
[00:11:24]   OK OA Tutors | ...unlock your child's potential. | ph:07487397751 | em:info@oatutors.co.uk | 4.1* | 9 reviews | Rochester, Medway
[00:11:28] [3190/5631] www.eliteib.co.uk
[00:11:29]   OK Elite IB Tutors | 4.1* | 8 reviews | London
[00:11:33] [3191/5631] unieo.co.uk
[00:11:34]   OK UniEO Consultants Limited | ph:020 8137 0202 | em:info@unieo.co.uk | 4.1* | 8 reviews | London
[00:11:38] [3192/5631] hybrid-games.co.uk
[00:11:39]   OK Holly - The Dyslexic Game Maker | em:holly@hybrid-games.co.uk | 4.1* | 8 reviews | London
[00:11:42] [3193/5631] senmannymentor.co.uk
[00:11:42]   OK SEN Manny Mentor | ph:07413473600 | em:faisal@senmannymentor.co.uk | 4.1* | 7 reviews
[00:11:47] [3194/5631] academicunderdogs.com
[00:11:48]   OK AcademicUnderdogs | em:hello@academicunderdogs.com | 4.1* | 6 reviews
[00:11:53] [3195/5631] oxbridgementors.co.uk
[00:11:53]   OK Oxbridgementors | 4.1* | 6 reviews
[00:11:58] [3196/5631] rsfl.co.uk
[00:11:58]   OK RSFL Education | ph:01303220844 | em:Education@rsfl.co.uk | 4.1* | 6 reviews | Ashford
[00:12:02] [3197/5631] sigma-academy.com
[00:12:02]   OK Sigma Academy | 4.1* | 6 reviews
[00:12:07] [3198/5631] byassignmentexpert.com
[00:12:07]   OK BY Assignment Expert | ph:+44 7470487839 | em:info@byassignmentexpert.com | 4.1* | 6 reviews | London
[00:12:10] [3199/5631] onlineassignmentservice.com
[00:12:10]   OK Online Assignment Service | ph:+44 7476814121 | em:support@onlineassignmentservice.com | 4.1* | 6 reviews | London
[00:12:14] [3200/5631] betteringyouth.co.uk
[00:12:14]   OK Betteringyouth | ph:07497 260222 | em:sarahlynnhodder@betteringyouth.com | 4.1* | 5 reviews | Ascot
[00:12:14]   [Progress saved: 3200 total leads]
[00:12:18] [3201/5631] emergingrisksglobal.com
[00:12:18]   OK Emerging Risks Global | ph:02039308606 | em:information@emergingrisksglobal.com | 4.1* | 5 reviews | Winchester
[00:12:23] [3202/5631] academicwritingpro.co.uk
[00:12:23]   OK Academic Writing Pro | ph:+44 2081334112 | em:info@academicwritingpro.co.uk | 4.1* | 5 reviews | Birmingham
[00:12:28] [3203/5631] assignmenthelpinuk.co.uk
[00:12:28]   OK Assignment Help In UK | ph:+44 7782840471 | em:info@assignmenthelpinuk.co.uk | 4.1* | 5 reviews
[00:12:32] [3204/5631] burhanbaig.com
[00:12:32]   OK Mirza Burhan Baig | ph:+923463299436 | em:mirza@burhanbaig.com | 4.1* | 5 reviews | London
[00:12:36] [3205/5631] ekdfacewardrobe.com
[00:12:37]   OK EKD FaceWardrobe® | ph:+44 7897023107 | em:contact@ekdfacewardrobe.com | 4.1* | 5 reviews | London
[00:12:42] [3206/5631] investroy.com
[00:12:42]   OK Investroy | Forex Signals & Education | em:contact@investroy.com | 4.1* | 5 reviews | London
[00:12:45] [3207/5631] expertwritinghelp.uk
[00:12:45]   OK Expert Writing Help | ph:01905571016 | em:info@expertwritinghelp.uk | 4.1* | 5 reviews | London
[00:12:50] [3208/5631] steppingstonesbehaviour.com
[00:12:50]   OK Stepping Stones Behaviour Specialists | 4.1* | 5 reviews
[00:12:54] [3209/5631] nancheez.co.uk
[00:12:55]   OK Nancheez Ltd.  | 4.1* | 5 reviews
[00:12:58] [3210/5631] academguards.co.uk
[00:12:58]   OK Academ Guards | ph:+44 7463217207 | em:rakhat@academguards.co.uk | 4.1* | 5 reviews | LONDON
[00:13:02] [3211/5631] gradeassignment.uk
[00:13:03]   OK Grade Assignment | ph:+44 1668660640 | em:info@gradeassignment.uk | 4.1* | 5 reviews | London
[00:13:06] [3212/5631] ukdissertationhelp.uk
[00:13:06]   OK UK Dissertation Help | ph:+44 1613810000 | em:info@ukdissertatiohelp.uk | 4.1* | 5 reviews | London
[00:13:09] [3213/5631] assignmentcrafters.com
[00:13:10]   OK Assignmentcrafters | ph:+44 7307528625 | em:order@assignmentcrafters.com | 4.1* | 5 reviews | Lancaster
[00:13:14] [3214/5631] phddissertation.co.uk
[00:13:15]   OK PhD Dissertation | ph:0203-034-1640 | em:info@phddissertations.co.uk | 4.1* | 5 reviews | London
[00:13:19] [3215/5631] inheritance-preservation.co.uk
[00:13:19]   OK Inheritance Preservation Seminars | ph:08452993834 | em:contact@inheritance-preservation.co.uk | 4.1* | 5 reviews | London
[00:13:24] [3216/5631] www.practicaldesign.co
[00:13:24]   OK PracticalDesign Co. | ph:+44 7549934074 | em:practicaldesignco@gmail.com | 4.1* | 5 reviews | Kent
[00:13:29] [3217/5631] focus-education.co.uk
[00:13:29]   OK Focus Education | ph:01457821818 | em:customerservice@focus-education.co.uk | 4.1* | 5 reviews | Oldham, United Kingdom
[00:13:32] [3218/5631] bheuni.io
[00:13:33]   OK Bheuni | 4.1* | 5 reviews
[00:13:36] [3219/5631] writemyreport.co.uk
[00:13:36]   OK Write My Report UK | ph:(161) 381-0000 | em:info@writemyreport.co.uk | 4.1* | 5 reviews | London
[00:13:40] [3220/5631] eduassignmentshelp.co.uk
[00:13:40]   OK Edu Assignments Help | ph:+44 7526562401 | em:info@eduassignmentshelp.co.uk | 4.1* | 5 reviews | Bedford
[00:13:40]   [Progress saved: 3220 total leads]
[00:13:45] [3221/5631] ascentmed.co.uk
[00:13:45]   OK Ascentmed | ph:+44 7495870562 | em:info@ascentmed.co.uk | 4.1* | 5 reviews | Birmingham
[00:13:49] [3222/5631] primarytutoronline.com
[00:13:50]   OK Primarytutoronline | em:info@primarytutoronline.com | 4.1* | 5 reviews | Salisbury
[00:13:54] [3223/5631] schoolsplus.co.uk
[00:13:55]   OK Schools Plus | ph:0345 222 2323 | em:enquiries@schoolsplus.co.uk | 4* | 280 reviews | London
[00:13:59] [3224/5631] gogrades.org
[00:14:00]   OK Gogrades.org | ph:+44 7593709971 | em:support@gogrades.org | 4* | 96 reviews | Shoreditch
[00:14:03] [3225/5631] examsuccessguides.com
[00:14:04]   OK Exam Success Guides | 4* | 55 reviews
[00:14:08] [3226/5631] thebreastfeedingmentor.com
[00:14:09]   OK The Breastfeeding Mentor Ltd | em:danielle@thebreastfeedingmentor.com | 4* | 33 reviews | Kington
[00:14:14] [3227/5631] homeschooltutoring.co.uk
[00:14:14]   OK Home-School Tutoring Cornwall | em:hstcornwall@gmail.com | 4* | 19 reviews
[00:14:18] [3228/5631] tesiuniversitaria.online
[00:14:19]   OK Tesiuniversitaria | 4* | 7 reviews
[00:14:23] [3229/5631] britishessaywriter.co.uk
[00:14:24]   OK British Essay Writer | ph:+44 7762144838 | em:info@britishessaywriter.co.uk | 4* | 5 reviews | England
[00:14:28] [3230/5631] futureinyourhouse.co.uk
[00:14:28]   OK Future In Your House | ph:020 4534 3939 | em:office@futureinyourhouse.co.uk | 4* | 5 reviews | London
[00:14:31] [3231/5631] learnwithsyd.com
[00:14:32]   OK Learnwithsyd | 4* | 4 reviews
[00:14:36] [3232/5631] atmybest.com
[00:14:36]   OK At My Best | ph:+44 01608486001 | em:hello@atmybest.com | 4* | 4 reviews
[00:14:40] [3233/5631] alepietrocola.com
[00:14:40]   OK Alessandro Rocco Pietrocola | ph:+44 2080681879 | em:info@alepietrocola.com | 4* | 4 reviews | London
[00:14:45] [3234/5631] game-change.com
[00:14:46]   OK Game Change | ph:07490752692 | em:tahazamir@game-change.com | 4* | 4 reviews | Bradford
[00:14:49] [3235/5631] rapidassignmenthelp.co.uk
[00:14:49]   OK Rapid Assignment Help | ph:+44 2033183300 | em:help@rapidassignmenthelp.co.uk | 4* | 4 reviews | ilford
[00:14:54] [3236/5631] nursingassignmenthelpers.co.uk
[00:14:54]   OK Nursing Assignment Helpers UK | ph:+44 1613810000 | em:info@nursingassignmenthelpers.co.uk | 4* | 4 reviews | London 
[00:14:59] [3237/5631] yourstudybuddy.co.uk
[00:15:00]   OK Your Study Buddy | em:info@yourstudybuddy.co.uk | 4* | 4 reviews | London
[00:15:04] [3238/5631] expertassignmentwriter.co.uk
[00:15:05]   OK Expert Assignment Writer - Best Assignment Help UK | ph:01234 414244 | em:info@expertassignmentwriter.co.uk | 4* | 4 reviews | Bedford
[00:15:08] [3239/5631] ideal-career.com
[00:15:09]   OK Ideal Career | 4* | 4 reviews
[00:15:14] [3240/5631] avantconsultancy.co.uk
[00:15:14]   OK Avant Consultancy Ltd | 4* | 4 reviews
[00:15:14]   [Progress saved: 3240 total leads]
[00:15:18] [3241/5631] noregretsolution.com
[00:15:19]   OK Noregretsolution | ph:07966691310 | em:support@noregretsolution.com | 4* | 4 reviews | Hitchin
[00:15:22] [3242/5631] makelifekind.co.uk
[00:15:23]   OK Make Life Kind Shop | 4* | 4 reviews
[00:15:26] [3243/5631] www.bigpicturetraining.com
[00:15:27]   OK Big Picture Training | em:info@bigpicturetraining.com | 4* | 4 reviews
[00:15:32] [3244/5631] universityassignmenthelper.com
[00:15:32]   OK Universityassignmenthelper | 4* | 4 reviews
[00:15:37] [3245/5631] zitechconsult.com
[00:15:37]   OK ZiTech Consult Int. Ltd | ph:07760973204 | em:support@zitechconsult.com | 4* | 4 reviews | Durham
[00:15:40] [3246/5631] britainprofessionalhelp.co.uk
[00:15:41]   OK Britainprofessionalhelp | ph:+44 7394075486 | em:info@britainprofessionalhelp.co.uk | 4* | 4 reviews | Sutton
[00:15:44] [3247/5631] fbaempire.co.uk
[00:15:44]   OK Fbaempire | em:info@fbaempire.co.uk | 4* | 4 reviews
[00:15:49] [3248/5631] londonbookpublishing.co.uk
[00:15:49]   OK Londonbookpublishing | ph:+44 7460751919 | em:info@londonbookpublishing.co.uk | 4* | 4 reviews | London
[00:15:54] [3249/5631] healthcarecommunicationmatters.co.uk
[00:15:54]   OK Healthcare Communication Matters | ph:07532 154453 | em:admin@healthcarecommunicationmatters.co.uk | 4* | 4 reviews | Stafford
[00:15:59] [3250/5631] wavecycletrader.com
[00:15:59]   OK Wave Cycle Trader | ph:07736334780 | em:info@wavecycletrader.com | 4* | 4 reviews | London
[00:16:03] [3251/5631] shalimkhanmaths.com
[00:16:03]   OK Shalim Khan Maths | 4* | 4 reviews
[00:16:06] [3252/5631] hr4uk.com
[00:16:07]   OK HR:4UK | ph:01455 444222 | em:info@hr4uk.com | 4* | 4 reviews | Hinckley
[00:16:11] [3253/5631] rippleeducation.co.uk
[00:16:11]   OK Rippleeducation | ph:01917314599 | em:info@rippleeducation.co.uk | 4* | 4 reviews | Sunderland
[00:16:14] [3254/5631] nvqassignments.co.uk
[00:16:15]   OK NVQ Assignments UK | ph:+44 1613810000 | em:info@nvqassignments.co.uk | 4* | 4 reviews | London
[00:16:19] [3255/5631] mbaassignmenthelp.co.uk
[00:16:19]   OK MBA Assignment Help UK | ph:+44 1613810000 | em:info@mbaassignmenthelp.co.uk | 4* | 4 reviews | London
[00:16:24] [3256/5631] bestassignmentexpert.co.uk
[00:16:24]   OK bestassignmentexpert.co.uk | 4* | 4 reviews
[00:16:28] [3257/5631] cheapessay.co.uk
[00:16:28]   OK Cheap Essay UK | ph:+44 1613810000 | em:info@cheapessay.co.uk | 4* | 4 reviews | Manchester
[00:16:31] [3258/5631] www.assignmentsguru.co.uk
[00:16:32]   OK Assignmentsguru | ph:+44 745122132 | em:support@assignmentsguru.co.uk | 4* | 4 reviews | Manchester
[00:16:35] [3259/5631] vijaymathstutor.co.uk
[00:16:35]   OK Vijay Maths Tutor | em:london-maths-tutor@outlook.com | 4* | 4 reviews | London
[00:16:40] [3260/5631] waiveducation.com
[00:16:41]   OK Waiveducation | em:info@waiveducation.com | 4* | 4 reviews | London
[00:16:41]   [Progress saved: 3260 total leads]
[00:16:45] [3261/5631] constructionsafetyassessments.co.uk
[00:16:46]   OK Construction Safety Assessments Ltd | ph:03333390390 | em:info@constructionsafetyassessments.co.uk | 4* | 4 reviews | London
[00:16:50] [3262/5631] aheadachiever.com
[00:16:50]   OK Ahead Achiever | ph:+44 7706451515 | em:team@aheadachiever.com | 4* | 4 reviews |  Birmingham
[00:16:53] [3263/5631] bempongtalkingtherapy.com
[00:16:54]   OK Bempongtalkingtherapy | 4* | 4 reviews
[00:16:57] [3264/5631] tradingvision.net
[00:16:58]   OK Tradingvision | ph:07736334780 | em:ellie.richards@tradingvision.net | 4* | 4 reviews | London
[00:17:02] [3265/5631] roosterproofreading.com
[00:17:03]   OK Rooster Proofreading | em:info@roosterproofreading.com | 4* | 4 reviews
[00:17:07] [3266/5631] schoolofhighereducation.co.uk
[00:17:08]   OK School Of Higher Education | ph:0161 260 1491 | em:info@schoolofhighereducation.co.uk | 4* | 3 reviews | Manchester
[00:17:11] [3267/5631] essayesquire.co.uk
[00:17:12]   OK Essayesquire | 4* | 3 reviews
[00:17:16] [3268/5631] pmcampus.io
[00:17:16]   OK PM Campus | em:hello@pmcampus.io | 4* | 3 reviews | London
[00:17:21] [3269/5631] mollisonmcneill.com
[00:17:21]   OK Mollison McNeill | ph:02080792729 | em:contact@mollisonmcneill.com | 4* | 3 reviews | London
[00:17:25] [3270/5631] lawessayhelponline.uk
[00:17:25]   OK Law Essay Help Online | ph:+44 2071937705 | em:info@lawessayhelponline.uk | 4* | 3 reviews | London
[00:17:28] [3271/5631] explorex.co.uk
[00:17:29]   OK ExploreX | ph:02034884291 | em:info@explorex.co.uk | 4* | 3 reviews | London
[00:17:34] [3272/5631] schoolreadinglist.co.uk
[00:17:34]   OK School Reading List | ph:07930001346 | em:enquiries@schoolreadinglist.co.uk | 4* | 3 reviews | Manchester
[00:17:39] [3273/5631] examsinsight.co.uk
[00:17:39]   OK Examsinsight | 4* | 3 reviews
[00:17:44] [3274/5631] ukbound.org
[00:17:44]   OK UK Bound | ph:+44 7821205119 | em:Info@ukbound.org | 4* | 3 reviews | London
[00:17:48] [3275/5631] ipapers.co.uk
[00:17:48]   OK iPapers Academic Consultancy Services | ph:+44 02080950770 | em:info@ipapers.co.uk | 4* | 3 reviews | Kensington and Chelsea
[00:17:52] [3276/5631] theacademichelpers.co.uk
[00:17:52]   OK Theacademichelpers | ph:07520644298 | em:Jose Parker | 4* | 3 reviews | London
[00:17:56] [3277/5631] studyin-england.com
[00:17:57]   OK Study in England Ltd | ph:+44 7577757775 | em:info@studyin-england.com | 4* | 3 reviews | Harrow
[00:18:01] [3278/5631] perfectacademichelp.co.uk
[00:18:02]   OK Perfectacademichelp | 4* | 3 reviews
[00:18:06] [3279/5631] studybridge.co.uk
[00:18:06]   OK Study Bridge UK | ph:0800 999 1922 | em:admin@studybridge.co.uk | 4* | 3 reviews | LONDON
[00:18:11] [3280/5631] thespeakersgym.com
[00:18:11]   OK The Speakers' Gym | ph:020 3963 1171 | em:info@thespeakersgym.com | 4* | 3 reviews | London
[00:18:11]   [Progress saved: 3280 total leads]
[00:18:16] [3281/5631] jaisuksar.com
[00:18:16]   OK Jai Suksar | 4* | 3 reviews
[00:18:19] [3282/5631] topnotchresearch.org
[00:18:20]   OK Top-notch Research & Consultancy | ph:+44 7874710347 | em:help@topnotchresearch.org | 4* | 3 reviews | Harpenden
[00:18:24] [3283/5631] lawassignmenthelper.co.uk
[00:18:24]   OK Law Assignment Helper UK | ph:01613810000 | em:info@lawassignmenthelper.co.uk | 4* | 3 reviews | London
[00:18:28] [3284/5631] elixonnltd.co.uk
[00:18:28]   OK Elixonn Ltd | ph:+44 7470800093 | em:admin@elixonnltd.co.uk | 4* | 3 reviews | Stevenage
[00:18:33] [3285/5631] thinkoutsidetheclassroom.world
[00:18:33]   OK Think Outside The Classroom | ph:+44 3300011145 | em:timeto@thinkoutsidetheclassroom.world | 4* | 3 reviews | London
[00:18:38] [3286/5631] spectrumcollegeinternational.co.uk
[00:18:38]   OK Spectrumcollegeinternational | ph:00442034320867 | em:info@spectrumcollegeinternational.co.uk | 4* | 3 reviews | London
[00:18:43] [3287/5631] nurseriesandschools.org
[00:18:43]   OK Nurseriesandschools | 4* | 3 reviews
[00:18:48] [3288/5631] intuitionprovision.co.uk
[00:18:48]   OK Intuition Provision Ltd | 4* | 3 reviews
[00:18:52] [3289/5631] ornatei.co.uk
[00:18:52]   OK Ornate i | ph:02033029494 | em:ornateiltd@gmail.com | 4* | 3 reviews | London
[00:18:56] [3290/5631] www.journalpublicationhouse.com
[00:18:56]   OK Journal Publication House | ph:+44 1224015231 | em:info@journalpublicationhouse.com | 4* | 3 reviews | Brighton
[00:19:00] [3291/5631] scholarshelp.org
[00:19:01]   OK Scholarshelp | ph:+44 7732377575 | em:info@scholarshelp.org | 4* | 3 reviews | Hayes
[00:19:04] [3292/5631] befreeforestschool.co.uk
[00:19:05]   OK Befreeforestschool | ph:07526714488 | em:Hey@befreeforestschool.co.uk | 4* | 3 reviews | Cheshunt 
[00:19:09] [3293/5631] assignmenthelplondon.co.uk
[00:19:09]   OK Assignment Help London | ph:+44 7377514690 | em:social@assignmenthelplondon.co.uk | 4* | 3 reviews | London
[00:19:14] [3294/5631] masteringmoneymatters.com
[00:19:14]   OK Masteringmoneymatters | em:Support@masteringmoneymatters.com | 4* | 3 reviews
[00:19:18] [3295/5631] training212.com
[00:19:18]   OK Training 212 | em:support@training212.com | 3.9* | 78 reviews | Coventry
[00:19:22] [3296/5631] ravensignalspro.com
[00:19:23]   OK Raven Signals Pro | 3.9* | 32 reviews
[00:19:27] [3297/5631] www.oakleytutors.com
[00:19:27]   OK Find a Super Tutor | ph:020 74191626 | em:admin@findasupertutor.com | 3.9* | 26 reviews | London
[00:19:31] [3298/5631] papercheap.co.uk
[00:19:31]   OK Papercheap | 3.9* | 21 reviews
[00:19:36] [3299/5631] medient.co.uk
[00:19:37]   OK Medient | ph:+44 7418605414 | em:apply@medient.co.uk | 3.9* | 14 reviews | London
[00:19:41] [3300/5631] nursingessays.co.uk
[00:19:42]   OK Nursing Essays Uk | 3.9* | 7 reviews
[00:19:42]   [Progress saved: 3300 total leads]
[00:19:45] [3301/5631] ibdpartnership.co.uk
[00:19:45]   OK The IBD Partnership Group | 3.9* | 7 reviews
[00:19:49] [3302/5631] pathwizz.com
[00:19:50]   OK Pathwizz | em:support@pathwizz.com | 3.9* | 4 reviews | London
[00:19:53] [3303/5631] letushandleit.org
[00:19:54]   OK Let Us Handle It! | ph:+44 1135268834 | em:support@letushandleit.org | 3.8* | 65 reviews | London
[00:19:58] [3304/5631] themedicportal.com
[00:19:59]   OK The Medic Portal | ph:0208 834 4579 | em:info@themedicportal.com | 3.8* | 18 reviews | London
[00:20:02] [3305/5631] solvemyassessment.co.uk
[00:20:03]   OK Solvemyassessment | 3.8* | 15 reviews
[00:20:08] [3306/5631] assignmywork.co.uk
[00:20:08]   OK Assignmywork | 3.8* | 14 reviews
[00:20:13] [3307/5631] oxfordassignment.com
[00:20:13]   OK Oxford Assignment | ph:+44 7983543334 | em:info@oxfordassignment.com | 3.8* | 8 reviews
[00:20:18] [3308/5631] hollandparkeducation.com
[00:20:18]   OK Holland Park Tuition and Education Consultants | ph:0207 034 0800 | em:enquiries@hollandparkeducation.com | 3.8* | 7 reviews | LONDON
[00:20:22] [3309/5631] www.godissertationhelp.co.uk
[00:20:22]   OK GoDissertation Help | 3.8* | 4 reviews | London
[00:20:27] [3310/5631] iggrowthuniversity.com
[00:20:27]   OK IG Growth University | em:iggrowthuniversity@gmail.com | 3.8* | 4 reviews | London
[00:20:30] [3311/5631] academicinstructor.co.uk
[00:20:31]   OK Academic Instructor | ph:+44 7867120684 | em:sales@academicinstructor.co.uk | 3.8* | 3 reviews | LONDON
[00:20:35] [3312/5631] globalstudyuk.com
[00:20:35]   OK Global Study UK | 3.8* | 3 reviews | London
[00:20:40] [3313/5631] smacaccountancy.co.uk
[00:20:40]   OK ZUMAR Consultants Ltd | ph:020 3479 2072 | em:info@smacaccountancy.co.uk | 3.8* | 3 reviews
[00:20:43] [3314/5631] learn-ecology.com
[00:20:43]   OK Learn Ecology Ltd | em:info@learn-ecology.com | 3.8* | 2 reviews
[00:20:47] [3315/5631] dissertationhelpnearme.co.uk
[00:20:47]   OK Dissertation Help Near Me | ph:+44 1865589083 | em:leads@dissertationhelpnearme.co.uk | 3.8* | 2 reviews | London
[00:20:50] [3316/5631] tatiana-ansell-consultancy.com
[00:20:51]   OK Tatiana Ansell Consultancy | ph:+44 01223967003 | em:info@tatiana-ansell-consultancy.com | 3.8* | 2 reviews | Cambridge
[00:20:54] [3317/5631] www.expertessaywriters.co.uk
[00:20:54]   OK expertessaywriters.co.uk | 3.8* | 2 reviews
[00:20:58] [3318/5631] bestacademicexperts.co.uk
[00:20:58]   OK Best Academic Experts | ph:+44 2081334112 | em:info@bestacademicexperts.co.uk | 3.8* | 2 reviews | Liverpool
[00:21:03] [3319/5631] affordable-dissertation.co.uk
[00:21:04]   OK Affordable Dissertation UK | ph:+44 1212861112 | em:info@affordable-dissertation.co.uk | 3.8* | 2 reviews | London
[00:21:07] [3320/5631] digitalassignmenthelp.com
[00:21:08]   OK Digital Assignment Help | ph:+44 7360539363 | em:digitalassignmenthelpp@gmail.com | 3.8* | 2 reviews | London
[00:21:08]   [Progress saved: 3320 total leads]
[00:21:12] [3321/5631] lifesupportmedics.com
[00:21:13]   OK Life Support Medics | 3.8* | 2 reviews | Liverpool
[00:21:17] [3322/5631] researchwriters.co.uk
[00:21:17]   OK Research Writers UK | ph:+44 7341749400 | em:info@researchwriters.co.uk | 3.8* | 2 reviews | Yorkshire
[00:21:22] [3323/5631] aveconsulting.co.uk
[00:21:22]   OK AVE Consulting | ph:+44 07754370687 | em:main@aveconsulting.co.uk | 3.8* | 2 reviews
[00:21:27] [3324/5631] helpinassignment.co.uk
[00:21:27]   OK Assignment Help London | ph:+44 7427597101 | em:care@helpinassignment.co.uk | 3.8* | 2 reviews | Lonodn
[00:21:32] [3325/5631] academicservice.co.uk
[00:21:32]   OK Academic Writing Service UK | Academicservice.co.uk | ph:+44 7340959539 | em:support@academicservice.co.uk | 3.8* | 2 reviews | London
[00:21:37] [3326/5631] oneofonerecruitment.com
[00:21:37]   OK OneOfOne Recruitment | ph:+44 7834641158 | em:Support@oneofonerecruitment.com | 3.8* | 2 reviews
[00:21:41] [3327/5631] thebillionaireproject.co.uk
[00:21:41]   OK The Billionaire Project | em:hither@thebillionaireproject.co.uk | 3.8* | 2 reviews | London
[00:21:45] [3328/5631] globeduconsult.com
[00:21:45]   OK Global Educational Consultants Limited | ph:+44 7771240002 | em:gec.limited@outlook.com | 3.8* | 2 reviews | Harrow
[00:21:49] [3329/5631] www.assignmentwriters.co.uk
[00:21:50]   OK Assignment Writing Service | 3.8* | 2 reviews
[00:21:55] [3330/5631] academicexpertshelp.co.uk
[00:21:55]   OK academicexpertshelp.co.uk | 3.8* | 2 reviews
[00:21:59] [3331/5631] plagiarismchecker.net
[00:21:59]   OK PlagPointer Plagiarism Checker | em:hello@plagiarismchecker.net | 3.8* | 2 reviews
[00:22:04] [3332/5631] assignmentwritingace.co.uk
[00:22:05]   OK assignmentwritingace.co.uk | 3.8* | 2 reviews
[00:22:08] [3333/5631] switchdirection.co.uk
[00:22:09]   OK Switch Direction | ph:01473 599024 | em:enquiries@switchdirection.co.uk | 3.8* | 2 reviews | Ipswich, Suffolk
[00:22:14] [3334/5631] enrollmate.co.uk
[00:22:14]   OK Enrollmate | ph:07388 030638 | em:Mihai.flueraru@enrollmate.co.uk | 3.8* | 2 reviews | London
[00:22:17] [3335/5631] positiveproductivity.uk
[00:22:17]   OK Navigate Your World with Rebecca | ph:07936927803 | em:navigate.your.world.today@gmail.com | 3.8* | 2 reviews
[00:22:21] [3336/5631] www.manaraeducation.com
[00:22:22]   OK Manara Education | ph:020 4538 7525 | em:Hello@ManaraEducation.com | 3.8* | 2 reviews | Fitzrovia
[00:22:25] [3337/5631] swadinconsultancy.co.uk
[00:22:25]   OK Swadin Consultancy | ph:+44 7440661388 | em:admin@swadinconsultancy.co.uk | 3.8* | 2 reviews | London
[00:22:28] [3338/5631] ssatuk.co.uk
[00:22:28]   OK SSAT | ph:+44 02078022300 | em:hello@ssatuk.co.uk | 3.8* | 2 reviews | London
[00:22:32] [3339/5631] romainmuhammad.co.uk
[00:22:32]   OK Romain Muhammad | ph:07831322803 | em:hello@romainmuhammad.co.uk | 3.8* | 2 reviews
[00:22:37] [3340/5631] expressassignment.com
[00:22:38]   OK Express Assignment | ph:+44 7340959539 | em:support@expressassignment.com | 3.8* | 2 reviews | London
[00:22:38]   [Progress saved: 3340 total leads]
[00:22:42] [3341/5631] britainprofessionalassistance.co.uk
[00:22:42]   OK Britainprofessionalassistance | ph:+44 7523899853 | em:info@britainprofessionalassistance.co.uk | 3.8* | 2 reviews | Essex
[00:22:46] [3342/5631] assignmentmentor.co.uk
[00:22:47]   OK Assignment Mentor UK | ph:+44 7386783749 | em:help@assignmentmentor.co.uk | 3.8* | 2 reviews
[00:22:51] [3343/5631] cipdassignmentwriters.com
[00:22:51]   OK CIPD Assignment Writers UK | ph:+44 1613810000 | em:info@cipdassignmentwriters.com | 3.8* | 2 reviews | London
[00:22:55] [3344/5631] tesisuniversitarias.es
[00:22:56]   OK Tesisuniversitarias | 3.8* | 2 reviews
[00:22:59] [3345/5631] maplemagic.co.uk
[00:22:59]   OK Maple Online  | ph:07588504152 | em:Cgarnett@maplemagic.co.uk | 3.8* | 2 reviews | Leighton Buzzard
[00:23:03] [3346/5631] beyond-tutors.com
[00:23:03]   OK Beyond Tutors | ph:07460036486 | em:info@beyond-tutors.com | 3.8* | 2 reviews | Cambridge
[00:23:07] [3347/5631] onlineassignmenthelp.uk
[00:23:07]   OK Online Assignment Help UK | ph:01217901920 | em:info@onlineassignmenthelp.uk | 3.8* | 2 reviews | London
[00:23:10] [3348/5631] cipdassignmenthelp.com
[00:23:11]   OK CIPD Assignment Help | ph:+44 7340959539 | em:support@cipdassignmenthelp.com | 3.8* | 2 reviews | London
[00:23:14] [3349/5631] othmassignmenthelp.co.uk
[00:23:14]   OK OTHM Assignment Help UK | ph:+44 1613810000 | em:info@othmassignmenthelp.co.uk | 3.8* | 2 reviews | London
[00:23:18] [3350/5631] myperfectwriting.co.uk
[00:23:19]   OK My Perfect Writing | ph:+44 7488818219 | em:Support@myperfectwriting.co.uk | 3.8* | 2 reviews | London
[00:23:22] [3351/5631] kampus-group.com
[00:23:22]   OK kampus-group.com | ph:02074239333 | em:media@kampus-group.com | 3.8* | 2 reviews | London
[00:23:26] [3352/5631] creativeassignment.co.uk
[00:23:26]   OK Creative Assignment | ph:+44 2070978801 | em:support@creativeassignment.co.uk | 3.8* | 2 reviews | LONDON
[00:23:31] [3353/5631] teachertoolkit.co.uk
[00:23:31]   OK @TeacherToolkit | 3.8* | 2 reviews
[00:23:34] [3354/5631] pinsonbrown.com
[00:23:35]   OK Pinson Brown Financial Coaching | ph:07521949165 | em:info@pinsonbrown.com | 3.8* | 2 reviews
[00:23:39] [3355/5631] coreassignments.co.uk
[00:23:40]   OK Coreassignments | 3.8* | 2 reviews
[00:23:43] [3356/5631] astarstudentrecruits.co.uk
[00:23:43]   OK A Star Student Recruits | em:admin@astarstudentsrecruits.co.uk | 3.7* | 17 reviews | London
[00:23:47] [3357/5631] www.euacademic.co.uk
[00:23:48]   OK Euacademic | 3.7* | 8 reviews
[00:23:53] [3358/5631] ukuniversityeducation.com
[00:23:54]   OK Ukuniversityeducation | ph:020 3353 7186 | em:info@ukuniversityeducation.com | 3.7* | 6 reviews | London
[00:23:58] [3359/5631] assignmentshelp.uk
[00:23:58]   OK Assignments Help UK | ph:+44 7380893208 | em:info@assignmentshelp.uk | 3.7* | 5 reviews | Howard Road
[00:24:01] [3360/5631] thinkstudent.co.uk
[00:24:02]   OK thinkstudent.co.uk | 3.7* | 4 reviews
[00:24:02]   [Progress saved: 3360 total leads]
[00:24:07] [3361/5631] www.lawessaywriters.co.uk
[00:24:07]   OK Law Essay Writers | ph:0203-034-3149 | em:info@lawessaywriters.co.uk | 3.7* | 4 reviews
[00:24:12] [3362/5631] markcon.org
[00:24:12]   OK Markcon | ph:+44 7414227226 | em:info@markcon.org | 3.7* | 4 reviews | London
[00:24:16] [3363/5631] assignmenthelpnearme.co.uk
[00:24:16]   OK Assignmenthelpnearme | 3.7* | 2 reviews
[00:24:20] [3364/5631] onlinenerds.co.uk
[00:24:20]   OK Online Nerds | ph:+44 7864360797 | em:info@onlinenerds.co.uk | 3.7* | 2 reviews
[00:24:24] [3365/5631] www.sophelper.com
[00:24:24]   OK Sophelper | 3.7* | 2 reviews
[00:24:29] [3366/5631] highbrowresearch.com
[00:24:29]   OK Highbrow Research | ph:+44 7789429071 | em:customercare@highbrowresearch.com | 3.7* | 2 reviews
[00:24:34] [3367/5631] fxmoneylab.com
[00:24:34]   OK Fxmoneylab | 3.7* | 2 reviews
[00:24:38] [3368/5631] kingsessay.com
[00:24:38]   OK Kingsessay | ph:+44 7983832171 | em:info@kingsessay.com | 3.7* | 1 reviews
[00:24:41] [3369/5631] inspiredtostudy.org
[00:24:42]   OK Inspiredtostudy | 3.7* | 1 reviews
[00:24:46] [3370/5631] learnercare.com
[00:24:46]   OK Learnercare | ph:07405760252 | em:delwar@learnercare.com | 3.7* | 1 reviews | London
[00:24:49] [3371/5631] simple-scholar.com
[00:24:50]   OK Simple Scholar | em:team@simple-scholar.com | 3.7* | 1 reviews | Mildenhall, SU
[00:24:54] [3372/5631] simplifytrades.com
[00:24:54]   OK Simplify Trades  | em:info@simplifytrades.com | 3.7* | 1 reviews
[00:24:58] [3373/5631] onestoptutors.co.uk
[00:24:59]   OK One Stop Tutors | 3.7* | 1 reviews
[00:25:03] [3374/5631] www.timesfables.co.uk
[00:25:04]   OK Times Fables | 3.7* | 1 reviews
[00:25:08] [3375/5631] ukstudyzone.org
[00:25:08]   OK UK Study Zone | ph:07587772228 | em:info@ukstudyzone.org | 3.7* | 1 reviews | London
[00:25:12] [3376/5631] educhecker.co.uk
[00:25:12]   OK Educhecker | em:info@educhecker.co.uk | 3.7* | 1 reviews
[00:25:17] [3377/5631] researchy.co.uk
[00:25:17]   OK Researchy | em:info@researchy.co.uk | 3.7* | 1 reviews
[00:25:21] [3378/5631] eliteukuniversityprep.com
[00:25:22]   OK Elite UK University Prep | 3.7* | 1 reviews
[00:25:26] [3379/5631] ukessayhelp.uk
[00:25:27]   OK Ukessayhelp | ph:+44 1224015319 | em:Info@ukessayhelp.uk | 3.7* | 1 reviews | Edinburgh
[00:25:30] [3380/5631] essaywriting.org.uk
[00:25:31]   OK Essay Writing ORG UK | ph:+44 2080028776 | em:info@essaywriting.org.uk	 | 3.7* | 1 reviews | London 
[00:25:31]   [Progress saved: 3380 total leads]
[00:25:34] [3381/5631] learnfinity.co.uk
[00:25:35]   OK LearnfinityLTD | em:support@learnfinity.co.uk | 3.7* | 1 reviews | London
[00:25:39] [3382/5631] dbeuk.com
[00:25:39]   OK Deliver British Education | ph:+44 7778145840 | em:info@dbeuk.com | 3.7* | 1 reviews | London
[00:25:44] [3383/5631] www.bluepeanut.co.uk
[00:25:44]   OK Blue Peanut Medical Education | ph:01706 491146 | em:support@bluepeanut.co.uk | 3.7* | 1 reviews | Burnley
[00:25:49] [3384/5631] workingment.com
[00:25:49]   OK Assignment Help UK - Workingment | ph:+44 7454451020 | em:Admin@workingment.com | 3.7* | 1 reviews | London
[00:25:53] [3385/5631] studynexus.co.uk
[00:25:53]   OK Studynexus | 3.7* | 1 reviews
[00:25:56] [3386/5631] visaaconnections.com
[00:25:56]   OK visaaconnections.com | 3.7* | 1 reviews
[00:26:01] [3387/5631] brandchampionbootcamp.com
[00:26:02]   OK Brand Champion Bootcamp | em:info@brandchampionbootcamp.com | 3.7* | 1 reviews | Haywards Heath
[00:26:06] [3388/5631] studyassignmenthelp.co.uk
[00:26:07]   OK Study Assignment Help | ph:+44 2035148823 | em:support@studyassignmenthelp.co.uk | 3.7* | 1 reviews | England
[00:26:10] [3389/5631] www.laurawindsoretiquette.com
[00:26:10]   OK Laura Windsor Etiquette Academy | ph:07783222736 | em:laura@laurawindsoretiquette.com | 3.7* | 1 reviews
[00:26:13] [3390/5631] beparian.com
[00:26:14]   OK BepariaN (UK) Limited | em:info@beparian.com | 3.7* | 1 reviews
[00:26:18] [3391/5631] helpwithnursingassignments.co.uk
[00:26:18]   OK Help With Nursing Assignments | ph:+44 1613810000 | em:info@helpwithnursingassignments.co.uk | 3.7* | 1 reviews | London
[00:26:23] [3392/5631] indtutoring.co.uk
[00:26:24]   OK INDTutoring | ph:07411567355 | em:indtutoring@outlook.com | 3.7* | 1 reviews
[00:26:27] [3393/5631] jprcreativeconsultancy.com
[00:26:27]   OK JPR Creative Consultancy | ph:03305200670 | em:hello@jprcreativeconsultancy.com | 3.7* | 1 reviews | London
[00:26:31] [3394/5631] domyassignments.uk
[00:26:31]   OK Do My Assignments UK | ph:+44 1515289103 | em:info@domyassignments.uk | 3.7* | 1 reviews | preston
[00:26:35] [3395/5631] academic-bridge.co.uk
[00:26:36]   OK Academic Bridge | em:enquiries@academic-bridge.co.uk | 3.7* | 1 reviews | Walsall
[00:26:40] [3396/5631] nursingessayassignment.co.uk
[00:26:41]   OK Nursing Essay Assignment | ph:02032897770 | em:info@nursingessayassignment.co.uk | 3.7* | 1 reviews | London
[00:26:45] [3397/5631] assignmentbro.co.uk
[00:26:45]   OK Assignmentbro | ph:+44 1515289103 | em:info@assignmentbro.co.uk | 3.7* | 1 reviews | Poole, Dorset
[00:26:49] [3398/5631] schoot.co.uk
[00:26:49]   OK Schoot | 3.7* | 1 reviews
[00:26:54] [3399/5631] dissertationconsultant.co.uk
[00:26:54]   OK Dissertationconsultant | 3.7* | 1 reviews
[00:26:58] [3400/5631] circletimepodcast.co.uk
[00:26:58]   OK circle time - the early years podcast  | em:postoffice@circletimepodcast.co.uk | 3.7* | 1 reviews | Inverness
[00:26:58]   [Progress saved: 3400 total leads]
[00:27:02] [3401/5631] studyhelper.co.uk
[00:27:02]   OK Study Helper | ph:+44 7857131646 | em:info@studyhelper.co.uk | 3.7* | 1 reviews
[00:27:06] [3402/5631] fsmehub.com
[00:27:06]   OK Fsm Education Hub | ph:020 34901730 | em:Info@fsmehub.com | 3.7* | 1 reviews | London
[00:27:10] [3403/5631] www.howtorevise.co.uk
[00:27:11]   OK How to revise | em:luke@howtorevise.co.uk | 3.7* | 1 reviews | Bristol
[00:27:15] [3404/5631] edt.education
[00:27:16]   OK Excelsior Development Technologies | em:enquiries@edt.education | 3.7* | 1 reviews | Taunton
[00:27:19] [3405/5631] academic-writers.co.uk
[00:27:19]   OK Academic Writers | 3.7* | 1 reviews
[00:27:23] [3406/5631] financeyourstudyuk.info
[00:27:23]   OK Study in UK: Gov Funds | ph:+44 7418378329 | em:admin@financeyourstudyuk.info | 3.7* | 1 reviews
[00:27:27] [3407/5631] writemydissertations.co.uk
[00:27:27]   OK Write My Dissertations | ph:+44 1277679007 | em:info@writemydissertations.co.uk | 3.7* | 1 reviews | 72 Clerkhill Road, Peterhead, AB42 2XJ
[00:27:32] [3408/5631] proofreadingservices.uk
[00:27:32]   OK Proofreading Services UK | ph:+44 7418374771 | em:info@proofreadingservices.uk | 3.7* | 1 reviews | London
[00:27:37] [3409/5631] expressassignment.co.uk
[00:27:37]   OK Express Assignment UK | Assignment Writing Service | ph:+44 7340959539 | em:support@expressassignment.co.uk | 3.7* | 1 reviews | London
[00:27:42] [3410/5631] allassignmentwritings.co.uk
[00:27:42]   OK All Assignment Writings UK  | ph:07938977767 | em:info@allassignmentwritings.co.uk | 3.7* | 1 reviews | Wembley London
[00:27:46] [3411/5631] thecareerspeople.co.uk
[00:27:46]   OK The Careers People | em:Contact@thecareerspeople.co.uk | 3.7* | 1 reviews
[00:27:50] [3412/5631] safeguardinghe.co.uk
[00:27:50]   OK Safeguarding HE | 3.7* | 1 reviews
[00:27:54] [3413/5631] cheapestassignment.com
[00:27:55]   OK Cheapestassignment | 3.7* | 1 reviews
[00:27:58] [3414/5631] no1assignmenthelp.co.uk
[00:27:59]   OK No1AssignmentHelp.Co.uk | ph:+61291917405 | em:Sales@No1AssignmentHelp.Com | 3.7* | 1 reviews | London
[00:28:02] [3415/5631] maverickeducationgroup.com
[00:28:03]   OK Maverickeducationgroup | ph:+44 7881960028 | em:imran@maverickeducationgroup.com | 3.7* | 1 reviews | London
[00:28:07] [3416/5631] decisionmakerexpert.com
[00:28:07]   OK Decisionmakerexpert | ph:+44 7957310409 | em:hello@decisionmakerexpert.com | 3.7* | 1 reviews | London
[00:28:12] [3417/5631] reading-roots.com
[00:28:12]   OK Reading Roots | 3.7* | 1 reviews
[00:28:16] [3418/5631] papershelp.co.uk
[00:28:16]   OK Papershelp | 3.7* | 1 reviews
[00:28:21] [3419/5631] xceedia.net
[00:28:21]   OK Xceedia | em:info@xceedia.net | 3.7* | 1 reviews | London
[00:28:25] [3420/5631] teamassignmenthelp.com
[00:28:25]   OK Team Assignment Help | em:ebestassignment@gmail.com | 3.7* | 1 reviews | Hounslow 
[00:28:25]   [Progress saved: 3420 total leads]
[00:28:29] [3421/5631] standbysourcing.com
[00:28:29]   OK Standby Sourcing | 3.7* | 1 reviews
[00:28:34] [3422/5631] www.meettheneed.co.uk
[00:28:34]   OK Meettheneed | ph:07707365602 | em:kat@meettheneed.co.uk | 3.7* | 1 reviews | Cuckfield
[00:28:37] [3423/5631] applyuni.co.uk
[00:28:38]   OK Applyuni | ph:03337722065 | em:info@applyuni.co.uk | 3.7* | 1 reviews | London
[00:28:42] [3424/5631] ilmassignmenthelper.co.uk
[00:28:43]   OK Ilmassignmenthelper | em:info@ilmassignmenthelper.co.uk | 3.7* | 1 reviews
[00:28:47] [3425/5631] 7islandsvisa.com
[00:28:48]   OK 7 islands visa limited | ph:+44 7508037728 | em:7islandsvisa@gmail.com | 3.7* | 1 reviews | Willenhall
[00:28:51] [3426/5631] uktutorhelp.co.uk
[00:28:52]   OK Uk Tutor Help | 3.7* | 1 reviews
[00:28:57] [3427/5631] ecctis.com
[00:28:57]   OK Ecctis | ph:+44 3309120040 | 3.6* | 687 reviews | Cheltenham
[00:29:01] [3428/5631] innovationmarkets.com
[00:29:02]   OK Innovation Markets | 3.6* | 290 reviews
[00:29:06] [3429/5631] affinityworkforce.com
[00:29:07]   OK Affinity Workforce Solutions | em:abetterway@affinityworkforce.com | 3.6* | 18 reviews | London
[00:29:12] [3430/5631] academicdone.co.uk
[00:29:12]   OK Academic Done | ph:+44 1665590606 | em:info@academicdone.co.uk | 3.6* | 6 reviews | Lambeth
[00:29:17] [3431/5631] assignmenthelpforyou.co.uk
[00:29:17]   OK Assignment Help For You | 3.6* | 4 reviews
[00:29:20] [3432/5631] www.britishassignmentwriters.co.uk
[00:29:21]   OK British Assignment Writers | ph:0203-034-0482 | em:info@britishassignmentwriters.co.uk | 3.6* | 4 reviews
[00:29:25] [3433/5631] www.topresearchhelp.co.uk
[00:29:33]   OK Topresearchhelp | ph:+44 1618189177 | em:info@topresearchhelp.co.uk | 3.6* | 2 reviews | London
[00:29:37] [3434/5631] proukassignments.co.uk
[00:29:38]   OK Pro Assignments UK | 3.6* | 2 reviews
[00:29:42] [3435/5631] helpwithdissertation.co.uk
[00:29:42]   OK Helpwithdissertation | ph:+44 2071937705 | em:info@helpwithdissertation.co.uk | 3.6* | 1 reviews
[00:29:47] [3436/5631] uniassignment.co.uk
[00:29:47]   OK Uniassignment | ph:+44 7418374184 | em:fororm@uniassignment.co.uk | 3.6* | 1 reviews | Croydon, England
[00:29:50] [3437/5631] payfordissertation.uk
[00:29:51]   OK Payfordissertation | ph:+44 2081330276 | em:brand@payfordissertation.uk | 3.6* | 1 reviews | london
[00:29:55] [3438/5631] nationalhealthcarementor.org
[00:29:55]   OK National Healthcare Mentor | ph:01530 417299 | em:mentors@medicmentorfamily.org | 3.6* | 1 reviews
[00:30:00] [3439/5631] assignmenthelppro.co.uk
[00:30:00]   OK Assignment Help Pro | ph:+44 1618182432 | em:info@assignmenthelppro.co.uk | 3.6* | 1 reviews | Sheffield
[00:30:03] [3440/5631] domyassignments.co.uk
[00:30:04]   OK domyassignments.co.uk | 3.6* | 1 reviews
[00:30:04]   [Progress saved: 3440 total leads]
[00:30:09] [3441/5631] eduquestgroups.com
[00:30:09]   OK Edu Quest International Limited | ph:07447638203 | em:info@eduquestgroups.com | 3.6* | 1 reviews | LONDON
[00:30:13] [3442/5631] leanrchinese.co.uk
[00:30:14]   OK Lea&R Chinese Ltd | em:info@leanrchinese.co.uk | 3.6* | 1 reviews
[00:30:18] [3443/5631] ukacademicservices.co.uk
[00:30:18]   OK Ukacademicservices | 3.6* | 1 reviews
[00:30:23] [3444/5631] wordsolvo.com
[00:30:23]   OK Wordsolvo | ph:+44 1213187771 | em:info@wordsolvo.com | 3.6* | 1 reviews | Birmingham
[00:30:28] [3445/5631] tarekassociates.co.uk
[00:30:28]   OK Tarek Associates | ph:020 4516 1434 | em:info@tarekassociates.co.uk | 3.5* | 12 reviews | London
[00:30:32] [3446/5631] cmxsc.co.uk
[00:30:32]   OK CMXSC  | ph:078970 26972 | em:Admin@cmxsc.co.uk | 3.5* | 3 reviews | Chelmsford 
[00:30:36] [3447/5631] dissertationwriting-services.co.uk
[00:30:36]   OK Dissertationwriting Services | ph:+44 7366447810 | em:info@dissertationwriting-services.co.uk | 3.5* | 3 reviews | London United Kingdom
[00:30:40] [3448/5631] onlinecoursework.co.uk
[00:30:40]   OK Online Coursework UK | ph:+44 7340959539 | em:support@onlinecoursework.co.uk | London
[00:30:44] [3449/5631] collegepapers.co.uk
[00:30:44]   OK Collegepapers | Belfast
[00:30:48] [3450/5631] www.spottedhaggis.com
[00:30:48]   OK Spottedhaggis | ph:+44 08450547508 | em:michelle@hansonregan.com | Kent 
[00:30:51] [3451/5631] aiutotesi.online
[00:30:51]   OK Aiutotesi | 3.4* | 23 reviews
[00:30:56] [3452/5631] luizvilasboas.com
[00:30:56]   OK Luizvilasboas | 3.4* | 16 reviews
[00:31:00] [3453/5631] scopusjournalservice.com
[00:31:00]   OK Scopus Journal Services | ph:+44 7365889728 | em:info@scopusjournalservices.com | 3.1* | 15 reviews | Bristol
[00:31:05] [3454/5631] isdc.academy
[00:31:05]   OK ISDC Global Academy | ph:+44 2030110011 | em:info@isdc.academy | 3.4* | 13 reviews | The Old Courthouse
[00:31:09] [3455/5631] winyourcases.com
[00:31:09]   OK Win Your Cases | ph:+44 1623205152 | em:support@winyourcases.com | 3.4* | 11 reviews | Warwickshire
[00:31:13] [3456/5631] thelpi.org
[00:31:14]   OK The Learning and Performance Institute (LPI) | 3.4* | 10 reviews
[00:31:18] [3457/5631] fasecontrols.co.uk
[00:31:18]   OK Fase Controls | ph:01925 500254 | em:ian@fase.co.uk | 3.4* | 4 reviews | Warrington
[00:31:22] [3458/5631] imperialeducationservices.co.uk
[00:31:22]   OK Imperial Education Services | ph:07707699705 | em:info@imperialeducationservices.co.uk | 3.4* | 3 reviews | BAXLEYHEATH
[00:31:27] [3459/5631] foxian.org
[00:31:28]   OK Foxian.org | ph:+44 7351559747 | em:info@foxian.org | 3.4* | 2 reviews | Perth, Scotland
[00:31:31] [3460/5631] www.bestassignmentwriters.co.uk
[00:31:31]   OK Bestassignmentwriters | ph:+44 7418359898 | em:support@bestassignmentwriters.co.uk | 3.3* | 25 reviews | London
[00:31:31]   [Progress saved: 3460 total leads]
[00:31:36] [3461/5631] alliance-stocks.com
[00:31:36]   OK Alliance Stocks | ph:+44 7968439533 | em:official@alliancestocks-advisor.com | 3.3* | 7 reviews | West Sussex
[00:31:40] [3462/5631] rm.com
[00:31:40]   OK RM | ph:+44 01235645316 | em:getintouch@rm.com | 3.3* | 3 reviews | Milton, Abingdon
[00:31:45] [3463/5631] internationalmaritimestraining.com
[00:31:45]   OK International Maritime Training | ph:+44 7445997167 | em:info@internationalmaritimestraining.com | 3.3* | 2 reviews | London
[00:31:48] [3464/5631] theacademichelpers.com
[00:31:48]   OK The Academic Helpers | ph:+44 1618188930 | em:info@theacademichelpers.com | 3.3* | 2 reviews
[00:31:52] [3465/5631] seekteachers.com
[00:31:53]   OK SeekTeachers | ph:+44 2034550195 | em:enquiries@SeekTeachers.com | 3.2* | 154 reviews | London
[00:31:57] [3466/5631] quintessentially.com
[00:31:57]   OK Quintessentially | ph:020 3073 6600 | 3.2* | 18 reviews | London
[00:32:00] [3467/5631] visionforeducation.co.uk
[00:32:01]   OK Vision for Education | 3.2* | 15 reviews
[00:32:05] [3468/5631] fxcapitalfunded.com
[00:32:05]   OK Fxcapitalfunded | 3.2* | 12 reviews
[00:32:09] [3469/5631] globaltopconsultant.co.uk
[00:32:10]   OK GlobalTopConsultant.co.uk | em: info@globaltopconsultant.co.uk | 3.2* | 12 reviews
[00:32:14] [3470/5631] essaymastershub.co.uk
[00:32:14]   OK Essay Masters Hub | ph:+44 7857132895 | em:info@helpwithassignments.co.uk | 3.2* | 7 reviews | London
[00:32:18] [3471/5631] academichelpnow.co.uk
[00:32:18]   OK Academichelpnow | ph:+44 2045201272 | em:info@academichelpnow.co.uk | 3.2* | 4 reviews | London 
[00:32:22] [3472/5631] www.lawessayteacher.co.uk
[00:32:22]   OK Law Essay Teacher | 3.2* | 2 reviews
[00:32:27] [3473/5631] ukdissertationhelp.com
[00:32:27]   OK Ukdissertationhelp | ph:+44 01244941999 | em:order@ukdissertationhelp.com | 3.2* | 1 reviews | Chester
[00:32:32] [3474/5631] www.mcrdpi.marines.mil
[00:32:32]   OK United States Marine Corps | 3.2* | 1 reviews
[00:32:37] [3475/5631] www.cotteecomputing.co.uk
[00:32:37]   OK Cottee Computing | em:james@cotteecomputing.co.uk | 3.2* | 1 reviews
[00:32:41] [3476/5631] ukwritingexperts.co.uk
[00:32:41]   OK UK Writing Experts | ph:+44 1515289103 | em:info@ukwritingexperts.co.uk  | 3.2* | 1 reviews | Poole
[00:32:46] [3477/5631] www.pro-force.co.uk
[00:32:46]   OK pro-force.co.uk | 3.2* | 1 reviews
[00:32:49] [3478/5631] www.developmedica.com
[00:32:49]   OK Developmedica | 3.2* | 1 reviews
[00:32:54] [3479/5631] mentalhealthcourses.org.uk
[00:32:54]   OK Mentalhealthcourses | 3.2* | 1 reviews
[00:32:57] [3480/5631] www.osbournby.lincs.sch.uk
[00:32:58]   OK Osbournby | 3.2* | 1 reviews
[00:32:58]   [Progress saved: 3480 total leads]
[00:33:01] [3481/5631] www.dissertationtime.co.uk
[00:33:01]   OK Dissertationtime | 3.2* | 1 reviews
[00:33:06] [3482/5631] globalassignmentexpert.com
[00:33:07]   OK Global Assignment Expert | 3.2* | 1 reviews
[00:33:10] [3483/5631] uniassessment.co.uk
[00:33:11]   OK Uni Assessment | ph:+44 7983832171 | em:info@uniassessment.co.uk | 3.1* | 13 reviews | London
[00:33:15] [3484/5631] payforassignments.com
[00:33:15]   OK Pay For Assignments | ph:+44 7883175129 | em:info@payforassignments.com | 3.1* | 9 reviews | Poole
[00:33:20] [3485/5631] studypolitics.co.uk
[00:33:20]   OK Study Politics | ph:+44 7440101329 | em:politics@studydog.co.uk | 3.1* | 8 reviews
[00:33:24] [3486/5631] assignmentfix.co.uk
[00:33:24]   OK Assignmentfix.co.uk | ph:+44 1234414572 | em:info@assignmentfix.co.uk | 3.1* | 4 reviews | London
[00:33:27] [3487/5631] academicvalley.co.uk
[00:33:27]   OK Academic Valley | ph:+44 7413078703 | em:info@academicvalley.co.uk | 3.1* | 3 reviews | London
[00:33:32] [3488/5631] globalvisionconsultants.co.uk
[00:33:32]   OK Global Vision Consultants | ph:+44 07366437393 | em:Info@globalvisionconsultants.co.uk | 3.1* | 3 reviews | Coventry
[00:33:36] [3489/5631] myessayhelp.co.uk
[00:33:36]   OK My Essay He | 3.1* | 2 reviews | Lytchett Matravers
[00:33:41] [3490/5631] ahzassociates.co.uk
[00:33:41]   OK AHZ | ph:+44 2073779630 | em:info@ahzassociates.co.uk | 3* | 39 reviews | London
[00:33:44] [3491/5631] teeneagle.org
[00:33:45]   OK Teeneagle | ph:+44 2045770777 | em:info@teeneagle.org | 3* | 3 reviews | London
[00:33:49] [3492/5631] britainacademicwriter.co.uk
[00:33:50]   OK Britain Academic Writer | ph:+44 7763809718 | em:info@britainacademicwriter.co.uk | 3* | 3 reviews | London
[00:33:53] [3493/5631] www.visionteaching.co.uk
[00:33:54]   OK Vision Teaching | ph:020 7430 7120 | em:community@visionteaching.co.uk | 3* | 3 reviews | London
[00:33:58] [3494/5631] researchplanet.co.uk
[00:33:58]   OK Researchplanet | 3* | 3 reviews
[00:34:02] [3495/5631] lawwritings.co.uk
[00:34:02]   OK Law Writings | ph:+44 7418374771 | em:info@lawwritings.co.uk | 3* | 2 reviews | London
[00:34:06] [3496/5631] evolveadvice.co.uk
[00:34:06]   OK EVOLVE Advice | 3* | 2 reviews
[00:34:10] [3497/5631] lifewise.co.uk
[00:34:11]   OK Lifewise | em:sam@lifewise.co.uk | 2.9* | 42 reviews | London
[00:34:14] [3498/5631] studentpaperhelp.co.uk
[00:34:14]   OK Studentpaperhelp | 2.9* | 10 reviews
[00:34:18] [3499/5631] essaytize.co.uk
[00:34:18]   OK Essaytize | ph:+44 1515289103 | em:info@essaytize.co.uk | 2.9* | 7 reviews | London
[00:34:22] [3500/5631] courseworkpoint.co.uk
[00:34:22]   OK Courseworkpoint | 2.9* | 4 reviews
[00:34:22]   [Progress saved: 3500 total leads]
[00:34:26] [3501/5631] www.second-step.co.uk
[00:34:26]   OK Second Step | 2.9* | 3 reviews
[00:34:30] [3502/5631] www.mciworldwide.co.uk
[00:34:30]   OK Mandarin Consulting | 2.9* | 2 reviews | London
[00:34:34] [3503/5631] studyin-uk.com
[00:34:34]   OK SI-UK Great Britain | 2.9* | 2 reviews | London
[00:34:39] [3504/5631] dissertationproposals.co.uk
[00:34:39]   OK Dissertation Proposals | ph:+44 7450001361 | em:Info@dissertationproposals.co.uk | 2.9* | 2 reviews | London
[00:34:43] [3505/5631] cipdassignmenthelp.co.uk
[00:34:43]   OK cipdassignmenthelp.co.uk | 2.8* | 4 reviews
[00:34:47] [3506/5631] mypapersolutions.uk
[00:34:48]   OK Mypapersolutions | 2.8* | 3 reviews
[00:34:52] [3507/5631] nexusgroup.co.uk
[00:34:52]   OK Nexusgroup | 2.8* | 3 reviews
[00:34:57] [3508/5631] www.thestudentroom.co.uk
[00:34:57]   OK The Student Room | ph:0800 999 3222 | em:support@thestudentroom.com | 2.7* | 13 reviews | Brighton
[00:35:02] [3509/5631] www.hndassignmenthelp.com
[00:35:03]   OK Hndassignmenthelp | 2.7* | 11 reviews | London
[00:35:06] [3510/5631] careertree.com
[00:35:07]   OK Career Tree | ph:02087957636 | em:enquiries@careertree.com | 2.7* | 10 reviews | london
[00:35:11] [3511/5631] www.therightaccountants.co.uk
[00:35:11]   OK Therightaccountants | 2.7* | 4 reviews
[00:35:16] [3512/5631] soccialy.com
[00:35:16]   OK soccialy | ph:0330 124 2022 | em:marketing@soccialy.com | 2.7* | 4 reviews | London
[00:35:19] [3513/5631] probot24.com
[00:35:20]   OK Probot24 | ph:+44 2039666388 | em:support@probot24.com | 2.6* | 12 reviews | London
[00:35:24] [3514/5631] acemyassignment.co.uk
[00:35:24]   OK Ace My Assignment UK | ph:+44 07538800206 | em:info@acemyassignment.co.uk | 2.6* | 6 reviews | London
[00:35:28] [3515/5631] succeedin.co.uk
[00:35:28]   OK succeedin.co.uk | ph:07710107231 | em:jonathan@succeedin.co.uk | 2.6* | 4 reviews | Lee on the Solent
[00:35:32] [3516/5631] eminent.agency
[00:35:32]   OK We Are Eminent | ph:01495367010 | em:hello@eminent.agency | 2.6* | 4 reviews | Newport
[00:35:36] [3517/5631] www.ukassignmentshelp.co.uk
[00:35:37]   OK Assignment Help  | ph:0203-034-1174 | em:https://www.ukassignmentshelp.co.uk/ | 2.5* | 18 reviews | London
[00:35:42] [3518/5631] essaytation.uk
[00:35:42]   OK Essaytation | ph:+44 1163183514 | em:info@essaytation.uk | 2.5* | 9 reviews | Nottingham
[00:35:46] [3519/5631] coreassignment.co.uk
[00:35:47]   OK Coreassignment | ph:+44 7883175129 | em:info@coreassignment.co.uk | 2.5* | 5 reviews | GAMLINGAY
[00:35:51] [3520/5631] www.detailgroup.co.uk
[00:35:51]   OK FTSE Trader Training | em:info@ftsetradertraining.co.uk | 2.5* | 5 reviews
[00:35:51]   [Progress saved: 3520 total leads]
[00:35:55] [3521/5631] joinhandshake.com
[00:35:56]   OK Handshake | 2.4* | 9 reviews
[00:36:01] [3522/5631] spideressay.org
[00:36:02]   OK SpiderEssay | ph:+44 7451204731 | em:support@spideressay.org | 2.4* | 6 reviews | London
[00:36:06] [3523/5631] constructionhelps.com
[00:36:07]   OK Construction Helps Pvt Ltd | ph:07389640614 | em:Info@constructionhelps.com  | 2.3* | 22 reviews | London
[00:36:10] [3524/5631] ukbesttutor.co.uk
[00:36:11]   OK Ukbesttutor | 2.3* | 7 reviews
[00:36:14] [3525/5631] www.wefindanylearner.co.uk
[00:36:14]   OK We Find Any Learner | ph:01226 958 888 | em:contact@wefindanylearner.co.uk | 2.2* | 28 reviews | Barnsley 
[00:36:18] [3526/5631] etrademarkets.net
[00:36:18]   OK eTrade Markets | 2.1* | 13 reviews
[00:36:21] [3527/5631] www.unifrog.org
[00:36:21]   OK Unifrog | 2.1* | 10 reviews
[00:36:26] [3528/5631] www.ukcheckedin.com
[00:36:26]   OK ukcheckedin.com | 2.1* | 9 reviews
[00:36:30] [3529/5631] join-thrive.com
[00:36:30]   OK THRIVE | 1.8* | 17 reviews
[00:36:34] [3530/5631] bedrocklearning.org
[00:36:35]   OK Bedrock Learning | ph:+44 02033259345 | em:hello@bedrocklearning.org | 1.7* | 138 reviews | Norwich
[00:36:39] [3531/5631] paidpex.com
[00:36:40]   OK PaidPex | ph:+44 7442605392 | em:support@paidpex.com | 1.4* | 60 reviews | London
[00:36:43] [3532/5631] arsu.co.uk
[00:36:43]   OK ARSU
[00:36:48] [3533/5631] englishlessons4kids.com
[00:36:49]   OK English Lessons 4 Kids 
[00:36:53] [3534/5631] mytutorium.co.uk
[00:36:53]   OK Tutorium | em:contact@mytutorium.co.uk
[00:36:58] [3535/5631] sgwebcraft.co.uk
[00:36:58]   OK Sgwebcraft
[00:37:01] [3536/5631] digiassignmenthelp.co.uk
[00:37:02]   OK Digi Assignment Help | ph:+44 7488818568 | em:info@digiassignmenthelp.com
[00:37:06] [3537/5631] millerskills.co.uk
[00:37:06]   OK Millerskills | em:thehumanhistoryproject@millerskills.co.uk | London
[00:37:10] [3538/5631] worldclass.education
[00:37:11]   OK World Class Education
[00:37:15] [3539/5631] myunijourney.com
[00:37:15]   OK My Uni Journey
[00:37:18] [3540/5631] univacity.com
[00:37:19]   OK Univacity | ph:+44 1723333310 | em:hi@univacity.com | London
[00:37:19]   [Progress saved: 3540 total leads]
[00:37:23] [3541/5631] gradespire.com
[00:37:23]   OK Gradespire | ph:+44 7448796501 | em:info@gradespire.com | Thousand Palms
[00:37:27] [3542/5631] britainacademics.co.uk
[00:37:27]   OK Britainacademics | ph:+44 7523899853 | em:info@britainacademics.co.uk | Leicester
[00:37:32] [3543/5631] www.bestrevisiontools.myshopify.com
[00:37:32]   OK Best Revision Tools | em:bestrevisiontools@gmail.com | Piccadilly Gate Store Street Manchester M1 2WD Uni
[00:37:37] [3544/5631] simpkinsfequalityconsulting.com
[00:37:37]   OK Simpkins FE Quality Consulting | ph:07585112496 | em:mark@simpkinsfequalityconsulting.com | Swindon
[00:37:42] [3545/5631] flosverse.com
[00:37:42]   OK Flosverse Techsphere | em:support@flosverse.com | Livingston
[00:37:47] [3546/5631] windsorprep.co.uk
[00:37:47]   OK Windsor Prep | ph:+44 7760870961 | em:info@windsorprep.co.uk | Windsor
[00:37:51] [3547/5631] cipdassignment.co.uk
[00:37:51]   OK CIPD Assignment | ph:+44 1613810000 | em:info@cipdassignment.co.uk | London
[00:37:55] [3548/5631] fundlabs.io
[00:37:55]   OK Fundlabs | em:Team@fundlabs.io | London 
[00:37:59] [3549/5631] enamthedegreeman.co.uk
[00:38:00]   OK Enam The Degree Man | ph:03304004210 | em:info@enamthedegreeman.co.uk | Manchester
[00:38:04] [3550/5631] avicoaching.com
[00:38:05]   OK Avicoaching | ph:+44 2034324005 | em:fly@avicoaching.com | London
[00:38:08] [3551/5631] getassignment.uk
[00:38:09]   OK Get Assignment | ph:+44 7383288740 | em:info@getassignment.uk
[00:38:13] [3552/5631] myacademica.co.uk
[00:38:13]   OK My Academica Limited | ph:07379644150 | em:info@myacademica.co.uk | London
[00:38:17] [3553/5631] mastersassignmenthelp.io
[00:38:17]   OK Masters Assignment Help | ph:+44 1217901920 | em:info@mastersassignmenthelp.com | London 
[00:38:22] [3554/5631] scotstudy.co.uk
[00:38:22]   OK Scot-Study® | ph:+44 7586770652 | em:scotstudy@gmail.com | Edinburgh  
[00:38:26] [3555/5631] domyassignmentuk.co.uk
[00:38:27]   OK Do My Assignment UK | ph:+44 1515289103 | em:info@domyassignmentuk.co.uk | Poole
[00:38:30] [3556/5631] topresearchers.co.uk
[00:38:30]   OK Top Researchers | ph:+44 7400768711 | em:info@topresearchers.co.uk | Welling
[00:38:34] [3557/5631] aiessaywriter.co.uk
[00:38:34]   OK Ai Essay Writer | ph:+44 2030340024 | em:info@aiessaywriter.co.uk | Runcorn
[00:38:39] [3558/5631] dissertationmaster.uk
[00:38:39]   OK Dissertation Master UK | ph:+44 2033320848 | em:info@dissertationmaster.uk | London
[00:38:43] [3559/5631] academicpapershelp.co.uk
[00:38:43]   OK Academic Papers Help UK | ph:+44 7520643804 | em:info@academicpapershelp.co.uk | London
[00:38:47] [3560/5631] myminimaths.co.uk
[00:38:47]   OK MYminiMATHS
[00:38:47]   [Progress saved: 3560 total leads]
[00:38:50] [3561/5631] ucheparagontradingschool.com
[00:38:51]   OK Ucheparagontradingschool
[00:38:54] [3562/5631] unfoldedwriters.com
[00:38:54]   OK Unfolded Writers
[00:38:58] [3563/5631] premeproductions.co.uk
[00:38:58]   OK Premeproductions
[00:39:02] [3564/5631] explorebuddy.co.uk
[00:39:03]   OK ExploreBuddy | ph:07388039708 | em:contact@explorebuddy.co.uk
[00:39:06] [3565/5631] media-sales-training.co.uk
[00:39:07]   OK Media Sales Training | ph:07976 243776 | em:debra@media-sales-training.co.uk | London
[00:39:11] [3566/5631] rootsfederation.herts.sch.uk
[00:39:11]   OK Roots Federation | ph:01727891111 | em:admin@rootsfederation.herts.sch.uk | St. Albans
[00:39:16] [3567/5631] licensingprofessionals.com
[00:39:17]   OK Licensingprofessionals | ph:02080505704 | em:info@licensingprofessionals.com | Welling
[00:39:21] [3568/5631] writemydissertation.co.uk
[00:39:21]   OK Write My Dissertation | ph:+44 7450001361 | em:info@writemydissertation.co.uk | London
[00:39:25] [3569/5631] mathscloud.co.uk
[00:39:26]   OK Mathscloud | em:mail@mathscloud.co.uk
[00:39:29] [3570/5631] thescholarly.org
[00:39:29]   OK The Scholarly | ph:+44 7762364717 | em:enquiry@thescholarly.org | London
[00:39:34] [3571/5631] markwork.com
[00:39:34]   OK Markwork | ph:07355555055 | em:info@markwork.com | Guildford
[00:39:39] [3572/5631] professionalacademicshub.co.uk
[00:39:39]   OK Professional Academics Hub | ph:+44 7934507930 | em:info@professionalacademicshub.co.uk | London
[00:39:42] [3573/5631] studiesplanet.com
[00:39:43]   OK STUDIES PLANET | ph:+44 7956253150 | em:erikaprivate@studiesplanet.com | Greater London
[00:39:47] [3574/5631] growingconnections.org.uk
[00:39:47]   OK Growingconnections | em:admin@growingconnections.org.uk | Felixstowe
[00:39:52] [3575/5631] bestwritemyessay.co.uk
[00:39:52]   OK Best Write My Essay | ph:+44 7496039510 | em:charlottesinclair90@gmail.com | London
[00:39:55] [3576/5631] capstonewritingservices.co.uk
[00:39:56]   OK Capstonewritingservices | ph:07909058881 | em:info@capstonewritingservices.co.uk
[00:39:59] [3577/5631] ukschooltrips.co.uk
[00:40:00]   OK Ukschooltrips
[00:40:03] [3578/5631] scotlandtoppublishers.co.uk
[00:40:04]   OK Scotlandtoppublishers
[00:40:07] [3579/5631] airbnbblueprint.co.uk
[00:40:08]   OK Airbnb Blueprint
[00:40:12] [3580/5631] bitcraper.com
[00:40:12]   OK Bitcraper
[00:40:12]   [Progress saved: 3580 total leads]
[00:40:16] [3581/5631] thedegreegap.com
[00:40:17]   OK Thedegreegap
[00:40:21] [3582/5631] vettutor.co.uk
[00:40:21]   OK VetTutor | ph:0800 689 0051 | em:info@vettutor.co.uk | Manchester
[00:40:25] [3583/5631] www.ukassignments.uk
[00:40:25]   OK UK Assignments | ph:(786) 414-1994 | em:info@ukassignments.uk | Birmingham
[00:40:30] [3584/5631] get2uni.com
[00:40:30]   OK Get2uni | ph:+44 7960006310 | em:info@get2uni.com | Uxbridge
[00:40:35] [3585/5631] allfreelancers.co.uk
[00:40:35]   OK All Freelancers Limited | ph:+44 1212861112 | em:info@allfreelancers.co.uk | London
[00:40:39] [3586/5631] www.getacademichelp.co.uk
[00:40:40]   OK Get Academic Help | ph:+44 7412816344 | em:info@getacademichelp.co.uk | London
[00:40:43] [3587/5631] improvementinschool.co.uk
[00:40:43]   OK improvementinschool.co.uk | ph:07880956028 | em:info@improvementinschool.co.uk | Doncaster
[00:40:48] [3588/5631] zoepoulton.com
[00:40:49]   OK Glass Ripple Consulting | em:zoe@zoepoulton.com | West Byfleet
[00:40:53] [3589/5631] peoplewisesolutions.co.uk
[00:40:54]   OK PeopleWise Solutions Ltd | ph:07469872015 | em:karen@peoplewisesolutions.co.uk | Beaconsfield
[00:40:57] [3590/5631] independenteducationconsultants.co.uk
[00:40:58]   OK The Independent Education Consultants | Oxford
[00:41:02] [3591/5631] passlab.co.uk
[00:41:04]   OK Passlab | ph:07534 602025 | em:info@passlab.co.uk | Hayling Island
[00:41:08] [3592/5631] dissertationpros.co.uk
[00:41:09]   OK Dissertation Pros | ph:0203-034-0579 | em:info@dissertationpros.co.uk
[00:41:13] [3593/5631] schoolsweek.co.uk
[00:41:13]   OK schoolsweek.co.uk
[00:41:17] [3594/5631] dissertationwritingservice.co.uk
[00:41:17]   OK Dissertationwritingservice | ph:01515289103 | em:info@dissertationwritingservice.co.uk | London
[00:41:21] [3595/5631] acedissertation.co.uk
[00:41:22]   OK acedissertation.co.uk
[00:41:25] [3596/5631] ukunisuccess.co.uk
[00:41:25]   OK UK Uni Success Limited | ph:+44 7934509677 | em:md@ukunisuccess.co.uk
[00:41:29] [3597/5631] dellonville.com
[00:41:29]   OK DellonVille Global Associates Ltd
[00:41:34] [3598/5631] afassociatesuk.com
[00:41:34]   OK AF Associates UK | ph:+44 7876660444 | em:info@afassociatesuk.com | London
[00:41:39] [3599/5631] assignmentshelpinuk.com
[00:41:39]   OK Assignments Help in UK | ph:+44 7951946190 | em:support@assignmentshelpinuk.com | West Yorkshire
[00:41:44] [3600/5631] premiumacademicassistance.co.uk
[00:41:44]   OK Premium Academic Assistance | ph:+44 7599896693 | em:info@premiumacademicsassistance.co.uk | London
[00:41:44]   [Progress saved: 3600 total leads]
[00:41:49] [3601/5631] polarisoutdoor.co.uk
[00:41:49]   OK Polaris Outdoor | ph:01273 978 177 | em:info@polarisoutdoor.co.uk | Chichester
[00:41:52] [3602/5631] assignmentontime.co.uk
[00:41:53]   OK Assignment On Time | ph:+44 7543157839 | em:info@assignmentontime.co.uk | Chelsea
[00:41:57] [3603/5631] ieducationltd.co.uk
[00:41:57]   OK Ieducation Limited | ph:(758) 102-4380 | em:info@ieducationltd.co.uk | London
[00:42:02] [3604/5631] moveconsulting.co.uk
[00:42:03]   OK Moveconsulting | ph:+44 7580189571 | em:craig@moveconsulting.co.uk | Cranage
[00:42:06] [3605/5631] fmhsconsulting.co.uk
[00:42:07]   OK Beth Goodyear - FMHS Consulting | ph:07901858875 | em:beth.goodyear@fmhsconsulting.co.uk | Chippenham
[00:42:12] [3606/5631] greenhouselearning.co.uk
[00:42:12]   OK Greenhouse Learning | ph:0117 463 0300 | em:office@greenhouselearning.co.uk | Bristol
[00:42:17] [3607/5631] helpcipdassignment.co.uk
[00:42:17]   OK helpcipdassignment.co.uk | ph:+44 2871140060 | em:orders@helpcipdassignment.co.uk | London
[00:42:20] [3608/5631] fireflyeducation.co.uk
[00:42:20]   OK Firefly Education London | ph:02080999762 | em:info@fireflyeducation.co.uk | London
[00:42:24] [3609/5631] crosscurricularorienteering.co.uk
[00:42:24]   OK Cross-Curricular Orienteering | ph:01524 907000 | em:contact@crosscurricularorienteering.co.uk | Lancaster
[00:42:29] [3610/5631] pennineeducation.co.uk
[00:42:29]   OK pennineeducation.co.uk | ph:01616842320 | em:jarmstrong@pennineeducation.co.uk | Manchester
[00:42:33] [3611/5631] neuroinclusiveconsultant.co.uk
[00:42:33]   OK Neuroinclusiveconsultant
[00:42:37] [3612/5631] courseworkhelp.uk
[00:42:37]   OK Coursework Help UK | ph:+44 7700168833 | em:help@courseworkhelp.uk | Manchester
[00:42:41] [3613/5631] mathsassignmenthelp.uk
[00:42:41]   OK Maths Assignment help UK | ph:+44 7700168833 | em:help@mathsassignmenthelp.uk | Manchester
[00:42:46] [3614/5631] onlinedissertationhelp.co.uk
[00:42:46]   OK Online Dissertation Help | ph:+44 07429660021 | em:support@onlinedissertationhelp.co.uk | Leeds 
[00:42:51] [3615/5631] ginnova.co.uk
[00:42:51]   OK Ginnova Global | ph:+44 7520655417 | em:info@ginnova.co.uk | 4* | 3 reviews | London
[00:42:56] [3616/5631] thelearningnet.co.uk
[00:42:56]   OK The Learning Net
[00:43:00] [3617/5631] oxfordstudentconsultancy.com
[00:43:00]   OK Oxfordstudentconsultancy
[00:43:05] [3618/5631] glendaleacademy.co.uk
[00:43:05]   OK Glendale Academy | Chatham
[00:43:10] [3619/5631] agpmo.org
[00:43:10]   OK Agpmo | ph:+44 7413590910 | em:info@agpmo.org | London
[00:43:15] [3620/5631] tafkeer.co
[00:43:15]   OK Tafkeer Professional Development | ph:+923218408828 | em:info@tafkeer.co | Belfast
[00:43:15]   [Progress saved: 3620 total leads]
[00:43:20] [3621/5631] assignmenthelpuk.co.uk
[00:43:20]   OK Assignment Help UK | ph:+44 7403663991 | em:info@assignmenthelpuk.co.uk | London
[00:43:23] [3622/5631] riseandovercome.org
[00:43:24]   OK Rise and Overcome Disability Services CIC
[00:43:27] [3623/5631] uniqueasasolutions.com
[00:43:28]   OK Uniqueasasolutions
[00:43:32] [3624/5631] lawassignmentwriters.co.uk
[00:43:32]   OK Law Assignment Writers UK | ph:+44 1613810000 | em:info@lawassignmentwriters.co.uk | London 
[00:43:36] [3625/5631] learningpoint.uk
[00:43:37]   OK Learningpoint Limited | em:admin@learningpoint.uk | Derby
[00:43:40] [3626/5631] nursingassignmenthelper.io
[00:43:40]   OK Nursing Assignment Helper | em:info@nursingassignmenthelper.io | London
[00:43:45] [3627/5631] foxassignmenthelp.co.uk
[00:43:45]   OK foxassignmenthelp.co.uk | ph:+44 7340959539 | em:support@foxassignmenthelp.co.uk | London
[00:43:49] [3628/5631] tutorsphere.net
[00:43:49]   OK Tutorsphere | em:support@tutorsphere.net | Preston
[00:43:53] [3629/5631] academiaassists.com
[00:43:53]   OK Academia Assists Limited | ph:+44 7462019002 | em:info@academiaassists.com | London
[00:43:57] [3630/5631] barronimomusic-wonderful.sellfy.store
[00:43:58]   OK Barronimomusic Music Education Resurces | em:barronimomusic@gmail.com
[00:44:01] [3631/5631] dowritemyessay.com
[00:44:02]   OK Dowritemyessay | ph:+44 7562780722 | em:dowritemyessay@gmail.com | London
[00:44:07] [3632/5631] informatech.uk
[00:44:07]   OK Informatech | ph:+44 3300011190 | em:info@informatech.co.uk | London
[00:44:10] [3633/5631] academic-master.com
[00:44:11]   OK Academic Master | ph:(738) 037-1664 | em:info@academic-master.com | London
[00:44:14] [3634/5631] assignmentshelps.uk
[00:44:14]   OK Assignments Helps | ph:+44 7465978916 | em:Info@assignmentshelps.uk | London
[00:44:17] [3635/5631] reliableassignments.com
[00:44:18]   OK Reliableassignments | ph:+44 7412812955 | em:info@reliableassignments.com
[00:44:22] [3636/5631] www.dissertationwritingace.co.uk
[00:44:23]   OK dissertationwritingace.co.uk
[00:44:26] [3637/5631] hubblebubble.uk.com
[00:44:26]   OK Hubble Bubble - Career Counselling for Overseas Education | ph:07904800485 | em:jevinzac@hubblebubble.club | Edinburgh
[00:44:30] [3638/5631] kentbusinesscollege.com
[00:44:31]   OK Kentbusinesscollege | ph:+44 1622370617 | em:Office@kentbusinesscollege.org | Maidstone
[00:44:36] [3639/5631] natural-talent.com
[00:44:36]   OK Natural Talent | Bristol
[00:44:41] [3640/5631] tclglobal.co.uk
[00:44:41]   OK TCL Global | ph:+44 7983266707 | em:info@tclglobal.co.uk | Portsmouth
[00:44:41]   [Progress saved: 3640 total leads]
[00:44:46] [3641/5631] opds.co.uk
[00:44:46]   OK OPDS Ltd | ph:0208 660 8869 | em:info@opds.co.uk | Surrey
[00:44:51] [3642/5631] dawnstargaming.co.uk
[00:44:52]   OK Dawnstargaming | em:info@dawnstargaming.co.uk | Widnes
[00:44:55] [3643/5631] accountingassignmenthelper.co.uk
[00:44:55]   OK Accounting Assignment Helper UK | ph:07927454593 | em:info@accountingassignmenthelper.co.uk | Preston
[00:44:59] [3644/5631] nannygoverness.co.uk
[00:44:59]   OK Nanny & Governess | ph:+44 2034320272 | em:info@nannygoverness.co.uk | Mayfair
[00:45:04] [3645/5631] studentslife.co.uk
[00:45:04]   OK Students Life UK | ph:+44 1515289103 | em:info@studentslife.co.uk | Poole
[00:45:07] [3646/5631] helpwithmyassignment.co.uk
[00:45:08]   OK Help With My Assignment UK | ph:+44 1515289103 | em:info@helpwithmyassignment.co.uk | Dorset
[00:45:12] [3647/5631] paysomeonetodoassignment.co.uk
[00:45:12]   OK Pay Someone To Do Assignment | ph:01515289103 | em:info@paysomeonetodoassignment.co.uk | Rowley Regis
[00:45:16] [3648/5631] britishesports.org
[00:45:16]   OK National Esports Performance Campus | ph:+44 01915007077 | em:info@britishesports.org | Sunderland
[00:45:20] [3649/5631] enterprise4all.co.uk
[00:45:21]   OK Enterprise4all
[00:45:24] [3650/5631] helpinassignments.co.uk
[00:45:25]   OK Help In Assignments | ph:+44 7848140872 | em:info@helpinassignments.co.uk | Wolverhampton
[00:45:29] [3651/5631] amritakaur.co.uk
[00:45:30]   OK A.K Wellness | em:meraki@amritakaur.co.uk
[00:45:33] [3652/5631] cosmiccompass.pro
[00:45:34]   OK Cosmiccompass | ph:+44 2045773126 | em:info@cosmiccompass.pro | London
[00:45:38] [3653/5631] buydissertations.co.uk
[00:45:38]   OK Buy Dissertations | ph:+44 7476632492 | em:info@buydissertations.co.uk | Wolverhampton
[00:45:42] [3654/5631] legupeducation.co.uk
[00:45:43]   OK Leg Up Education | em:felicity@legupeducation.co.uk
[00:45:47] [3655/5631] optimalacademicshelp.co.uk
[00:45:48]   OK Optimal Academics Help
[00:45:51] [3656/5631] www.simplyraisingmoney.com
[00:45:51]   OK Investor Ready  | em:Hello@simplyraisingmoney.com
[00:45:55] [3657/5631] informedearlyyears.co.uk
[00:45:56]   OK Informed Early Years | ph:07378599417 | em:Info@informedearlyyears.com
[00:45:59] [3658/5631] cipdassignmentwriting.co.uk
[00:46:00]   OK CIPD Assignment Writing UK | ph:+44 1613810000 | em:info@cipdassignmentwriting.co.uk | london
[00:46:03] [3659/5631] domyassignments.co
[00:46:04]   OK Do My Assignments | ph:+44 2081441537 | em:info@domyassignments.co | Bradford 
[00:46:08] [3660/5631] londondms.com
[00:46:09]   OK Digital Marketing School | ph:+44 7414720088 | em:info@londondms.com | London
[00:46:09]   [Progress saved: 3660 total leads]
[00:46:13] [3661/5631] dynamic-presenting.com
[00:46:13]   OK Dynamic Presenting | ph:+44 2077321769 | em:info@dynamic-presenting.com | London
[00:46:17] [3662/5631] guideeducation.co.uk
[00:46:17]   OK guideeducation.co.uk
[00:46:21] [3663/5631] junoeducation.org
[00:46:22]   OK JUNO Education | ph:02038861599 | em:contact@junoeducation.org | London
[00:46:25] [3664/5631] oaeducation.org
[00:46:25]   OK OA Education
[00:46:28] [3665/5631] chichestertuitionhub.co.uk
[00:46:28]   OK ChichesterTuitionHub | em:hello@chichestertuitionhub.co.uk
[00:46:31] [3666/5631] bytesofintelligence.co.uk
[00:46:32]   OK Bytes of Intelligence
[00:46:35] [3667/5631] assignmenthelpservice.net
[00:46:35]   OK Assignment Help Service | ph:07441 440573 | em:info@assignmenthelpservice.net
[00:46:39] [3668/5631] genfinance.ai
[00:46:39]   OK Genfinance.AI | London
[00:46:44] [3669/5631] mindsahead.org.uk
[00:46:44]   OK Minds Ahead | em:info@mindsahead.org.uk | LONDON
[00:46:47] [3670/5631] britishtopconsultant.co.uk
[00:46:48]   OK British Top Consultant | ph:+44 2070978801 | em:info@britishtopconsultant.co.uk | London United Kingdom
[00:46:52] [3671/5631] ttlondon.co.uk
[00:46:52]   OK T&T Consultancy London Ltd | ph:(0)20 7247 4500 | em:info@ttlondon.co.uk | London
[00:46:57] [3672/5631] learnaboutfilm.com
[00:46:57]   OK learnaboutfilm.com | ph:029 2009 5900 | em:tom@learnaboutfilm.com | Penarth
[00:47:01] [3673/5631] crforum.co.uk
[00:47:02]   OK Corporate Research Forum | ph:02034572640 | em:communications@crforum.co.uk | London
[00:47:07] [3674/5631] oxbridgeexperts.co.uk
[00:47:07]   OK Oxbridge Experts | ph:+44 7513210978 | em:info@oxbridgeexperts.co.uk | London
[00:47:12] [3675/5631] mypaperexperts.co.uk
[00:47:12]   OK Mypaperexperts | em:info@mypaperexperts.co.uk | London
[00:47:17] [3676/5631] hndassignmentwriters.co.uk
[00:47:17]   OK HND Assignment Writers | ph:+44 1613810000 | em:info@hndassignmentwriters.co.uk | London 
[00:47:22] [3677/5631] mercury-education.com
[00:47:22]   OK Mercury Education
[00:47:26] [3678/5631] mckay-medical-services.co.uk
[00:47:26]   OK Dr Mckay Medical Services | ph:07875161315 | em:enquiries@mckay-medical-services.co.uk
[00:47:30] [3679/5631] learnhappylondon.co.uk
[00:47:30]   OK Learn Happy London | ph:07540893384 | em:gaby@learnhappylondon.co.uk | London
[00:47:34] [3680/5631] diglobal-ltd.com
[00:47:35]   OK DiGlobal Ltd | ph:07897289910 | em:info@diglobal-ltd.com | Londres
[00:47:35]   [Progress saved: 3680 total leads]
[00:47:39] [3681/5631] jobsinchildcare.com
[00:47:40]   OK Jobs in Childcare | em:info@jobsinchildcare.com | London
[00:47:43] [3682/5631] stemaccess.co.uk
[00:47:43]   OK STEMaccess | em:enquiries@stemaccess.co.uk | LONDON
[00:47:47] [3683/5631] www.ukresearchexpert.co.uk
[00:47:47]   OK UK Research Expert | ph:+44 1416289106 | em:info@ukresearchexpert.co.uk | London, United Kingdom
[00:47:52] [3684/5631] nursingassignmenthelper.co.uk
[00:47:52]   OK Nursing Assignment Helper | ph:01613810000 | em:social@nursingassignmenthelper.co.uk | London
[00:47:56] [3685/5631] www.britishpremiumhelp.co.uk
[00:47:56]   OK British Premium Help | ph:+44 7599897520 | em:info@britishpremiumhelp.co.uk | London
[00:48:00] [3686/5631] victoriaschooloflondon.co.uk
[00:48:01]   OK Victoriaschooloflondon
[00:48:05] [3687/5631] topmbaessays.com
[00:48:06]   OK Top MBA Essays | em:team@topmbaessays.com | London
[00:48:11] [3688/5631] useframework.com
[00:48:11]   OK useframework.com
[00:48:15] [3689/5631] myhomeworkassist.com
[00:48:15]   OK Myhomeworkassist | ph:+44 7551283304 | em:support@myhomeworkassist.com | London  UK
[00:48:19] [3690/5631] www.proassignment.co.uk
[00:48:20]   OK Pro Assignment
[00:48:25] [3691/5631] thethreesclub.co.uk
[00:48:25]   OK The Three's Club
[00:48:30] [3692/5631] theyogadoc.org
[00:48:30]   OK Theyogadoc
[00:48:35] [3693/5631] bartlesfoundry.com
[00:48:35]   OK Bartles Foundry
[00:48:39] [3694/5631] academicwriting-services.com
[00:48:40]   OK Academicwriting Services | ph:+44 7490257959 | em:info@academicwriting-services.com
[00:48:44] [3695/5631] pgceassignmenthelpuk.co.uk
[00:48:44]   OK PGCE Assignment Help UK | ph:+44 7403663991 | em:info@pgceassignmenthelpuk.co.uk | London
[00:48:49] [3696/5631] phdjournalpublication.com
[00:48:49]   OK PhD Journal Publication | ph:+44 1887593314 | em:info@phdjournalpublication.com
[00:48:53] [3697/5631] drjohnprice.net
[00:48:54]   OK Dr John Price, History and Heritage Services
[00:48:58] [3698/5631] starfuture.pk
[00:48:58]   OK Starfuture
[00:49:02] [3699/5631] earlyyearsbusinesssupport.co.uk
[00:49:03]   OK Early Years Business Support Ltd | ph:07359910734 | em:info@earlyyearsbusinesssupport.co.uk
[00:49:07] [3700/5631] agileeducation.co
[00:49:08]   OK agileEducation by w4rner | em:agile.edu@w4rner.com | London
[00:49:08]   [Progress saved: 3700 total leads]
[00:49:12] [3701/5631] 21cmindset.com
[00:49:12]   OK 21st Century Mindset Ltd
[00:49:16] [3702/5631] honeyguide-sls.co.uk
[00:49:16]   OK Honeyguide School Leader Support | em:hello@honeyguide-sls.co.uk
[00:49:20] [3703/5631] cheapestessay.co.uk
[00:49:20]   OK Cheapest Essay UK | ph:+44 1158881209 | em:info@cheapestessay.co.uk
[00:49:24] [3704/5631] students4uk.com
[00:49:25]   OK Students4uk | ph:+44 7466169877 | em:talha@students4uk.com | Manchester
[00:49:29] [3705/5631] www.claudius-consulting.co.uk
[00:49:29]   OK Claudius Consulting | York
[00:49:32] [3706/5631] cj-learning.com
[00:49:32]   OK CJ Learning | South Benfleet
[00:49:36] [3707/5631] cmihelp.co.uk
[00:49:36]   OK CMI HELP | CMI Assignment Help | ph:+44 7340959539 | em:support@cmihelp.co.uk | London
[00:49:39] [3708/5631] youththegap.uk
[00:49:40]   OK Youththegap | ph:07982639559 | em:hello@youththegap.uk | BRIGHTON
[00:49:43] [3709/5631] jbinzala.xyz
[00:49:43]   OK JBINZALA | em:contact@jbinzala.xyz | London
[00:49:47] [3710/5631] vbs.ac
[00:49:47]   OK Vertex Business School | em:info@vbs.ac | LONDON
[00:49:52] [3711/5631] fep.co.uk
[00:49:52]   OK Further Education Partnership (FEP) | ph:07732439335 | em:enquiries@fep.co.uk | Yeovil
[00:49:56] [3712/5631] vidaeducation.co.uk
[00:49:56]   OK Vida Education | Blackpool
[00:50:00] [3713/5631] french-language-worksheets.com
[00:50:00]   OK French Language Worksheets
[00:50:05] [3714/5631] georgecharlton.com
[00:50:05]   OK GC Training & Consultancy Services 
[00:50:09] [3715/5631] expartedit.com
[00:50:09]   OK Expartedit | ph:+44 7900248084 | em:contact@expartedit.com
[00:50:12] [3716/5631] coopershillacademy.co.uk
[00:50:13]   OK Coopershillacademy
[00:50:17] [3717/5631] www.ukassignmenthelp.co
[00:50:17]   OK UkAssignmentHelp
[00:50:22] [3718/5631] finishedword.com
[00:50:22]   OK Finished Word
[00:50:27] [3719/5631] assignmentempire.com
[00:50:27]   OK Assignmentempire
[00:50:32] [3720/5631] cmiassignmenthelp.co.uk
[00:50:32]   OK Cmiassignmenthelp | ph:+44 1382755433 | em:support@cmiassignmenthelp.co.uk | Birmingham
[00:50:32]   [Progress saved: 3720 total leads]
[00:50:37] [3721/5631] westwayedu.com
[00:50:37]   OK West Way Education Consultancy pvt (Ltd) | ph:00447592680444 | em:admin@westwayedu.com
[00:50:41] [3722/5631] drkashif.net
[00:50:41]   OK Dr kashif | ph:07355218022 | em:business@drkashif.net | Edinburgh
[00:50:46] [3723/5631] systematicreviewpro.com
[00:50:47]   OK SystematicReviewPro.com | em:contact@systematicreviewpro.com | London
[00:50:51] [3724/5631] videolearning.co.uk
[00:50:52]   OK Videolearning: Educational Resources By Mediamerge | ph:01223 750705 | em:info@mediamerge.co.uk | Cambridge
[00:50:55] [3725/5631] ujji.app
[00:50:56]   OK UJJI | ph:07940226360 | em:contact@ujji.co.uk | Oxfordshire
[00:51:00] [3726/5631] cipdexperts.co.uk
[00:51:00]   OK CIPD Experts UK | ph:+44 1613810000 | em:social@cipdexperts.co.uk | London 
[00:51:03] [3727/5631] greenwgroup.co.uk
[00:51:03]   OK Green World Safety & Security Consultancies Ltd | ph:+44 01483343720 | em:info@greenwgroup.co.uk | England
[00:51:07] [3728/5631] outtolearn.co.uk
[00:51:07]   OK Out to Learn | em:info@outtolearn.co.uk | Tring
[00:51:11] [3729/5631] elitedge.co.uk
[00:51:12]   OK Elite Edge | em:02supper_droves@icloud.com | London
[00:51:16] [3730/5631] smartcurriculum.net
[00:51:16]   OK SMARTcurriculum | ph:02037012854 | em:chris.jones@smartcurriculum.net | BENFLEET
[00:51:19] [3731/5631] nvqassignmenthelp.co.uk
[00:51:20]   OK NVQ Assignment Help UK | ph:+44 1613810000 | em:info@nvqassignmenthelp.co.uk | London
[00:51:25] [3732/5631] aurumgoldltd.co.uk
[00:51:25]   OK Aurumgoldltd | ph:+44 07825137617 | em:info@aurumgoldltd.co.uk | Harrogate
[00:51:30] [3733/5631] pathwaysonlinetuition.co.uk
[00:51:30]   OK Pathwaysonlinetuition | ph:07908 464919 | em:hayley@pathwaysonlinetuition.co.uk | Leeds
[00:51:35] [3734/5631] fabulousatphonics.co.uk
[00:51:35]   OK Fabulous at Phonics in a Box! | ph:07539008293 | em:fabulousatphonics@gmail.com | Wigan
[00:51:40] [3735/5631] schoolanalytics.co.uk
[00:51:41]   OK School Analytics Ltd | ph:07528358827 | em:david@schoolanalytics.co.uk | Bolton
[00:51:44] [3736/5631] hubblebubble.club
[00:51:45]   OK Hubble Bubble - Career Counselling for Overseas Education | ph:+44 07904800485 | em:jevinzac@hubblebubble.uk.com | Edinburgh
[00:51:49] [3737/5631] supply-teachers.co.uk
[00:51:49]   OK Supply Teachers | em:sara@supply-teachers.co.uk
[00:51:52] [3738/5631] school-compass.com
[00:51:53]   OK School Compass
[00:51:56] [3739/5631] smash-geography.com
[00:51:56]   OK Smash Geography | em:james@smash-geography.com
[00:52:01] [3740/5631] mytechchild.com
[00:52:02]   OK Tech Child | ph:+44 7488237174 | em:hello@mytechchild.com
[00:52:02]   [Progress saved: 3740 total leads]
[00:52:06] [3741/5631] www.reeduversity.com
[00:52:06]   OK Reeduversity
[00:52:10] [3742/5631] hiteshdaudia.com
[00:52:10]   OK Hitesh Daudia
[00:52:14] [3743/5631] placingpeopledirect.co.uk
[00:52:14]   OK Placingpeopledirect | ph:07743249982 | em:sunita@placingpeopledirect.co.uk | 160 City Road
[00:52:18] [3744/5631] teamscapes.co.uk
[00:52:18]   OK Teamscapes | ph:+44 1604731790 | em:info@teamscapes.co.uk | Creaton
[00:52:21] [3745/5631] dissertationexpertsuk.co.uk
[00:52:22]   OK Dissertation Experts UK | ph:+44 7450001361 | em:Info@dissertationexpertsuk.co.uk | London
[00:52:25] [3746/5631] onlinelasertraining.co.uk
[00:52:25]   OK OnlineLaserTraining | ph:0344 800 8909 | em:info@onlinelasertraining.co.uk | Romsey
[00:52:29] [3747/5631] academiasupport.com
[00:52:29]   OK Academia Support UK | ph:+44 7340959539 | em:care@academiasupport.com | London
[00:52:32] [3748/5631] obuthesishelp.com
[00:52:32]   OK OBU Thesis Help UK | ph:+44 7340959539 | em:support@obuthesishelp.com | London
[00:52:37] [3749/5631] oscaredu.uk
[00:52:37]   OK Oscar Education | ph:+44 2045770777 | em:info@oscaredu.uk | London
[00:52:41] [3750/5631] britishacademicexperts.co.uk
[00:52:41]   OK British Academic Experts | ph:+44 2081334112 | em:info@britishacademicexperts.co.uk | London
[00:52:46] [3751/5631] thecodeeducation.co.uk
[00:52:46]   OK Thecodeeducation | em:paula@thecodeeducation.co.uk | London
[00:52:50] [3752/5631] personalstatementwriting.co.uk
[00:52:50]   OK Personal Statement Writing UK | ph:+44 1613810000 | em:info@personalstatementwriting.co.uk | London
[00:52:55] [3753/5631] assignmenthelps.org
[00:52:55]   OK Assignmenthelps | ph:+44 7506100310 | em:info@assignmenthelps.org | London
[00:53:00] [3754/5631] csfeducation.co.uk
[00:53:00]   OK CSF Education | em:hailey@csfeducation.co.uk | Bury saint Edmunds 
[00:53:05] [3755/5631] assignmentdoers.co.uk
[00:53:05]   OK Assignment Doers | ph:+44 2080770352 | em:info@assignmentdoers.co.uk
[00:53:09] [3756/5631] pgceassignmenthelp.co.uk
[00:53:09]   OK PGCE Assignment Help UK | ph:+44 1613810000 | em:info@pgceassignmenthelp.co.uk | London
[00:53:14] [3757/5631] nursingassignmentwriter.co.uk
[00:53:14]   OK Nursing Assignment Writer UK | ph:+44 7938977767 | em:social@nursingassignmentwriter.co.uk | boston
[00:53:17] [3758/5631] parentkind.org.uk
[00:53:18]   OK Parentkind
[00:53:22] [3759/5631] justteachers.co.uk
[00:53:22]   OK justteachers UK
[00:53:27] [3760/5631] digi-ed.co.uk
[00:53:27]   OK Digi Ed | em:khristian@digi-ed.co.uk | London
[00:53:27]   [Progress saved: 3760 total leads]
[00:53:31] [3761/5631] branchingmindsasd.co.uk
[00:53:31]   OK Branchingmindsasd
[00:53:35] [3762/5631] assignment-help.uk
[00:53:35]   OK Assignment-Help UK | ph:+44 7418353142 | em:support@assignment-help.uk | London
[00:53:38] [3763/5631] thriveglobal.com
[00:53:39]   OK Thrive Global
[00:53:42] [3764/5631] resourcinggroup.co.uk
[00:53:42]   OK resourcinggroup.co.uk
[00:53:46] [3765/5631] idp-connect.com
[00:53:46]   OK idp-connect.com
[00:53:49] [3766/5631] contact-associates.co.uk
[00:53:49]   OK Contact Associates
[00:53:53] [3767/5631] desire2study.com
[00:53:53]   OK Desire2study
[00:53:57] [3768/5631] examcoach.uk
[00:53:57]   OK ExamCoach.UK | ph:0191 810 0191 | em:info@examcoach.uk
[00:54:01] [3769/5631] nsukec.com
[00:54:02]   OK NS-UK EDUCATION CONSULTANTS LTD | ph:08002884796 | em:info@nsukec.com | ROMFORD
[00:54:06] [3770/5631] bestessaywriter.co.uk
[00:54:06]   OK Best Essay Help UK | ph:+44 7378489100 | em:sales@bestessaywriter.co.uk | London
[00:54:10] [3771/5631] akademos.io
[00:54:11]   OK Akademos | ph:+44 7799415470 | em:info@akademos.io | London
[00:54:15] [3772/5631] satori.education
[00:54:16]   OK Satori Education Limited | Stoke-on-Trent
[00:54:20] [3773/5631] cheap-essay-writing.co.uk
[00:54:21]   OK Cheap Essay Writing UK | ph:+44 1212861112 | em:info@cheap-essay-writing.co.uk | London
[00:54:26] [3774/5631] thetrainingspace.co.uk
[00:54:26]   OK The Training Space | ph:01536410078 | em:info@thetrainingspace.co.uk | Mawsley
[00:54:30] [3775/5631] scienceforoxbridge.com
[00:54:30]   OK Science for Oxbridge | ph:02082264662 | em:contact@scienceforoxbridge.com | Epsom
[00:54:34] [3776/5631] blackstreameducation.co.uk
[00:54:34]   OK Black Stream Education | em:enquiries@blackstreameducation.co.uk | Rugby
[00:54:39] [3777/5631] beinspirational.com
[00:54:39]   OK Inspirational Group | ph:+44 02077982848 | em:info@beinspirational.com | Ascot
[00:54:43] [3778/5631] tenderconsultants.co.uk
[00:54:43]   OK Tenderconsultants
[00:54:47] [3779/5631] domyassignmentfree.co.uk
[00:54:48]   OK Do My Assignment Free | ph:+44 1515289103 | em:info@domyassignmentfree.co.uk | Archway
[00:54:52] [3780/5631] heegereducation.uk
[00:54:53]   OK Heeger Education | em:ryan@heegereducation.uk | Cardiff
[00:54:53]   [Progress saved: 3780 total leads]
[00:54:57] [3781/5631] 101tutors.com
[00:54:57]   OK 101 Tutors | ph:07767 960 743 | em:admin@101tutors.com
[00:55:01] [3782/5631] www.a2i.academy
[00:55:02]   OK A2iAcademy | em:hello@a2i.academy
[00:55:07] [3783/5631] www.armigertrainingservices.co.uk
[00:55:07]   OK Armiger Training Services Ltd | ph:07943877541 | em:info@armigertrainingservices.co.uk
[00:55:10] [3784/5631] he-direct.com
[00:55:11]   OK He Direct | em:contact@he-direct.com | Select
[00:55:14] [3785/5631] instantdissertationhelp.co.uk
[00:55:14]   OK Instant Dissertation Help
[00:55:19] [3786/5631] dissertationmakers.co.uk
[00:55:19]   OK Dissertationmakers | ph:+44 1515289103 | em:info@dissertationmakers.co.uk | Poole
[00:55:23] [3787/5631] educationlegacy.co.uk
[00:55:23]   OK Education Legacy Ltd | ph:+44 7397386108 | em:info@educationlegacy.co.uk | London
[00:55:27] [3788/5631] atacademics.com
[00:55:27]   OK At Academics Ltd. | ph:+44 7588148721 | em:info@atacademics.com
[00:55:30] [3789/5631] commandojoes.co.uk
[00:55:31]   OK Commando Joe's | ph:01942 409654 | em:info@commandojoes.co.uk | Sheffield
[00:55:36] [3790/5631] managementassignmenthelp.uk
[00:55:36]   OK Management Assignment Help UK | ph:+44 7700168833 | em:help@managementassignmenthelp.uk | Manchester
[00:55:41] [3791/5631] uavhub.com
[00:55:41]   OK UAVHub | ph:0800 033 4400 | em:hello@uavhub.com | 5* | 6865 reviews | Emsworth
[00:55:45] [3792/5631] voyagertransporttraining.co.uk
[00:55:46]   OK Voyager Transport Training | ph:0113 521 7875 | em:info@voyagergroup.co.uk | 5* | 3429 reviews
[00:55:51] [3793/5631] blossomantenatal.com
[00:55:51]   OK Blossom Antenatal | em:hello@blossomantenatal.com | 5* | 1912 reviews
[00:55:56] [3794/5631] deercentral.co.uk
[00:55:57]   OK Deer Central | ph:07989 570948 | em:service@deercentral.co.uk | 5* | 963 reviews | Yeovil
[00:56:00] [3795/5631] bluelightconsultancy.com
[00:56:02]   OK Bluelightconsultancy | em:info@bluelightconsultancy.com | 5* | 857 reviews
[00:56:06] [3796/5631] www.thecvstore.net
[00:56:07]   OK The CV Store | ph:(01904) 902 102 | em:help@thecvstore.net | 5* | 776 reviews | York
[00:56:10] [3797/5631] www.idealschools.co.uk
[00:56:10]   OK Ideal Schools | em:admin@idealschools.co.uk | 5* | 738 reviews | Glasgow
[00:56:15] [3798/5631] healthskillstraining.com
[00:56:16]   OK Health Skills Training Ltd | ph:07711 554472 | em:info@healthskillstraining.com | 5* | 716 reviews | Manchester, Salford
[00:56:21] [3799/5631] perfect-cvs.co.uk
[00:56:22]   OK Perfect CVS | ph:020 8123 7858 | em:customerservices@perfect-cvs.co.uk | 5* | 464 reviews | Brentford
[00:56:27] [3800/5631] www.thetherapylounge.com
[00:56:27]   OK The Therapy Lounge | ph:020 7485 5745 | em:info@thetherapylounge.com | 5* | 458 reviews | London
[00:56:27]   [Progress saved: 3800 total leads]
[00:56:32] [3801/5631] trinitycollege.com
[00:56:32]   OK Trinity College London | ph:0333 358 3183 | em:selt@trinitycollege.com | 4.9* | 66785 reviews | London
[00:56:36] [3802/5631] www.csttraining.co.uk
[00:56:36]   OK CST Training | ph:020 3488 4472 | em:admin@csttraining.co.uk | 4.9* | 8484 reviews | Dartford
[00:56:41] [3803/5631] www.stl-training.co.uk
[00:56:42]   OK STL | ph:02079873777 | em:info@stl-training.co.uk | 4.9* | 2427 reviews | Limehouse
[00:56:47] [3804/5631] formulabotanica.com
[00:56:47]   OK Formula Botanica | ph:0800 011 9545 | em:hello@formulabotanica.com | 4.9* | 2382 reviews | Dorchester
[00:56:51] [3805/5631] www.theteflacademy.com
[00:56:51]   OK The TEFL Academy | em:hello@theteflacademy.com | 4.9* | 2017 reviews | Hove
[00:56:54] [3806/5631] intelligensa.co.uk
[00:56:55]   OK Intelligensa: Positive Handling for Schools, PMVA, BILD RRN | ph:01707 654317 | em:intelligensa@outlook.com | 4.9* | 1553 reviews
[00:56:59] [3807/5631] supplyingdirect.co.uk
[00:56:59]   OK supplyingdirect.co.uk | ph:01359 250550 | em:enquiries@supplyingdirect.co.uk | 4.9* | 1353 reviews | Bury St Edmunds, Suffolk
[00:57:03] [3808/5631] aspirationtraining.com
[00:57:04]   OK Aspiration Training | ph:01527 359646 | em:marketing@aspirationtraining.com | 4.9* | 1110 reviews | Redditch, Worcestershire, United Kingdom
[00:57:08] [3809/5631] icslearn.co.uk
[00:57:09]   OK ICS Learn | ph:0330 134 5215 | em:courseadvisors@icslearn.co.uk | 4.7* | 12633 reviews
[00:57:13] [3810/5631] www.pastest.com
[00:57:14]   OK Pastest | em:enquiries@pastest.com | 4.2* | 5181 reviews | Knutsford
[00:57:18] [3811/5631] breatheolution.com
[00:57:18]   OK Breatheolution | ph:07875529759 | em:hello@breatheolution.com | 4.8* | 38 reviews | Derbyshire
[00:57:23] [3812/5631] englishexamcentre.com
[00:57:24]   OK English Exam Centre  | ph:07399722921 | em:selt@englishexamcentre.com | 4.5* | 838 reviews | London 
[00:57:29] [3813/5631] tritekacademy.co.uk
[00:57:29]   OK Tritekacademy | ph:07401262066 | em:info@tritekacademy.co.uk | 4.7* | 179 reviews | London
[00:57:33] [3814/5631] www.learndirect.com
[00:57:33]   OK learndirect Limited | ph:01202 006 464 | em:customerservices@learndirect.com | 4.5* | 29225 reviews | Bournemouth
[00:57:38] [3815/5631] thettcgroup.com
[00:57:38]   OK TTC Group | ph:0330 024 1805 | em:complaints@ttc-uk.com | 4.8* | 40976 reviews | Telford
[00:57:43] [3816/5631] www.muddyfaces.co.uk
[00:57:43]   OK Muddy Faces Ltd | ph:0114 221 9617 | em:sales@muddyfaces.co.uk | 4.8* | 186 reviews | Sheffield
[00:57:48] [3817/5631] geopace.com
[00:57:49]   OK Geopace Training | ph:01525 305486 | em:info@geopace.net | 4.9* | 1027 reviews | Flitwick, Bedfordshire
[00:57:52] [3818/5631] productfocus.com
[00:57:53]   OK Product Focus | em:info@productfocus.com | 4.9* | 1002 reviews | Cirencester
[00:57:57] [3819/5631] www.targetzerotraining.co.uk
[00:57:58]   OK Target Zero Training | ph:01245 379496 | em:sales@targetzerogroup.co.uk | 4.9* | 903 reviews
[00:58:01] [3820/5631] nilc.co.uk
[00:58:02]   OK NILC Training | ph:01633 256482 | em:info@nilc.co.uk | 4.9* | 901 reviews | Newport
[00:58:02]   [Progress saved: 3820 total leads]
[00:58:06] [3821/5631] www.wandptraining.co.uk
[00:58:07]   OK W and P Compliance | ph:01305 767104 | em:info@wandptraining.co.uk | 4.9* | 677 reviews | Weymouth
[00:58:10] [3822/5631] garethdavidstudio.com
[00:58:11]   OK Gareth David Studio | 4.9* | 621 reviews
[00:58:15] [3823/5631] thewritestuff.co.uk
[00:58:16]   OK The Write Stuff | ph:0800 107 8245 | em:info@thewritestuff.co.uk | 4.9* | 572 reviews | London
[00:58:20] [3824/5631] firstaidtraining.co.uk
[00:58:21]   OK Safety First Aid Training | ph:020 8203 7447 | em:training@safetyfirstaid.co.uk | 4.9* | 527 reviews | Letchworth Garden City
[00:58:25] [3825/5631] knight.training
[00:58:26]   OK Knight Training | ph:0330 999 3199 | em:info@knighttraining.co.uk | 4.9* | 393 reviews | Lancaster
[00:58:31] [3826/5631] m2hse.co.uk
[00:58:31]   OK M2HSE Training | ph:02080599944 | em:sales@m2hse.co.uk | 4.9* | 369 reviews | London
[00:58:36] [3827/5631] enricheducationuk.com
[00:58:36]   OK Enrich Education | ph:01514891123 | em:info@enricheducationuk.com | 4.9* | 350 reviews | LIVERPOOL
[00:58:40] [3828/5631] endeavour-group.ltd
[00:58:41]   OK Endeavour Training and Assessment UK Limited | ph:0203 1304 887 | em:info@endeavour-group.ltd | 4.9* | 336 reviews | London
[00:58:45] [3829/5631] thetcmgroup.com
[00:58:46]   OK The TCM Group | ph:0800 059 0595 | em:info@thetcmgroup.com | 4.9* | 314 reviews | London
[00:58:50] [3830/5631] steamrocket.co.uk
[00:58:51]   OK Steam Rocket | ph:01273936323 | em:info@steamrocket.co.uk | 4.9* | 307 reviews | Hove
[00:58:56] [3831/5631] latimertuition.com
[00:58:56]   OK Latimer Tuition | ph:+44 07888872428 | em:Contact@LatimerTuition.com | 4.9* | 284 reviews | Sheffield
[00:59:00] [3832/5631] londonpharmacistnetwork.co.uk
[00:59:02]   OK Londonpharmacistnetwork | ph:07716104207 | em:info@londonpharmacistnetwork.co.uk | 4.9* | 243 reviews | london
[00:59:07] [3833/5631] poweracademyuk.com
[00:59:08]   OK Power Academy UK | ph:02084326001 | em:info@poweracademyuk.com | 4.9* | 222 reviews | London
[00:59:12] [3834/5631] bebc.co.uk
[00:59:13]   OK BEBC - The Bournemouth English Book Centre | ph:01202 715555 | em:elt@bebc.co.uk | 4.9* | 214 reviews | Poole
[00:59:16] [3835/5631] actorsstudio.co.uk
[00:59:17]   OK Actors Studio | ph:01753 650951 | em:info@actorsstudio.co.uk | 4.9* | 209 reviews | Iver Heath
[00:59:21] [3836/5631] optimuscoachacademy.com
[00:59:22]   OK Optimus coach Academy | em:ruth.kudzi@optimuscoachacademy.com | 4.9* | 203 reviews | London
[00:59:26] [3837/5631] www.littlemunchkinsplaydough.com
[00:59:26]   OK Little Munchkins Playdough | ph:07944444098 | em:info@littlemunchkinsplaydough.com | 4.9* | 196 reviews | middlesbrough
[00:59:30] [3838/5631] tradingfanatic.com
[00:59:30]   OK Trading Fanatic | em:support@tradingfanatic.com | 4.9* | 192 reviews
[00:59:34] [3839/5631] firstaidexecutives.co.uk
[00:59:35]   OK First Aid Executives | ph:08001244634 | em:info@firstaidexecutives.co.uk | 4.9* | 178 reviews | Birmingham
[00:59:38] [3840/5631] edgenie.co.uk
[00:59:39]   OK EdGenie | em:hello@edgenie.co.uk | 4.9* | 174 reviews
[00:59:39]   [Progress saved: 3840 total leads]
[00:59:43] [3841/5631] theaspiringmedics.co.uk
[00:59:44]   OK The Aspiring Medics | ph:07436111906 | em:Contact@theaspiringmedics.co.uk | 4.9* | 167 reviews | Oxford
[00:59:48] [3842/5631] cto.academy
[00:59:48]   OK CTO Academy | em:hello@cto.academy | 4.9* | 165 reviews | Farnham
[00:59:52] [3843/5631] chi-medics.com
[00:59:53]   OK Chi Medics | ph:07579785232 | em:info@chi-medics.com | 4.9* | 157 reviews | Boston
[00:59:57] [3844/5631] gastectraining.co.uk
[00:59:58]   OK Gastec Training & Assessment Centres Ltd | ph:01908587665 | em:enquiries@gastectraining.co.uk | 4.9* | 152 reviews | Milton Keynes
[01:00:02] [3845/5631] barefootcoaching.co.uk
[01:00:03]   OK Barefoot Coaching Ltd | ph:01332 863641 | em:info@barefootcoaching.co.uk | 4.9* | 143 reviews | Castle Donington
[01:00:08] [3846/5631] titlesplit.com
[01:00:09]   OK TitleSplit.com | ph:01332412575 | em:info@titlesplit.com | 4.9* | 140 reviews | Denby
[01:00:14] [3847/5631] sciencestudio.co.uk
[01:00:14]   OK Science Studio | ph:+44 01429597600 | em:sales@sciencestudio.co.uk | 4.9* | 132 reviews | Hartlepool
[01:00:18] [3848/5631] ethicalschoolwear.com
[01:00:19]   OK Ethical Schoolwear | em:hello@ethicalschoolwear.com | 4.9* | 124 reviews | Crossgar
[01:00:22] [3849/5631] richard-knight.co.uk
[01:00:23]   OK Richard Knight | 4.9* | 123 reviews
[01:00:27] [3850/5631] cestt.co.uk
[01:00:27]   OK Cestt Limited | ph:02081294432 | em:info@cestt.co.uk | 4.9* | 118 reviews | London
[01:00:30] [3851/5631] rx4lakes.co.uk
[01:00:31]   OK Rx4lakes | em:barney@rx4lakes.co.uk | 4.9* | 109 reviews | Frizington
[01:00:35] [3852/5631] fastresponsepfa.co.uk
[01:00:36]   OK Fast Response PFA Ltd | ph:07814170078 | em:nicolemiller@fastresponsepfa.co.uk | 4.9* | 108 reviews | Newbury
[01:00:40] [3853/5631] basegreen.co.uk
[01:00:40]   OK Basegreen Academy  | ph:0114 212 5910 | em:hello@basegreen.co.uk | 4.9* | 89 reviews | Holmfirth 
[01:00:44] [3854/5631] www.get-licensed.co.uk
[01:00:46]   OK Get Licensed | ph:+44 1472730150 | em:we.care@get-licensed.co.uk | 4.8* | 33690 reviews | LONDON
[01:00:49] [3855/5631] e-careers.com
[01:00:49]   OK e-Careers Ltd | ph:+44 02031987700 | em:info@e-careers.com | 4.8* | 15034 reviews | Langley
[01:00:53] [3856/5631] itonlinelearning.com
[01:00:54]   OK ITonlinelearning | ph:01795 436969 | em:enquiries@itonlinelearning.com | 4.8* | 8197 reviews | Sittingbourne
[01:00:58] [3857/5631] www.hope-education.co.uk
[01:00:59]   OK Hope Education | ph:0345 120 2055 | em:enquiries@hope-education.co.uk | 4.8* | 7509 reviews | Hyde
[01:01:03] [3858/5631] www.planmygapyear.com
[01:01:04]   OK Plan My Gap Year (PMGY) | ph:01892 315006 | em:hello@planmygapyear.com | 4.8* | 5478 reviews | Bells Yew Green
[01:01:09] [3859/5631] www.glsed.co.uk
[01:01:10]   OK GLS Educational Supplies | ph:03451 203 213 | em:sales@glsed.co.uk | 4.8* | 5009 reviews | Manchester 
[01:01:14] [3860/5631] www.origym.co.uk
[01:01:15]   OK OriGym | ph:08000029599 | em:enrol@origym.co.uk | 4.8* | 5006 reviews | Liverpool
[01:01:15]   [Progress saved: 3860 total leads]
[01:01:19] [3861/5631] www.medicalinterviewsuk.co.uk
[01:01:21]   OK Oxford Medical Training  | ph:0131 526 3700 | em:support@oxford-medical.co.uk | 4.8* | 2819 reviews | Edinburgh
[01:01:24] [3862/5631] www.futurefit.co.uk
[01:01:25]   OK Future Fit Training | em:info@futurefit.co.uk | 4.8* | 2253 reviews | Fareham
[01:01:29] [3863/5631] londonschool.com
[01:01:30]   OK The London School of English | ph:+44 2076054142 | em:clients@londonschool.com | 4.8* | 2070 reviews | London
[01:01:33] [3864/5631] fortray.com
[01:01:34]   OK Fortray Global Services Limited | ph:02079934928 | em:info@fortray.com | 4.8* | 1990 reviews | London
[01:01:37] [3865/5631] myedspace.co.uk
[01:01:38]   OK MyEdSpace | ph:+44 7700179699 | em:info@myedspace.co.uk | 4.8* | 1802 reviews | London
[01:01:41] [3866/5631] www.sensoryintegrationeducation.com
[01:01:42]   OK Sensory Integration Education | ph:0118 207 2773 | em:support@sensoryintegrationeducation.com | 4.8* | 1773 reviews | Manchester
[01:01:47] [3867/5631] www.the-coaching-academy.com
[01:01:47]   OK The Coaching Academy | ph:020 8996 5057 | em:info@the-coaching-academy.com | 4.8* | 1610 reviews | London
[01:01:51] [3868/5631] www.projects-abroad.co.uk
[01:01:52]   OK Projects Abroad | ph:+44 1273007230 | em:info@projects-abroad.co.uk | 4.8* | 1325 reviews | Brighton & Hove
[01:01:56] [3869/5631] aroramedicaleducation.co.uk
[01:01:57]   OK Arora Medical Education | ph:07545543257 | em:aman@aroramedicaleducation.co.uk | 4.8* | 1089 reviews | Solihull
[01:02:01] [3870/5631] www.gobritanya.com
[01:02:02]   OK GoBritanya Student Accommodation | ph:+44 2078318247 | em:book@gobritanya.com | 4.8* | 1087 reviews | London
[01:02:06] [3871/5631] theinteriordesigninstitute.co.uk
[01:02:06]   OK The Interior Design Institute | em:support-uk-en@service.theinteriordesigninstitute.com | 4.8* | 1063 reviews | London
[01:02:10] [3872/5631] collegeofmediaandpublishing.co.uk
[01:02:10]   OK College of Media and Publishing | ph:01243 930353 | em:enquiries@collegeofmediaandpublishing.co.uk | 4.8* | 884 reviews | Chichester
[01:02:15] [3873/5631] ableskills.co.uk
[01:02:15]   OK Able Skills Construction Training | ph:01322 280 202 | em:hello@ableskills.co.uk | 4.8* | 792 reviews | Dartford
[01:02:19] [3874/5631] www.daviessports.co.uk
[01:02:19]   OK Davies Sports | ph:0345 120 4515 | em:enquiries@daviessports.co.uk | 4.8* | 759 reviews | Manchester
[01:02:23] [3875/5631] mk9plus.com
[01:02:24]   OK MK9Plus Dog Training | em:team@mk9plus.com | 4.8* | 592 reviews
[01:02:27] [3876/5631] learnfrenchwithalexa.com
[01:02:28]   OK Learn French With Alexa | ph:+44 7516154351 | em:support@learnfrenchwithalexa.com | 4.8* | 583 reviews | London
[01:02:31] [3877/5631] knowadays.com
[01:02:32]   OK Knowadays | em:hello@knowadays.com | 4.8* | 532 reviews | London
[01:02:36] [3878/5631] schoolofacademics.co.uk
[01:02:37]   OK Britannia School of Academics | ph:02038905504 | em:info@schoolofacademics.co.uk | 4.8* | 423 reviews | London
[01:02:41] [3879/5631] teflinstitute.com
[01:02:42]   OK The TEFL Institute | ph:+44 2033185366 | em:hello@teflinstitute.com | 4.8* | 399 reviews |  London
[01:02:46] [3880/5631] www.nationallearninggroup.co.uk
[01:02:46]   OK National Learning Group | ph:01434239069 | em:admin@thenationallearninggroup.co.uk | 4.8* | 395 reviews | Prudhoe
[01:02:46]   [Progress saved: 3880 total leads]
[01:02:50] [3881/5631] britishcollegeofinteriordesign.com
[01:02:51]   OK The British College of Interior Design | em:questions@britishcollegeofinteriordesign.com | 4.8* | 366 reviews | Online 
[01:02:55] [3882/5631] coptrz.com
[01:02:56]   OK Coptrz | ph:0330 111 7177 | em:services@coptrz.com | 4.8* | 355 reviews | Leeds
[01:02:59] [3883/5631] ntponlinelearning.co.uk
[01:03:00]   OK NTP Online Learning Ltd | ph:01406424500 | em:hello@ntponlinelearning.co.uk | 4.8* | 336 reviews | Spalding
[01:03:03] [3884/5631] kleinfunding.com
[01:03:04]   OK Klein Funding  | em:support@kleinfunding.com | London
[01:03:08] [3885/5631] touchtypeit.co.uk
[01:03:08]   OK Type IT! Touch Typing | ph:020 8434 7111 | em:wendy@touchtypeit.co.uk | 4.8* | 324 reviews | Harrow
[01:03:13] [3886/5631] theartinstitute.co.uk
[01:03:14]   OK The Art Institute | em:support@theartinstitute.co.uk | 4.8* | 323 reviews | London 
[01:03:19] [3887/5631] www.stickerstocker.co.uk
[01:03:19]   OK Sticker Stocker | ph:01782 373994 | em:support@stickerstocker.co.uk | 4.8* | 315 reviews | Stoke on Trent
[01:03:24] [3888/5631] talatraining.co.uk
[01:03:24]   OK Tala Training Ltd | ph:0141 621 4911 | em:enquiries@talatraining.co.uk | 4.8* | 297 reviews | Glasgow
[01:03:27] [3889/5631] dermainstitute.co.uk
[01:03:28]   OK Derma Institute | ph:02071833681 | em:info@dermainstitute.co.uk | 4.8* | 289 reviews | London
[01:03:31] [3890/5631] www.one2onediet.com
[01:03:32]   OK The 1:1 Diet by Cambridge Weight Plan | em:marketing@cwp-uk.com | 4.8* | 273 reviews
[01:03:36] [3891/5631] ctskills.co.uk
[01:03:36]   OK CT Skills | ph:01159599544 | em:info@ctskills.co.uk | 4.8* | 250 reviews | Nottingham
[01:03:41] [3892/5631] cvtemplate.co.uk
[01:03:41]   OK CV Template | em:support@cvtemplate.co.uk | 4.8* | 239 reviews
[01:03:45] [3893/5631] morgansdirect.co.uk
[01:03:46]   OK Morgan's Direct Ltd | ph:020 7482 4684 | 4.8* | 230 reviews | London
[01:03:50] [3894/5631] thecvspecialists.com
[01:03:50]   OK The CV Specialists | ph:02033696569 | em:info@thecvspecialists.com | 4.8* | 220 reviews | London
[01:03:55] [3895/5631] edinburghwhiskyacademy.com
[01:03:56]   OK Edinburgh Whisky Academy | ph:+44 1316095327 | em:info@edinburghwhiskyacademy.com | 4.8* | 203 reviews | Bridge of Allan
[01:03:59] [3896/5631] www.medical-interviews.co.uk
[01:04:00]   OK ISC Medical | 4.8* | 191 reviews
[01:04:03] [3897/5631] brightheart.co.uk
[01:04:04]   OK Bright Heart Education | ph:0208 064 3800 | em:hello@brightheart.co.uk | 4.8* | 112 reviews | London
[01:04:09] [3898/5631] workearly.gr
[01:04:10]   OK Workearly | Role-playing Learning | ph:+302102209811 | em:digital@workearly.co | 4.8* | 76 reviews | Edgware
[01:04:13] [3899/5631] tradeteacher.co.uk
[01:04:14]   OK Construction Skills College | ph:01782 837007 | em:enquiries@tradeteacher.co.uk | 4.8* | 69 reviews | Stoke-on-Trent
[01:04:18] [3900/5631] nextgenmedprep.com
[01:04:19]   OK Nextgenmedprep | em:contact@nextgenmedprep.com | 4.8* | 50 reviews
[01:04:19]   [Progress saved: 3900 total leads]
[01:04:24] [3901/5631] data-science-infinity.com
[01:04:24]   OK Data Science Infinity | 4.8* | 49 reviews
[01:04:28] [3902/5631] steppingstonemaths.co.uk
[01:04:28]   OK Stepping Stone Maths | ph:07739107071 | em:steppingstonemaths@gmail.com | 4.8* | 37 reviews
[01:04:33] [3903/5631] amberstudent.com
[01:04:33]   OK AmberStudent | ph:+44 7400314942 | em:contact@amberstudent.com | 4.7* | 9263 reviews
[01:04:38] [3904/5631] purplecv.co.uk
[01:04:38]   OK PurpleCV | ph:0203 504 3111 | em:info@purplecv.co.uk | 4.7* | 5517 reviews | Kingston
[01:04:43] [3905/5631] www.accesstraininguk.co.uk
[01:04:43]   OK Access Training | ph:08003457492 | em:headoffice@accesstraininguk.co.uk | 4.7* | 4365 reviews
[01:04:48] [3906/5631] www.roostermoney.com
[01:04:49]   OK NatWest Rooster Money | em:hello@roostermoney.com | 4.7* | 2936 reviews | Manchester
[01:04:52] [3907/5631] www.tradeskills4u.co.uk
[01:04:53]   OK Tradeskills4u | ph:01293 529777 | em:info@tradeskills4u.co.uk | 4.7* | 1871 reviews | Crawley
[01:04:57] [3908/5631] lead-academy.org
[01:04:58]   OK Lead Academy | ph:0300 124 5585 | em:info@lead-academy.org | 4.7* | 1654 reviews | Swindon
[01:05:01] [3909/5631] safemedicate.com
[01:05:02]   OK safeMedicate | ph:02921 282030 | em:info@safemedicate.com | 4.7* | 1570 reviews | Cardiff
[01:05:07] [3910/5631] thedigitalcollege.co.uk
[01:05:07]   OK The Digital College | 4.7* | 1307 reviews | London
[01:05:11] [3911/5631] actuateglobal.com
[01:05:11]   OK Actuate Global Limited | ph:01925 972 505 | em:clientsuccess@actuateglobal.com | 4.7* | 1022 reviews | Manchester
[01:05:16] [3912/5631] mrswordsmith.com
[01:05:17]   OK Mrs Wordsmith | em:info@mrswordsmith.com | 4.7* | 944 reviews | Newbury, Berkshire
[01:05:22] [3913/5631] studyactive.co.uk
[01:05:22]   OK Study Active | ph:0345 017 8733 | em:info@studyactive.co.uk | 4.7* | 796 reviews | Hitchin
[01:05:26] [3914/5631] beha.vet
[01:05:27]   OK Behavet | em:hello@beha.vet | 4.7* | 536 reviews
[01:05:31] [3915/5631] executivesupportmedia.com
[01:05:32]   OK Executive Support | ph:+44 02080640911 | em:info@executivesupportmedia.com | 4.7* | 394 reviews | Surrey
[01:05:35] [3916/5631] academyonlinelearning.com
[01:05:36]   OK Academy Online Learning | ph:0161 726 5970 | em:enquiries@academyonlinelearning.com | 4.7* | 369 reviews | Manchester
[01:05:39] [3917/5631] ukpdacademy.co.uk
[01:05:40]   OK UK Professional Development Academy | ph:+44 02084329445 | em:info@ukpdacademy.co.uk | 4.7* | 331 reviews | London
[01:05:43] [3918/5631] marcorobinson.com
[01:05:44]   OK Marco Robinson | ph:07538031949 | em:marco@marcorobinson.com | 4.7* | 261 reviews | Buxton
[01:05:47] [3919/5631] recyclingbins.co.uk
[01:05:48]   OK Recycling Bins | ph:01684 292727 | em:sales@recyclingbins.co.uk | 4.7* | 199 reviews | Tewkesbury
[01:05:53] [3920/5631] musicteachers.co.uk
[01:05:54]   OK MusicTeachers.co.uk | ph:01134830264 | em:info@musicteachers.co.uk | 4.7* | 133 reviews | Leeds
[01:05:54]   [Progress saved: 3920 total leads]
[01:05:57] [3921/5631] artcoursework.com
[01:05:58]   OK https://artcoursework.com | 4.7* | 128 reviews
[01:06:02] [3922/5631] mollearn.com
[01:06:03]   OK MOL Learn | ph:0333 331 5271 | em:enquiries@mollearn.com | 4.7* | 115 reviews | Manchester
[01:06:08] [3923/5631] dometrain.com
[01:06:09]   OK Dometrain | em:support@dometrain.com | 4.7* | 109 reviews
[01:06:12] [3924/5631] thequranhub.co.uk
[01:06:12]   OK The Quran Hub | ph:0330 043 2880 | em:info@thequranhub.co.uk | 4.7* | 102 reviews | London
[01:06:15] [3925/5631] thebeautytrainingschool.com
[01:06:16]   OK The Beauty Training School | ph:07853158256 | em:contact@thebeautytrainingschool.com | 4.7* | 101 reviews | Reading
[01:06:19] [3926/5631] outdoorlearningresources.co.uk
[01:06:20]   OK Outdoor Learning Resources | ph:07974828605 | em:info@outdoorlearningresources.co.uk | 4.7* | 88 reviews | Ross on Wye, Herefordshire
[01:06:24] [3927/5631] lymph.org.uk
[01:06:25]   OK Lymphoedema Training Academy | ph:03300101317 | em:training@lymph.org.uk | 4.7* | 82 reviews | Stafford
[01:06:28] [3928/5631] nextgenmedics.co.uk
[01:06:29]   OK Nextgenmedics | ph:+44 7833372085 | em:nextgenmedics4@gmail.com | 4.7* | 80 reviews | Sheffield 
[01:06:32] [3929/5631] avua.com
[01:06:32]   OK avua | em:info@avua.com
[01:06:37] [3930/5631] thedetailist.co.uk
[01:06:37]   OK The Detailist LTD | 4.7* | 53 reviews
[01:06:41] [3931/5631] totaltherapytraining.org
[01:06:41]   OK Totaltherapytraining | ph:07865 236006 | em:office@total-therapy.org | 4.7* | 38 reviews | Macclesfield
[01:06:45] [3932/5631] www.revisemsra.com
[01:06:46]   OK Revise MSRA | 4.7* | 36 reviews
[01:06:49] [3933/5631] pinnaclelearningandeducation.com
[01:06:49]   OK Pinnacle Learning and Education | ph:0131 536 6234 | em:enquiries@pinnaclelearningandeducation.com | 4.7* | 32 reviews | Edinburgh
[01:06:53] [3934/5631] heavenstouchtherapy.co.uk
[01:06:54]   OK Heaven's Touch Therapy | em:info@heavenstouchtherapy.co.uk | 4.7* | 30 reviews
[01:06:58] [3935/5631] premier-education.com
[01:06:58]   OK Premier Education | ph:01953499040 | em:info@premier-education.com | 4.6* | 25120 reviews | Norwich
[01:07:02] [3936/5631] www.openstudycollege.com
[01:07:03]   OK Open Study College | ph:03300563100 | em:info@openstudycollege.com | 4.6* | 7709 reviews | Birmingham
[01:07:07] [3937/5631] www.learningpeople.com
[01:07:07]   OK Learning People | 4.6* | 4539 reviews | Brighton & Hove
[01:07:12] [3938/5631] mytutor.co.uk
[01:07:12]   OK MyTutor | ph:02037736020 | em:support@mytutor.co.uk | 4.6* | 3905 reviews | London
[01:07:17] [3939/5631] pmi.org
[01:07:17]   OK Project Management Institute | 4.6* | 2761 reviews | Newtown Square
[01:07:21] [3940/5631] explorelearning.co.uk
[01:07:22]   OK Explore Learning | ph:01483 447410 | em:enquiries@explorelearning.co.uk | 4.6* | 2353 reviews | Whiteley
[01:07:22]   [Progress saved: 3940 total leads]
[01:07:26] [3941/5631] www.savemyexams.co.uk
[01:07:26]   OK Save My Exams | em:team@savemyexams.co.uk | 4.6* | 1824 reviews | London
[01:07:29] [3942/5631] www.futurelearn.com
[01:07:30]   OK FutureLearn | 4.6* | 1506 reviews | London
[01:07:34] [3943/5631] prodigyfinance.com
[01:07:35]   OK Prodigy Finance | ph:+44 2039003535 | em:info@prodigyfinance.com | 4.6* | 1319 reviews | London
[01:07:40] [3944/5631] springboardsupplies.co.uk
[01:07:40]   OK Springboard Supplies | ph:0330 128 1314 | em:support@springboardsupplies.co.uk | 4.6* | 1172 reviews | Oldham
[01:07:44] [3945/5631] www.learnzonemedia.co.uk
[01:07:44]   OK LearnZone Media | ph:01603 512249 | em:contactus@learnzonemedia.com | 4.6* | 976 reviews | Norwich
[01:07:47] [3946/5631] ihlondon.com
[01:07:49]   OK International House London | ph:+44 2076112400 | em:sales@ihlondon.com | 4.6* | 773 reviews | LONDON
[01:07:53] [3947/5631] www.distancelearningcentre.com
[01:07:53]   OK DistanceLearningCentre.com Ltd. | ph:0333 224 9451 | em:studentservices@distancelearningcentre.com | 4.6* | 760 reviews | Todmorden
[01:07:57] [3948/5631] wetradewaves.com
[01:07:58]   OK We Trade Waves | em:info@wetradewaves.com | 4.6* | 696 reviews | London
[01:08:02] [3949/5631] www.ukcoaching.org
[01:08:03]   OK UK Coaching | ph:0113 274 4802 | em:communication@ukcoaching.org | 4.6* | 616 reviews | Leeds
[01:08:08] [3950/5631] marisapeer.com
[01:08:09]   OK Marisa Peer & RTT®️ Training School | em:support@marisapeer.com | 4.6* | 613 reviews | Preston, 
[01:08:14] [3951/5631] www.napit.org.uk
[01:08:14]   OK NAPIT | ph:0345 543 0330 | em:info@napit.org.uk | 4.6* | 528 reviews
[01:08:18] [3952/5631] 11pluseuphoria.aspireedu.co.uk
[01:08:19]   OK 11pluseuphoria | ph:07404576344 | em:11pluseuphoria@gmail.com | 4.6* | 426 reviews | London
[01:08:24] [3953/5631] sulets.com
[01:08:24]   OK Sulets | Student Accommodation Leicester & Loughborough | ph:0116 467 0315 | em:enquiries@sulets.com | 4.6* | 420 reviews | Leicester
[01:08:28] [3954/5631] eliteforextrades.com
[01:08:28]   OK Elite Forex Trades | em:support@eliteforextrades.com | 4.6* | 262 reviews | London
[01:08:32] [3955/5631] fe.training
[01:08:33]   OK Financial Edge Training | ph:020 3355 5042 | em:info@fe.training | 4.6* | 196 reviews | London
[01:08:37] [3956/5631] link4tutor.com
[01:08:38]   OK Link 4 Tutor | 4.6* | 172 reviews
[01:08:41] [3957/5631] www.litterbins.co.uk
[01:08:42]   OK Litter Bins | ph:01684 252212 | em:sales@litterbins.co.uk | 4.6* | 114 reviews | Tewkesbury
[01:08:46] [3958/5631] imetatraining.co.uk
[01:08:46]   OK iMeta Training | ph:0121 714 4129 | em:info@imetatraining.co.uk | 4.6* | 78 reviews | Birmingham
[01:08:51] [3959/5631] geofossils.com
[01:08:52]   OK GeoFossils® | ph:02080502832 | em:bev@geofossils.com | 4.6* | 70 reviews | Twickenham
[01:08:56] [3960/5631] the-arc-centre.co.uk
[01:08:57]   OK The ARC Centre | ph:02084050252 | em:info@the-arc-centre.co.uk | 4.6* | 46 reviews | South Croydon
[01:08:57]   [Progress saved: 3960 total leads]
[01:09:01] [3961/5631] www.nationalsafetyacademy.co.uk
[01:09:02]   OK National Safety Academy | ph:0161 399 0702 | em:hello@nationalsafetyacademy.co.uk | 4.6* | 43 reviews
[01:09:06] [3962/5631] my-money-matters.co.uk
[01:09:06]   OK My Money Matters | ph:01252 959 779 | em:support@my-money-matters.co.uk | 4.6* | 31 reviews | London
[01:09:11] [3963/5631] schoolofsimulation.com
[01:09:11]   OK School of Simulation | 4.6* | 26 reviews
[01:09:14] [3964/5631] thecontractorsacademy.com
[01:09:14]   OK The Contractor's Academy | em:hello@thecontractorsacademy.com | 4.6* | 26 reviews | London
[01:09:18] [3965/5631] www.languagecert.org
[01:09:19]   OK LANGUAGECERT | ph:+44 2035647044 | em:customerservice@peoplecert.org | 4.5* | 4775 reviews | London
[01:09:22] [3966/5631] tutorful.co.uk
[01:09:23]   OK Tutorful | ph:01143830989 | em:support@tutorful.co.uk | 4.5* | 4320 reviews | Sheffield
[01:09:28] [3967/5631] firebrand.training
[01:09:28]   OK Firebrand Training | ph:020 7907 1120 | em:open@firebrandtraining.com | 4.5* | 2483 reviews | London
[01:09:32] [3968/5631] crbdirect.org.uk
[01:09:32]   OK CRB Direct | em:support@crbdirect.org.uk | 4.5* | 2328 reviews | London
[01:09:36] [3969/5631] atomlearning.co.uk
[01:09:37]   OK Atom Learning | em:support@atomlearning.co.uk | 4.5* | 1237 reviews | London
[01:09:41] [3970/5631] www.social-care.tv
[01:09:42]   OK Social Care TV | ph:01953 853070 | em:info@socialcare.tv | 4.5* | 1020 reviews | Hingham
[01:09:45] [3971/5631] nightzookeeper.com
[01:09:45]   OK Night Zookeeper | em:support@nightzookeeper.com | 4.5* | 955 reviews | London
[01:09:49] [3972/5631] www.cloudlearn.co.uk
[01:09:49]   OK CloudLearn | ph:0330 111 4006 | em:info@cloudlearn.co.uk | 4.5* | 448 reviews | Glasgow
[01:09:54] [3973/5631] coachfoundation.com
[01:09:55]   OK Coach Foundation - Sai C N G Blackbyrn | em:services@coachfoundation.com | 4.5* | 446 reviews
[01:10:00] [3974/5631] nextgenlearning.org.uk
[01:10:00]   OK Nextgenlearning | ph:020 8124 8053 | em:info@nextgenlearning.org.uk | 4.5* | 361 reviews | London
[01:10:04] [3975/5631] course2career.com
[01:10:05]   OK Course2career | ph:0800 294 6300 | em:enquiries@course2career.com | 4.5* | 298 reviews | Maidstone
[01:10:10] [3976/5631] fitpro.com
[01:10:10]   OK FitPro - Fitness Professional CPD Education | ph:+44 02085860101 | em:info@fitpro.com | 4.5* | 294 reviews | London
[01:10:14] [3977/5631] ecerttraining.co.uk
[01:10:15]   OK ecert Training | ph:020 3817 0891 | em:info@ecerttraining.co.uk | 4.5* | 264 reviews | Bromley
[01:10:19] [3978/5631] wheeliebins.co.uk
[01:10:20]   OK Wheelie Bins | ph:01684 292727 | em:sales@wheeliebins.co.uk | 4.5* | 244 reviews | Tewkesbury
[01:10:24] [3979/5631] unicourse.org
[01:10:25]   OK UniCourse | ph:0151 236 1982 | em:enquiries@unicourse.org | 4.5* | 63 reviews | Liverpool
[01:10:29] [3980/5631] future-doc.com
[01:10:29]   OK Future Doc | em:admin@future-doc.com | 4.5* | 35 reviews | London 
[01:10:29]   [Progress saved: 3980 total leads]
[01:10:33] [3981/5631] www.bestpracticenet.co.uk
[01:10:33]   OK Best Practice Network | ph:01179209200 | em:enquiries@bestpracticenet.co.uk | 4.5* | 34 reviews | BRISTOL
[01:10:37] [3982/5631] reacttrainingco.com
[01:10:37]   OK React Training | 4.5* | 34 reviews
[01:10:40] [3983/5631] quanttekel.com
[01:10:41]   OK QT Funded | em:support@qtfunded.com | 4.4* | 12345 reviews | London
[01:10:46] [3984/5631] www.learningcurvegroup.co.uk
[01:10:46]   OK Learning Curve Group | ph:01388 777 129 | em:training@learningcurvegroup.co.uk | 4.4* | 10601 reviews | County Durham
[01:10:50] [3985/5631] trutex.com
[01:10:51]   OK Trutex | ph:01200 421206 | em:td@trutex.com | 4.4* | 4249 reviews | Clitheroe
[01:10:55] [3986/5631] www.i-to-i.com
[01:10:56]   OK i-to-i TEFL | ph:+44 01132054610 | em:tefl@i-to-i.com | 4.4* | 3380 reviews | Leeds
[01:11:00] [3987/5631] fundedtradingplus.com
[01:11:01]   OK Funded Trading Plus | ph:0333 090 9800 | em:info@fundedtradingplus.com | 4.4* | 2626 reviews | London
[01:11:05] [3988/5631] www.chrysaliscourses.ac.uk
[01:11:05]   OK Chrysalis courses | ph:01278 420572 | em:info@chrysaliscourses.ac.uk | 4.4* | 1191 reviews | Bridgwater
[01:11:10] [3989/5631] davidluke.com
[01:11:11]   OK David Luke School Uniform | ph:01612727474 | em:customercare@davidluke.com | 4.4* | 504 reviews | Stockport
[01:11:14] [3990/5631] niceic.com
[01:11:15]   OK NICEIC | ph:03330156625 | em:customer.services@niceic.com | 4.4* | 481 reviews | Dunstable 
[01:11:18] [3991/5631] www.thedyslexiashop.co.uk
[01:11:19]   OK The Dyslexia Shop | ph:01394 6718181 | em:sales@thedyslexiashop.co.uk | 4.4* | 357 reviews | Ipswich
[01:11:23] [3992/5631] www.sbusinesslondon.ac.uk
[01:11:23]   OK School of Business & Technology London | ph:+44 2045190540 | em:admission@sbusinesslondon.ac.uk | 4.4* | 310 reviews | City of London
[01:11:27] [3993/5631] educate2trade.com
[01:11:28]   OK Educate2Trade | ph:020 8106 4336 | em:info@educate2trade.com | 4.4* | 270 reviews | Bromley
[01:11:32] [3994/5631] onefunded.com
[01:11:33]   OK OneFunded | em:support@onefunded.com | 4.4* | 182 reviews | London
[01:11:37] [3995/5631] educationaltoys.co.uk
[01:11:38]   OK Educational Toys | ph:+44 2033181046 | em:care@educationaltoys.co.uk | 4.4* | 171 reviews | London
[01:11:41] [3996/5631] staysharp.global
[01:11:42]   OK StaySharp | em:marketing@staysharp.global | 4.4* | 165 reviews | London
[01:11:45] [3997/5631] schoolstickers.com
[01:11:46]   OK School Stickers | ph:0800 988 0550 | em:order@schoolstickers.co.uk | 4.4* | 149 reviews
[01:11:51] [3998/5631] balticapprenticeships.com
[01:11:52]   OK Baltic Apprenticeships | ph:01325 731 050 | em:yourfuture@balticapprenticeships.com | 4.4* | 142 reviews | Darlington
[01:11:56] [3999/5631] www.collegalpractice.com
[01:11:57]   OK The College of Legal Practice | ph:0203 884 4112 | em:info@collegalpractice.com | 4.4* | 94 reviews | Leeds
[01:12:00] [4000/5631] whiteroad.io
[01:12:01]   OK Whiteroad | ph:+44 7458038037 | em:office@whiteroad.io | 4.4* | 44 reviews
[01:12:01]   [Progress saved: 4000 total leads]
[01:12:06] [4001/5631] www.busuu.com
[01:12:06]   OK Busuu | em:team@busuu.com | 4.3* | 18557 reviews | London
[01:12:09] [4002/5631] www.reed.co.uk
[01:12:10]   OK Reed (.co.uk) | 4.3* | 6129 reviews
[01:12:15] [4003/5631] forexero.com
[01:12:15]   OK Forexero | 4.3* | 807 reviews | London
[01:12:19] [4004/5631] kumon.co.uk
[01:12:20]   OK Kumon UK | ph:020 8447 9010 | em:communications@kumon.co.uk | 4.3* | 368 reviews | London
[01:12:24] [4005/5631] londonsba.org.uk
[01:12:25]   OK London School of Business Administration | ph:+44 3333034853 | em:support@londonsba.org.uk | 4.3* | 199 reviews | London
[01:12:29] [4006/5631] www.cvcentre.co.uk
[01:12:30]   OK The CV Centre UK | ph:020 4538 7575 | em:customerservices@cvcentre.co.uk | 4.2* | 2090 reviews | London
[01:12:34] [4007/5631] www.pertemps.co.uk
[01:12:35]   OK Pertemps  | 4.2* | 895 reviews | Coventry 
[01:12:40] [4008/5631] isaacstreasures.com
[01:12:41]   OK isaacstreasures.com | em:info@isaacstreasures.com | 4.2* | 282 reviews | Leicester
[01:12:45] [4009/5631] medlyai.com
[01:12:46]   OK Medly | em:contact@medlyai.com | 4.2* | 239 reviews | London
[01:12:49] [4010/5631] www.costcuttersuk.com
[01:12:50]   OK Cost Cutters UK | ph:03333443370 | em:Customerservices@costcuttersuk.com | 4.2* | 151 reviews | Burntwood
[01:12:53] [4011/5631] uptrail.co.uk
[01:12:54]   OK Uptrail | ph:+44 7350293596 | em:contact@uptrail.co.uk | 4.2* | 69 reviews | London
[01:12:59] [4012/5631] teachmeanatomy.info
[01:12:59]   OK TeachMeAnatomy | em:support@teachmeseries.com | 4.2* | 36 reviews
[01:13:04] [4013/5631] www.oneeducation.org.uk
[01:13:05]   OK One Education | ph:020 3890 6420 | em:info@oneeducation.org.uk | 4.1* | 1825 reviews | London
[01:13:09] [4014/5631] www.open.ac.uk
[01:13:09]   OK The Open University | 4.1* | 1097 reviews | Walton Hall
[01:13:13] [4015/5631] www.bpp.com
[01:13:13]   OK BPP | ph:0330 060 3100 | 4.1* | 1056 reviews | London
[01:13:17] [4016/5631] ckcapital.co.uk
[01:13:17]   OK CK Capital  | em:service@ckcapital.co.uk | Harpenden
[01:13:21] [4017/5631] www.fundedchallengepass.com
[01:13:21]   OK Funded Challenge Pass | ph:+44 2046348759 | em:support@fundedchallengepass.com | London
[01:13:26] [4018/5631] housr.com
[01:13:27]   OK Housr | ph:0330 818 8674 | em:Support@housr.com | 4.1* | 142 reviews | Manchester
[01:13:31] [4019/5631] uniacco.com
[01:13:32]   OK UniAcco | ph:+44 8085015198 | em:contact@uniacco.com | London
[01:13:35] [4020/5631] www.tts-group.co.uk
[01:13:36]   OK TTS Group | ph:0800 138 1370 | em:sales@tts-group.co.uk | 4* | 917 reviews | Hucknall
[01:13:36]   [Progress saved: 4020 total leads]
[01:13:39] [4021/5631] www.johnacademy.co.uk
[01:13:40]   OK John Academy | ph:020 3744 3990 | em:info@johnacademy.co.uk | 4* | 281 reviews | London
[01:13:44] [4022/5631] forexive.com
[01:13:44]   OK FOREXIVE | em:support@forexive.com | London
[01:13:47] [4023/5631] fourthrev.com
[01:13:48]   OK FourthRev | em:info@fourthrev.com | 4* | 59 reviews | London
[01:13:52] [4024/5631] happiereverychapter.com
[01:13:53]   OK Happier Every Chapter | ph:07949820944 | em:hello@happiereverychapter.com | 4* | 46 reviews | Northampton
[01:13:56] [4025/5631] gohenry.com/uk
[01:13:57]   OK GoHenry | ph:0330 100 7676 | em:help@gohenry.co.uk | 3.9* | 11502 reviews | Hampshire
[01:14:01] [4026/5631] gvi.co.uk
[01:14:03]   OK GVI | ph:01727 250 250 | em:info@gviworld.com | 3.9* | 1020 reviews | Exeter
[01:14:06] [4027/5631] topcv.com
[01:14:07]   OK TopCV | ph:+44 8000291758 | em:support@topcv.co.uk | 3.8* | 9306 reviews | Harpenden 
[01:14:11] [4028/5631] oplexcareers.com
[01:14:12]   OK Oplex Careers | em:info@oplexcareers.com | 3.8* | 704 reviews | London
[01:14:17] [4029/5631] dogtrainingcollege.co.uk
[01:14:18]   OK Dog Training College | ph:08004714742 | em:info@dogtrainingcollege.co.uk | 3.7* | 2095 reviews | Norwich
[01:14:21] [4030/5631] www.edplace.com
[01:14:22]   OK EdPlace | em:help@edplace.com | 3.7* | 845 reviews | London
[01:14:25] [4031/5631] learningwithexperts.com
[01:14:26]   OK Learning with Experts | em:support@learningwithexperts.com | 3.7* | 509 reviews | Oxford
[01:14:29] [4032/5631] cifa.ac
[01:14:30]   OK Certified Institute for Further Accreditation | 3.7* | 75 reviews
[01:14:34] [4033/5631] kaplan.co.uk
[01:14:35]   OK Kaplan UK | ph:0161 259 7400 | em:studentservices@kaplan.co.uk | 3.6* | 3080 reviews
[01:14:38] [4034/5631] edurino.co.uk
[01:14:39]   OK EDURINO | em:support_uk@edurino.com | 3.6* | 278 reviews | Birmingham
[01:14:43] [4035/5631] krisstuition.co.uk
[01:14:43]   OK KrissTuition | 3.6* | 83 reviews
[01:14:48] [4036/5631] easy4u.school
[01:14:49]   OK Easy4u UK | ph:0330 80 80119 | em:info@easy4u.school | 3.5* | 227 reviews | Horsham
[01:14:52] [4037/5631] instantpropfund.com
[01:14:52]   OK Instant Prop Fund | em:support@instantpropfund.com | 3.5* | 27 reviews
[01:14:57] [4038/5631] henryharvin.com
[01:14:58]   OK henryharvin.com | ph:+918287514700
[01:15:02] [4039/5631] oxbridgehomelearning.uk
[01:15:02]   OK Oxbridge  | ph:0121 630 3000 | em:info@oxbridgehomelearning.uk | 3.1* | 2966 reviews | Birmingham
[01:15:07] [4040/5631] sureshotfx.com
[01:15:08]   OK SureShotFX | em:support@sureshotfx.com | 2.9* | 297 reviews
[01:15:08]   [Progress saved: 4040 total leads]
[01:15:11] [4041/5631] brainlify.ai
[01:15:12]   OK Brainlify | 2.9* | 143 reviews
[01:15:16] [4042/5631] www.unitestudents.com
[01:15:17]   OK Unite Students | ph:0300 303 8642 | em:customerservices@unitestudents.com | 2.7* | 1317 reviews | Bristol
[01:15:20] [4043/5631] fxci.com
[01:15:21]   OK FXCI | ph:+44 7753810245 | em:support@fxci.com | Liverpool
[01:15:25] [4044/5631] fundedfolk.com
[01:15:25]   OK Funded Folk | em:support@fundedfolk.com | LONDON
[01:15:28] [4045/5631] www.goldcross-training.co.uk
[01:15:29]   OK Goldcross Training | ph:0800 690 6 120 | em:admin@goldcross-training.com | 5* | 6749 reviews | Hemel Hempstead
[01:15:34] [4046/5631] firstaid.org.uk
[01:15:34]   OK St Andrew's First Aid | ph:0300 4 666 999 | em:sales@firstaid.org.uk | 5* | 5582 reviews | Glasgow
[01:15:37] [4047/5631] eptraining.co.uk
[01:15:38]   OK EP Training Services Limited | ph:01372 450800 | em:Info@eptraining.co.uk | 5* | 3508 reviews | Great Bookham
[01:15:41] [4048/5631] www.nucotraining.com
[01:15:42]   OK Nuco Training | ph:03456 444 999 | em:enquiries@nucotraining.com | 5* | 3410 reviews | Saint Austell
[01:15:46] [4049/5631] www.futureinbeauty.com
[01:15:47]   OK Nail Technician Courses by Future in Beauty | ph:01362423019 | em:help@futureinbeauty.com | 5* | 1834 reviews
[01:15:51] [4050/5631] skillstg.co.uk
[01:15:52]   OK Skills Training Group | ph:01418894516 | em:info@skillstg.co.uk | 5* | 1665 reviews | Paisley
[01:15:56] [4051/5631] gtg.co.uk
[01:15:56]   OK GTG Training | ph:0141 950 5600 | em:info@gtg.co.uk | 5* | 1170 reviews | Glasgow
[01:16:01] [4052/5631] rhythmtime.net
[01:16:02]   OK Rhythm Time | ph:0121 711 4224 | em:marketing@rhythmtime.org  | 5* | 846 reviews | Solihull
[01:16:07] [4053/5631] myucat.co.uk
[01:16:08]   OK MyUCAT | em:ojasrajkumar@myucat.co.uk | 5* | 657 reviews | London
[01:16:11] [4054/5631] www.penguinrecruitment.co.uk
[01:16:12]   OK Penguin Recruitment | 5* | 605 reviews | Birmingham
[01:16:15] [4055/5631] sukhiwahiwala.com
[01:16:16]   OK Sukhi Wahiwala | ph:+44 07976200193 | em:Sukhi@bbr.club  | 5* | 596 reviews | Peterborough 
[01:16:20] [4056/5631] avantgardetraining.co.uk
[01:16:21]   OK AVANTGARDE TRAINING LTD | ph:0844 351 0816 | em:Info@avantgardetraining.co.uk  | 5* | 585 reviews | Harrow
[01:16:25] [4057/5631] pro-techacademy.co.uk
[01:16:26]   OK Pro-Tech MOT & Automotive Academy | ph:01283 734427 | em:amy@pro-techacademy.co.uk | 5* | 564 reviews | Fauld
[01:16:30] [4058/5631] www.theukcatpeople.co.uk
[01:16:30]   OK TheUKCATPeople | ph:020 3488 5468 | em:info@theukcatpeople.co.uk | 5* | 485 reviews | Harrow
[01:16:35] [4059/5631] agilesecuritytraining.co.uk
[01:16:36]   OK Agile Security Training | ph:+44 7988489741 | em:Training@agileguarding.co.uk | 5* | 420 reviews | Bolton
[01:16:40] [4060/5631] learnwithjomcy.com
[01:16:40]   OK Learn with Jomcy | ph:07425791087 | em:info@learnwithjomcy.com | 5* | 402 reviews
[01:16:40]   [Progress saved: 4060 total leads]
[01:16:44] [4061/5631] grammarsaurus.co.uk
[01:16:44]   OK grammarsaurus.co.uk | ph:01675 466935 | em:support@grammarsaurus.co.uk | 5* | 379 reviews | Birmingham
[01:16:48] [4062/5631] cbwa.co.uk
[01:16:49]   OK Central Building and Welding Academy | ph:02476363663 | em:info@cbwa.co.uk | 5* | 375 reviews | Coventry
[01:16:52] [4063/5631] www.fables.world
[01:16:53]   OK Fables World | ph:00447932717290 | em:info@fables.world | 5* | 362 reviews | London
[01:16:57] [4064/5631] stevedoran.co.uk
[01:16:58]   OK Steve Doran Property Training | em:support@stevedoran.co.uk | 5* | 359 reviews | London
[01:17:02] [4065/5631] elementsafety.com
[01:17:03]   OK Element Safety | ph:01143421421 | em:Info@elementsafety.com | 5* | 330 reviews | Sheffield
[01:17:08] [4066/5631] t2fitness.co.uk
[01:17:08]   OK T2 Fitness Education | ph:07816240137 | em:info@t2fitness.co.uk | 5* | 304 reviews | Swindon
[01:17:12] [4067/5631] brooksandkirk.co.uk
[01:17:12]   OK Brooks and Kirk | ph:01205 805 155 | em:training@brooksandkirk.co.uk | 5* | 303 reviews | Boston
[01:17:17] [4068/5631] academy.luxbeauty.net
[01:17:17]   OK LBTA (LUX Beauty Training Academy) | ph:01543229488 | em:hello@luxbeauty.net | 5* | 293 reviews | Cannock
[01:17:21] [4069/5631] ignitotuition.co.uk
[01:17:21]   OK Ignito Tuition | ph:01553 824427 | em:josephwells@ignitotuition.co.uk | 5* | 277 reviews | King's Lynn
[01:17:25] [4070/5631] thecvwritingservice.co.uk
[01:17:25]   OK The CV Writing Service | ph:07516254707 | em:info@thecvwritingservice.co.uk | 5* | 243 reviews | Huddersfield
[01:17:30] [4071/5631] www.centreofexcellence.com
[01:17:30]   OK Centre of Excellence | ph:0161 907 0948 | em:enquiries@centreofexcellence.com | 4.9* | 7024 reviews | Manchester
[01:17:35] [4072/5631] successinsider.com
[01:17:36]   OK Success Insider ~ Tim Han | em:support@successinsider.com | 4.9* | 4578 reviews
[01:17:41] [4073/5631] thefitnessgrp.co.uk
[01:17:41]   OK THE FITNESS GROUP | ph:03301758209 | em:info@thefitnessgrp.co.uk | 4.9* | 3370 reviews
[01:17:46] [4074/5631] knightlearning.co.uk
[01:17:46]   OK Knight Learning | ph:020-7993-5030 | em:training@knightlearning.co.uk | 4.9* | 2927 reviews | London
[01:17:51] [4075/5631] www.investment-mastery.com
[01:17:52]   OK Investment Mastery | ph:+44 02036999951 | em:admin@investment-mastery.com | 4.9* | 2698 reviews | Elstree & Borehamwood 
[01:17:57] [4076/5631] thehubevents.com
[01:17:57]   OK The Hub Events Ltd | ph:0161 484 5002 | em:info@thehubevents.com | 4.9* | 2568 reviews | Stockport
[01:18:02] [4077/5631] exampapersplus.co.uk
[01:18:03]   OK Exam Papers Plus | em:info@exampapersplus.co.uk | 4.9* | 1549 reviews
[01:18:06] [4078/5631] russbridgeacademy.co.uk
[01:18:07]   OK Russbridge Academy | ph:02081031238 | em:info@russbridgeacademy.co.uk | 4.9* | 1078 reviews | London
[01:18:11] [4079/5631] www.jamieyork.com
[01:18:12]   OK www.jamieyork.com | 4.9* | 973 reviews | Leeds
[01:18:16] [4080/5631] meducators.co.uk
[01:18:17]   OK Meducators UK | em:info@meducators.co.uk | 4.9* | 862 reviews
[01:18:17]   [Progress saved: 4080 total leads]
[01:18:22] [4081/5631] cosac.co.uk
[01:18:22]   OK COSAC - The Compliance & Skills Academy Ltd | ph:0800 456 1270 | em:support@cosac.co.uk | 4.9* | 839 reviews | Cheshire
[01:18:26] [4082/5631] training-link.co.uk
[01:18:27]   OK Training Link | em:studentservices@training-link.co.uk | 4.9* | 827 reviews | Tamworth
[01:18:30] [4083/5631] www.agilechangemanagement.co.uk
[01:18:31]   OK Melanie Franklin | ph:07960 995269 | em:william@agilechangemanagement.co.uk | 4.9* | 796 reviews | London
[01:18:35] [4084/5631] louellabelle.co.uk
[01:18:36]   OK Louella Belle | ph:0333 000 2100 | em:info@louellabelle.co.uk | 4.9* | 766 reviews
[01:18:39] [4085/5631] careersexpert.com
[01:18:39]   OK CV People | em:support@careersexpert.com | 4.9* | 741 reviews
[01:18:42] [4086/5631] financialmarketsonline.com
[01:18:43]   OK Financial Markets Online | ph:+44 2039506768 | em:info@financialmarketsonline.com | 4.9* | 671 reviews | London 
[01:18:46] [4087/5631] www.woodthorpeitsolutions.co.uk
[01:18:47]   OK Woodthorpe IT Solutions | ph:0800 044 3779 | em:contactus@woodthorpeit.com | 4.9* | 661 reviews | Derby
[01:18:50] [4088/5631] mathmakesmart.com
[01:18:51]   OK Math Make Smart | ph:+44 01618182614 | em:info@mathmakesmart.com | 4.9* | 653 reviews | London
[01:18:54] [4089/5631] pcvw.co.uk
[01:18:55]   OK PCVW Ltd | ph:+44 01603327644 | em:claire@pcvw.co.uk | 4.9* | 629 reviews | Wymondham
[01:18:59] [4090/5631] www.oms.uk.com
[01:18:59]   OK OMS | ph:01530833533 | em:info@oms.uk.com | 4.9* | 538 reviews | Coalville
[01:19:04] [4091/5631] affluent.co
[01:19:04]   OK Affluent Academy | em:support@affluent.co | 4.9* | 534 reviews
[01:19:08] [4092/5631] graduatesfirst.com
[01:19:08]   OK Graduates First | ph:+44 08452690027 | em:enquiry@graduatesfirst.com | 4.9* | 532 reviews | Huddersfield
[01:19:12] [4093/5631] thebeautyacademy.org
[01:19:13]   OK The Beauty Academy | ph:0800 999 2277 | em:info@thebeautyacademy.org | 4.9* | 502 reviews | Cambridge
[01:19:16] [4094/5631] tempestresourcing.co.uk
[01:19:17]   OK Tempest Resourcing | ph:020 3651 3181 | em:tempestmarketing@tempestresourcing.co.uk | 4.9* | 491 reviews | London
[01:19:21] [4095/5631] thecvguru.co.uk
[01:19:22]   OK The CV Guru | em:admin@thecvguru.co.uk | 4.9* | 457 reviews | Glasgow
[01:19:25] [4096/5631] paulmcfaddenwealth.com
[01:19:26]   OK Paul McFadden Wealth Ltd | ph:0800 233 5596 | em:mail@teampmw.com | 4.9* | 436 reviews | Glasgow
[01:19:29] [4097/5631] littleboolearning.com
[01:19:30]   OK Little Boo Learning | em:hello@littleboolearning.com | 4.9* | 398 reviews
[01:19:33] [4098/5631] sensationaltutors.co.uk
[01:19:34]   OK sensationaltutors.co.uk | ph:07497 139794 | em:director@sensationaltutors.co.uk | 4.9* | 399 reviews
[01:19:38] [4099/5631] quranmasteronline.com
[01:19:38]   OK Quranmasteronline | ph:(818) 651-8319 | em:support@quranmasteronline.com | 4.9* | 388 reviews | London
[01:19:42] [4100/5631] itgenio.net
[01:19:42]   OK ITGENIO.net | ph:+44 7440961848 | em: itgenik@itgen.io | 4.9* | 382 reviews | Dundee
[01:19:42]   [Progress saved: 4100 total leads]
[01:19:47] [4101/5631] skillsmaxacademy.com
[01:19:47]   OK Skills Max Academy | ph:020 3815 5140 | em:media@skillsmaxacademy.com | 4.9* | 357 reviews | London
[01:19:52] [4102/5631] cvlizard.com
[01:19:53]   OK Cvlizard | 4.9* | 349 reviews
[01:19:57] [4103/5631] theschoolofphotography.com
[01:19:57]   OK The School of Photography | ph:0330 223 4834 | em:customercare@theschoolofphotography.com | 4.9* | 341 reviews | Essex
[01:20:01] [4104/5631] alcentres.co.uk
[01:20:02]   OK Accelerate Learning Centres | ph:0151 203 0115 | em:info@alcentres.co.uk | 4.9* | 339 reviews | Liverpool
[01:20:06] [4105/5631] dseducation.co.uk
[01:20:07]   OK DS EDUCATION | ph:0121 448 1661 | em:enquiries@dseducation.co.uk | 4.9* | 338 reviews | Birmingham
[01:20:12] [4106/5631] vaadtrainingacademy.co.uk
[01:20:12]   OK Vaad Training Academy | ph:03301331093 | em:info@vaadtrainingacademy.co.uk | 4.9* | 306 reviews | Bradford
[01:20:16] [4107/5631] talkytoaster.me.uk
[01:20:17]   OK Talkytoaster | ph:+44 01403908008 | em:martin@talkytoaster.me.uk | 4.9* | 291 reviews
[01:20:21] [4108/5631] actonthis.tv
[01:20:22]   OK Act On This - The TV Actors' Network | em:help@actonthis.tv | 4.9* | 288 reviews
[01:20:26] [4109/5631] tailoredtutors.co.uk
[01:20:27]   OK Tailored Tutors | ph:07723412266 | em:hello@tailoredtutors.co.uk | 4.9* | 269 reviews
[01:20:30] [4110/5631] teachrex.co.uk
[01:20:31]   OK Teach Rex  | ph:07585705967 | em:educate@teachrex.co.uk | 4.9* | 264 reviews | Wirral
[01:20:34] [4111/5631] partnershiptrainingltd.co.uk
[01:20:35]   OK partnershiptrainingltd.co.uk | 4.9* | 264 reviews
[01:20:40] [4112/5631] county-teachers.co.uk
[01:20:40]   OK County Teachers | ph:01438878777 | em:contactus@county-teachers.co.uk | 4.9* | 264 reviews | Stevenage
[01:20:44] [4113/5631] champs-academy.co.uk
[01:20:45]   OK champs-academy.co.uk | ph:01243 601236 | em:office@champs-academy.co.uk | 4.9* | 261 reviews
[01:20:49] [4114/5631] futurefullstack.com
[01:20:49]   OK Future Fullstack | 4.9* | 258 reviews
[01:20:53] [4115/5631] counsellingtutor.com
[01:20:53]   OK Counselling Tutor | em:support@counsellingtutor.com | 4.9* | 249 reviews | Middlesex
[01:20:57] [4116/5631] www.enroly.com
[01:20:58]   OK Enroly | em:contact@enroly.com | 4.9* | 248 reviews | London
[01:21:03] [4117/5631] thevillagemidwife.co.uk
[01:21:03]   OK The Village Midwife: Antenatal Courses led by a midwife | em:sophie@thevillagemidwife.co.uk | 4.9* | 248 reviews
[01:21:07] [4118/5631] gtrtraining.co.uk
[01:21:07]   OK GTR Training Service Ltd | ph:0116 283 0007 | em:mail@gtrtraining.co.uk | 4.9* | 246 reviews | Leicester
[01:21:11] [4119/5631] doctorsupdates.com
[01:21:11]   OK Doctors Updates | ph:+44 2087151924 | em:info@doctorsupdates.com | 4.9* | 242 reviews | LONDON
[01:21:15] [4120/5631] dstraining.co.uk
[01:21:15]   OK DS Training Services LTD | em:ds-training@outlook.com | 4.9* | 238 reviews | Walsall
[01:21:15]   [Progress saved: 4120 total leads]
[01:21:20] [4121/5631] eruditetrainingltd.co.uk
[01:21:21]   OK Erudite Electrical Training | ph:01614257996 | em:enquiries@eruditetraining.net | 4.9* | 236 reviews | Dukinfield
[01:21:24] [4122/5631] www.ace11plustuition.co.uk
[01:21:25]   OK ACE 11+ Tuition (Orpington) | ph:033 301 11901 | em:contact@ace11plustuition.co.uk | 4.9* | 236 reviews | London
[01:21:28] [4123/5631] www.institute-of-photography.com
[01:21:29]   OK Institute of Photography | ph:0345 548 1125 | em:admin@institute-of-photography.com | 4.9* | 231 reviews | London
[01:21:33] [4124/5631] mcst.co.uk
[01:21:33]   OK Manchester College of Skills & Training Limited | ph:01618262444 | em:info@mcst.co.uk | 4.9* | 230 reviews | Manchester
[01:21:38] [4125/5631] makeupbayy.co.uk
[01:21:38]   OK The Studio by MB | ph:07498070505 | em:info@makeupbayy.co.uk | 4.9* | 229 reviews | Cheshire
[01:21:41] [4126/5631] thetessgroup.com
[01:21:42]   OK The Tess Group | ph:01604 210500 | em:hello@thetessgroup.com | 4.9* | 229 reviews | Northampton
[01:21:45] [4127/5631] clarus-education.co.uk
[01:21:46]   OK Clarus Education | ph:0203 805 3430 | em:contact@clarus-education.co.uk | 4.9* | 225 reviews | London
[01:21:51] [4128/5631] ingeniusly.com
[01:21:51]   OK inGeniusly ltd | em:hello@ingeniusly.com | 4.9* | 222 reviews | LONDON
[01:21:54] [4129/5631] www.medconnecteurope.co.uk
[01:21:55]   OK MedConnect Europe | em:info@medconnecteurope.co.uk | 4.9* | 222 reviews
[01:21:59] [4130/5631] iphm.co.uk
[01:21:59]   OK IPHM - The International Practitioners of Holistic Medicine | ph:01706838332 | em:membership@iphm.co.uk | 4.9* | 223 reviews | Littleborough
[01:22:04] [4131/5631] mjelectricaltraining.co.uk
[01:22:04]   OK MJ Training Solutions (Electrical & H&S Training) | ph:01934 752500 | em:info@mjelectricaltraining.co.uk  | 4.9* | 222 reviews | Farnborough 
[01:22:08] [4132/5631] takingaction.online
[01:22:09]   OK Taking Action Online | 4.9* | 221 reviews
[01:22:13] [4133/5631] vtraining.co.uk
[01:22:14]   OK Vector Training | ph:07944785781 | em:develop@vtraining.co.uk | 4.9* | 221 reviews | Manchester
[01:22:19] [4134/5631] pi-infinity.co.uk
[01:22:19]   OK Pi-Infinity Academic Institutes | ph:07305 606694 | em:info@pi-infinity.co.uk | 4.9* | 221 reviews | Leeds
[01:22:22] [4135/5631] caledoniatutors.co.uk
[01:22:23]   OK Caledonia Tutors | ph:07456 626962 | em:aidan@caledoniatutors.co.uk | 4.9* | 220 reviews | Edinburgh
[01:22:26] [4136/5631] jncinc.co.uk
[01:22:27]   OK JNC Academic Books | em:sales@jncinc.co.uk | 4.9* | 217 reviews | WELWYN GARDEN CITY
[01:22:31] [4137/5631] bdld.org.uk
[01:22:32]   OK Big Dog Little Dog (BDLD) | em:info@bdld.org.uk | 4.9* | 216 reviews | London
[01:22:36] [4138/5631] firstaidneas.co.uk
[01:22:37]   OK North East Ambulance Service - First Aid Training | ph:0300 777 2717 | em:commercialtraining@neas.nhs.uk | 4.9* | 213 reviews | Gateshead
[01:22:42] [4139/5631] immersive-experiences.co.uk
[01:22:42]   OK Immersive Experiences | ph:0800 3118 360 | em:info@immersive-experiences.co.uk | 4.9* | 212 reviews | London
[01:22:47] [4140/5631] shropshiretutor.co.uk
[01:22:47]   OK Shropshire Tutor | ph:0800 689 0193 | em:info@shropshiretutor.co.uk | 4.9* | 211 reviews | Telford
[01:22:47]   [Progress saved: 4140 total leads]
[01:22:52] [4141/5631] www.safetysolutionstraining.co.uk
[01:22:53]   OK Safety Solutions Training Ltd. | ph:02920657753 | em:info@safetysolutionstraining.co.uk | 4.9* | 210 reviews | Cardiff
[01:22:57] [4142/5631] recoverycoachacademy.co.uk
[01:22:58]   OK Recovery Coach Academy | em:hello@recoverycoachacademy.co.uk | 4.9* | 209 reviews
[01:23:02] [4143/5631] learningspaceuk.co.uk
[01:23:02]   OK Learning SPACE | ph:02890319360 | em:info@learningspaceuk.co.uk | 4.9* | 207 reviews | Cookstown
[01:23:06] [4144/5631] educamus.co.uk
[01:23:07]   OK Educamus Tuition | em:info@educamus.co.uk | 4.9* | 206 reviews
[01:23:10] [4145/5631] weltweitsteuerfrei.com
[01:23:10]   OK weltweitLEBEN | em:info@weltweitleben.com | 4.9* | 206 reviews | LONDON 
[01:23:14] [4146/5631] cactraining.co.uk
[01:23:14]   OK Centre of Accountancy Careers & Training | ph:02081586775 | em:info@cactraining.co.uk | 4.9* | 206 reviews | London
[01:23:18] [4147/5631] digitalboost.org.uk
[01:23:19]   OK Digital Boost | em:contact@digitalboost.org.uk | 4.9* | 205 reviews | London 
[01:23:23] [4148/5631] easypplgroundschool.com
[01:23:24]   OK Easy PPL Ground School | ph:07809 116676 | em:support@easypplgroundschool.com | 4.9* | 205 reviews | Halstead
[01:23:28] [4149/5631] dropshipformula.co.uk
[01:23:28]   OK Drop Ship Formula | em:support@dropshipformula.co.uk | 4.9* | 205 reviews
[01:23:33] [4150/5631] cayp-psychology.com
[01:23:33]   OK CAYP Psychology | ph:0333 242 0824 | em:enquiries@cayp-psychology.com | 4.9* | 204 reviews | Manchester 
[01:23:37] [4151/5631] www.lifeskillshub.org
[01:23:37]   OK Life Skills Hub Limited | ph:07588333453 | em:enquiries@lifeskillshub.co.uk | 4.9* | 202 reviews | Hull
[01:23:42] [4152/5631] www.gardendesignacademy.co.uk
[01:23:43]   OK British Academy of Garden Design | ph:020 3389 5711 | em:info@gardendesignacademy.co.uk  | 4.9* | 201 reviews
[01:23:47] [4153/5631] iwanttobeadentist.com
[01:23:47]   OK I Want To Be A Dentist | em:hello@iwanttobeadentist.com | 4.9* | 200 reviews | London
[01:23:50] [4154/5631] www.cityinvestmenttraining.com
[01:23:51]   OK City Investment Training | ph:020 3580 4206 | em:info@cityinvestmenttraining.com | 4.9* | 198 reviews | London
[01:23:55] [4155/5631] total-tp.com
[01:23:56]   OK Total Training Provision  | ph:0800 038 5666 | em:info@total-tp.com | 4.9* | 195 reviews | Barnsley 
[01:23:59] [4156/5631] mtscourses.co.uk
[01:23:59]   OK Medical Training Solutions | ph:01603 486448 | em:info@mtscourses.co.uk | 4.9* | 193 reviews | Norwich
[01:24:04] [4157/5631] mmct.co.uk
[01:24:04]   OK Mike Manning Consultancy & Training Ltd | ph:01615119911 | em:hello@mmct.co.uk | 4.9* | 189 reviews | Bury
[01:24:09] [4158/5631] tradestraining.co.uk
[01:24:10]   OK Trades Training School | ph:0131 6611833 | em:info@tradestraining.co.uk | 4.9* | 189 reviews | Edinburgh
[01:24:13] [4159/5631] activeme360.com
[01:24:14]   OK ActiveMe 360 | ph:02382 511844 | em:Hello@activeme360.com | 4.9* | 187 reviews | Winchester Road, Fair Oak
[01:24:19] [4160/5631] drivingmarkets.com
[01:24:19]   OK DrivingMarkets | ph:+44 2045538859 | em:info@drivingmarkets.com | 4.9* | 182 reviews | London
[01:24:19]   [Progress saved: 4160 total leads]
[01:24:24] [4161/5631] trainingu.co.uk
[01:24:25]   OK TrainingU | ph:01582 620326 | em:nicola.bhamra@trainingu.co.uk | 4.9* | 181 reviews | Hemel Hempstead
[01:24:28] [4162/5631] touchtypingforkids.co.uk
[01:24:29]   OK Touchtypingforkids | ph:0208=346-3518 | em:touchtypingforkids@gmail.com | 4.9* | 180 reviews | LONDON
[01:24:32] [4163/5631] kadaksardar.com
[01:24:33]   OK Kadaksardar | ph:+44 7475421618 | em:Kadaksardar@gmail.com | 4.9* | 178 reviews | GREATER MANCHESTER
[01:24:36] [4164/5631] www.londonschoolofmassage.co.uk
[01:24:36]   OK London School of Massage | ph:02077003777 | em:info@londonschoolofmassage.co.uk | 4.9* | 177 reviews | London
[01:24:40] [4165/5631] lowe-maintenance.co.uk
[01:24:40]   OK Lowe Maintenance | ph:01729825132 | em:info@lowe-maintenance.co.uk | 4.9* | 176 reviews | SETTLE
[01:24:44] [4166/5631] www.flyalphatech.com
[01:24:44]   OK AlphaTech | ph:028 9163 1590 | em:hello@flyalphatech.com | 4.9* | 176 reviews | Newtownards
[01:24:48] [4167/5631] dronetraining.co.uk
[01:24:49]   OK Global Drone Training | ph:01603 327397 | em:office@dronetraining.co.uk | 4.9* | 175 reviews | Swansea
[01:24:53] [4168/5631] lewiscollege.co.uk
[01:24:54]   OK Lewis College | ph:0800 500 3096 | em:administration@lewiscollege.co.uk | 4.9* | 175 reviews | NEWTON ABBOT
[01:24:58] [4169/5631] reallife-group.com
[01:24:58]   OK Real Life Group | ph:+44 1332317274 | em:rl@reallife-group.com | 4.9* | 174 reviews | Derby
[01:25:01] [4170/5631] schoolprintworld.co.uk
[01:25:03]   OK School Print World | ph:0114 453 9288 | em:info@schoolprintworld.co.uk | 4.9* | 173 reviews | Sheffield
[01:25:06] [4171/5631] tfftutors.com
[01:25:07]   OK TFF Tutors | ph:07902395020 | 4.9* | 170 reviews
[01:25:11] [4172/5631] clapacademy.co.uk
[01:25:11]   OK CLAP ACADEMY | 4.9* | 169 reviews
[01:25:15] [4173/5631] munronutrition.com
[01:25:15]   OK Munro Method Nutrition | em:enquiries@munronutrition.com | 4.9* | 167 reviews
[01:25:20] [4174/5631] latitudetraining.co.uk
[01:25:20]   OK Latitudetraining | ph:07973978517 | em:info@latitudetraining.co.uk | 4.9* | 162 reviews | Bury St Edmunds
[01:25:25] [4175/5631] omnitraininggroup.co.uk
[01:25:25]   OK Omni Training Group | ph:075 076 00000 | em:info@omnitraininggroup.co.uk | 4.9* | 160 reviews | Billericay
[01:25:30] [4176/5631] www.alrushd.co.uk
[01:25:31]   OK Al Rushd Independent School | ph:02036330757 | em:Academy@alrushd.org.uk | 4.9* | 157 reviews | London
[01:25:35] [4177/5631] xenongroup.co.uk
[01:25:36]   OK The Xenon Group | ph:0330 912 5400 | em:enquiries@xenongroup.co.uk | 4.9* | 156 reviews | Leeds
[01:25:40] [4178/5631] smartkidstutoring.co.uk
[01:25:40]   OK SMART KIDS TUTORING | ph:07782168051 | em:info@smartkidstutoring.co.uk | 4.9* | 153 reviews | Oldham
[01:25:44] [4179/5631] ucademy.co.uk
[01:25:45]   OK Ucademy | ph:+44 2080504231 | em:usman@ucademy.co.uk | 4.9* | 153 reviews
[01:25:49] [4180/5631] winterburytraining.co.uk
[01:25:49]   OK Winterbury  Training | ph:07584732119 | em:info@winterburytraining.co.uk | 4.9* | 152 reviews | Salisbury
[01:25:49]   [Progress saved: 4180 total leads]
[01:25:54] [4181/5631] www.theexpgroup.com
[01:25:55]   OK The ExP Group | ph:+44 02038834516 | em:info@theexpgroup.com | 4.9* | 151 reviews | London
[01:25:59] [4182/5631] glptraining.co.uk
[01:26:00]   OK GLP Training | ph:01905670884 | em:info@glptraining.co.uk | 4.9* | 151 reviews | Worcester
[01:26:03] [4183/5631] londonmusiccentre.com
[01:26:03]   OK LMC | ph:0800 005 2323 | em:hello@lmcmusic.co.uk | 4.9* | 147 reviews | London
[01:26:07] [4184/5631] fabhq.co.uk
[01:26:07]   OK Fab HQ | ph:07707 912459 | em:Chanelle@fabhq.co.uk | 4.9* | 147 reviews | Manchester
[01:26:12] [4185/5631] welfarehs.co.uk
[01:26:12]   OK Welfare Academy | ph:+44 2039830282 | em:info@welfarehs.co.uk | 4.9* | 145 reviews | Luton
[01:26:17] [4186/5631] spyre.co
[01:26:17]   OK Spyre | ph:020 8050 0018 | em:admin@spyre.co | 4.9* | 143 reviews | London
[01:26:22] [4187/5631] eeinnovationsltd.com
[01:26:23]   OK Eagle Eye Innovations | ph:01522687681 | em:info@eeinnovationsltd.com | 4.9* | 141 reviews | Lincoln
[01:26:28] [4188/5631] vizacademy.uk
[01:26:28]   OK VizAcademy | ph:+44 2032891534 | em:info@vizacademy.co.uk | 4.9* | 138 reviews | London
[01:26:31] [4189/5631] simplytajweed.com
[01:26:32]   OK SimplyTajweed | em:admin@simplytajweed.com | 4.9* | 138 reviews
[01:26:35] [4190/5631] saintstraining.co.uk
[01:26:35]   OK TnT Training Ltd | em:info@TNTtraining.co.uk | 4.9* | 136 reviews | Wolverhampton
[01:26:40] [4191/5631] cornerbrooklifting.co.uk
[01:26:40]   OK Cornerbrook Lifting Consultants | ph:01706 216131 | em:info@cornerbrooktraining.co.uk | 4.9* | 134 reviews | Lancashire
[01:26:44] [4192/5631] studyattcs.com
[01:26:45]   OK studyattcs | ph:+44 7898464196 | em:info@studyattcs.com | 4.9* | 131 reviews | London
[01:26:49] [4193/5631] www.aepublications.co.uk
[01:26:49]   OK AE Publications Ltd | 4.9* | 130 reviews | Feltham
[01:26:54] [4194/5631] hayleyellisbeautyacademy.com
[01:26:54]   OK Hayley Ellis Beauty Academy | ph:07921229823 | em:hayley@hayleyellisbeautyacademy.com | 4.9* | 129 reviews | Doncaster
[01:26:57] [4195/5631] www.radcast.co.uk
[01:26:58]   OK Radcast | 4.9* | 127 reviews
[01:27:01] [4196/5631] www.londontradinginstitute.com
[01:27:02]   OK London Trading Institute | ph:02038877398 | em:andy.demi@londontradinginstitute.com | 4.9* | 127 reviews | London
[01:27:07] [4197/5631] londonspeechworkshop.com
[01:27:08]   OK London Speech Workshop | ph:020 3137 6323 | em:office@londonspeechworkshop.com | 4.9* | 122 reviews | London
[01:27:12] [4198/5631] www.landofreiki.co.uk
[01:27:13]   OK Land of Reiki & Aroma | ph:07967195400 | em:contact@landofreiki.co.uk | 4.9* | 122 reviews | Sutton in Ashfield
[01:27:16] [4199/5631] medlearntraining.co.uk
[01:27:16]   OK Med Learn Training Limited | ph:01522775565 | em:info@medlearntraining.co.uk | 4.9* | 120 reviews | Hemswell Cliff
[01:27:21] [4200/5631] thetradetribe.com
[01:27:22]   OK The Trade Tribe | em:ben@thetradetribe.com | 4.9* | 120 reviews
[01:27:22]   [Progress saved: 4200 total leads]
[01:27:26] [4201/5631] superiorlearning.co.uk
[01:27:26]   OK Superiorlearning | ph:07964357471 | em:info@superiorlearning.co.uk | 4.9* | 119 reviews | LONDON
[01:27:30] [4202/5631] portfolio-collective.com
[01:27:31]   OK The Portfolio Collective  | 4.9* | 119 reviews
[01:27:35] [4203/5631] edifylearning.co.uk
[01:27:36]   OK Edify Learning | em:office@edifylearning.co.uk | 4.9* | 117 reviews | Ashford
[01:27:39] [4204/5631] silverboxmm.co.uk
[01:27:39]   OK Silverbox Kids | ph:07877945460 | em:silverboxfilms@gmail.com | 4.9* | 116 reviews | Brighton
[01:27:43] [4205/5631] ehsun.co.uk
[01:27:43]   OK Ehsun Life Coaching Ltd | em:contact@ehsun.co.uk | 4.9* | 115 reviews
[01:27:47] [4206/5631] www.learnwow.com
[01:27:48]   OK LearnWow | em:support@learnwow.com | 4.9* | 114 reviews | London
[01:27:51] [4207/5631] trading402.com
[01:27:52]   OK Trading 402 | ph:07533 496210 | em:info@trading402.com | 4.9* | 111 reviews | Walsall
[01:27:55] [4208/5631] dslrphotographycourses.com
[01:27:55]   OK DSLR Photography Courses | ph:02089478118 | em:info@dslrphotographycourses.com | 4.9* | 109 reviews | London
[01:27:59] [4209/5631] www.chalknduster.co.uk
[01:28:00]   OK Chalk n Duster Tutors | ph:07535050502 | em:info@chalknduster.co.uk  | 4.9* | 107 reviews | Houslow 
[01:28:04] [4210/5631] www.theunmaskedman.co.uk
[01:28:04]   OK The Unmasked Man | ph:+44 07549331841 | em:info@theunmaskedman.co.uk | 4.9* | 107 reviews
[01:28:08] [4211/5631] bradleytuition.co.uk
[01:28:09]   OK Bradley Tuition | ph:01753 202798 | em:niall@bradleytuition.co.uk | 4.9* | 106 reviews | Iver
[01:28:13] [4212/5631] britcent.uk
[01:28:13]   OK BRITCENT | ph:02038021625 | em:hello@britcent.com | 4.9* | 106 reviews | London
[01:28:17] [4213/5631] www.cpdstandards.com
[01:28:18]   OK The CPD Standards Office | ph:0203 745 6463 | em:info@cpdstandards.com | 4.9* | 105 reviews | Staines
[01:28:22] [4214/5631] white-pepper.co.uk
[01:28:22]   OK WhitePepper Chef Academy  | ph:01202280050 | em:info@white-pepper.co.uk | 4.9* | 104 reviews | Poole
[01:28:27] [4215/5631] bambuubrush.com
[01:28:27]   OK @BambuuBrush | ph:07944848933 | em:bambuubrush@gmail.com | 4.9* | 103 reviews | Stevenage
[01:28:32] [4216/5631] entr-tech.com
[01:28:32]   OK Entr Tech | em:hello@entr-tech.com | 4.9* | 103 reviews | London
[01:28:37] [4217/5631] fast-firstaid.co.uk
[01:28:37]   OK First Aid Safety Training | 4.9* | 103 reviews | Whitefield
[01:28:40] [4218/5631] docklandsmedia.com
[01:28:41]   OK Docklands Media | ph:02070017676 | em:info@docklandsmedia.com | 4.9* | 102 reviews | London
[01:28:44] [4219/5631] sambasportscoaching.co.uk
[01:28:44]   OK Samba sports coaching | ph:01246 888212 | em:Info@sambasportscoaching.co.uk | 4.9* | 101 reviews | Chesterfield 
[01:28:49] [4220/5631] bright-ta.co.uk
[01:28:50]   OK Bright Training & Assessment | ph:07904431758 | em:office@btaq.co.uk | 4.9* | 100 reviews | LONDON
[01:28:50]   [Progress saved: 4220 total leads]
[01:28:53] [4221/5631] econominds.co.uk
[01:28:54]   OK Econominds | em:Ilisha@econominds.co.uk | 4.9* | 100 reviews
[01:28:57] [4222/5631] firstaidacademy.co.uk
[01:28:57]   OK First Aid Academy Ltd | ph:0800 999 2716 | em:admin@firstaidacademy.co.uk | 4.9* | 100 reviews | Manchester
[01:29:02] [4223/5631] careerprepare.co.uk
[01:29:02]   OK Career Prepare | 4.9* | 99 reviews
[01:29:06] [4224/5631] skinphilosophy.training
[01:29:06]   OK Skin philosophy Training | ph:+44 2088763999 | em:marketing@skinphilosophy.training | 4.9* | 98 reviews | Clapham
[01:29:10] [4225/5631] stylecoachinginstitute.com
[01:29:10]   OK Style Coaching Institute® | ph:+44 2081339003 | em:info@stylecoachinginstitute.com | 4.9* | 98 reviews | Shrewsbury
[01:29:13] [4226/5631] philsterne.com
[01:29:14]   OK Phil Sterne | Career Transition Coach | ph:07500859328 | em:phil@philsterne.com | 4.9* | 97 reviews
[01:29:18] [4227/5631] tunestimestables.com
[01:29:19]   OK Tunes Times Tables | ph:07474069356 | em:info@tunestimestables.com | 4.9* | 97 reviews
[01:29:24] [4228/5631] nurserynook.co.uk
[01:29:25]   OK Nursery Nook | ph:07765303235 | em:james@nurserynook.co.uk | 4.9* | 97 reviews | Leeds
[01:29:29] [4229/5631] acekube.com
[01:29:29]   OK Acekube | 4.9* | 97 reviews | London
[01:29:34] [4230/5631] skill-matters.co.uk
[01:29:34]   OK Skill Matters | ph:+44 02070184420 | em:info@skill-matters.co.uk | 4.9* | 95 reviews | London
[01:29:38] [4231/5631] scotaccess.co.uk
[01:29:38]   OK Access Services (Scotland) | ph:01236 435942 | em:scotaccess@btinternet.com | 4.9* | 94 reviews | Coatbridge
[01:29:42] [4232/5631] akamedics.com
[01:29:42]   OK Akamedics | 4.9* | 94 reviews
[01:29:47] [4233/5631] vikinsa.com
[01:29:47]   OK Vikinsa Capital Management | em:vikinsaadmin@vikinsa.com | 4.9* | 94 reviews
[01:29:50] [4234/5631] mathmo.com
[01:29:51]   OK Mathmo | 4.9* | 93 reviews
[01:29:55] [4235/5631] bridgetraininguk.co.uk
[01:29:55]   OK Bridge Training UK Ltd | 4.9* | 93 reviews | Croydon
[01:30:00] [4236/5631] medentors.co.uk
[01:30:00]   OK Medentors | ph:+44 7897896586 | em:medentors@gmail.com | 4.9* | 92 reviews
[01:30:03] [4237/5631] lovemolecules.com
[01:30:04]   OK Love Molecules: Relationship/Marriage Coach | ph:0044 7981110415 | em:kat@lovemolecules.com | 4.9* | 92 reviews | Horley
[01:30:09] [4238/5631] alevelpolitics.com
[01:30:09]   OK alevelpolitics.com | 4.9* | 92 reviews
[01:30:13] [4239/5631] thinkforensic.co.uk
[01:30:14]   OK Think Forensic | ph:01484 860599 | em:hello@thinkforensic.co.uk | 4.9* | 91 reviews | Huddersfield
[01:30:18] [4240/5631] winningcvs.com
[01:30:19]   OK Winning CVs | 4.9* | 91 reviews | Cambridgeshire
[01:30:19]   [Progress saved: 4240 total leads]
[01:30:22] [4241/5631] ni-cons.com
[01:30:23]   OK Ni-Cons | ph:07473946808 | em:info@ni-cons.com | 4.9* | 91 reviews | london
[01:30:26] [4242/5631] www.academiaone.co.uk
[01:30:27]   OK Academia One | ph:07817747233 | em:info@academiaone.co.uk | 4.9* | 90 reviews | London
[01:30:30] [4243/5631] medset.co.uk
[01:30:31]   OK Medset | em:hello@medset.co.uk | 4.9* | 90 reviews | Manchester
[01:30:36] [4244/5631] suada.com
[01:30:36]   OK Suada | em:info@suada.com | 4.9* | 89 reviews
[01:30:41] [4245/5631] redrocketstudio.co.uk
[01:30:41]   OK Red Rocket Studio | ph:08007566977 | em:ally@redrocketstudio.co.uk | 4.9* | 89 reviews | London
[01:30:45] [4246/5631] ukvirtualschool.com
[01:30:46]   OK UK Virtual School | em:info@ukvirtualschool.com | 4.9* | 88 reviews
[01:30:49] [4247/5631] harringtonslearningcentre.co.uk
[01:30:49]   OK Harringtons Learning Centre | ph:07305 580376 | em:info@harringtonslearningcentre.co.uk | 4.9* | 88 reviews | Brierfield, Nelson 
[01:30:53] [4248/5631] passfunctionalskills.co.uk
[01:30:53]   OK Pass Functional Skills | 4.7* | 758 reviews | Harrogate
[01:30:57] [4249/5631] a-training.co.uk
[01:30:58]   OK a-training | ph:01476 849342 | em:enquiries@a-training.co.uk | 4.9* | 88 reviews | Grantham
[01:31:03] [4250/5631] cvsos.co.uk
[01:31:03]   OK cvsos.co.uk | ph:07512 477 847 | em:matthew.rodgers75@gmail.com | 4.9* | 88 reviews | Stockport
[01:31:06] [4251/5631] perspectiveacademy.co.uk
[01:31:07]   OK Perspective Academy | ph:01234 225029 | em:ross@perspectiveacademy.co.uk | 4.9* | 88 reviews | bedford
[01:31:10] [4252/5631] propettraining.co.uk
[01:31:10]   OK Propettraining | ph:07918875858 | em:Info@propettraining.co.uk | 4.9* | 87 reviews
[01:31:15] [4253/5631] cvupgrade.com
[01:31:16]   OK CVUpgrade | ph:07904503455 | em:info@cvupgrade.com | 4.9* | 87 reviews | Bracknell
[01:31:20] [4254/5631] train4academy.co.uk
[01:31:21]   OK Train4Academy Ltd | ph:01482 861 040 | em:enquiries@train4academy.co.uk | 4.9* | 85 reviews | Hull
[01:31:25] [4255/5631] www.edapt.org.uk
[01:31:25]   OK Edapt | ph:02034753998 | em:info@edapt.org.uk | 4.9* | 85 reviews | Manchester
[01:31:29] [4256/5631] motionfitnesseducation.com
[01:31:30]   OK Motion Fitness Education | ph:03330504979 | em:team@motionfitnesseducation.com | 4.9* | 85 reviews
[01:31:33] [4257/5631] leap-day.co.uk
[01:31:33]   OK leapday | 4.9* | 85 reviews
[01:31:37] [4258/5631] interstu.com
[01:31:37]   OK INTERSTU | ph:+44 02038785252 | em:info@interstu.com | 4.9* | 83 reviews | London
[01:31:41] [4259/5631] strideandglory.co.uk
[01:31:41]   OK Stride & Glory | ph:+44 7809676394 | em:athlete@strideandglory.com | 4.9* | 82 reviews | HAVANT
[01:31:46] [4260/5631] workplacesafetygroup.co.uk
[01:31:47]   OK Workplace Safety Group | ph:03333 208568 | em:info@workplacesafetygroup.co.uk | 4.9* | 82 reviews
[01:31:47]   [Progress saved: 4260 total leads]
[01:31:51] [4261/5631] virago-wellness.com
[01:31:51]   OK Virago Wellness Coaching | em:angela@virago-wellness.co.uk | 4.9* | 81 reviews | Liverpool
[01:31:55] [4262/5631] biologybyclare.com
[01:31:55]   OK Biology by Clare  | em:clare@biologybyclare.com | 4.9* | 81 reviews | London
[01:31:59] [4263/5631] roadmapmba.com
[01:31:59]   OK Roadmap MBA | em:Steve@RoadmapMBA.com | 4.9* | 80 reviews
[01:32:03] [4264/5631] academyhealingnutrition.uk
[01:32:03]   OK Academy Healing Nutrition | ph:07707974508 | em:hello@academyhealingnutrition.uk | 4.9* | 79 reviews | London
[01:32:07] [4265/5631] the-regs.co.uk
[01:32:07]   OK Chris Wilkinson | ph:0800 043 7671 | em:chrisw@the-regs.co.uk | 4.9* | 80 reviews | Wigan
[01:32:12] [4266/5631] makocreate.co.uk
[01:32:13]   OK Mako Create LLP | ph:01513451419 | em:info@makocreate.co.uk | 4.9* | 79 reviews | RUNCORN
[01:32:18] [4267/5631] lukewhelanpsychic.com
[01:32:18]   OK Lukewhelanpsychic | ph:07366281105 | em:Enquires@lukewhelanpsychic.com | 4.9* | 76 reviews | Leeds
[01:32:22] [4268/5631] mumsinthewoodeducation.com
[01:32:22]   OK Mums In The Wood Education | em:info@mumsinthewood.com | 4.9* | 75 reviews | London
[01:32:27] [4269/5631] rentforme.co.uk
[01:32:28]   OK Rent for Me - The Ultimate Student Rental Services | ph:01614443923 | em:info@rentforme.co.uk | 4.9* | 75 reviews | Manchester
[01:32:33] [4270/5631] juniorlawyersclub.co.uk
[01:32:33]   OK The Junior Lawyers Club | ph:01225 941028 | em:info@juniorlawyersclub.co.uk | 4.9* | 74 reviews | London
[01:32:36] [4271/5631] spanacademy.co.uk
[01:32:37]   OK The Spanish Academy | ph:07522504729 | em:info@spanacademy.co.uk | 4.9* | 74 reviews | Kings Lynn
[01:32:40] [4272/5631] majoris.co.uk
[01:32:41]   OK Majoris Solutions ltd | ph:07865838334 | em:majorissolutionsltd@gmail.com | 4.9* | 74 reviews | London
[01:32:45] [4273/5631] www.mindfulphotolab.com
[01:32:45]   OK Mindful Photo Lab | em:hello@mindfulphotolab.com | 4.9* | 74 reviews | London
[01:32:49] [4274/5631] staynimble.co.uk
[01:32:50]   OK Stay Nimble | em:info@staynimble.co.uk | 4.9* | 72 reviews
[01:32:53] [4275/5631] hedgerowhenporium.co.uk
[01:32:54]   OK Hedgerow Henporium | ph:01244646026 | em:chickens@hedgerowhenporium.co.uk | 4.9* | 72 reviews | Ellesmere Port
[01:32:57] [4276/5631] cornwalltraining.com
[01:32:58]   OK Cornwall Training | ph:01726 932293 | em:admin@cornwalltraining.com | 4.9* | 68 reviews | St Austell
[01:33:02] [4277/5631] shocfurniture.co.uk
[01:33:02]   OK Shoc Furniture Ltd | ph:01484 300270 | em:diane@shocfurniture.co.uk | 4.9* | 67 reviews | Brighouse
[01:33:05] [4278/5631] newmetherapy.com
[01:33:06]   OK New Me Therapy - Therapist / Coach  | em:enquiries@newmetherapy.com | 4.9* | 65 reviews | London
[01:33:10] [4279/5631] unihomes.co.uk
[01:33:11]   OK UniHomes | ph:03308220266 | em:customersupport@unihomes.co.uk | 4.8* | 8374 reviews | Sheffield
[01:33:15] [4280/5631] myfourwheels.co.uk
[01:33:15]   OK My Four Wheels | ph:0800 888 6889 | em:recruitment@myfourwheels.co.uk | 4.8* | 3217 reviews | York
[01:33:15]   [Progress saved: 4280 total leads]
[01:33:20] [4281/5631] thelightuphub.com
[01:33:21]   OK Thelightuphub | 4.8* | 1865 reviews
[01:33:25] [4282/5631] hfonline.org
[01:33:26]   OK Academy for Health & Fitness | ph:02037446845 | em:info@hfonline.org | 4.8* | 1617 reviews | London
[01:33:31] [4283/5631] www.caringforcare.co.uk
[01:33:32]   OK Caring for Care | ph:01782 563333 | em:office@caringforcare.co.uk | 4.8* | 1592 reviews | Stoke-on-Trent
[01:33:35] [4284/5631] www.nextstepbeauty.co.uk
[01:33:36]   OK Next Step Beauty | ph:0203 829 8856 | em:info@nextstepbeauty.co.uk | 4.8* | 1286 reviews
[01:33:39] [4285/5631] asiancollegeofteachers.com
[01:33:39]   OK ACT Courses | 4.8* | 1209 reviews | Los Angeles
[01:33:44] [4286/5631] trademastermind.co.uk
[01:33:45]   OK Trade Mastermind | em:customerservice@trademastermind.co.uk | 4.8* | 1147 reviews | Peterborough
[01:33:48] [4287/5631] www.3btraining.com
[01:33:49]   OK 3B Training Ltd | ph:0330 912 0650 | em:info@3btraining.com | 4.8* | 1082 reviews | Manchester
[01:33:53] [4288/5631] icef.com
[01:33:53]   OK ICEF | em:marketing@icef.com | 4.8* | 1065 reviews | Bonn
[01:33:58] [4289/5631] chartchampions.com
[01:33:58]   OK Chart Champions | 4.8* | 1014 reviews
[01:34:01] [4290/5631] paragonskills.co.uk
[01:34:02]   OK Paragon Skills | ph:0800 783 2545 | em:hello@pgon.co.uk | 4.8* | 1001 reviews | Bournemouth
[01:34:06] [4291/5631] www.go-to.co
[01:34:07]   OK go-to.co | 4.8* | 878 reviews
[01:34:10] [4292/5631] astranti.com
[01:34:11]   OK Astranti | ph:0800 048 7804 | em:enquiries@astranti.com | 4.8* | 722 reviews | Trowbridge
[01:34:15] [4293/5631] makeuk.org
[01:34:15]   OK Make UK | ph:0808 168 5874 | em:enquiries@makeuk.org | 4.8* | 657 reviews | London
[01:34:20] [4294/5631] mmclearning.com
[01:34:21]   OK MMC Learning | ph:+44 01618264644 | em:qualifications@mmclearning.com | 4.8* | 627 reviews | Manchester
[01:34:25] [4295/5631] magiclinkhandwriting.com
[01:34:26]   OK Magic Link Handwriting  | ph:07772007086 | em:info@magiclinkhandwriting.com | 4.8* | 618 reviews | London
[01:34:31] [4296/5631] qtsmathstutor.co.uk
[01:34:31]   OK QTS Maths Tutor | ph:0203 4882304 | em:Help@QTSMathsTutor.co.uk | 4.8* | 545 reviews
[01:34:36] [4297/5631] falconfx.com
[01:34:36]   OK Falcon FX (Falcon Trading Guidance) | 4.8* | 447 reviews | Kent
[01:34:40] [4298/5631] photographycourses.biz
[01:34:40]   OK Mike Browne Photography | ph:07939469120 | em:mike@picture-this.tv | 4.8* | 440 reviews | Ibsley
[01:34:44] [4299/5631] mtta.org.uk
[01:34:44]   OK MTTA Ltd | ph:03335773668 | em:info@mtta.org.uk | 4.8* | 439 reviews | NORTHAMPTON
[01:34:48] [4300/5631] abcsupplychain.com
[01:34:49]   OK AbcSupplyChain | em:contact@abcsupplychain.com | 4.8* | 402 reviews | London
[01:34:49]   [Progress saved: 4300 total leads]
[01:34:53] [4301/5631] connex-academy.com
[01:34:54]   OK Connex Academy | em:info@connex-academy.com | 4.8* | 399 reviews | Chester
[01:34:58] [4302/5631] theinsightgroup.co.uk
[01:34:59]   OK Aran Curry and The Insight Group | 4.8* | 397 reviews | Scarborough
[01:35:03] [4303/5631] oxfordsummercourses.com
[01:35:04]   OK Oxford Summer Courses | ph:+44 01865818403 | em:info@oxfordsummercourses.com | 4.8* | 378 reviews | Oxford
[01:35:08] [4304/5631] www.gatewayworkshops.co.uk
[01:35:09]   OK Gateway Workshops | ph:03331210742 | em:sue@gatewayworkshops.co.uk | 4.8* | 353 reviews | London 
[01:35:12] [4305/5631] dropshipunlocked.com
[01:35:13]   OK Dropship Unlocked | ph:02032866553 | em:support@dropshipunlocked.com | 4.8* | 353 reviews | London
[01:35:16] [4306/5631] wolseyhalloxford.org.uk
[01:35:17]   OK Wolsey Hall Oxford | ph:+44 8006226599 | em:info@wolseyhalloxford.org.uk | 4.8* | 353 reviews | Oxford
[01:35:21] [4307/5631] hackthebox.com
[01:35:22]   OK Hack The Box | 4.8* | 340 reviews | Folkenstone
[01:35:26] [4308/5631] stationerysuperstore.uk
[01:35:27]   OK Stationery Shop | em:support@stationeryshop.co.uk | 4.8* | 299 reviews | -
[01:35:31] [4309/5631] ufitstudio.co.uk
[01:35:32]   OK U Fit Studio | ph:01162763411 | em:info@ufitstudio.co.uk | 4.8* | 295 reviews | Leicester
[01:35:36] [4310/5631] lat.london
[01:35:36]   OK London Academy of Trading | ph:+44 02034354629 | em:info@lat.london | 4.8* | 293 reviews | London
[01:35:41] [4311/5631] vls-online.com
[01:35:41]   OK Vertex Learning Solutions | ph:+44 7446426261 | em:office@vls-online.com | 4.8* | 264 reviews | London
[01:35:45] [4312/5631] fitnesswithkeisha.com
[01:35:45]   OK FitnessWithKeisha - PCOS coaching | em:fitnesswithkeisha@gmail.com | 4.8* | 254 reviews | London
[01:35:49] [4313/5631] aimhightuition.net
[01:35:50]   OK Aim High Private Tuition | ph:07751398860 | em:info@aimhightuition.net | 4.8* | 245 reviews | Oldham
[01:35:54] [4314/5631] www.accessskills.co.uk
[01:35:54]   OK Access Skills Ltd | ph:01215102169 | em:info@accessskills.co.uk | 4.8* | 238 reviews | Birmingham
[01:35:58] [4315/5631] oxfordhomeschooling.co.uk
[01:35:58]   OK Oxford Home Schooling | ph:0800 0 111 024 | em:enquiries@ool.co.uk | 4.8* | 227 reviews | Oxford
[01:36:01] [4316/5631] www.rrc.co.uk
[01:36:02]   OK RRC International | ph:02089443100 | em:info@rrc.co.uk | 4.8* | 215 reviews | London
[01:36:06] [4317/5631] abakus-center.com
[01:36:07]   OK Abakus Europe | ph:+44 7490953124 | em:info@abakus-center.com | 4.8* | 214 reviews | London
[01:36:10] [4318/5631] capital-placement.com
[01:36:10]   OK Capital Placement | ph:+44 2038650982 | em:info@capital-placement.com | 4.8* | 213 reviews | London 
[01:36:15] [4319/5631] coleztrades.com
[01:36:16]   OK ColezTrades | ph:+44 7457404814 | em:contact@coleztrades.com | 4.8* | 211 reviews
[01:36:20] [4320/5631] medschoolentry.uk
[01:36:20]   OK Med School Entry | ph:07792458847 | em:wps@medschoolentry.uk | 4.8* | 209 reviews
[01:36:20]   [Progress saved: 4320 total leads]
[01:36:24] [4321/5631] r3physiotherapy.com
[01:36:24]   OK R3 Physiotherapy | ph:07399635486 | em:rj@r3physiotherapy.com | 4.8* | 202 reviews | London
[01:36:28] [4322/5631] globeustraining.co.uk
[01:36:28]   OK Globeustraining | ph:02381 550015 | em:info@globeustraining.com | 4.8* | 202 reviews | Southampton
[01:36:32] [4323/5631] tradinggame.com
[01:36:32]   OK Trading Game: Stock Market Simulator & School | em:hi@tradinggame.com | 4.8* | 199 reviews
[01:36:37] [4324/5631] www.tinkertrayplay.co.uk
[01:36:38]   OK Tinkertrayplay | em:Tinkertrayplay@hotmail.com | 4.8* | 199 reviews | Weymouth
[01:36:42] [4325/5631] gingernuttraining.co.uk
[01:36:42]   OK Ginger Nut Training | ph:0207 495 5110 | em:info@gingernuttraining.co.uk | 4.8* | 198 reviews | Colchester
[01:36:47] [4326/5631] natsundar.com
[01:36:48]   OK Natsundar | 4.8* | 198 reviews
[01:36:52] [4327/5631] aimhi.co
[01:36:52]   OK AimHi Earth | em:hello@aimhi.earth | 4.8* | 186 reviews | London
[01:36:57] [4328/5631] kyclookup.com
[01:36:57]   OK KYC Lookup | em:info@kyclookup.com | 4.8* | 184 reviews | Hertfordshire
[01:37:01] [4329/5631] www.amethyst-education.co.uk
[01:37:02]   OK Amethyst Education | 4.8* | 171 reviews
[01:37:05] [4330/5631] www.tanzeel.co.uk
[01:37:06]   OK Tanzeel | 4.8* | 171 reviews | Ilford
[01:37:11] [4331/5631] akbaracademy.co.uk
[01:37:12]   OK akbaracademy.co.uk | 4.8* | 166 reviews
[01:37:15] [4332/5631] challengesabroad.co.uk
[01:37:16]   OK Challenges Abroad | ph:+44 01635889393 | em:info@challengesabroad.co.uk | 4.8* | 166 reviews | Newbury
[01:37:20] [4333/5631] www.financialmodelonline.com
[01:37:20]   OK FMO - Financial Model Online | em:info@financialmodelonline.com | 4.8* | 165 reviews | London
[01:37:24] [4334/5631] academyofbanda.co.uk
[01:37:24]   OK Academy of Beauticians and Aesthetics Ltd | ph:01217585160 | em:info@academyofbanda.co.uk | 4.8* | 163 reviews | Walsall
[01:37:28] [4335/5631] tefl.duxrec.com
[01:37:28]   OK Dux TEFL/TESOL  | ph:+27605050840 | em:tefl@duxrec.com | 4.8* | 160 reviews | London
[01:37:32] [4336/5631] elitetuition.com
[01:37:33]   OK ELITE Tuition | ph:0800 6129545 | em:admin@elitetuition.com | 4.8* | 159 reviews | London
[01:37:36] [4337/5631] inspiretuition.co.uk
[01:37:37]   OK Inspire Tuition Service | ph:0121 601 0900 | em:marketing@inspiretuition.co.uk | 4.8* | 157 reviews | Smethwick
[01:37:40] [4338/5631] britishcollegeofjournalism.com
[01:37:40]   OK British College of Journalism | em:questions@britishcollegeofjournalism.com | 4.8* | 154 reviews | Online
[01:37:44] [4339/5631] jvacademy.net
[01:37:45]   OK John Viola Academy | em:info@jvacademy.net | 4.8* | 151 reviews | Glasgow
[01:37:49] [4340/5631] sohoeditors.com
[01:37:49]   OK Soho Editors | ph:+44 2077341286 | em:talent@sohoeditors.com | 4.8* | 150 reviews | London
[01:37:49]   [Progress saved: 4340 total leads]
[01:37:53] [4341/5631] tecknologia.co.uk
[01:37:54]   OK Tecknologia | ph:0800 047 8178 | em:feedback@tecknologia.co.uk | 4.8* | 149 reviews | Ilford
[01:37:57] [4342/5631] ool.co.uk
[01:37:57]   OK The Oxford Open Learning Trust | ph:0800 9 75 75 75 | em:enquiries@ool.co.uk | 4.8* | 147 reviews | Oxford
[01:38:02] [4343/5631] aspireeducationacademy.co.uk
[01:38:03]   OK Aspire Education Academy | 4.8* | 143 reviews
[01:38:07] [4344/5631] bereadygroup.org
[01:38:07]   OK BeReady | ph:020 7046 7082 | em:info@bereadygroup.org | 4.8* | 136 reviews | Manchester
[01:38:11] [4345/5631] polarisbushcraft.co.uk
[01:38:11]   OK Polaris Wilderness Adventure Ltd | ph:07971289604 | em:info@polarisbushcraft.co.uk | 4.8* | 134 reviews | Bayford
[01:38:14] [4346/5631] 3stepsonline.net
[01:38:15]   OK 3stepsonline | 4.8* | 134 reviews
[01:38:19] [4347/5631] academyofmoderncelebrancy.com
[01:38:20]   OK The Academy of Modern Celebrancy | em:hello@academyofmoderncelebrancy.com | 4.8* | 121 reviews | Telford
[01:38:24] [4348/5631] peachypings.com
[01:38:24]   OK Peachy Pings Ltd | em:hello@peachypings.com | 4.8* | 121 reviews | Grantham
[01:38:29] [4349/5631] shapinglives.co.uk
[01:38:29]   OK Shaping Lives | ph:0800 4220 588 | em:Hello@shapinglives.co.uk | 4.8* | 120 reviews | Bournemouth
[01:38:33] [4350/5631] m2rglobal.com
[01:38:33]   OK m2r Education | ph:01924201973 | em:canwehelp@m2reducation.com | 4.8* | 119 reviews | Wakefield
[01:38:37] [4351/5631] improvetuition.org
[01:38:37]   OK Improve Tuition | ph:01924 506010 | em:info@improvetuition.org | 4.8* | 115 reviews | Batley
[01:38:42] [4352/5631] nationwide-academy.co.uk
[01:38:42]   OK Nationwide Academy | ph:01204-386151 | em:admin@nationwide-academy.co.uk | 4.8* | 113 reviews | Bolton
[01:38:46] [4353/5631] driventutors.co.uk
[01:38:46]   OK Driven Tutors | ph:07983740006 | em:info@driventutors.co.uk | 4.8* | 113 reviews | London
[01:38:51] [4354/5631] happylittledoers.com
[01:38:52]   OK Happy Little Doers | em:kate@happylittledoers.com | 4.8* | 112 reviews | London 
[01:38:56] [4355/5631] oxfordce.co.uk
[01:38:56]   OK oxfordce.co.uk | ph:01494256340 | em:admissions@oxfordce.co.uk | 4.8* | 108 reviews | High Wycombe 
[01:39:01] [4356/5631] axelschura.com
[01:39:02]   OK Axel Schura Academy LP | em:hello@axelschura.com | 4.8* | 108 reviews | Edinburgh, Scotland
[01:39:06] [4357/5631] actorsgym.co.uk
[01:39:07]   OK The Actors Gym | ph:020 3633 5937 | em:info@actorsgym.co.uk | 4.8* | 106 reviews | London
[01:39:11] [4358/5631] theonlineschool.uk
[01:39:12]   OK TheOnlineSchool.UK | em:info@theonlineschool.uk | 4.8* | 106 reviews | London
[01:39:15] [4359/5631] cv-nation.com
[01:39:16]   OK CV Nation | ph:01624 801864 | em:info@cv-nation.com | 4.8* | 105 reviews | Foxdale
[01:39:21] [4360/5631] lass.ltd
[01:39:21]   OK Learning and Skills Solutions | ph:02034321706 | em:learners@lass.ltd | 4.8* | 104 reviews | London
[01:39:21]   [Progress saved: 4360 total leads]
[01:39:24] [4361/5631] lessonwise.org
[01:39:25]   OK lessonwise.org | ph:+44 7309520860 | em:info@lessonwise.org | 4.8* | 104 reviews | London
[01:39:28] [4362/5631] pctrainings.co.uk
[01:39:29]   OK Professional Careers Training & Recruitment | ph:07405776823 | em:enquiries@pctrainings.co.uk | 4.8* | 103 reviews | London
[01:39:32] [4363/5631] learningcrypto.co.uk
[01:39:32]   OK Learning:Crypto | em:hello@learningcrypto.co.uk | 4.8* | 102 reviews | London
[01:39:36] [4364/5631] integrativeliberty.co.uk
[01:39:36]   OK Integrativeliberty | em:liberty@integrativeliberty | 4.8* | 99 reviews | Holmfirth 
[01:39:41] [4365/5631] fontainebrothers.co.uk
[01:39:42]   OK Fontainebrothers | 4.8* | 99 reviews
[01:39:46] [4366/5631] passione-italiana.com
[01:39:46]   OK Passione Italiana | ph:07867 726634 | em:info@passione-italiana.com | 4.8* | 98 reviews | Romford
[01:39:50] [4367/5631] fedashconsultancy.org.uk
[01:39:50]   OK Fedash Consultancy Limited  | ph:01915522085 | em:fedashco@gmail.com | 4.8* | 97 reviews | Sunderland 
[01:39:55] [4368/5631] highyielduk.com
[01:39:55]   OK Highyielduk | 4.8* | 95 reviews
[01:39:59] [4369/5631] ttcsussex.co.uk
[01:39:59]   OK Tungsten Training Centre | ph:01273934278 | em:admin@ttcsussex.co.uk | 4.8* | 94 reviews | Portslade
[01:40:04] [4370/5631] chat2charlie.co.uk
[01:40:05]   OK Chat 2 Charlie Psychic Tarot Card Clairvoyant | 4.8* | 93 reviews | Great Missenden
[01:40:08] [4371/5631] relaxkids.com
[01:40:08]   OK Relax Kids | ph:07778435743 | em:info@relaxkids.com | 4.8* | 93 reviews | Abingdon
[01:40:13] [4372/5631] caredemy.co.uk
[01:40:14]   OK caredemy.co.uk | em:support@caredemy.co.uk | 4.8* | 93 reviews | Ilford
[01:40:18] [4373/5631] msrmedical.co.uk
[01:40:19]   OK MSR Medical Ltd | 4.8* | 91 reviews
[01:40:22] [4374/5631] inclusive-solutions.com
[01:40:23]   OK Inclusive Solutions | ph:01159556045 | em:inclusive.solutions@ntlworld.com | 4.8* | 90 reviews | Nottingham,
[01:40:26] [4375/5631] 3ic.co.uk
[01:40:26]   OK 3iC | ph:+44 1980881438 | em:info@3ic.co.uk | 4.8* | 88 reviews
[01:40:31] [4376/5631] wordier.online
[01:40:31]   OK Wordier | em:hello@wordier.online | 4.8* | 87 reviews | Bromley
[01:40:35] [4377/5631] coderco.io
[01:40:36]   OK CoderCo | em:hello@coderco.io | 4.8* | 84 reviews
[01:40:41] [4378/5631] techtalkuk.co
[01:40:41]   OK TechTalk UK | 4.8* | 84 reviews
[01:40:45] [4379/5631] knockandnash.co.uk
[01:40:46]   OK Knock & Nash Productions | 4.8* | 83 reviews
[01:40:49] [4380/5631] mentormerlin.com
[01:40:50]   OK Mentor Merlin | ph:+44 2045205731 | em:merlin@mentormerlin.com | 4.8* | 82 reviews | Northampton
[01:40:50]   [Progress saved: 4380 total leads]
[01:40:54] [4381/5631] securelinetraining.co.uk
[01:40:54]   OK Securelinetraining | 4.8* | 81 reviews
[01:40:58] [4382/5631] thehustleclub.co.uk
[01:40:58]   OK The Hustle Club | em:info@thehustleclub.co.uk | 4.8* | 81 reviews | Somerset
[01:41:02] [4383/5631] lifechangingtuition.com
[01:41:03]   OK Life Changing Tuition | ph:+44 7470977681 | em:admin@lifechangingtuition.com | 4.8* | 80 reviews | London
[01:41:06] [4384/5631] sfta.co.uk
[01:41:07]   OK SFTA Hypnotherapy Training  | ph:0345  257 0056 | em:info@sfta.co.uk | 4.8* | 80 reviews | Southport 
[01:41:12] [4385/5631] tecnisacademy.com
[01:41:12]   OK Tecnis Academy | ph:+44 1795358030 | em:contactus@tecnisacademy.com | 4.8* | 80 reviews | Kent
[01:41:16] [4386/5631] themuddypuddleteacher.co.uk
[01:41:16]   OK The Muddy Puddle Teacher | ph:0114 228 0642 | em:info@themuddypuddleteacher.co.uk | 4.8* | 80 reviews | Sheffield
[01:41:19] [4387/5631] www.theatreworkout.com
[01:41:20]   OK Theatre Workout | ph:+44 02081442290 | em:enquiries@theatreworkout.com | 4.8* | 79 reviews | London
[01:41:25] [4388/5631] wiseowlslearning.co.uk
[01:41:25]   OK Wiseowls Learning | ph:01422 648100 | em:study@wiseowlslearning.com | 4.8* | 79 reviews | Halifax
[01:41:28] [4389/5631] oneworldanimals.com
[01:41:29]   OK One World Animals | ph:07816377201 | em:info@OneWorldAnimals.com | 4.8* | 78 reviews | Twickenham
[01:41:33] [4390/5631] politicsexplained.co.uk
[01:41:34]   OK Politics Explained | em:politicsexplainedtutoring@gmail.com | 4.8* | 77 reviews
[01:41:38] [4391/5631] actassociates.co.uk
[01:41:38]   OK ACT Associates | ph:01384447915 | em:actsales@actassociates.co.uk | 4.8* | 76 reviews | Stourbridge
[01:41:42] [4392/5631] makeducation.co.uk
[01:41:43]   OK Makeducation | ph:020 7247 0338 | em:info@makeducation.co.uk | 4.8* | 75 reviews | London
[01:41:47] [4393/5631] awaprofessor.com
[01:41:47]   OK AWA Professor | em:studentcare@awaprofessor.com | 4.8* | 74 reviews
[01:41:52] [4394/5631] abacustraining.co.uk
[01:41:53]   OK Abacus Training Centre Ltd | ph:01785501750 | em:info@abacustraining.co.uk | 4.8* | 73 reviews
[01:41:57] [4395/5631] adamreidcoaching.co.uk
[01:41:58]   OK AdamReidCoaching (ARC) | ph:07751037311 | em:adam@adamreidcoaching.co.uk | 4.8* | 73 reviews | Silsoe
[01:42:02] [4396/5631] cctraining.uk.com
[01:42:03]   OK C&C Training Ltd | ph:01525851752 | em:enquiries@cctraining.uk.com | 4.8* | 73 reviews | Leighton Buzzard
[01:42:06] [4397/5631] edifyinganswers.com
[01:42:06]   OK Edifying Answers | ph:07982621889 | em:ezra@edifyinganswers.com | 4.8* | 72 reviews | Essex 
[01:42:10] [4398/5631] careersmarter.com
[01:42:10]   OK Career Smarter | ph:02031304909 | em:email@careersmarter.com | 4.8* | 72 reviews | London
[01:42:13] [4399/5631] www.headstartprimary.com
[01:42:14]   OK HeadStart Primary Ltd. | ph:01200 423405 | em:info@headstartprimary.com | 4.8* | 72 reviews | Clitheroe
[01:42:18] [4400/5631] propertywe.co.uk
[01:42:18]   OK Property Wealth Corporation LTD | ph:01233 438897 | em:admin@propertywealthcorp.com | 4.8* | 69 reviews | Ashford 
[01:42:18]   [Progress saved: 4400 total leads]
[01:42:22] [4401/5631] uk-assignments.com
[01:42:22]   OK UK-Assignments | ph:+44 7939138804 | em:support@uk-assignments.com | 4.8* | 69 reviews | London
[01:42:25] [4402/5631] www.teachtherapy.co.uk
[01:42:26]   OK TEACH Therapy - Complementary Therapy Training | ph:07507337621 | em:teachtherapy@live.co.uk | 4.8* | 69 reviews | Newport
[01:42:30] [4403/5631] careerconsultingsolutions.co.uk
[01:42:30]   OK Career Consulting & Solutions Ltd | ph:07368 117 265 | em:info@careerconsultingsolutions.co.uk | 4.8* | 67 reviews | Milton Keynes
[01:42:33] [4404/5631] dbschool.co.uk
[01:42:34]   OK Digital Business School | em:info@dbschool.co.uk | 4.8* | 67 reviews | London
[01:42:38] [4405/5631] honesthounds.co.uk
[01:42:39]   OK Honest Hounds Ltd | em:admin@honesthounds.co.uk | 4.8* | 66 reviews
[01:42:42] [4406/5631] coralandreed.com
[01:42:43]   OK Coral & Reed Ltd | ph:01753 463 464 | em:Admin@coralandreed.co.uk | 4.8* | 66 reviews | Langley
[01:42:47] [4407/5631] phtutoring.com
[01:42:48]   OK PH Tutoring | ph:07982721177 | em:paul.harris@phtutoring.com | 4.8* | 66 reviews | Bristol
[01:42:52] [4408/5631] junipertraining.co.uk
[01:42:52]   OK Juniper Training | ph:01902 864194 | em:enquiries@junipertraining.co.uk | 4.8* | 66 reviews | Wolverhampton
[01:42:56] [4409/5631] uklifeprep.com
[01:42:57]   OK UK Life Prep | em:hello@uklifeprep.com | 4.8* | 65 reviews
[01:43:00] [4410/5631] gradepod.com
[01:43:01]   OK GradePod | ph:01316189024 | em:hi@gradepod.com | 4.8* | 65 reviews | Edinburgh
[01:43:05] [4411/5631] wisewealthtrading.com
[01:43:06]   OK Finsage | em:hello@finsagepro.com | 4.8* | 65 reviews | Covent Garden
[01:43:09] [4412/5631] leadstutorials.co.uk
[01:43:10]   OK Leadstutorials | 4.8* | 64 reviews
[01:43:14] [4413/5631] onlinechemistrytutor.net
[01:43:15]   OK Online Chem Tutor | 4.8* | 64 reviews | Ormskirk
[01:43:18] [4414/5631] soberflourish.com
[01:43:19]   OK Sober Flourish | em:Hello@soberflourish.com | 4.8* | 64 reviews
[01:43:23] [4415/5631] thepublicspeakingcourse.com
[01:43:24]   OK The Public Speaking Course | ph:+44 7711384327 | em:bookings@thepublicspeakingcourse.com | 4.8* | 64 reviews | London
[01:43:27] [4416/5631] 9tutors.com
[01:43:27]   OK 9Tutors | em:hello@9tutors.com | 4.8* | 63 reviews | Birmingham
[01:43:30] [4417/5631] thesuccesscentre.co.uk
[01:43:32]   OK The Success Centre | ph:08002851986 | em:contact@thesuccesscentre.co.uk | 4.8* | 63 reviews | Slough
[01:43:35] [4418/5631] layinkasanni.com
[01:43:35]   OK LaYinka Sanni | em:hello@layinkasanni.com | 4.8* | 62 reviews | London
[01:43:40] [4419/5631] unitedmind.co.uk
[01:43:40]   OK UnitedMind Laughter Yoga in London and UK Ltd | ph:+44 08001214714 | em:info@unitedmind.co.uk | 4.8* | 63 reviews | London
[01:43:45] [4420/5631] aspirelearningcentres.co.uk
[01:43:45]   OK Aspire Learning Centres & Childcare | ph:0161 691 0562 | em:info@aspirelearningcentres.co.uk | 4.8* | 62 reviews | Manchester
[01:43:45]   [Progress saved: 4420 total leads]
[01:43:49] [4421/5631] everydaypm.co.uk
[01:43:50]   OK The Everyday Project Manager | 4.8* | 62 reviews
[01:43:55] [4422/5631] getfundedwithmelle.com
[01:43:55]   OK GFWMELLE | em:support@getfundedwithmelle.com | 4.8* | 61 reviews | London
[01:44:00] [4423/5631] sensoryplayground.co.uk
[01:44:00]   OK Sensory Playground | ph:07917367417 | em:info@sensoryplayground.co.uk | 4.8* | 61 reviews | Westgate-on-Sea
[01:44:04] [4424/5631] team4rec.com
[01:44:05]   OK TEAM4REC | em:qasim@team4rec.com | 4.8* | 61 reviews
[01:44:10] [4425/5631] lloydfp.co.uk
[01:44:10]   OK Lloyd & Co. Financial Planning  | ph:01704443107 | em:info@lloydfp.co.uk | 4.8* | 61 reviews | Southport
[01:44:14] [4426/5631] enable-driving-school.co.uk
[01:44:15]   OK Enable Driving School | ph:07592176223 | em:Admin@enable-driving-school.co.uk | 4.8* | 61 reviews | Dumfries 
[01:44:19] [4427/5631] integertraining.com
[01:44:20]   OK Integertraining | ph:07828924057 | em:info@integertraining.com | 4.8* | 61 reviews | Birmingham
[01:44:25] [4428/5631] green-planet.co.uk
[01:44:25]   OK Green Planet Forest School Ltd | em:Info@green-planet.co.uk | 4.8* | 61 reviews | Buckingham
[01:44:29] [4429/5631] goldenbrainacademy.com
[01:44:30]   OK Golden Brain Academy | ph:07383421771 | em:info@goldenbrainacademy.com | 4.8* | 61 reviews
[01:44:34] [4430/5631] atctraining.net
[01:44:34]   OK ATC Training Limited | ph:0333 444 9526 | em:info@atctraining.net | 4.8* | 60 reviews | Newcastle upon Tyne
[01:44:38] [4431/5631] hrcoursesonline.com
[01:44:39]   OK HRC Online | 4.8* | 60 reviews | Bury
[01:44:43] [4432/5631] steppingbricks.co.uk
[01:44:44]   OK Stepping Bricks | ph:07516792220 | em:office@steppingbricks.co.uk | 4.8* | 59 reviews
[01:44:47] [4433/5631] philipharris.co.uk
[01:44:48]   OK Philip Harris | ph:0345 120 4520 | em:enquiries@philipharris.co.uk | 4.8* | 59 reviews | Greater Manchester
[01:44:51] [4434/5631] virtualhf.co.uk
[01:44:52]   OK Virtual Health + Fitness | 4.8* | 59 reviews
[01:44:55] [4435/5631] catherinegladwyn.co.uk
[01:44:56]   OK Catherine Gladwyn - Virtual Assistant Training | em:catherine@catherinegladwyn.co.uk | 4.8* | 59 reviews | c/o Lawrence Rose Accountants
[01:44:59] [4436/5631] rconsultancy.org
[01:45:00]   OK Rconsultancy | ph:07956301498 | em:inforconsultancy1@aol.co.uk | 4.8* | 59 reviews | Stratford
[01:45:04] [4437/5631] ukjobsinsider.com
[01:45:05]   OK UK Jobs Insider | em:hello@ukjobsinsider.com | 4.8* | 58 reviews
[01:45:09] [4438/5631] www.grammarholic.com
[01:45:10]   OK Grammarholic | 4.8* | 58 reviews
[01:45:13] [4439/5631] centratraining.co.uk
[01:45:13]   OK Centra Training | ph:0203 137 1676 | em:enquiries@centratraining.co.uk | 4.8* | 58 reviews | London
[01:45:18] [4440/5631] yourcvconsultant.co.uk
[01:45:19]   OK Your CV Consultant | ph:0330 133 0356 | em:info@yourcvconsultant.co.uk | 4.8* | 58 reviews | London
[01:45:19]   [Progress saved: 4440 total leads]
[01:45:22] [4441/5631] assubah.com
[01:45:23]   OK As-Subah Academy | ph:+44 7908450246 | em:info@assubah.com | 4.8* | 57 reviews | London
[01:45:26] [4442/5631] actualtuition.co.uk
[01:45:27]   OK Actual Tuition | em:help@actualtuition.co.uk | 4.8* | 57 reviews
[01:45:30] [4443/5631] champslearning.co.uk
[01:45:31]   OK Champs Learning | ph:02030049007 | em:anuk@champslearning.co.uk | 4.8* | 57 reviews | HOUNSLOW
[01:45:34] [4444/5631] creativemindstutors.com
[01:45:34]   OK Creativemindstutors | ph:07956677783 | em:mariamazarese@hotmail.co.uk | 4.8* | 57 reviews | Colindale
[01:45:38] [4445/5631] www.kapeinternships.com
[01:45:39]   OK Kape Internships | em:info@kapeinternships.com | 4.8* | 57 reviews | London
[01:45:42] [4446/5631] migreats.com
[01:45:42]   OK Migreats | em:support@migreats.com | 4.8* | 57 reviews | London
[01:45:46] [4447/5631] shaykhi.com
[01:45:46]   OK Shaykhi Academy Ltd | ph:+201550668043 | em:support@shaykhi.com | 4.8* | 57 reviews | London
[01:45:50] [4448/5631] constructionsafetytraining.co.uk
[01:45:51]   OK Construction Safety Training Ltd | ph:02045722722 | em:sales@constructionsafetytraining.co.uk | 4.8* | 56 reviews | London
[01:45:55] [4449/5631] kipmcgrathbrighouse.co.uk
[01:45:55]   OK Kip McGrath (Brighouse) LP | ph:01422647141 | em:kipbrig@outlook.com | 4.8* | 56 reviews | Brighouse
[01:45:59] [4450/5631] lifeworkswithkaren.com
[01:46:00]   OK LifeWorks with Karen & LifeWorks Studio | em:karen@lifeworkswithkaren.com | 4.8* | 56 reviews | Kent
[01:46:04] [4451/5631] qwertytype.com
[01:46:04]   OK QWERTY Type | em:learn@qwertytype.com | 4.8* | 55 reviews
[01:46:08] [4452/5631] medicotutoring.com
[01:46:08]   OK Medico Tutoring | em:medicotutoring@gmail.com | 4.8* | 55 reviews
[01:46:12] [4453/5631] mellorsmindcraft.com
[01:46:12]   OK Mellor's Mind Craft | ph:+44 7783833520 | em:rachel.mellor@mellorsmindcraft.com | 4.8* | 55 reviews | Ashton-under-Lyne
[01:46:15] [4454/5631] angela-cox.co.uk
[01:46:17]   OK Angela Cox - Mindset Mentor | ph:07807 182173 | em:Office@angela-cox.co.uk  | 4.8* | 55 reviews | Chichester
[01:46:22] [4455/5631] signsay.co.uk
[01:46:22]   OK Signsay - Sign Language Course London | ph:02080882478 | em:info@signsay.co.uk | 4.8* | 55 reviews | London
[01:46:27] [4456/5631] mylearningroom.co.uk
[01:46:27]   OK My Learning Room Tutoring - 11 Plus, GCSE, A Level | ph:0207 126 8265 | em:admin@mylearningroom.co.uk | 4.8* | 54 reviews | Ilford
[01:46:32] [4457/5631] shreersctutors.com
[01:46:33]   OK Shree RSC Tutors | ph:07442074163 | em:support@shreersctutors.com | 4.8* | 54 reviews | Kent
[01:46:37] [4458/5631] www.essexcomputertraining.co.uk
[01:46:38]   OK ESSEX COMPUTER TRAINING | 4.8* | 54 reviews
[01:46:43] [4459/5631] leadingtuition.co.uk
[01:46:43]   OK Leading Tuition | ph:020 7167 8440 | em:hello@leadingtuition.co.uk | 4.8* | 54 reviews |  
[01:46:47] [4460/5631] thetrainingumbrella.com
[01:46:48]   OK The Training Umbrella | ph:07984 154912 | em:martina@thetrainingumbrella.com | 4.8* | 54 reviews | London
[01:46:48]   [Progress saved: 4460 total leads]
[01:46:52] [4461/5631] tasharaforrest.com
[01:46:53]   OK Sleeke Entertainment LTD | ph:07943 383550 | 4.8* | 54 reviews
[01:46:56] [4462/5631] joshandpoliofficial.com
[01:46:57]   OK J&P Exclusive | em:team@joshandpoliofficial.com | 4.8* | 54 reviews
[01:47:01] [4463/5631] www.northwestfiretraining.co.uk
[01:47:02]   OK North West Fire Training | ph:0161 738 1011 | em:info@northwestfiretraining.co.uk | 4.8* | 53 reviews | Great Manchester
[01:47:06] [4464/5631] www.traininhealthandsafety.com
[01:47:06]   OK Traininhealthandsafety | 4.8* | 53 reviews | London
[01:47:10] [4465/5631] bright-on-photography.co.uk
[01:47:11]   OK Bright On Photography | em:eva@bright-on-photography.co.uk | 4.8* | 53 reviews | Hove
[01:47:15] [4466/5631] paws-therapydogs.com
[01:47:16]   OK PAWS Therapy Dog Training | em:team@paws-therapydogs.com | 4.8* | 53 reviews | Bracknell
[01:47:20] [4467/5631] rethinkdrink.co.uk
[01:47:21]   OK Rethink Drink | em:hello@rethinkdrink.co.uk | 4.8* | 53 reviews | Rugby
[01:47:25] [4468/5631] apexfitnesseducation.com
[01:47:25]   OK Apex Fitness Education | ph:07931278606 | em:support@apexfitnesseducation.com | 4.8* | 53 reviews | Thorpe Bay
[01:47:30] [4469/5631] therapyfit.co.uk
[01:47:30]   OK TherapyFit Training Academy | ph:03301227517 | em:info@therapyfit.co.uk | 4.8* | 53 reviews | Birmingham
[01:47:35] [4470/5631] directpartners.co.uk
[01:47:35]   OK Direct Partners Ltd. | ph:07942359642 | em:information@directpartners.co.uk | 4.8* | 52 reviews | Edinburgh
[01:47:39] [4471/5631] limitlessfitnessgyms.com
[01:47:40]   OK Limitless Lifestyle Community | 4.8* | 52 reviews
[01:47:43] [4472/5631] www.career4doctors.co.uk
[01:47:44]   OK Career4doctors | ph:07897774326 | em:Info@career4doctors.co.uk | 4.8* | 52 reviews | WALTHAM CROSS 
[01:47:47] [4473/5631] vocalhealth.co.uk
[01:47:47]   OK Vocal Health Education | em:admin@vocalhealth.co.uk | 4.8* | 52 reviews | London
[01:47:51] [4474/5631] marinapapa.com
[01:47:51]   OK marinapapa.com - Oceans Of Peace | em:info@marinapapa.com | 4.8* | 52 reviews | London
[01:47:56] [4475/5631] mpowerment.co.uk
[01:47:56]   OK Mpowerment | ph:07714291928 | em:info@mpowerment.co.uk | 4.8* | 52 reviews | Wolverhampton
[01:48:00] [4476/5631] miskocv.com
[01:48:00]   OK Misko CV | em:consultant@miskocv.com | 4.8* | 51 reviews
[01:48:03] [4477/5631] bcot.ac.uk
[01:48:04]   OK Aspiral Learning - Distance Learning Courses | ph:01256 306374 | em:distance.learning@bcot.ac.uk | 4.8* | 51 reviews | Basingstoke
[01:48:08] [4478/5631] algopro.ai
[01:48:08]   OK AlgoPro | em:info@algopro.ai  | 4.8* | 51 reviews | London
[01:48:11] [4479/5631] thequranhour.com
[01:48:12]   OK The Quran Hour | ph:07493198190 | em:Info@thequranhour.com | 4.8* | 51 reviews | London 
[01:48:16] [4480/5631] www.tom-kat.co.uk
[01:48:16]   OK Tomkat Gas Training Ltd | ph:01613437504 | em:info@tom-kat.co.uk | 4.8* | 50 reviews | Ashton-under-Lyne
[01:48:16]   [Progress saved: 4480 total leads]
[01:48:21] [4481/5631] kiwanohotels.com
[01:48:21]   OK The Tourism Reset | 4.8* | 50 reviews
[01:48:25] [4482/5631] thepositivecareercoach.com
[01:48:26]   OK The Positive Career Coach | em:andy@thepositivecareercoach.com | 4.8* | 50 reviews
[01:48:30] [4483/5631] district34.com
[01:48:30]   OK District 34 | em:hi@district34.com | 4.8* | 49 reviews | London
[01:48:34] [4484/5631] techinterview.coach
[01:48:34]   OK Tech Interview Coach | ph:07575171999 | em:hello@techinterview.coach | 4.8* | 49 reviews | London
[01:48:38] [4485/5631] missionmedicine.co.uk
[01:48:39]   OK Mission Medicine | em:hello@missionmedicine.co.uk | 4.8* | 49 reviews | Bristol
[01:48:43] [4486/5631] tjsarmy.co.uk
[01:48:43]   OK Tjsarmy | em:Signwithtashaandtj@gmail.com | 4.8* | 50 reviews
[01:48:47] [4487/5631] rythmico.com
[01:48:47]   OK Rythmico | em:info@rythmico.com  | 4.8* | 48 reviews | London
[01:48:51] [4488/5631] www.motorclaimguru.co.uk
[01:48:52]   OK Motorclaimguru ltd | em:timkelly@motorclaimguru.co.uk | 4.8* | 48 reviews | BURY
[01:48:56] [4489/5631] www.walsh-consulting.co.uk
[01:48:56]   OK Walsh Consulting | em:Dan@walsh-consulting.co.uk | 4.8* | 48 reviews | Greenhithe 
[01:49:01] [4490/5631] www.russjacksonacademy.com
[01:49:02]   OK Russ Jackson Academy | ph:+44 7896634015 | em:russ@russjacksonacademy.com | 4.8* | 48 reviews
[01:49:05] [4491/5631] www.thecoachingcatalysts.com
[01:49:06]   OK The Coaching Catalysts | ph:0333 344 2850 | em:hello@thecoachingcatalysts.com | 4.8* | 47 reviews |  Redbourn, St. Albans
[01:49:11] [4492/5631] www.lawmindmaps.com
[01:49:11]   OK LawMindMaps.com | em:help@lawmindmaps.com | 4.8* | 47 reviews
[01:49:14] [4493/5631] www.tavistocktutors.com
[01:49:15]   OK Tavistock Tutors | ph:+44 2078031190 | em:info@tavistocktutors.com | 4.8* | 47 reviews | London
[01:49:18] [4494/5631] www.booksforbugs.co.uk
[01:49:18]   OK Books for Bugs | ph:07931147955 | em:sally@booksforbugs.co.uk | 4.8* | 47 reviews | Gloucestershire
[01:49:21] [4495/5631] repeatforkids.co.uk
[01:49:22]   OK Repeatforkids | 4.8* | 47 reviews
[01:49:26] [4496/5631] thehealthandfitnesscoach.co.uk
[01:49:26]   OK The Health and Fitness Coach | ph:07769 690679 | em:rita@thehealthandfitnesscoach.co.uk | 4.8* | 46 reviews | Felixstowe
[01:49:29] [4497/5631] join.thesaco.co.uk
[01:49:30]   OK Host and Scale | em:hello@dobnb.io | 4.8* | 46 reviews | Manchester
[01:49:34] [4498/5631] b2bnctraining.co.uk
[01:49:35]   OK B2BNC Training Ltd | ph:02046340001 | em:support@b2bnctraining.co.uk | 4.8* | 46 reviews | London
[01:49:39] [4499/5631] www.powertutors.co.uk
[01:49:40]   OK Powertutors UK | 4.8* | 46 reviews
[01:49:43] [4500/5631] simpletefl.com
[01:49:43]   OK simpleTEFL | em:support@simpletefl.com | 4.8* | 46 reviews | London
[01:49:43]   [Progress saved: 4500 total leads]
[01:49:48] [4501/5631] edubridge.org.uk
[01:49:48]   OK EduBridge Tutoring | ph:020 8064 3655 | em:support@edubridge.org.uk | 4.8* | 46 reviews | London
[01:49:52] [4502/5631] excelr8learning.co.uk
[01:49:52]   OK Better Start Tuition (frmly Excelr8 Learning) | ph:02922 940651 | em:email@betterstarttuition.co.uk | 4.8* | 45 reviews | Newport
[01:49:56] [4503/5631] almiftah.org
[01:49:56]   OK Al Miftah Institute | ph:01753 373454 | em:info@islamiccourses.com | 4.8* | 45 reviews | Slough 
[01:50:01] [4504/5631] www.pioneerintervention.com
[01:50:02]   OK Pioneer Intervention  | ph:07739898876 | em:laurence@pioneerintervention.com | 4.8* | 45 reviews | Stamford
[01:50:06] [4505/5631] ukcpd.co.uk
[01:50:07]   OK UK College of Personal Development  | ph:01793511180 | em:tony@ukcpd.co.uk | 4.8* | 45 reviews | London
[01:50:10] [4506/5631] lavendertherapy.co.uk
[01:50:11]   OK Lavendertherapy | ph:01509 437416 | em:support@lavendertherapy.co.uk | 4.8* | 45 reviews | Nottinghamshire
[01:50:15] [4507/5631] lifesexperts.com
[01:50:16]   OK LIFESEXPERTS | ph:07593359159 | em:contact@lifesexperts.com | 4.8* | 45 reviews | Oxford
[01:50:20] [4508/5631] professionfocus.com
[01:50:20]   OK Profession Focus | ph:07545815547 | em:Vamshi@professionfocus.com | 4.8* | 45 reviews | London
[01:50:25] [4509/5631] www.samadhi.org.uk
[01:50:25]   OK Samadhi Retreats & Meditation | em:info@samadhi.org.uk | 4.8* | 45 reviews
[01:50:29] [4510/5631] holisticfamilymediation.co.uk
[01:50:30]   OK Holistic Family Mediation & Coaching | ph:03309127403 | em:sushma@holisticfamilymediation.co.uk | 4.8* | 45 reviews | Leicester 
[01:50:34] [4511/5631] achievegrade9.com
[01:50:34]   OK Achievegrade9 | ph:07405607000 | em:info@achievegrade9.com | 4.8* | 45 reviews | Amersham, Buckinghamshire
[01:50:37] [4512/5631] manjbahra.com
[01:50:38]   OK Manjbahra | em:manj@manjbahra.com | 4.8* | 45 reviews
[01:50:41] [4513/5631] scrumglobal.com
[01:50:42]   OK Agilityzer | ph:+44 2070961575 | em:training@agilityzer.com | 4.8* | 44 reviews | London
[01:50:45] [4514/5631] wearezesty.co.uk
[01:50:46]   OK Zesty CV | em:info@wearezesty.co.uk | 4.8* | 44 reviews | London
[01:50:50] [4515/5631] doxa.co.uk
[01:50:50]   OK Doxa | em:support@doxa.co.uk | 4.8* | 44 reviews
[01:50:53] [4516/5631] amyweidner.com
[01:50:54]   OK The BOLD Agency | em:info@amyweidner.com | 4.8* | 44 reviews | Bristol
[01:50:58] [4517/5631] teachtutti.co.uk
[01:50:58]   OK Teach Tutti | ph:020 8771 4513 | em:support@teachtutti.co.uk | 4.8* | 44 reviews | London
[01:51:01] [4518/5631] ridethewave.co.uk
[01:51:02]   OK #RideTheWave | ph:07870662283 | em:support@vectorgroup.co.uk | 4.8* | 44 reviews | Alderely Edge
[01:51:05] [4519/5631] destinationscoaching.co.uk
[01:51:06]   OK Destinations Coaching | ph:07977065070 | em:helen.robinson@destinationscoaching.co.uk | 4.8* | 44 reviews | Kirby in Furness
[01:51:09] [4520/5631] lo-kem.com
[01:51:09]   OK Lokem Ltd.  | ph:020 3488 1904 | em:info@lo-kem.com | 4.8* | 43 reviews | London
[01:51:09]   [Progress saved: 4520 total leads]
[01:51:13] [4521/5631] davewallphoto.co.uk
[01:51:13]   OK Dave Wall Photo Training | ph:07753196700 | em:studio@davewallphoto.co.uk | 4.8* | 43 reviews | Denton
[01:51:17] [4522/5631] www.brendanhope.com
[01:51:17]   OK Brendan Hope CV Writing | ph:+44 07879812987 | em:hello@brendanhope.com | 4.8* | 43 reviews
[01:51:21] [4523/5631] happyyoga.wales
[01:51:22]   OK Happy Yoga Wales | em:Paula@happyyoga.wales | 4.8* | 43 reviews | Conwy
[01:51:26] [4524/5631] gilandbricks.co.uk
[01:51:27]   OK Gil & Bricks | em:hello@gilandbricks.co.uk | 4.8* | 43 reviews | London
[01:51:31] [4525/5631] skltraining.co.uk
[01:51:31]   OK SKL Training | ph:07865611202 | em:Amanda@skltraining.co.uk | 4.8* | 43 reviews
[01:51:34] [4526/5631] searchtutor.co.uk
[01:51:35]   OK Search Tutor | ph:07909 023972 | em:info@searchtutor.co.uk | 4.8* | 43 reviews | London
[01:51:40] [4527/5631] www.ibbetter.com
[01:51:40]   OK IB Better | em:info@ibbetter.com | 4.8* | 43 reviews | Brighton
[01:51:44] [4528/5631] meritt.io
[01:51:44]   OK Meritt. | em:info@meritt.io | 4.8* | 42 reviews | London
[01:51:49] [4529/5631] gteamacademy.com
[01:51:49]   OK G Team Academy | em:info@gteamacademy.com | 4.8* | 42 reviews | London
[01:51:53] [4530/5631] summerboardingcourses.com
[01:51:54]   OK Summer Boarding Courses  | ph:+44 01943878518 | em:info@summerboardingcourses.co.uk | 4.8* | 42 reviews | London 
[01:51:58] [4531/5631] securitytrainingsolutionsltd.co.uk
[01:51:58]   OK Security Training Solutions | ph:07487495626 | em:info@securitytrainingsolutionsltd.co.uk | 4.8* | 42 reviews | Luton
[01:52:01] [4532/5631] yourfirstaid.co.uk
[01:52:02]   OK Your First Aid | ph:07581434267 | em:Chris@yourfirstaid.co.uk | 4.8* | 42 reviews
[01:52:05] [4533/5631] streetkat.com
[01:52:06]   OK Street Kat | 4.8* | 42 reviews | London
[01:52:11] [4534/5631] grasshoppercourse.com
[01:52:11]   OK Grasshopper Course | em:grasshopper.solution@gmail.com | 4.8* | 42 reviews | London
[01:52:14] [4535/5631] educationhotel.co.uk
[01:52:15]   OK The Education Hotel | ph:02078 460259 | em:info@educationhotel.co.uk | 4.8* | 41 reviews | Witney
[01:52:18] [4536/5631] www.fins.co.uk
[01:52:19]   OK Fins Scuba | ph:+44 1772788032 | em:shop@fins.co.uk | 4.8* | 41 reviews | Preston
[01:52:23] [4537/5631] passionfit.co.uk
[01:52:24]   OK Passion Fit Coaching | ph:07747601926 | em:loren@passionfit.co.uk | 4.8* | 41 reviews | Cheltenham
[01:52:28] [4538/5631] www.olesentuition.co.uk
[01:52:28]   OK olesentuition.co.uk | ph:+44 754911077 | em:jens@olesentuition.co.uk | 4.8* | 41 reviews | London
[01:52:33] [4539/5631] envision-markets.com
[01:52:33]   OK Envision Markets | 4.8* | 41 reviews
[01:52:37] [4540/5631] traders.mba
[01:52:37]   OK Traders MBA | em:info@traders.mba | 4.8* | 41 reviews | London
[01:52:37]   [Progress saved: 4540 total leads]
[01:52:42] [4541/5631] reelscene.co.uk
[01:52:43]   OK The Reel Scene | 4.8* | 40 reviews | London
[01:52:46] [4542/5631] elsyfx.net
[01:52:46]   OK Elsy Academy | em:elsyfxlq@gmail.com | 4.8* | 40 reviews | London
[01:52:50] [4543/5631] archilime.com
[01:52:50]   OK Archilime Academy | ph:01364654267 | em:academy@archilime.com | 4.8* | 39 reviews | Buckfastleigh
[01:52:54] [4544/5631] chalkboardtuition.com
[01:52:54]   OK Chalkboard Tuition | ph:07906987876 | em:debra.vincent@chalkboardtuition.com | 4.8* | 39 reviews | Sunderland
[01:52:58] [4545/5631] www.londonpilatesacademy.com
[01:52:59]   OK London Pilates Academy | 4.8* | 39 reviews
[01:53:04] [4546/5631] mindfuldating.co.uk
[01:53:04]   OK Mindful Dating | ph:07563795825 | em:info@mindfuldating.co.uk | 4.8* | 39 reviews | Glasgow
[01:53:08] [4547/5631] 3lm.network
[01:53:08]   OK 3LM | ph:+44 7446780081 | em:info@3lm.network | 4.8* | 39 reviews | Otley
[01:53:12] [4548/5631] mpe-tutors.com
[01:53:12]   OK Mathematics, Physics and Engineering (MPE) Tutors | ph:07813181101 | em:learn@mpe-tutors.com | 4.8* | 39 reviews | Wallingford
[01:53:16] [4549/5631] agasmith.com
[01:53:16]   OK Aga Smith - Be Osome Yogi | 4.8* | 39 reviews
[01:53:20] [4550/5631] sparkingstem.org
[01:53:20]   OK Sparking STEM | ph:01143034809 | em:info@sparkingstem.org | 4.8* | 38 reviews | Sheffield
[01:53:24] [4551/5631] beamtuition.co.uk
[01:53:24]   OK Beam Tuition | ph:01392581737 | em:info@beamtuition.co.uk | 4.8* | 38 reviews | Exeter
[01:53:28] [4552/5631] noiseacademy.co.uk
[01:53:28]   OK Noise Academy LTD | ph:0333 789 0153 | em:info@noiseacademy.co.uk | 4.8* | 38 reviews | Lincoln
[01:53:32] [4553/5631] mathematicswithwoody.com
[01:53:33]   OK Mathematics with Woody | em:info@mathematicswithwoody.com | 4.8* | 37 reviews | Enfield
[01:53:36] [4554/5631] textileartist.org
[01:53:37]   OK Stitch Club by TextileArtist.org | em:hello@textileartist.org | 4.8* | 37 reviews | Poole
[01:53:41] [4555/5631] awarenessinmind.co.uk
[01:53:41]   OK Hannah Paskin Therapy  | ph:07588576026 | 4.8* | 37 reviews | Middlewich
[01:53:45] [4556/5631] adamsanimationacademy.com
[01:53:45]   OK Adam’s Animation Academy Ltd | em:adam@adamsanimationacademy.com | 4.8* | 36 reviews | Stretford
[01:53:49] [4557/5631] www.ccst.co.uk
[01:53:49]   OK College of Cranio-Sacral Therapy | 4.8* | 36 reviews
[01:53:53] [4558/5631] dec-assess.com
[01:53:53]   OK Dec-Assess Ltd- | ph:02076860182 | em:andy@dec-assess.com | 4.8* | 36 reviews | London
[01:53:57] [4559/5631] www.powerthechange.com
[01:53:58]   OK Power the Change Ltd | em:info@powerthechange.com | 4.8* | 36 reviews | London
[01:54:02] [4560/5631] professionalprofits.com
[01:54:03]   OK Professional Profits | 4.8* | 36 reviews
[01:54:03]   [Progress saved: 4560 total leads]
[01:54:06] [4561/5631] espeak.online
[01:54:07]   OK Let's Talk Spanish | ph:+44 7743838292 | em:espeakspanish123@gmail.com | 4.8* | 36 reviews | London
[01:54:10] [4562/5631] dewidevelopment.co.uk
[01:54:11]   OK Dewi Development Ltd | ph:01792 824141 | em:info@dewidevelopment.co.uk | 4.8* | 36 reviews | Swansea
[01:54:14] [4563/5631] ibdoctor.co.uk
[01:54:14]   OK IB Doctor | em:hello@ibdoctor.co.uk | 4.8* | 36 reviews
[01:54:18] [4564/5631] www.dyslexiatestcentre.co.uk
[01:54:18]   OK Dyslexia Test Centre Ltd | ph:03316300583 | em:Learn@dyslexiatestcentre.co.uk | 4.8* | 35 reviews | London
[01:54:22] [4565/5631] littrainingacademy.com
[01:54:22]   OK LIT Training Academy | em:info@littrainingacademy.com | 4.8* | 35 reviews
[01:54:26] [4566/5631] rkycareers.com
[01:54:27]   OK Rkycareers | ph:07405758758 | em:support@rkycareers.com | 4.8* | 35 reviews | London
[01:54:31] [4567/5631] mathsalpha.com
[01:54:31]   OK Maths Alpha | em:contact@mathsalpha.com | 4.8* | 35 reviews | Potters Bar
[01:54:35] [4568/5631] flexebee.co.uk
[01:54:36]   OK Flexebee | ph:0330 159 5114 | em:info@flexebee.co.uk | 4.7* | 5963 reviews | Gatwick
[01:54:41] [4569/5631] www.drivetech.co.uk
[01:54:42]   OK Drivetech | em:customerexperience@drivetech.co.uk | 4.7* | 4843 reviews | Basingstoke
[01:54:45] [4570/5631] www.firsttutors.com
[01:54:46]   OK First Tutors | 4.7* | 4837 reviews
[01:54:49] [4571/5631] student.com
[01:54:50]   OK Student.com | ph:0800 652 4582 | em:contact@student.com  | 4.7* | 2521 reviews | London
[01:54:54] [4572/5631] ncchomelearning.co.uk
[01:54:55]   OK NCC Home Learning | ph:0333 344 5690 | em:marketing@nccresources.co.uk | 4.7* | 2130 reviews | Conwy
[01:54:59] [4573/5631] www.medicmind.co.uk
[01:55:00]   OK Medic Mind | ph:0203 305 9593 | em:info@medicmind.co.uk | 4.7* | 1582 reviews | London
[01:55:03] [4574/5631] www.cosmeticcourses.co.uk
[01:55:03]   OK Cosmetic Courses | ph:01844390110 | em:ask@cosmeticcourses.co.uk | 4.7* | 1332 reviews | Princes Risborough
[01:55:07] [4575/5631] sherpa-online.com
[01:55:07]   OK Sherpa Online | Marlow
[01:55:11] [4576/5631] www.healthandsafetytraining1st.co.uk
[01:55:11]   OK Health & Safety Training 1st | ph:03301226126 | em:hello@healthandsafetytraining1st.co.uk | 4.7* | 936 reviews | London
[01:55:15] [4577/5631] inpd.co.uk
[01:55:16]   OK In Professional Development | ph:01615092999 | em:info@inpd.co.uk | 4.7* | 878 reviews | Wigan
[01:55:20] [4578/5631] 1acesecurity.co.uk
[01:55:21]   OK 1 Ace Training Ltd | ph:02039834570 | em:info@1acetraining.co.uk | 4.7* | 876 reviews | London
[01:55:24] [4579/5631] www.tefl.org
[01:55:25]   OK The TEFL Org | ph:01349800600 | em:info@tefl.org | 4.7* | 672 reviews | Inverness
[01:55:29] [4580/5631] newtotraining.com
[01:55:30]   OK Newto Training | ph:020 3936 0330 | em:hello@newtotraining.com | 4.7* | 650 reviews | London
[01:55:30]   [Progress saved: 4580 total leads]
[01:55:34] [4581/5631] medicmentor.org
[01:55:35]   OK Medic Mentor  | ph:01530 417299 | em:Please use our contact form: https://medicmentor.org/contact_us/ | 4.7* | 651 reviews
[01:55:38] [4582/5631] swooshenglish.com
[01:55:38]   OK Swoosh English | em:enquiries@swooshenglish.com | 4.7* | 577 reviews
[01:55:43] [4583/5631] www.onlinebusinessschool.com
[01:55:44]   OK Online Business School | ph:0333 772 1158 | em:info@onlinebusinessschool.com | 4.7* | 555 reviews | Coventry
[01:55:47] [4584/5631] www.thephotographyinstitute.co.uk
[01:55:47]   OK The Photography Institute | em:support-uk-en@service.thephotographyinstitute.com | 4.7* | 445 reviews | London
[01:55:52] [4585/5631] youngvibes.co.uk
[01:55:52]   OK Young Vibes | ph:0330 133 8586 | em:Hello@youngvibes.co.uk | 4.7* | 441 reviews | Canary Wharf, London
[01:55:56] [4586/5631] www.uniadmissions.co.uk
[01:55:57]   OK UniAdmissions | ph:020 8068 0438 | 4.7* | 428 reviews | London
[01:56:01] [4587/5631] theinterngroup.com
[01:56:03]   OK The Intern Group | ph:02071934188 | em:info@theinterngroup.com | 4.7* | 414 reviews
[01:56:06] [4588/5631] teacherstrainingcollege.com
[01:56:07]   OK International College of Teachers and Trainers | ph:+44 8082711018 | em:info@teacherstrainingcollege.com | 4.7* | 372 reviews | London
[01:56:11] [4589/5631] www.debatechamber.com
[01:56:11]   OK Debate Chamber | ph:08008101058 | em:info@debatechamber.com | 4.7* | 365 reviews | London
[01:56:16] [4590/5631] www.velocity-pt.co.uk
[01:56:17]   OK Velocity Academy | ph:01132866453 | em:info@velocity-pt.co.uk | 4.7* | 341 reviews | Garforth
[01:56:20] [4591/5631] beststudenthalls.com
[01:56:20]   OK Best Student Halls | ph:020 3095 8888 | em:info@beststudenthalls.com | 4.7* | 336 reviews | London
[01:56:25] [4592/5631] newassignmenthelp.co.uk
[01:56:25]   OK New Assignment Help | Greater London
[01:56:29] [4593/5631] e-courses4you.com
[01:56:30]   OK e-courses4you | ph:02032827122 | em:support@e-courses4you.com | 4.7* | 282 reviews | Harlow
[01:56:34] [4594/5631] learnads.io
[01:56:34]   OK LearnAds | em:support@learnads.io | 4.7* | 263 reviews
[01:56:39] [4595/5631] resume-writers.org
[01:56:40]   OK Global Resume Writers | em:info@resume-writers.org | 4.7* | 244 reviews | London
[01:56:44] [4596/5631] harleyacademy.com
[01:56:44]   OK Harley Academy | ph:0203 859 7598 | em:enquiries@harleyacademy.com | 4.7* | 229 reviews | London
[01:56:49] [4597/5631] elevenplusexams.co.uk
[01:56:50]   OK Eleven Plus Exams | ph:020 8204 5060 | em:11plus@elevenplusexams.co.uk | 4.7* | 228 reviews | London
[01:56:54] [4598/5631] learnq.co.uk
[01:56:54]   OK Learn Q | ph:0333 444 1302 | em:admin@learnq.co.uk | 4.7* | 226 reviews | Knaresborough
[01:56:58] [4599/5631] launchpadlearning.com
[01:56:59]   OK Launchpad Learning | em:hello@launchpadlearning.com | 4.7* | 215 reviews | London
[01:57:03] [4600/5631] letslearnspanish.co.uk
[01:57:04]   OK іVamos! Let's Learn Spanish | ph:+44 02072423436 | em:support@letslearnspanish.co.uk | 4.7* | 191 reviews | London 
[01:57:04]   [Progress saved: 4600 total leads]
[01:57:09] [4601/5631] fitproperty.com
[01:57:09]   OK Fitproperty | ph:0114 272 5773 | em:hello@fitproperty.com | 4.7* | 191 reviews | Sheffield
[01:57:14] [4602/5631] hbcompliance.co.uk
[01:57:14]   OK Healthier Business Group | ph:0141 889 5522 | em:support@hbcompliance.co.uk | 4.7* | 185 reviews | Paisley
[01:57:17] [4603/5631] ukhypnosis.com
[01:57:18]   OK The UK College of Hypnosis and Hypnotherapy | ph:020 7112 9040 | em:enquiries@ukhypnosis.com | 4.7* | 173 reviews | London
[01:57:21] [4604/5631] sensoryhugs.co.uk
[01:57:22]   OK Sensory Hugs | em:info@sensoryhugs.co.uk | 4.7* | 171 reviews
[01:57:27] [4605/5631] www.learninglounge.com
[01:57:27]   OK LearningLounge.com | ph:03303 41 1111 | em:info@learninglounge.com | 4.7* | 171 reviews | Strood
[01:57:30] [4606/5631] www.chapmanblack.com
[01:57:31]   OK ChapmanBlack | ph:+44 2071007777 | em:info@chapmanblack.com  | 4.7* | 167 reviews | London
[01:57:35] [4607/5631] edvoro.com
[01:57:35]   OK Edvoro  | ph:+44 2045193330 | em:Admission@edvoro.com | 4.7* | 162 reviews | London 
[01:57:39] [4608/5631] futureskill.online
[01:57:39]   OK Future Skills Academy Online | ph:+44 2081870212 | em:info@futureskill.online | 4.7* | 159 reviews | London
[01:57:42] [4609/5631] focusonlearning.co.uk
[01:57:42]   OK FoL English | em:info@folenglish.com | 4.7* | 158 reviews
[01:57:46] [4610/5631] sarah.capua.co
[01:57:46]   OK Sarah Academy | ph:+44 8006889048 | em:sarah@capua.co | 4.7* | 154 reviews | London
[01:57:50] [4611/5631] beeautomation.co.uk
[01:57:51]   OK Bee Automation | ph:+44 7480784036 | em:chris@beeautomation.co.uk | 4.7* | 143 reviews | Stowmarket
[01:57:54] [4612/5631] mobiletutors.co.uk
[01:57:54]   OK Mobile Tutors | ph:020 8059 3131 | em:info@mobiletutors.co.uk | 4.7* | 140 reviews | London
[01:57:59] [4613/5631] i-successacademy.co.uk
[01:57:59]   OK i-Success Academy | ph:02031501284 | em:info@i-successacademy.co.uk | 4.7* | 126 reviews | East Tilbury
[01:58:03] [4614/5631] holooly.com
[01:58:03]   OK holooly.com | ph:+971566796900 | em:info@holooly.com | 4.7* | 119 reviews
[01:58:08] [4615/5631] essentialsafetytraining.org.uk
[01:58:08]   OK Essential Safety Training | ph:+44 2038157703 | em:info@essentialsafetytraining.org.uk | 4.7* | 117 reviews | London
[01:58:12] [4616/5631] ameentutors.com
[01:58:13]   OK Ameen Tutors | ph:02034880322 | em:principal@ameentutors.com | 4.7* | 111 reviews | London
[01:58:18] [4617/5631] www.congrapps.com
[01:58:18]   OK Congrapps | em:info@congrapps.com | 4.7* | 108 reviews | London
[01:58:23] [4618/5631] clubcloser.com
[01:58:23]   OK Clubcloser | em:marcus@clubcloser.com | 4.7* | 103 reviews | London
[01:58:28] [4619/5631] railfutures.co.uk
[01:58:28]   OK Railfutures | 4.7* | 101 reviews
[01:58:33] [4620/5631] www.seveninstitute.co.uk
[01:58:34]   OK Seven Institute | ph:0800 1337 401 | em:info@seveninstitute.co.uk | 4.7* | 100 reviews | Harpenden
[01:58:34]   [Progress saved: 4620 total leads]
[01:58:38] [4621/5631] skyhightuition.co.uk
[01:58:38]   OK SKY-HIGH TUITION | ph:07862218197 | em:info@skyhightuition.co.uk | 4.7* | 90 reviews | Manchester 
[01:58:41] [4622/5631] theacademylearning.co.uk
[01:58:42]   OK The Academy Learning Centre | ph:02036039502 | em:hello@theacademylearning.co.uk | 4.7* | 90 reviews | London
[01:58:47] [4623/5631] www.hawkeyefalconry.co.uk
[01:58:47]   OK Hawkeye Falconry UK | ph:01584777299 | em:info@hawkeyefalconry.co.uk | 4.7* | 87 reviews | Ludlow
[01:58:52] [4624/5631] plagiarismcheck.org
[01:58:52]   OK PlagiarismCheck | ph:+44 8081648384 | em:support@plagiarismcheck.org | 4.7* | 86 reviews | Bromley
[01:58:56] [4625/5631] britishcollegeofprofessionalstyling.com
[01:58:56]   OK British College of Professional Styling | em:questions@britishcollegeofprofessionalstyling.com | 4.7* | 85 reviews | Online
[01:59:00] [4626/5631] norfolkfxtrader.com
[01:59:00]   OK Norfolk FX Trader | em:sales@norfolkfxtrader.com | 4.7* | 84 reviews
[01:59:04] [4627/5631] purplebeard.co.uk
[01:59:04]   OK Purple Beard Ltd | ph:02080454405 | em:recruitment@purplebeard.co.uk | 4.7* | 82 reviews | Ruislip
[01:59:09] [4628/5631] careers-in-sport.co.uk
[01:59:09]   OK Careers in Sport | em:info@careers-in-sport.co.uk | 4.7* | 83 reviews | Reading
[01:59:13] [4629/5631] www.mimastraining.com
[01:59:13]   OK Mimas Training | ph:01473 550350 | em:Social@Mimastraining.com | 4.7* | 71 reviews | Ipswich
[01:59:17] [4630/5631] medicpaths.com
[01:59:17]   OK Medicpaths
[01:59:21] [4631/5631] 8billionideas.com
[01:59:22]   OK 8billionideas | em:hello@8billionideas.com | 4.7* | 69 reviews | London
[01:59:26] [4632/5631] blakeytrades.com
[01:59:27]   OK Blakeytrades | 4.7* | 68 reviews
[01:59:31] [4633/5631] talkingturtle.co.uk
[01:59:31]   OK Talking Turtle | ph:01772297050 | em:info@talkingturtle.co.uk | 4.7* | 68 reviews | Chorley
[01:59:36] [4634/5631] agilityzer.com
[01:59:36]   OK Agilityzer | ph:+44 2070961575 | em:info@agilityzer.com | 4.7* | 67 reviews | London 
[01:59:40] [4635/5631] learningquraninstitute.com
[01:59:41]   OK Learningquraninstitute | ph:+44 7848008574 | em: info@learningquraninstitute.com | 4.7* | 67 reviews | London
[01:59:45] [4636/5631] examhappy.co.uk
[01:59:45]   OK Exam Happy | ph:07759 227029 | em:support@examhappy.co.uk | 4.7* | 65 reviews | London
[01:59:49] [4637/5631] accesscoursesonline.com
[01:59:49]   OK Access Courses Online | ph:01223 637029 | em:enquiries@cambridgeonlineeducation.com | 4.7* | 65 reviews | Cambridge
[01:59:54] [4638/5631] www.completehgv.co.uk
[01:59:54]   OK Complete HGV | ph:02476019933 | em:kate@completehgv.co.uk | 4.7* | 64 reviews | Coventry
[01:59:57] [4639/5631] benedyktandsylvester.com
[01:59:58]   OK Benedykt and Sylvester Ltd | em:hello@benedyktandsylvester.com | 4.7* | 62 reviews
[02:00:02] [4640/5631] active-class.com
[02:00:03]   OK Active-Class | em:info@active-class.com | 4.7* | 61 reviews | Canterbury
[02:00:03]   [Progress saved: 4640 total leads]
[02:00:08] [4641/5631] onlineacademies.co.uk
[02:00:09]   OK Online Academies | 4.7* | 61 reviews | Bournemouth
[02:00:12] [4642/5631] musecool.com
[02:00:13]   OK Musecool | ph:0203 582 0699 | em:info@musecool.com | 4.7* | 61 reviews | London
[02:00:17] [4643/5631] hsqeconsultancy.co.uk
[02:00:18]   OK Hsqeconsultancy | ph:01252 214 075 | em:training@hsqeconsultancy.co.uk | 4.7* | 59 reviews | Hampshire
[02:00:22] [4644/5631] www.diit-traininguk.co.uk
[02:00:22]   OK DiiT UK Consulting Ltd | ph:07435318115 | em:info@diit-traininguk.co.uk | 4.7* | 57 reviews | Dartford
[02:00:25] [4645/5631] themff.co.uk
[02:00:26]   OK Muslim Family Foundation | em:support@themff.co.uk | 4.7* | 56 reviews | LUTON
[02:00:31] [4646/5631] schoolofleadership.co.uk
[02:00:31]   OK Britannia School of Leadership and Management | ph:02038905504 | em:info@schoolofleadership.co.uk | 4.7* | 56 reviews | London
[02:00:35] [4647/5631] britishmedicalexperts.com
[02:00:35]   OK British Medical Experts | em:reports@britishmedicalexperts.com | 4.7* | 55 reviews | Holborn 
[02:00:39] [4648/5631] themodelbuilders.co.uk
[02:00:40]   OK Themodelbuilders | ph:02070794501 | em:enquiries@thebluerooms.net | 4.7* | 55 reviews | London
[02:00:43] [4649/5631] www.betterequipped.co.uk
[02:00:43]   OK BETTER EQUIPPED EDUCATIONAL SUPPLIES | ph:01270781238 | em:sales@betterequipped.co.uk | 4.7* | 55 reviews | Wrenbury
[02:00:47] [4650/5631] taalamlc.com
[02:00:48]   OK Taalamlc | 4.7* | 54 reviews
[02:00:51] [4651/5631] glowupbeautyandtraining.com
[02:00:51]   OK Glow Up Beauty, Aesthetics & Training | em:Hello@glowupbeautyandtraining.com | 4.7* | 54 reviews | Dudley
[02:00:55] [4652/5631] chloeinspires.co.uk
[02:00:55]   OK Chloeinspires Limited | ph:07932152454 | em:chloeinspires.coaching@gmail.com | 4.7* | 53 reviews | London
[02:00:59] [4653/5631] ultra.education
[02:00:59]   OK Ultra Education | ph:0800 211 8133 | em:info@ultra.education | 4.7* | 53 reviews | London
[02:01:03] [4654/5631] exam.tips
[02:01:04]   OK Exam.tips | ph:0800 689 1972 | em:info@exam.tips | 4.7* | 53 reviews
[02:01:08] [4655/5631] stgeorges.co.uk
[02:01:08]   OK St George English School | ph:+44 02072991700 | em:info@stgeorges.co.uk | 4.7* | 53 reviews | London
[02:01:12] [4656/5631] youronelife.co.uk
[02:01:12]   OK YourOneLife | ph:07761 422647 | em:claire@youronelife.co.uk | 4.7* | 52 reviews | Dover 
[02:01:17] [4657/5631] summitfitnesssolutions.com
[02:01:17]   OK Summitfitnesssolutions | ph:07971512158 | em:info@summitfitnesssolutions.com | 4.7* | 50 reviews | Abergele
[02:01:21] [4658/5631] concept.study
[02:01:22]   OK Concept.Study | ph:07391655083 | em:support@concept.study | 4.7* | 49 reviews | London
[02:01:26] [4659/5631] academize.co.uk
[02:01:27]   OK Academize | em:support@academize.co.uk | 4.7* | 49 reviews | Chester
[02:01:31] [4660/5631] amchemtutoring.com
[02:01:31]   OK Amchemtutoring | em:info@amchemtutoring.com | 4.7* | 49 reviews | London
[02:01:31]   [Progress saved: 4660 total leads]
[02:01:35] [4661/5631] british-sign.co.uk
[02:01:35]   OK british-sign.co.uk | em:hello@british-sign.co.uk | 4.7* | 48 reviews
[02:01:39] [4662/5631] eximuseducation.com
[02:01:39]   OK Eximus Education | ph:02039001062 | em:info@eximuseducation.com | 4.7* | 48 reviews | London
[02:01:43] [4663/5631] breakintotech.co.uk
[02:01:43]   OK Breakintotech | ph:07508332433 | em:jaypuaceo@gmail.com | 4.7* | 47 reviews | Birmingham
[02:01:48] [4664/5631] skywardtraining.co.uk
[02:01:48]   OK Skyward Training Limited | ph:01708 361430 | em:Training@skywardtraining.co.uk  | 4.7* | 47 reviews | Essex 
[02:01:52] [4665/5631] uxpeak.com
[02:01:53]   OK Uxpeak | em:support@uxpeak.com | 4.7* | 47 reviews
[02:01:57] [4666/5631] onlinesellerscircle.com
[02:01:58]   OK Online Sellers Circle Ltd | 4.7* | 45 reviews
[02:02:02] [4667/5631] worldteflinstitute.net
[02:02:03]   OK World TEFL Institute | em:contact@worldteflinstitute | 4.7* | 43 reviews
[02:02:06] [4668/5631] desa.org.uk
[02:02:07]   OK Darnall Education & Sports Academy (DESA) | ph:+44 1143124992 | em:info@desa.org.uk | 4.7* | 43 reviews | Sheffield
[02:02:10] [4669/5631] meditutor.co.uk
[02:02:10]   OK MediTutor | ph:07588577794 | em:meditutornorthwest@gmail.com | 4.7* | 43 reviews | Liverpool
[02:02:14] [4670/5631] kayscience.com
[02:02:14]   OK KayScience.com & GCSE Science Tuition | em:info@kayscience.com | 4.7* | 43 reviews
[02:02:19] [4671/5631] bmhtraining.co.uk
[02:02:19]   OK BMH Training Limited | ph:01942261342 | em:info@bmhtraining.co.uk | 4.7* | 43 reviews | Leigh
[02:02:23] [4672/5631] learningandexploringthroughplay.com
[02:02:23]   OK Learning & Exploring Through Play | em:amy@learningandexploringthroughplay.com | 4.7* | 42 reviews | Birmingham
[02:02:28] [4673/5631] learnfluid.com
[02:02:28]   OK Learnfluid | ph:(741) 861-0916 | em:contact@learnfluid.com | 4.7* | 42 reviews | Beckenham
[02:02:33] [4674/5631] masterclearaligner.com
[02:02:33]   OK MasterClearAligner Course | ph:02081333230 | em:admin@masterclearaligner.com | 4.7* | 42 reviews |  London
[02:02:37] [4675/5631] creatept.com
[02:02:38]   OK Create PT | ph:01245 905954 | em:info@creatept.com | 4.7* | 41 reviews | Maldon
[02:02:41] [4676/5631] studyfromhome.co.uk
[02:02:41]   OK Study from Home | ph:01902 810448 | em:info@studyfromhome.co.uk | 4.7* | 41 reviews | Codsall
[02:02:44] [4677/5631] gmhplanning.co.uk
[02:02:46]   OK GMH Planning - NEC Training | ph:+44 2045837522 | 4.7* | 41 reviews | Redhill
[02:02:50] [4678/5631] www.masterthemarkets.net
[02:02:50]   OK Master the Markets | ph:+44 2070978739 | em:info@masterthemarkets.net | 4.7* | 40 reviews | London
[02:02:54] [4679/5631] medspire.co.uk
[02:02:54]   OK Medspire | ph:07735470164 | em:info@medspire.co.uk | 4.7* | 40 reviews | London
[02:02:58] [4680/5631] hello-homie.com
[02:02:58]   OK Homie | ph:0204 614 49 49 | em:contact@hello-homie.com | 4.7* | 39 reviews | London
[02:02:58]   [Progress saved: 4680 total leads]
[02:03:02] [4681/5631] sasharussial.co.uk
[02:03:02]   OK Sasha Russial | em:sales@sasharussial.co.uk | 4.7* | 39 reviews
[02:03:06] [4682/5631] truemedic.co.uk
[02:03:06]   OK Truemedic Ltd | ph:07732321712 | em:Info@truemedic.co.uk | 4.7* | 39 reviews | Brentwood 
[02:03:10] [4683/5631] qualifiedtutor.org
[02:03:10]   OK Qualified Tutor Ltd. | em:hello@qualifiedtutor.org | 4.7* | 38 reviews | London
[02:03:13] [4684/5631] infrassistance.com
[02:03:14]   OK Infrassistance | ph:01344567222 | em:enquiries@infrassistance.com | 4.7* | 38 reviews | HORSHAM
[02:03:17] [4685/5631] therebelschool.com
[02:03:18]   OK therebelschool.com | 4.7* | 38 reviews
[02:03:21] [4686/5631] lydias-tuition.co.uk
[02:03:21]   OK LS Tuition - Edinburgh Primary School Tutor | ph:07427897507 | em:lydia@lstuition.co.uk | 4.7* | 38 reviews | Edinburgh
[02:03:26] [4687/5631] everythingmri.com
[02:03:26]   OK Everything MRI | em:info.everythingmri@gmail.com | 4.7* | 38 reviews | London
[02:03:29] [4688/5631] casestudyhelp.com
[02:03:30]   OK Case Study Help .Com | 4.7* | 37 reviews | Darwin City
[02:03:33] [4689/5631] imoves.com
[02:03:34]   OK Imoves | ph:07944099569 | em:ian@imoves.com | 4.7* | 37 reviews | SOUTH YORKSHIRE
[02:03:37] [4690/5631] sendmeyourcv.com
[02:03:37]   OK Send Me Your CV | em:sendmeyourcvtoday@outlook.com | 4.7* | 37 reviews | Hull
[02:03:40] [4691/5631] onboardmaritime.com
[02:03:41]   OK Onboard Maritime | ph:0344 090 3004 | em:info@onboardmaritime.com | 4.7* | 37 reviews | Glasgow
[02:03:44] [4692/5631] islamiccourses.com
[02:03:45]   OK IslamicCourses.com | em:info@islamiccourses.com | 4.7* | 36 reviews
[02:03:49] [4693/5631] traveljournalismcourse.co.uk
[02:03:50]   OK British College of Journalism  | em:questions@traveljournalismcourse.co.uk | 4.7* | 36 reviews | Online
[02:03:55] [4694/5631] readwithus.org.uk
[02:03:55]   OK Read With Us | 4.7* | 36 reviews
[02:03:58] [4695/5631] dental-tutors.com
[02:03:59]   OK Dental Tutors | ph:07969347015 | em:info@dental-tutors.com  | 4.7* | 36 reviews | London 
[02:04:03] [4696/5631] ambitiouslearningtuition.co.uk
[02:04:03]   OK Ambitious Learning Tuition | ph:02081157933 | em:Info@ambitiouslearningtuition.co.uk | 4.7* | 36 reviews | Orpington 
[02:04:07] [4697/5631] notgoingtouni.co.uk
[02:04:08]   OK Not Going To Uni | ph:02036912800 | em:info@notgoingtouni.co.uk | 4.7* | 36 reviews | Buckhurst Hill
[02:04:12] [4698/5631] zahidcareers.com
[02:04:12]   OK Zahidcareers | ph:07508842104 | em:zahid@zahidcareers.com | 4.7* | 35 reviews | Coventry
[02:04:16] [4699/5631] www.mindboostlearning.com
[02:04:16]   OK mindboost. | em:hello@mindboostlearning.com | 4.7* | 35 reviews | Hull
[02:04:20] [4700/5631] www.londonmathstutors.co.uk
[02:04:20]   OK London Maths, Physics & Chemistry Tutors | ph:0044 7429622586 | em:Enquiries@londonmathstutors.co.uk | 4.7* | 35 reviews | Watford
[02:04:20]   [Progress saved: 4700 total leads]
[02:04:24] [4701/5631] ilfordtutoring.co.uk
[02:04:24]   OK Get Smart Tutoring Barkingside ( Ilford Tutoring) | ph:0208503 9272 | em:hello@ilfordtutoring.co.uk | 4.7* | 35 reviews | Ilford
[02:04:28] [4702/5631] essexskills.co.uk
[02:04:29]   OK Essex Skills Centre | ph:01206484219 | em:hello@essexskills.co.uk | 4.7* | 35 reviews
[02:04:32] [4703/5631] growachievesoar.com
[02:04:33]   OK Grow Achieve Soar Academies | ph:07780375542 | em:info@growachievesoar.com | 4.7* | 35 reviews | London 
[02:04:36] [4704/5631] nationalupskill.co.uk
[02:04:36]   OK National Upskill | ph:0333 772 9534 | em:stuart.prior@nationalupskill.co.uk | 4.7* | 35 reviews | Kenley
[02:04:41] [4705/5631] lubasmedical.com
[02:04:42]   OK Lubas Medical | ph:02921304101 | em:info@lubasmedical.com | 4.7* | 35 reviews | CARDIFF
[02:04:45] [4706/5631] happyschoolbag.co.uk
[02:04:45]   OK Happyschoolbag | ph:01708685071 | em:info@happyschoolbag.co.uk | 4.7* | 35 reviews | West Thurrock
[02:04:49] [4707/5631] luxome.co.uk
[02:04:50]   OK Luxome | ph:01618770147 | em:hello@luxome.co.uk | 4.7* | 34 reviews | Manchester
[02:04:54] [4708/5631] webagencyaccelerator.com
[02:04:54]   OK Web Agency Accelerator | 4.7* | 34 reviews
[02:04:58] [4709/5631] eventschool.london
[02:04:58]   OK The Event School London | ph:+44 02032390950 | em:info@eventschool.london | 4.7* | 34 reviews | London
[02:05:02] [4710/5631] proofmaster.co.uk
[02:05:03]   OK Proof Master | em:Info@proofmaster.co.uk | 4.7* | 34 reviews | London
[02:05:06] [4711/5631] www.phillhanlon.com
[02:05:07]   OK Phill Hanlon Coaching Int. | ph:07482426530 | em:phill@phillhanlon@com | 4.7* | 34 reviews | Cardiff
[02:05:10] [4712/5631] ravenconnelly.com
[02:05:10]   OK Investment Success Ben Academy Ltd (Ben Hung)  | ph:07519501616 | em:raven.hung@outlook.com  | 4.7* | 34 reviews
[02:05:14] [4713/5631] limt.co.uk
[02:05:14]   OK LIMT | ph:02038071494 | em:info@limt.co.uk | 4.7* | 34 reviews | Ilford
[02:05:18] [4714/5631] nagstraining.com
[02:05:19]   OK Nags Training Solutions | ph:+44 7942468967 | em:Info@NagsTraining.com | 4.7* | 34 reviews | Inverness
[02:05:23] [4715/5631] topredcvs.com
[02:05:23]   OK Top Red CVs | em:support@topredcvs.co.uk | 4.7* | 34 reviews | Henley on Thames
[02:05:26] [4716/5631] new-u-coaching.com
[02:05:27]   OK New-U-Coaching | ph:07740818944 | em:Info@new-u-coaching.com | 4.7* | 34 reviews | Leatherhead
[02:05:31] [4717/5631] skillsforlifecoaching.co.uk
[02:05:32]   OK Skills for Life Coaching | ph:07977497209 | em:info@skillsforlifecoaching | 4.7* | 34 reviews | Guildford
[02:05:36] [4718/5631] tutorsfy.co.uk
[02:05:37]   OK Tutorsfy | em:care@tutorsfy.co.uk | 4.7* | 34 reviews
[02:05:41] [4719/5631] interiordesignershub.co.uk
[02:05:41]   OK The Interior Designers Hub | ph:020 348 84181 | em:hello@interiordesignershub.co.uk | 4.7* | 33 reviews | London
[02:05:45] [4720/5631] tradingschool.uk
[02:05:46]   OK DND Trading School | 4.7* | 33 reviews
[02:05:46]   [Progress saved: 4720 total leads]
[02:05:51] [4721/5631] themerahgroup.com
[02:05:51]   OK The MerahGroup Ltd | em:themerahgroup@gmail.com | 4.7* | 33 reviews | London
[02:05:55] [4722/5631] poemanalysis.com
[02:05:55]   OK Poem Analysis | em:support@poemanalysis.com | 4.7* | 33 reviews | London
[02:05:58] [4723/5631] rightdriveacademy.co.uk
[02:05:58]   OK RIGHT DRIVE ACADEMY OF MOTORING | ph:07957552901 | em:info@rightdriveacademy.co.uk | 4.7* | 33 reviews | Birmingham
[02:06:03] [4724/5631] www.face2facebeautyacademy.co.uk
[02:06:03]   OK Face2Face Beauty Academy | ph:07548877789 | em:amanda@face2facebeautyacademy.co.uk | 4.7* | 33 reviews | Chesterfield
[02:06:08] [4725/5631] zenmymind.co.uk
[02:06:08]   OK Zen My Mind - Systemic Constellation Therapy | ph:02039165574 | em:info@zenmymind.co.uk | 4.7* | 33 reviews | London
[02:06:13] [4726/5631] livecollege.co.uk
[02:06:13]   OK Livecollege | ph:+44 7426488419 | em:livecollege.lk@gmail.com | 4.7* | 32 reviews | Meegoda
[02:06:17] [4727/5631] surrealdigital.co.uk
[02:06:17]   OK Surreal Digital | ph:07379 251510 | em:hello@surrealdigital.co.uk | 4.7* | 32 reviews | London
[02:06:22] [4728/5631] okallcorrect.co.uk
[02:06:22]   OK 'Ok!' Online Language School | em:INFO@OKALLCORRECT.CO.UK | 4.7* | 32 reviews
[02:06:26] [4729/5631] thecvbee.co.uk
[02:06:26]   OK The CV Bee | ph:0161 706 1022 | em:hello@thecvbee.co.uk | 4.7* | 32 reviews | Manchester
[02:06:30] [4730/5631] daltonchemistrytuition.com
[02:06:31]   OK Dalton Chemistry Tuition | 4.7* | 32 reviews
[02:06:34] [4731/5631] thegradsoc.com
[02:06:35]   OK thegradsoc.com | ph:07557048782 | em:george@thegradsoc.com | 4.7* | 32 reviews | Leamington Spa
[02:06:39] [4732/5631] speechhub.co.uk
[02:06:40]   OK Speech Hub | ph:07565 174 347 | em:info@speechhubuk.com | 4.7* | 32 reviews
[02:06:44] [4733/5631] digitalartsbox.org
[02:06:44]   OK Digital Arts Box CIC | ph:01514332223 | em:info@digitalartsbox.org | 4.7* | 32 reviews | RUNCORN
[02:06:48] [4734/5631] ukknowledgeguru.co.uk
[02:06:49]   OK Free UK Guide  | em:Dr_khan@consultant.com | 4.7* | 32 reviews
[02:06:53] [4735/5631] practicalskill.co.uk
[02:06:53]   OK Practical Skill Training Ltd | ph:07709 453755 | em:contact@practicalskill.co.uk | 4.7* | 32 reviews
[02:06:57] [4736/5631] silvertrowel.co.uk
[02:06:58]   OK Silver Trowel | ph:01252 447868 | em:info@silvertrowel.co.uk | 4.7* | 32 reviews | Aldershot
[02:07:02] [4737/5631] awediscounts.com
[02:07:02]   OK AWE Discounts | em:debbie@awediscounts.com | 4.7* | 32 reviews | Waltham Abbey
[02:07:06] [4738/5631] thebubbleventure.co.uk
[02:07:07]   OK The bubble venture | ph:07932190645 | em:katierhodes@thebubbleventure.co.uk | 4.7* | 32 reviews | Huddersfield 
[02:07:11] [4739/5631] beyondblocks.co.uk
[02:07:11]   OK Beyond Blocks | em:info@beyondblocks.co.uk | 4.7* | 32 reviews | London
[02:07:15] [4740/5631] stepahead-tutoring.com
[02:07:15]   OK Step Ahead English Tuition | ph:07309579911 | em:nick.watkinson@stepahead-tutoring.com | 4.7* | 32 reviews | Darlington
[02:07:15]   [Progress saved: 4740 total leads]
[02:07:19] [4741/5631] educatefirst.co.uk
[02:07:20]   OK EducateFirst Tuition Centre | ph:0113 265 3459 | em:info@educatefirst.co.uk | 4.7* | 32 reviews | BRADFORD centre: The Grange Interlink Centre, Summerville Road, BD7 1PX.
[02:07:23] [4742/5631] pcoplus.co.uk
[02:07:23]   OK PCO PLUS London Topographical and Seru  | ph:020 7665 0513 | em:Info@pcoplus.co.uk | 4.7* | 32 reviews | London
[02:07:27] [4743/5631] emilyoliviacoaching.com
[02:07:27]   OK Natural Pro Coaching | em:Emilyoliviacoaching@gmail.com | 4.7* | 32 reviews
[02:07:31] [4744/5631] giftedthinkers.co.uk
[02:07:32]   OK Gifted Thinkers | ph:0161 818 4845 | 4.7* | 32 reviews
[02:07:36] [4745/5631] thetutorcrowd.com
[02:07:36]   OK The Tutor Crowd | 4.7* | 31 reviews
[02:07:40] [4746/5631] functional-wellness.co.uk
[02:07:40]   OK The College of Functional Wellness | em:info@functional-wellness.co.uk | 4.7* | 31 reviews | Llanfyllin
[02:07:44] [4747/5631] starbuckassociates.com
[02:07:45]   OK Starbuck&Associates | ph:01529 240355 | em:hello@starbuckassociates.com | 4.7* | 31 reviews | Sleaford,
[02:07:48] [4748/5631] bespokesmileacademy.co.uk
[02:07:49]   OK Bespoke Smile Academy | em:academy@bespokesmile.co.uk | 4.7* | 31 reviews | Marlow
[02:07:52] [4749/5631] coreachievers.com
[02:07:52]   OK Core Achievers  | ph:+44 7934316493 | em:coreachievers26@gmail.com | 4.7* | 31 reviews
[02:07:56] [4750/5631] gradvance.co.uk
[02:07:57]   OK Gradvance | em:hello@gradvance.co.uk | 4.7* | 31 reviews | London
[02:08:00] [4751/5631] scoreboardsoccer.com
[02:08:00]   OK Scoreboard Soccer | em:David@scoreboardsoccer.com | 4.7* | 31 reviews | Falkirk
[02:08:03] [4752/5631] clubfive.co.uk
[02:08:04]   OK Club Five | 4.7* | 31 reviews
[02:08:09] [4753/5631] tamarakramer.com
[02:08:10]   OK Tamarakramer | ph:+44 7903188552 | em:management@tamarakramer.com | 4.7* | 31 reviews | London
[02:08:13] [4754/5631] marulatree.co.uk
[02:08:14]   OK Marula Tree  | em:marulatreeuk@gmail.com | 4.7* | 31 reviews | Bedford
[02:08:17] [4755/5631] wearetweak.com
[02:08:18]   OK tweak | em:cvtweaks@gmail.com | 4.7* | 31 reviews
[02:08:21] [4756/5631] thescreentutors.com
[02:08:22]   OK The Screen Tutors | ph:+44 7360233600 | em:info@thescreentutors.com | 4.7* | 31 reviews | London
[02:08:26] [4757/5631] aimstrongsport.com
[02:08:26]   OK Aim Strong Sport Ltd | ph:07545002743 | em:info@aimstrongsport.com | 4.7* | 31 reviews | Leicester
[02:08:31] [4758/5631] www.communitytuition.co.uk
[02:08:31]   OK Community Tuition Centre | ph:0121 285 5442 | em:info@communitytuition.co.uk | 4.7* | 31 reviews | Birmingham
[02:08:36] [4759/5631] nailyourinterview.co.uk
[02:08:36]   OK Nail Your Interview | ph:07595533999 | em:nadia@nailyourinterview.co.uk | 4.7* | 31 reviews
[02:08:40] [4760/5631] www.ashtutors.co.uk
[02:08:41]   OK Ash Tutors | ph:01942 508992 | em:www.ashtutors.co.uk | 4.7* | 30 reviews | Wigan
[02:08:41]   [Progress saved: 4760 total leads]
[02:08:45] [4761/5631] learnjapaneselondon.com
[02:08:45]   OK Learn Japanese London | 4.7* | 30 reviews
[02:08:50] [4762/5631] hamishandmilo.org
[02:08:50]   OK Hamish & Milo Wellbeing Resources | ph:01202942222 | em:hello@hamishandmilo.org | 4.7* | 30 reviews | Wimborne
[02:08:54] [4763/5631] www.femtinos.com
[02:08:55]   OK Femtinos | em:info@femtinos.com | 4.7* | 30 reviews | Birmingham
[02:08:58] [4764/5631] growyourmindset.co.uk
[02:08:59]   OK Grow Your Mindset | ph:07803 909838 | em:info@growyourmindset.co.uk | 4.7* | 30 reviews | Bury
[02:09:02] [4765/5631] finchleycollege.com
[02:09:03]   OK Finchley College | ph:07974221155 | em:finchleycollege@yahoo.com | 4.7* | 30 reviews | London
[02:09:07] [4766/5631] themancoach.boardmanjames.com
[02:09:08]   OK James Boardman UK | ph:07377188321 | em:support@boardmanjames.com | 4.7* | 30 reviews | Hailsham
[02:09:13] [4767/5631] soccerassistacademy.co.uk
[02:09:13]   OK Varsity Nine Soccer & Education Programme | em:sep@varsitynine.com | 4.7* | 30 reviews | Wingrave
[02:09:16] [4768/5631] freebookkeepingaccounting.com
[02:09:17]   OK The Bookkeeping Master | em:info@bpfs-online.com | 4.7* | 30 reviews
[02:09:20] [4769/5631] albayanacademy.co.uk
[02:09:21]   OK Albayanacademy | 4.7* | 30 reviews
[02:09:25] [4770/5631] careeractivator.co.uk
[02:09:26]   OK Career Activator | ph:07825535086 | em:monika.m@careeractivator.co.uk | 4.7* | 31 reviews | Westcliff on sea
[02:09:30] [4771/5631] vibrantpeople.com
[02:09:31]   OK Vibrant People | em:jake@vibrantpeople.com | 4.7* | 30 reviews
[02:09:34] [4772/5631] smart11plus.co.uk
[02:09:35]   OK Smart 11+ Tuition | ph:01215170339 | em:learn@smart11plus.co.uk | 4.7* | 29 reviews
[02:09:38] [4773/5631] wecoachcrypto.com
[02:09:38]   OK We Coach Crypto | ph:07983866130 | em:info@wecoachcrypto.com | 4.7* | 29 reviews | leamington spa
[02:09:43] [4774/5631] keyzonetraders.com
[02:09:43]   OK Key Zone Traders Limited | em:support@keyzonetraders.com | 4.7* | 29 reviews | West Kingsdown
[02:09:47] [4775/5631] blackonboard.co.uk
[02:09:47]   OK Black on Board Ltd | em:contact@blackonboard.co.uk | 4.7* | 29 reviews | Bradford
[02:09:51] [4776/5631] mentoredbymaya.co.uk
[02:09:52]   OK Mentored by Maya | em:mentoredbymaya@outlook.com | 4.7* | 29 reviews
[02:09:55] [4777/5631] poplarstuition.co.uk
[02:09:56]   OK Poplarstuition | ph:07912695266 | em:becca@poplarstuition.co.uk | 4.7* | 29 reviews | Bury
[02:10:01] [4778/5631] enitrader.com
[02:10:02]   OK Enitrader | ph:+337735316272 | em:support@enitrader.com | 4.7* | 29 reviews | London
[02:10:05] [4779/5631] ajtraining.net
[02:10:05]   OK AJTraining | ph:01709352307 | em:Info@ajtraining.net | 4.7* | 29 reviews | Rotherham
[02:10:09] [4780/5631] vudixhymshiti.uk
[02:10:09]   OK Vudi Xhymshiti | ph:07397 007307 | em:vudi.xh@gmail.com | 4.7* | 29 reviews | London
[02:10:09]   [Progress saved: 4780 total leads]
[02:10:14] [4781/5631] sciencesorted.co.uk
[02:10:14]   OK Science Sorted | em:info@sciencesorted.co.uk | 4.7* | 29 reviews
[02:10:17] [4782/5631] theleaderwithinyou.co.uk
[02:10:18]   OK Elif Köse Coaching and Consultancy | ph:07521 429313 | em:Clientcare@theleaderwithinyou.co.uk | 4.7* | 29 reviews | Brighton
[02:10:22] [4783/5631] maevious.com
[02:10:22]   OK Maevious | ph:+44 7507144682 | em:info@maevious.com | 4.7* | 29 reviews | London
[02:10:26] [4784/5631] morwennalewis.com
[02:10:26]   OK Morwenna Lewis Coaching | em:morwenna@morwennalewis.com | 4.7* | 29 reviews
[02:10:30] [4785/5631] elite11plustuition.co.uk
[02:10:30]   OK ELITE 11 Plus Tuition (GCSE MATHS)  | ph:07878097628 | em:tuition@elite11plustuition.co.uk | 4.7* | 28 reviews | CROYDON
[02:10:34] [4786/5631] simranriacoaching.com
[02:10:34]   OK SIMRAN RIA COACHING | em:welcome@simranriacoaching.com | 4.7* | 28 reviews | Birmingham
[02:10:39] [4787/5631] 2020innovation.com
[02:10:39]   OK 20:20 Innovation | ph:01213142020 | em:info@2020innovation.com | 4.7* | 28 reviews | Birmingham
[02:10:42] [4788/5631] motherhoodroad.com
[02:10:42]   OK The Bump and Baby Guru | em:hannah@motherhoodroad.com | 4.7* | 28 reviews | London
[02:10:47] [4789/5631] athenatuition.co.uk
[02:10:47]   OK Athena Tuition | ph:0208 133 6284 | em:enquiries@athenatuition.co.uk | 4.7* | 28 reviews | London
[02:10:51] [4790/5631] angelorum.co
[02:10:52]   OK Lisa Eddy Tarot | ph:07368550962 | em:tarotize@gmail.com | 4.7* | 28 reviews | BARNARD CASTLE
[02:10:56] [4791/5631] mrsmythmaths.co.uk
[02:10:57]   OK Mr Smyth Maths | em:Mrsmyth@mrsmythmaths.co.uk | 4.7* | 28 reviews
[02:11:00] [4792/5631] enquiriesindependentraining.co.uk
[02:11:00]   OK Enquiriesindependentraining | 4.7* | 28 reviews
[02:11:04] [4793/5631] sourceful.me
[02:11:05]   OK Suz McDonald Wellbeing  | 4.7* | 28 reviews | Banchory 
[02:11:08] [4794/5631] keepitrealcoaching.com
[02:11:08]   OK Keep It Real Coaching | ph:07477426647 | em:ross@keepitrealcoaching.com | 4.7* | 28 reviews | Sutton
[02:11:13] [4795/5631] bryanttuition.com
[02:11:13]   OK Bryant Tuition | ph:02030926122 | em:enquiries@bryanttuition.co.uk | 4.7* | 28 reviews | London
[02:11:18] [4796/5631] edmento.org
[02:11:19]   OK Edmento | ph:+44 7858932759 | em:info@edmento.org | 4.7* | 28 reviews | Birmingham
[02:11:23] [4797/5631] jkphysique.com
[02:11:24]   OK Jk Physique Coaching | em:info@jkphysique.com | 4.7* | 27 reviews
[02:11:28] [4798/5631] ninalemtirlifestylegroup.com
[02:11:29]   OK Ninalemtirlifestylegroup | ph:07920178807 | em:admin@ninalemtirlifestylegroup.com | 4.7* | 27 reviews | London
[02:11:33] [4799/5631] charliemccready.com
[02:11:34]   OK Charlie McCready | em:contact@charliemccready.com | 4.7* | 27 reviews | Brasted
[02:11:37] [4800/5631] bespoke-retreats.co.uk
[02:11:37]   OK The Bespoke Retreat Company | ph:07851 672228 | em:lynn@bespoke-retreats.co.uk | 4.7* | 27 reviews | Chichester
[02:11:37]   [Progress saved: 4800 total leads]
[02:11:42] [4801/5631] viteschool.com
[02:11:42]   OK Vite School London - Tutoring & Mentoring | 4.7* | 27 reviews
[02:11:47] [4802/5631] gordontheguru.co.uk
[02:11:47]   OK Gordon The Guru  | ph:07791754272 | em:gordon@gordontheguru.co.uk | 4.7* | 27 reviews | Greenock
[02:11:51] [4803/5631] joelburgess.me
[02:11:51]   OK Joel Burgess | ph:07944063947 | em:hello@joelburgess.me | 4.7* | 27 reviews | Funchal
[02:11:55] [4804/5631] elvettutoring.com
[02:11:55]   OK Elvet Tutoring | ph:07850648275 | em:support@elvettutoring.com | 4.7* | 27 reviews | London
[02:11:58] [4805/5631] choicehometutoring.co.uk
[02:11:59]   OK Choice Home Tutoring | ph:0161 446 4157 | em:info@choicehometutoring.co.uk | 4.7* | 27 reviews | Manchester
[02:12:02] [4806/5631] foundflourish.co.uk
[02:12:03]   OK Found & Flourish | em:hello@foundflourish.co.uk | 4.7* | 27 reviews
[02:12:07] [4807/5631] learncomputerscience101.com
[02:12:08]   OK Learn Computer Science | em:info@lcs-101.com | 4.7* | 27 reviews
[02:12:12] [4808/5631] rwcoaching.net
[02:12:12]   OK Rwcoaching | ph:07833496906 | em:rob@rwcoaching.net | 4.7* | 27 reviews
[02:12:17] [4809/5631] thenewperspective.co.uk
[02:12:17]   OK Thenewperspective | 4.7* | 27 reviews
[02:12:21] [4810/5631] medrevise.org
[02:12:22]   OK AqonTutors | ph:07415794811 | em:info@aqontutors.co.uk | 4.7* | 27 reviews
[02:12:26] [4811/5631] ok4uk.academy
[02:12:27]   OK OK4UK Academy | em:support@ok4uk.academy | 4.7* | 27 reviews | Milton Keynes
[02:12:30] [4812/5631] v-forcetraining.com
[02:12:30]   OK V-FORCE Training | ph:01874 690668 | em:bookings@v-forcetraining.com | 4.7* | 27 reviews | Neath
[02:12:35] [4813/5631] brank.io
[02:12:36]   OK Brank Limited | em:daniel@brank.io | 4.7* | 26 reviews | Manchester
[02:12:40] [4814/5631] theelectricalacademy.co.uk
[02:12:41]   OK Electrical Academy Ltd | 4.7* | 26 reviews
[02:12:44] [4815/5631] www.ridgewaytraining.co.uk
[02:12:44]   OK Ridgeway Training | ph:01293 535850 | em:info@ridgewaytraining.co.uk | 4.7* | 26 reviews | Rowfant
[02:12:49] [4816/5631] www.bluebellmontessorischool.co.uk
[02:12:49]   OK Bluebell Montessori School | ph:02034178380 | em:Tabita@bluebellmontessorischool.co.uk | 4.7* | 26 reviews | Wembley
[02:12:52] [4817/5631] schoolofbeatbox.com
[02:12:53]   OK schoolofbeatbox.com | ph:02038880207 | em:mail@schoolofbeatbox.com | 4.7* | 26 reviews | London
[02:12:56] [4818/5631] www.ryannurse.com
[02:12:57]   OK Ryan Nurse | em:Info@ryannurse.com | 4.7* | 26 reviews | Beaconsfield 
[02:13:01] [4819/5631] smashmaths.org
[02:13:03]   OK SMASH Maths | ph:+44 7779305701 | em:hello@smashmaths.org | 4.7* | 26 reviews | Brighton
[02:13:08] [4820/5631] becomeatrader.com
[02:13:08]   OK Become A Trader | ph:+44 02030062841 | em:admin@becomeatrader.com | 4.7* | 26 reviews | London
[02:13:08]   [Progress saved: 4820 total leads]
[02:13:13] [4821/5631] tutortastic.co.uk
[02:13:13]   OK Tutortastic | em:office@tutortastic.co.uk | 4.7* | 26 reviews | London
[02:13:16] [4822/5631] omartillo.com
[02:13:17]   OK CREO Clinic  | ph:020 3929 3565 | em:contact@omartillo.com | 4.7* | 26 reviews | London
[02:13:22] [4823/5631] soholondonhair.com
[02:13:22]   OK Soho London Hair | ph:+44 7355704889 | em:info@soholondonhair.com | 4.7* | 25 reviews | LONDON
[02:13:26] [4824/5631] guffickmaths.co.uk
[02:13:27]   OK Guffick Maths | ph:+44 7967796871 | em:leeguffick@guffickmaths.co.uk | 4.7* | 25 reviews | Tamworth
[02:13:30] [4825/5631] topsentutor.com
[02:13:30]   OK Top SEN Tutor | ph:0203 916 5000 | em:hello@topsentutor.com | 4.7* | 25 reviews
[02:13:34] [4826/5631] www.katieohalloran.com
[02:13:35]   OK Coaching With Katie O'Halloran | ph:+44 07951929998 | em:Contact@katieohalloran.com | 4.7* | 25 reviews
[02:13:38] [4827/5631] plasteringcoursesonline.com
[02:13:39]   OK RapidSkim Academy® | ph:07938 448548 | em:luke@rapidskim.com | 4.7* | 25 reviews | Durham
[02:13:42] [4828/5631] www.devonandcornwallbushcraft.co.uk
[02:13:43]   OK Devon & Cornwall Bushcraft | ph:07801400628 | em:bushcraftdevon@hotmail.com | 4.7* | 25 reviews | Kingsteignton
[02:13:47] [4829/5631] fraleytutors.com
[02:13:47]   OK Fraley Tutors | 4.7* | 25 reviews
[02:13:51] [4830/5631] craftingcareers.co.uk
[02:13:51]   OK Craftingcareers | 4.7* | 25 reviews
[02:13:55] [4831/5631] sciexcel.org
[02:13:55]   OK SciExcel Tuition | ph:07963433973 | em:john.sciexcel@gmail.com | 4.7* | 25 reviews | Altrincham
[02:14:00] [4832/5631] www.elevatemycareer.co.uk
[02:14:01]   OK Elevatemycareer | 4.7* | 25 reviews
[02:14:04] [4833/5631] boxology.academy
[02:14:05]   OK Boxology® Academy | ph:02074396333 | em:info@boxology.academy | 4.7* | 25 reviews | London
[02:14:08] [4834/5631] wholelifehealth.uk
[02:14:09]   OK Whole Life Health | ph:07973596931 | em:jake@wholelifehealth.uk | 4.7* | 25 reviews | Stafford
[02:14:14] [4835/5631] talkingtommy.com
[02:14:14]   OK Talking Tommy Limited | 4.7* | 25 reviews
[02:14:18] [4836/5631] thelearningcircle.co.uk
[02:14:18]   OK The Learning Circle | 4.7* | 25 reviews
[02:14:22] [4837/5631] fxlearn.io
[02:14:22]   OK FXLEARN.io | em:info@fxlearn.io | 4.7* | 25 reviews | London
[02:14:27] [4838/5631] carolhickson.co.uk
[02:14:27]   OK carolhickson.co.uk | ph:07899806494 | em:carol@carolhickson.co.uk | 4.7* | 24 reviews | St Asaph
[02:14:31] [4839/5631] restarttuition.com
[02:14:33]   OK Restart Tuition | ph:01935 310290 | em:contact@restarttuition.com | 4.7* | 24 reviews | Yeovil
[02:14:37] [4840/5631] jrstraining.com
[02:14:37]   OK JRS Training | ph:01202 681525 | em:info@jrstraining.com | 4.7* | 24 reviews | Poole
[02:14:37]   [Progress saved: 4840 total leads]
[02:14:41] [4841/5631] sellersmart.io
[02:14:42]   OK SellerSmart | em:support@sellersmart.io | 4.7* | 24 reviews | Bexley
[02:14:45] [4842/5631] mentorme.io
[02:14:45]   OK MentorME | em:hello@mentorme.io | 4.7* | 24 reviews
[02:14:48] [4843/5631] katala.co.uk
[02:14:49]   OK Katala Education Ltd | em:support@katala.co.uk | 4.7* | 24 reviews
[02:14:53] [4844/5631] becomeinspired.net
[02:14:53]   OK Become Inspired | 4.7* | 24 reviews | London
[02:14:58] [4845/5631] prepmatter.com
[02:14:58]   OK Prepmatter | em:team@prepmatter.com | 4.7* | 24 reviews
[02:15:02] [4846/5631] holoshealthcare.com
[02:15:03]   OK Holos Healthcare and Training LTD | ph:0800 0075248 | em:holoshealthcare@gmail.com | 4.7* | 24 reviews | WORCESTER
[02:15:07] [4847/5631] psych-chek.co.uk
[02:15:08]   OK PSYCH-CHEK | 4.7* | 24 reviews
[02:15:12] [4848/5631] thescholarly.co.uk
[02:15:13]   OK The Scholarly | 4.7* | 24 reviews
[02:15:16] [4849/5631] www.thelauraevans.co.uk
[02:15:17]   OK Laura Evans Coaching & Mentoring | 4.7* | 24 reviews
[02:15:21] [4850/5631] athenasuccess.com
[02:15:22]   OK Athena Success Ltd by Marie Griffiths | ph:01527328024 | em:info@athenasuccess.com | 4.7* | 24 reviews | Bromsgrove
[02:15:25] [4851/5631] winfieldwines.co.uk
[02:15:25]   OK Winfield Wine | ph:07957898215 | em:gilbert@winfieldwines.co.uk | 4.7* | 24 reviews | London
[02:15:30] [4852/5631] emigr8visa.com
[02:15:31]   OK eMigr8 Tech Visa | ph:+44 7859946409 | em:emigr8@bincom.net | 4.7* | 23 reviews | London
[02:15:35] [4853/5631] logikfx.com
[02:15:35]   OK logikfx | em:support@logikfx.com | 4.7* | 23 reviews | Birmingham
[02:15:40] [4854/5631] tecla-languages.co.uk
[02:15:41]   OK Tecla Languages Ltd | ph:0044 (0)333 050 1918 | em:info@tecla-languages.co.uk | 4.7* | 23 reviews | London
[02:15:45] [4855/5631] www.agameconsultancy.com
[02:15:46]   OK A-Game Consultancy Ltd | em:hello@agameconsultancy.com | 4.7* | 23 reviews
[02:15:50] [4856/5631] virtulearn.online
[02:15:50]   OK VirtuLearn | ph:+44 7493296116 | em:virtulearnonline@gmail.com | 4.7* | 23 reviews | London
[02:15:54] [4857/5631] universityliving.com
[02:15:55]   OK University Living | ph:+44 2045099650 | em:admin@universityliving.com | London
[02:15:58] [4858/5631] www.planbee.com
[02:15:58]   OK PlanBee | em:info@planbee.com | 4.6* | 3243 reviews | Horley
[02:16:03] [4859/5631] ptacademy.co.uk
[02:16:03]   OK PT Academy | ph:0121 366 0292 | em:info@ptacademy.co.uk | 4.6* | 2546 reviews | Birmingham
[02:16:08] [4860/5631] www.perlego.com
[02:16:09]   OK Perlego | em:help@perlego.com | 4.6* | 2435 reviews | London
[02:16:09]   [Progress saved: 4860 total leads]
[02:16:12] [4861/5631] books4us.co.uk
[02:16:13]   OK Books4us | em:info@books4us.co.uk | 4.6* | 2434 reviews | UK
[02:16:18] [4862/5631] www.associationoflearning.com
[02:16:18]   OK Association of Learning | ph:03333442126 | em:support@associationoflearning.com | 4.6* | 2344 reviews | Llandudno
[02:16:23] [4863/5631] www.activia.co.uk
[02:16:23]   OK Activia | ph:0333 6000 111 | em:salesmanager@activia.co.uk | 4.6* | 2184 reviews | Slough
[02:16:27] [4864/5631] howtotrade.com
[02:16:27]   OK HowToTrade | em:support@howtotrade.com
[02:16:31] [4865/5631] www.price-buckland.co.uk
[02:16:31]   OK Price & Buckland | ph:0115 9640827 | em:sales@price-buckland.co.uk | 4.6* | 1839 reviews | Nottingham
[02:16:36] [4866/5631] trainingexpress.org.uk
[02:16:36]   OK Training Express | ph:020 8158 3412 | em:info@trainingexpress.org.uk | 4.6* | 1738 reviews | London
[02:16:39] [4867/5631] www.investin.org
[02:16:40]   OK InvestIN | ph:+44 02034885089 | em:info@investin.org | 4.6* | 1570 reviews | London
[02:16:44] [4868/5631] monkhouse.com
[02:16:44]   OK monkhouse.com | ph:0161 476 7216 | em:web@monkhouse.com | 4.6* | 1554 reviews
[02:16:48] [4869/5631] talentis.global
[02:16:49]   OK Talentis GatedTalent | em:membersupport@gatedtalent.com | 4.6* | 1439 reviews
[02:16:53] [4870/5631] www.accommodationforstudents.com
[02:16:54]   OK Accommodation for Students | ph:0800 078 9659 | em:support@accommodationforstudents.com | 4.6* | 1162 reviews | Manchester
[02:16:58] [4871/5631] www.hudsoncourses.com
[02:16:59]   OK Hudson | ph:020 4538 4706 | em:support@hudsoncourses.com | 4.6* | 639 reviews | London
[02:17:02] [4872/5631] www.samuelandcotrading.com
[02:17:03]   OK Samuel & Co Trading | ph:01923 266645 | em:sales@samuelandcotrading.com | 4.6* | 571 reviews | Kings Langley
[02:17:06] [4873/5631] studymind.co.uk
[02:17:07]   OK Study Mind | ph:(020) 330 59593 | em:info@studymind.co.uk | 4.6* | 526 reviews | London
[02:17:11] [4874/5631] www.robustittraining.com
[02:17:11]   OK Robust IT | ph:0800 6771232 | em:info@robustittraining.com | 4.6* | 524 reviews | Harlow
[02:17:15] [4875/5631] gametester.gg
[02:17:15]   OK Game Tester | em:support@gametester.co | 4.6* | 520 reviews
[02:17:20] [4876/5631] uk.woop.world
[02:17:20]   OK WOOP UK | 4.6* | 494 reviews | Godalming
[02:17:24] [4877/5631] www.thelearningcollege.co.uk
[02:17:24]   OK The Learning College | ph:01785336464 | em:info@thelearningcollege.co.uk | 4.6* | 477 reviews | Staffordshire
[02:17:27] [4878/5631] createacademy.com
[02:17:28]   OK Create Academy | em:info@createacademy.com | 4.6* | 418 reviews | London
[02:17:32] [4879/5631] apexlearning.org.uk
[02:17:32]   OK Apex Learning | ph:020 4532 9785 | em:info@apexlearning.org.uk | 4.6* | 400 reviews
[02:17:36] [4880/5631] careskillstraining.org
[02:17:37]   OK Care Skills Training | 4.6* | 376 reviews
[02:17:37]   [Progress saved: 4880 total leads]
[02:17:41] [4881/5631] engage-education.com
[02:17:41]   OK Engage Education | ph:03338007800 | em:enquiries@engage-education.com | 4.6* | 326 reviews | Watford
[02:17:45] [4882/5631] imentalhealth.net
[02:17:46]   OK IOMH - Institute of Mental Health | ph:+44 2038806874 | em:info@iomh.co.uk | 4.6* | 322 reviews | London
[02:17:50] [4883/5631] nec.ac.uk
[02:17:51]   OK National Extension College | ph:0800 389 2839 | em:info@nec.ac.uk | 4.6* | 236 reviews | Cambridge
[02:17:54] [4884/5631] acacialearning.com
[02:17:55]   OK Acacia Learning | ph:0208 239 1323 | em:courses@acacialearning.com | 4.6* | 225 reviews | Glasgow, United Kingdom
[02:18:00] [4885/5631] slv.global
[02:18:00]   OK SLV.Global | ph:02070961718 | em:info@slv.global | 4.6* | 190 reviews | London
[02:18:04] [4886/5631] tilf.io
[02:18:05]   OK Tilf.io | em:accounts@tilf.io | 4.6* | 189 reviews | London
[02:18:08] [4887/5631] food-safety.org.uk
[02:18:08]   OK Food Safety UK c/o ONE Training Services Ltd | ph:03330142833 | em:enquiries@food-safety.org.uk | 4.6* | 188 reviews | London
[02:18:13] [4888/5631] strengthandconditioningeducation.com
[02:18:14]   OK Strength and Conditioning Education | ph:0113 519 0474 | em:info@strengthandconditioningeducation.com | 4.6* | 180 reviews | London
[02:18:18] [4889/5631] sbnhumancapital.com
[02:18:18]   OK SBN Human Capital Development | ph:07510040515 | em:training@sbnhumancapital.com | 4.6* | 159 reviews | London
[02:18:22] [4890/5631] check-iq.org
[02:18:22]   OK Check IQ | Online IQ Test | ph:+44 7401071122 | em:support@check-iq.org | 4.6* | 156 reviews
[02:18:26] [4891/5631] baph.co.uk
[02:18:27]   OK British Academy of Photography | em:info@baph.co.uk | 4.6* | 150 reviews
[02:18:31] [4892/5631] schoolofoutdoors.uk
[02:18:31]   OK School of Outdoors | ph:0129 633 6644 | em:info@schoolofourdoors.uk | 4.6* | 147 reviews | Aylesbury
[02:18:34] [4893/5631] www.wles.net
[02:18:35]   OK West London English School | ph:+44 02081981888 | em:info@wles.net | 4.6* | 137 reviews | London
[02:18:38] [4894/5631] beyondacademy.com
[02:18:39]   OK Beyond Academy | 4.6* | 126 reviews
[02:18:42] [4895/5631] www.alimlive.com
[02:18:43]   OK ALIM LIVE UK | ph:07400005766 | em:contactalimlive@gmail.com | 4.6* | 126 reviews | London
[02:18:47] [4896/5631] edutopix.co.uk
[02:18:48]   OK Discount Education Resources  | em:sales@discounteducationresources.co.uk | 4.6* | 125 reviews | Kingswood
[02:18:52] [4897/5631] bitebackwithliz.com
[02:18:53]   OK Bite Back 1-1 Online Coaching  | ph:07516 617689 | em:Liz@bitebackwithliz.com | 4.6* | 124 reviews | nottingham
[02:18:56] [4898/5631] prvcy.world
[02:18:57]   OK PRVCY.world | 4.6* | 122 reviews
[02:19:01] [4899/5631] johnlocke.com
[02:19:02]   OK John Locke Institute | ph:+44 1865566166 | em:education@johnlocke.com | 4.6* | 117 reviews | Oxford
[02:19:06] [4900/5631] www.atplgs.com
[02:19:06]   OK Atplgs | em:info@atplgs.com | 4.6* | 113 reviews
[02:19:06]   [Progress saved: 4900 total leads]
[02:19:10] [4901/5631] www.letstrade.com
[02:19:10]   OK LetsTrade | em:support@letstrade.com | 4.6* | 110 reviews
[02:19:15] [4902/5631] theenglishmanner.com
[02:19:16]   OK The English Manner | ph:0207 856 0590 | em:office@theenglishmanner.com | 4.6* | 106 reviews | London
[02:19:20] [4903/5631] cvpilots.co.uk
[02:19:20]   OK CV Pilots | ph:+44 02070432684 | em:team@cvpilots.co.uk | 4.6* | 99 reviews | Wiltshire
[02:19:25] [4904/5631] italiwallseducation.com
[02:19:26]   OK Italiwallseducation | ph:07387081744 | em:tom@italiwallseducation.com | 4.6* | 95 reviews | Portsmouth
[02:19:30] [4905/5631] jobreadyenglish.com
[02:19:30]   OK Job Ready English | ph:07926053683 | em:mike@jobreadyenglish.com | 4.6* | 91 reviews | LONDON
[02:19:33] [4906/5631] brightpathway.co.uk
[02:19:34]   OK Brightpathway | ph:+44 7398228706 | em:info@brightpathway.co.uk | 4.6* | 91 reviews | london
[02:19:37] [4907/5631] passmygcse.co.uk
[02:19:38]   OK Pass GCSE | 4.6* | 85 reviews
[02:19:42] [4908/5631] modelsfocus.com
[02:19:42]   OK Models Focus | ph:02032811037 | em:info@modelsfocus.com | 4.6* | 79 reviews
[02:19:45] [4909/5631] elevenpluscentre.com
[02:19:46]   OK Eleven Plus Centre | ph:0800 112 3811 | em:info@elevenpluscentre.com | 4.6* | 79 reviews | London
[02:19:50] [4910/5631] www.archieforex.com
[02:19:51]   OK Archie Trading | 4.6* | 76 reviews
[02:19:54] [4911/5631] opogo.com
[02:19:55]   OK Opogo Education | ph:03300586700 | em:hello@opogo.com | 4.6* | 75 reviews | London
[02:19:59] [4912/5631] thisisfortis.com
[02:19:59]   OK Fortis | em:support@thisisfortis.com | 4.6* | 73 reviews | London
[02:20:03] [4913/5631] internationalhustlers.co.uk
[02:20:04]   OK The UK Job Institute (By Farhoon Asim) | em:team@internationalhustlers.co.uk | 4.6* | 72 reviews
[02:20:09] [4914/5631] ntinsolvency.com
[02:20:09]   OK NTI | ph:01962 77 21 81 | em:enquiries@nti.co.uk | 4.6* | 68 reviews | Alresford 
[02:20:12] [4915/5631] rosstemple.co.uk
[02:20:13]   OK Ross Temple | ph:07455015004 | 4.6* | 65 reviews
[02:20:18] [4916/5631] galleryteachers.com
[02:20:18]   OK Gallery Teachers | ph:020 3880 8999 | em:membership@galleryteachers.com | 4.6* | 64 reviews | Harrow
[02:20:23] [4917/5631] mentalhealthhub.com
[02:20:23]   OK Mental Health Hub | ph:0204 524 1008 | em:contact@mentalhealthhub.com | 4.6* | 63 reviews | Kingston upon Thames
[02:20:27] [4918/5631] study-plus.co.uk
[02:20:27]   OK Study Plus | ph:0118 958 56 56 | em:info@study-plus.co.uk | 4.6* | 63 reviews | Reading
[02:20:31] [4919/5631] studysmartuk.com
[02:20:31]   OK StudySmartUK | 4.6* | 59 reviews
[02:20:34] [4920/5631] sbskills.co.uk
[02:20:35]   OK SB Skills Solutions | 4.6* | 58 reviews | Skelmersdale
[02:20:35]   [Progress saved: 4920 total leads]
[02:20:39] [4921/5631] twinscience.com
[02:20:39]   OK Twin Science | em:support@twinscience.com | 4.6* | 57 reviews | London
[02:20:43] [4922/5631] oxbridgemind.co.uk
[02:20:44]   OK Oxbridge Mind | 4.6* | 53 reviews
[02:20:48] [4923/5631] cvnomics.co.uk
[02:20:49]   OK CVNomics | ph:+44 7441440388 | em:contact@cvnomics.co.uk | 4.6* | 51 reviews | Oldham
[02:20:52] [4924/5631] uncertaintyexperts.com
[02:20:52]   OK Uncertainty Experts | em:hello@uncertaintyexperts.com | 4.6* | 50 reviews | London
[02:20:57] [4925/5631] ipspecialist.net
[02:20:57]   OK IP Specialist | ph:+44 7774501258 | em:info@ipspecialist.net | 4.6* | 49 reviews | London
[02:21:01] [4926/5631] www.skolatis.com
[02:21:02]   OK skolatis.com | 4.6* | 48 reviews | London
[02:21:06] [4927/5631] assignmentssolutions.com
[02:21:06]   OK Assignments Solutions | ph:+61415298587 | em:info@assignmentssolutions.com | 4.6* | 47 reviews | Melbourne
[02:21:11] [4928/5631] sunnydays.co.uk
[02:21:11]   OK Sunny Days | ph:03458888123 | em:info@sunnydays.co.uk | 4.6* | 45 reviews | Dorchester
[02:21:16] [4929/5631] amazonbrandacademy.com
[02:21:17]   OK AB Academy  | em:contact@lucadavenport.com | 4.6* | 45 reviews
[02:21:20] [4930/5631] www.careerprinciples.com
[02:21:21]   OK Career Principles | em:info@careerprinciples.com | 4.6* | 43 reviews | London
[02:21:24] [4931/5631] thecph.co.uk
[02:21:25]   OK The CPH | ph:07881 881 283 | em:admin@thecph.co.uk | 4.6* | 43 reviews | London
[02:21:28] [4932/5631] wordtoniccommunity.com
[02:21:28]   OK Word Tonic | 4.6* | 42 reviews
[02:21:32] [4933/5631] mathssolutions.co.uk
[02:21:32]   OK Maths Solutions | ph:07762487379 | em:info@mathssolutions.co.uk | 4.6* | 41 reviews | Rotherham
[02:21:36] [4934/5631] education-and-skills-td.com
[02:21:37]   OK Education and Skills Training and Development | ph:01302 802220 | em:enquiries@education-and-skills.com | 4.6* | 41 reviews | Doncaster
[02:21:40] [4935/5631] cityinvestmentsol.co.uk
[02:21:40]   OK City Investment Solutions | 4.6* | 40 reviews
[02:21:44] [4936/5631] studenttenant.com
[02:21:45]   OK StudentTenant | ph:0333 772 0618 | em:info@studenttenant.com | 4.6* | 39 reviews | Liverpool
[02:21:49] [4937/5631] techmap.app
[02:21:49]   OK TechMap | em:admin@whatever.xyz | 4.6* | 39 reviews | London
[02:21:53] [4938/5631] mixtacademy.com
[02:21:53]   OK Mixt Academy | ph:+44 7577325935 | em:info@mixtacademy.com | 4.6* | 37 reviews | Manchestor
[02:21:58] [4939/5631] notjustatrade.com
[02:21:58]   OK Not Just A Trade | em:Admin@notjustatrade.com | 4.6* | 36 reviews
[02:22:03] [4940/5631] www.medicinecrashcourse.com
[02:22:03]   OK Medicine Crash Course | 4.6* | 35 reviews
[02:22:03]   [Progress saved: 4940 total leads]
[02:22:08] [4941/5631] beautyacademyuk.org
[02:22:08]   OK Beauty Academy UK | em:info@beautyacademyuk.org | 4.6* | 34 reviews
[02:22:13] [4942/5631] bilalconsultancy.uk
[02:22:14]   OK Bilal Consultancy Limited  | ph:+44 7752651370 | em:academy@bilalconsultancy.uk | 4.6* | 33 reviews | Salford
[02:22:18] [4943/5631] oxbridgeinternationalsummerschool.com
[02:22:18]   OK Oxbridge International Summer School | ph:00442076075370 | em:info@oxbridgeinternationalsummerschool.com | 4.6* | 33 reviews | Oxford
[02:22:22] [4944/5631] tutor4all.co.uk
[02:22:23]   OK Tutor4All | ph:07508768124 | em:Team@tutor4all.co.uk | 4.6* | 32 reviews | Bolton
[02:22:26] [4945/5631] rewiredtrader.com
[02:22:27]   OK Rewired Psychology Program | em:hello@rewiredtrader.com | 4.6* | 32 reviews | Ashford
[02:22:30] [4946/5631] teachyourmonster.org
[02:22:31]   OK Teach Your Monster | 4.6* | 31 reviews
[02:22:34] [4947/5631] city-academy.com
[02:22:35]   OK City Academy | ph:02070428833 | em:business@city-academy.com | 4.6* | 31 reviews | London
[02:22:38] [4948/5631] careerhigher.co
[02:22:39]   OK CareerHigher | ph:+44 7784619964 | em:andy@careerhigher.co | 4.6* | 30 reviews | London
[02:22:43] [4949/5631] www.learnhownow.com
[02:22:44]   OK HowNow | em:hello@learnhownow.com | 4.6* | 29 reviews | London
[02:22:48] [4950/5631] uniglobeedu.com
[02:22:49]   OK UniGlobe Education UK | ph:07788998713 | em:info@uniglobeedu.com | 4.6* | 29 reviews | London
[02:22:52] [4951/5631] learningkey.co.uk
[02:22:52]   OK Learning Key Training Academy | ph:01642 800881 | em:hello@learningkey.co.uk | 4.6* | 28 reviews | Middlesbrough
[02:22:56] [4952/5631] lifestyle-entrepreneur.co.uk
[02:22:56]   OK Lifestyle Entrepreneur | em:info@lifestyle-entrepreneur.co.uk | 4.6* | 28 reviews | Oadby
[02:23:01] [4953/5631] adnankhantutoring.co.uk
[02:23:01]   OK Adnankhantutoring | ph:0777 999 5500 | em:info@adnankhantutoring.co,uk | 4.6* | 28 reviews | High Wycombe
[02:23:06] [4954/5631] kognitiv.ac
[02:23:06]   OK Kognitiv Academy | ph:07554021868 | em:amc@kognitiv.ac | 4.6* | 27 reviews | London
[02:23:10] [4955/5631] www.hexagontuition.co.uk
[02:23:10]   OK Hexagon Tuition | 4.6* | 27 reviews
[02:23:14] [4956/5631] karenrobertscoaching.com
[02:23:14]   OK Podcast Profits Ltd. | ph:07394863587 | em:karen@karenrobertscoaching.com | 4.6* | 27 reviews | London
[02:23:18] [4957/5631] studytefl.com
[02:23:18]   OK StudyTEFL | ph:03330900208 | em:admin@studytefl.com | 4.6* | 27 reviews | London
[02:23:22] [4958/5631] felixleung.uk
[02:23:22]   OK Felix Leung | em:CarZooBiz@gmail.com | 4.6* | 27 reviews | London
[02:23:26] [4959/5631] theveganonlinecoach.com
[02:23:27]   OK The Vegan Online Coach | em:gary@theveganonlinecoach.com | 4.6* | 26 reviews | Peterborough
[02:23:31] [4960/5631] socialimpactnewbie.com
[02:23:31]   OK Social Impact Newbie | em:info@socialimpactnewbie.com | 4.6* | 26 reviews | Brighton
[02:23:31]   [Progress saved: 4960 total leads]
[02:23:35] [4961/5631] codecrazy.co.uk
[02:23:35]   OK Code Crazy | ph:0800 533 5793 | em:info@codecrazy.org | 4.6* | 26 reviews | London
[02:23:40] [4962/5631] ameyonline.com
[02:23:40]   OK AFA Hyperfund | ph:07432606997 | em:thema@ameyfinance.com | 4.6* | 25 reviews | London
[02:23:44] [4963/5631] drshyraraj.com
[02:23:44]   OK Dr Shyra Raj | ph:+44 7476562016 | em:info@drshyraraj.com | 4.6* | 25 reviews | Alderley Edge
[02:23:49] [4964/5631] closerportal.com
[02:23:49]   OK Closer Portal | em:shohaib@closerportal.com | 4.6* | 25 reviews
[02:23:53] [4965/5631] rawcoachtee.co.uk
[02:23:54]   OK Raw / Tanya Brooks-Carty  | 4.6* | 25 reviews
[02:23:57] [4966/5631] tompainelifecoaching.com
[02:23:57]   OK Tom Paine Life Coaching | em:tom@tompainelifecoaching.com | 4.6* | 25 reviews | Stockport
[02:24:02] [4967/5631] djchewtorials.com
[02:24:03]   OK Dj Chewtorials | ph:+44 7766741894 | em:mark@djchewtorials.com | 4.6* | 25 reviews | Bristol
[02:24:08] [4968/5631] priyaphysio.com
[02:24:08]   OK Priyaphysio | ph:+44 7872481248 | em:connect@priyaphysio.com | 4.6* | 24 reviews
[02:24:11] [4969/5631] mathswithpete.co.uk
[02:24:11]   OK Maths with Pete | em:Pete@mathswithpete.co.uk  | 4.6* | 24 reviews
[02:24:16] [4970/5631] www.redstraining.co.uk
[02:24:17]   OK Reds Training | 4.6* | 24 reviews
[02:24:20] [4971/5631] ahts.co.uk
[02:24:20]   OK Aim Higher Tuition | em:contact@ahts.co.uk | 4.6* | 24 reviews
[02:24:24] [4972/5631] equipmyschool.com
[02:24:25]   OK EquipMySchool.com | em:Service@EquipMySchool.com | 4.6* | 24 reviews | Horncastle
[02:24:28] [4973/5631] satraining.co.uk
[02:24:28]   OK S A Associates Training  | ph:+44 1539437436 | em:info@training-uk.com | 4.6* | 24 reviews | Burgh by Sands
[02:24:32] [4974/5631] ariabuckler.com
[02:24:32]   OK Aria Buckler | 4.6* | 24 reviews
[02:24:36] [4975/5631] richer-learning.co.uk
[02:24:36]   OK Richer Learning | ph:07795511257 | em:info@richer-learning.co.uk | 4.6* | 24 reviews | Lincoln
[02:24:40] [4976/5631] novatuition.co.uk
[02:24:41]   OK Novatuition | ph:07580052870 | em:contact@novatuition.co.uk | 4.6* | 23 reviews | Welwyn Garden City
[02:24:45] [4977/5631] barcoleonfx.com
[02:24:45]   OK Barcoleonfx | em:sales@barcoleonfx.com | 4.6* | 23 reviews
[02:24:49] [4978/5631] roffeypark.com
[02:24:49]   OK Roffey Park Institute | ph:+44 01293854042 | em:hello@roffeypark.ac.uk | 4.6* | 23 reviews | Horsham
[02:24:53] [4979/5631] alexmccarthycoaching.com
[02:24:54]   OK Alex McCarthy Coaching | ph:07512444626 | em:alex@alexmccarthycoaching.com | 4.6* | 23 reviews | Kempston
[02:24:57] [4980/5631] sandychana.com
[02:24:58]   OK SandyChana | 4.6* | 23 reviews
[02:24:58]   [Progress saved: 4980 total leads]
[02:25:01] [4981/5631] t3abc.com
[02:25:03]   OK T3ABC | ph:07452011710 | em:steve@t3abc.com | 4.6* | 23 reviews | Fareham
[02:25:08] [4982/5631] tinytalk.co.uk
[02:25:08]   OK TinyTalk Kent Downs | ph:07546274832 | em:debh@tinytalk.co.uk | 4.6* | 23 reviews | Canterbury
[02:25:12] [4983/5631] esp-ac.uk
[02:25:13]   OK The Education and Skills Partnership Ltd | ph:01233632111 | em:info@esp-ac.uk | 4.6* | 23 reviews | Ashford
[02:25:17] [4984/5631] bonjouracademy.co.uk
[02:25:17]   OK Bonjour Academy | ph:07 462 754 610 | em:caroline@bonjouracademy.co.uk | 4.6* | 23 reviews | London
[02:25:22] [4985/5631] completemindsacademy.co.uk
[02:25:22]   OK Complete Minds Academy | ph:00442034321995 | em:info@completemindsacademy.co.uk | 4.6* | 23 reviews | London
[02:25:26] [4986/5631] thetutorsassociation.org.uk
[02:25:26]   OK The Tutors' Association | ph:01628 306108 | em:info@thetutorsassociation.org.uk | 4.6* | 22 reviews | Marlow
[02:25:30] [4987/5631] vetpol.uk
[02:25:30]   OK vetpol.uk | em:support@vetpol.uk | 4.6* | 22 reviews | Tring
[02:25:35] [4988/5631] colnevalleydogs.co.uk
[02:25:35]   OK Colne Valley Dogs Ltd | ph:07840782351 | em:connect@colnevalleydogs.co.uk | 4.6* | 22 reviews | Huddersfield
[02:25:40] [4989/5631] consultingcasepro.com
[02:25:40]   OK ConsultingCasePro | em:hello@consultingcasepro.com | 4.6* | 22 reviews
[02:25:43] [4990/5631] vipreading.co.uk
[02:25:43]   OK VIP Reading Ltd | ph:07583591916 | em:hello@vipreading.co.uk | 4.6* | 22 reviews | Kington
[02:25:47] [4991/5631] techstudylondon.com
[02:25:47]   OK Tech Study UK | ph:07887349502 | em:info@techstudyuk.co.uk | 4.6* | 22 reviews | London
[02:25:51] [4992/5631] internationalcareersnetwork.com
[02:25:52]   OK International Careers Network | em:hello@internationalcareersnetwork.com | 4.6* | 22 reviews
[02:25:56] [4993/5631] mylearningcloud.org.uk
[02:25:56]   OK My Learning Cloud | ph:08000886109 | em:enquiries@mylearningcloud.org.uk | 4.6* | 22 reviews | Fareham
[02:26:00] [4994/5631] www.foundationfurniture.co.uk
[02:26:00]   OK Foundation Furniture Ltd | ph:01695577899 | em:info@foundationfurniture.co.uk | 4.6* | 22 reviews | Ormskirk
[02:26:05] [4995/5631] jaythesoulcoach.com
[02:26:05]   OK Jay The Soul Coach | 4.6* | 22 reviews
[02:26:10] [4996/5631] confidence2caretraining.com
[02:26:10]   OK Confidence2Care Training & Event Medics | 4.6* | 22 reviews
[02:26:15] [4997/5631] www.eichdyn.co.uk
[02:26:15]   OK Eich Dyn Career Services | ph:+44 7760223748 | em:david.jones@eichdyn.co.uk | 4.6* | 22 reviews | Leamington Spa
[02:26:20] [4998/5631] manufacturinginstitute.co.uk
[02:26:21]   OK The Manufacturing Institute | ph:0161 245 4845 | em:info@themfgi.co.uk | 4.6* | 22 reviews | Manchester
[02:26:25] [4999/5631] peak-sport.co.uk
[02:26:25]   OK Physical Education & Active Kids | ph:0191704 2022 | em:info@peak-sport.co.uk | 4.6* | 22 reviews | Sunderland
[02:26:30] [5000/5631] simplifiedtuition.co.uk
[02:26:30]   OK Simplified Tuition | em:jpatterson@simplifiedtuition.co.uk | 4.6* | 22 reviews | London
[02:26:30]   [Progress saved: 5000 total leads]
[02:26:35] [5001/5631] getspinach.co.uk
[02:26:35]   OK Spinach | ph:07392150111 | em:contact@getspinach.co.uk | 4.6* | 22 reviews | Ruislip
[02:26:39] [5002/5631] klimekacademy.com
[02:26:39]   OK Klimek Academy | ph:01895347475 | em:info@klimekacademy.com | 4.6* | 22 reviews | London
[02:26:43] [5003/5631] newroadeducation.com
[02:26:44]   OK Newroadeducation | ph:01483921021 | em:hello@newroadeducation.com | 4.6* | 22 reviews | Surrey
[02:26:47] [5004/5631] mertontuition.com
[02:26:47]   OK Merton Tuition Centre | em:info@mertontuition.com | 4.6* | 21 reviews | Morden
[02:26:51] [5005/5631] www.schoolchristmascardproject.org.uk
[02:26:51]   OK School Print World | ph:0114 453 9288 | em:info@schoolprintworld.co.uk | 4.6* | 21 reviews | Sheffield
[02:26:55] [5006/5631] lymphtraining.co.uk
[02:26:55]   OK Lymphtraining | ph:01202 835388 | em:Reception@LymphTraining.co.uk | 4.6* | 21 reviews
[02:27:00] [5007/5631] blacksacademy.net
[02:27:00]   OK blacksacademy.net | ph:03301338308 | em:peter@blacksacademy.net | 4.6* | 21 reviews | Kington
[02:27:04] [5008/5631] newbyleisure.com
[02:27:04]   OK Newby Leisure Limited  | ph:01472 230022 | em:sales@newbyleisure.com | 4.6* | 21 reviews | Grimsby
[02:27:09] [5009/5631] englishandhistorytutor.com
[02:27:09]   OK English and History Tutor | ph:07914554522 | em:nicola@englishandhistorytutor.com | 4.6* | 21 reviews
[02:27:13] [5010/5631] insightful-conversations.com
[02:27:14]   OK Insightful conversations | ph:07931457172 | em:jarell@insightful-conversations.co.uk | 4.6* | 21 reviews | London
[02:27:17] [5011/5631] norfolkhealthandfitness.com
[02:27:18]   OK Norfolk Health & Fitness | ph:07969494485 | em:info@notfolkhealthandfitness.com | 4.6* | 21 reviews | Norwich
[02:27:22] [5012/5631] salesmadeeasy.sale
[02:27:23]   OK Sales Made Easy Ltd. | ph:0447969770809 | em:tom@salesmadeeasy.sale | 4.6* | 21 reviews | London
[02:27:27] [5013/5631] prosthoworks.co.uk
[02:27:27]   OK Prosthoworks | em:sammy@prosthoworks.co.uk | 4.6* | 21 reviews | London
[02:27:32] [5014/5631] ired.ac.uk
[02:27:33]   OK iRed Ltd | ph:01243 370 296 | em:hello@ired.co.uk | 4.6* | 21 reviews | Emsworth
[02:27:37] [5015/5631] www.bestpracticeacademy.co.uk
[02:27:38]   OK Bestpracticeacademy | ph:07983205904 | em:coach@bestpracticeacademy.co.uk | 4.6* | 21 reviews | Reading
[02:27:42] [5016/5631] hivemedicalacademy.com
[02:27:42]   OK Hive Medical Academy UK | ph:+44 7866415063 | em:drmalik@hivemedicalacademy.com | 4.6* | 21 reviews | Manchester
[02:27:46] [5017/5631] www.fxaxe.com
[02:27:47]   OK FXAxe | ph:+44 7898884849 | em:support@fxaxe.com | 4.6* | 21 reviews
[02:27:50] [5018/5631] votesforschools.com
[02:27:50]   OK VotesforSchools | ph:07388 131998 | em:info@votesforschools.com | 4.6* | 21 reviews | London
[02:27:54] [5019/5631] www.bhtuition.com
[02:27:54]   OK Beyond Horizons Tuition | ph:01132498061 | em:info@bhtuition.com | 4.6* | 21 reviews | Leeds
[02:27:58] [5020/5631] internationalheroes.co
[02:27:58]   OK International Heroes | em:hello@internationalheroes.co | 4.6* | 21 reviews | London
[02:27:58]   [Progress saved: 5020 total leads]
[02:28:02] [5021/5631] www.mythrivingchild.co
[02:28:02]   OK My Thriving Child | em:hello@mythrivingchild.co | 4.6* | 21 reviews | Surrey
[02:28:07] [5022/5631] bedfordtutor.co.uk
[02:28:07]   OK Bedford Tutor | ph:07757 355484 | em:bedfordtutor@outlook.com | 4.6* | 21 reviews | Bedford
[02:28:11] [5023/5631] tutoringwithportia.co.uk
[02:28:11]   OK Tutoring with Portia  | 4.6* | 21 reviews
[02:28:15] [5024/5631] beautyecademy.com
[02:28:15]   OK Beauty E-Cademy | em:support@beautyecademy.com | 4.6* | 21 reviews
[02:28:20] [5025/5631] mymadrassa.com
[02:28:20]   OK Mymadrassa | 4.6* | 21 reviews
[02:28:25] [5026/5631] 1313live.com
[02:28:25]   OK KSM1313Live | em:hello@1313live.com | 4.6* | 21 reviews | London
[02:28:29] [5027/5631] focuseducational.com
[02:28:29]   OK Focus eLearning | ph:01872241672 | em:mail@focuseducational.com | 4.6* | 21 reviews | Truro
[02:28:33] [5028/5631] 6figurebookkeeper.com
[02:28:33]   OK The 6 Figure Bookkeeper | em:hello@6figurebookkeeper.com | 4.6* | 21 reviews
[02:28:37] [5029/5631] melanielewendonacademy.co.uk
[02:28:37]   OK Melanielewendonacademy | em:studentcare@melanielewendonacademy.co.uk | 4.6* | 21 reviews | derby
[02:28:42] [5030/5631] quarterdeck.co
[02:28:42]   OK Quarterdeck | em:info@quarterdeck.co | 4.6* | 20 reviews | London
[02:28:46] [5031/5631] radanks.com
[02:28:47]   OK Radanks | 4.6* | 20 reviews
[02:28:52] [5032/5631] antlearning.co.uk
[02:28:52]   OK Ant Learning | ph:020 8050 5798 | em:office@antlearning.co.uk | 4.6* | 20 reviews | London
[02:28:55] [5033/5631] donna-marie.co.uk
[02:28:56]   OK Morgana Marie  | ph:+44 774937100 | em:hello@morganamarie.com | 4.6* | 20 reviews | Broxbourne
[02:29:00] [5034/5631] successacademies.co.uk
[02:29:00]   OK Success Academies | ph:07368558487 | em:info@successacademies.co.uk | 4.6* | 20 reviews | Burgess Hill
[02:29:05] [5035/5631] tealcic.co.uk
[02:29:05]   OK Tealcic | ph:07506965789 | em:lucy@tealcic.co.uk | 4.6* | 20 reviews | OXTED
[02:29:09] [5036/5631] cvrunway.co.uk
[02:29:09]   OK Cvrunway | ph:+44 7514454447 | em:info@cvrunway.com | 4.6* | 20 reviews | Liverpool
[02:29:13] [5037/5631] www.wonderlearn.co.uk
[02:29:13]   OK Wonderlearn | 4.6* | 20 reviews | Wallington
[02:29:18] [5038/5631] head-of-the-class.co.uk
[02:29:18]   OK Head of the Class | ph:07931717701 | em:Info@head-of-the-class.co.uk | 4.6* | 20 reviews | Hayes
[02:29:22] [5039/5631] sustainablelifecoach.co.uk
[02:29:22]   OK Sustainable Life Coach | em:hello@sustainablelifecoach.co.uk | 4.6* | 20 reviews
[02:29:26] [5040/5631] thebassmastermind.com
[02:29:26]   OK The Complete Bassist | em:support@jazmoss.com | 4.6* | 20 reviews
[02:29:26]   [Progress saved: 5040 total leads]
[02:29:30] [5041/5631] landscapes4learning.com
[02:29:30]   OK Landscapes 4 Learning Ltd | ph:02922403777 | em:hello@landscapes4learning.com | 4.6* | 20 reviews | Cardiff
[02:29:34] [5042/5631] mrjamesmathstuition.co.uk
[02:29:34]   OK Mr James Maths Tuition | ph:01205 212157 | em:Info@mrjamesmathstuition.co.uk | 4.6* | 20 reviews
[02:29:39] [5043/5631] gomarnad.com
[02:29:39]   OK Gomarnad | ph:+44 7862431867 | em:contact@gomarnad.com | 4.6* | 20 reviews | Grays
[02:29:44] [5044/5631] continuitytrainingacademy.co.uk
[02:29:44]   OK Continuity Training Academy | ph:01622 587343 | em:enquiries@continuitytrainingacademy.co.uk | 4.6* | 20 reviews | Maidstone
[02:29:49] [5045/5631] cwsr.co.uk
[02:29:50]   OK Cwsr Ltd  | ph:07432026030 | em:Courtney@cwsr.co.uk | 4.6* | 20 reviews | Pontefract
[02:29:55] [5046/5631] elevationfx.net
[02:29:55]   OK Elevation Trading | ph:0203 862 6987 | em:trading@elevationfx.net | 4.6* | 20 reviews | London
[02:30:00] [5047/5631] wendyshatfordcoaching.com
[02:30:01]   OK Wendy Shatford Coaching  | ph:07931738313 | em:Hello@wendyshatfordcoaching.com | 4.6* | 20 reviews | Newport
[02:30:05] [5048/5631] nationalskillsfunding.org
[02:30:06]   OK National Skills Funding | 4.6* | 20 reviews
[02:30:10] [5049/5631] rebustraining.co.uk
[02:30:10]   OK Rebus Training | ph:01782 976555 | em:info@rebustraining.co.uk | 4.6* | 20 reviews | Stoke-on-Trent
[02:30:14] [5050/5631] chestnutbooks.co.uk
[02:30:14]   OK Chestnut Books | em:julia@chestnutbooks.co.uk | 4.6* | 20 reviews
[02:30:19] [5051/5631] basicbeautyacademy.com
[02:30:19]   OK Basicbeautyacademy | em:basicbeautyacademy@hotmail.com | 4.6* | 20 reviews | London
[02:30:23] [5052/5631] chessed.me
[02:30:24]   OK chessed.me | em:hello@chessed.me | 4.6* | 19 reviews | London 
[02:30:27] [5053/5631] makemeadr.co.uk
[02:30:27]   OK Make Me a Dr | ph:+44 7831012309 | em:info@makemeadr.co.uk | 4.6* | 19 reviews | Crawley
[02:30:32] [5054/5631] lets-talk-about-criminology.co.uk
[02:30:32]   OK Let's Talk About Criminology Online Education 14-16 | ph:+44 7865533232 | em:a.level.criminology.tutor@gmail.com | 4.6* | 19 reviews
[02:30:36] [5055/5631] deanfrost.com
[02:30:37]   OK Dean Frost Coaching  | 4.6* | 19 reviews
[02:30:41] [5056/5631] shop.cyntech.co.uk
[02:30:42]   OK Cyntech | 4.6* | 19 reviews
[02:30:45] [5057/5631] actionpointtraining.com
[02:30:46]   OK Action Point Training & Consultancy Ltd | ph:0330 133 2165 | em:info@actionpointtraining.com | 4.6* | 19 reviews | Pershore
[02:30:50] [5058/5631] anniefontainelifecoachlondon.co.uk
[02:30:50]   OK Annie Fontaine Life Coach London | ph:07872055567 | em:enquiries@anniefontainelifecoachlondon.co.uk | 4.6* | 19 reviews | London
[02:30:54] [5059/5631] rickmansworthhypnotherapy.online
[02:30:55]   OK Rickmansworthhypnotherapy | ph:07538812380 | em:wd3hypnotherapy@gmail.com | 4.6* | 19 reviews | RICKMANSWORTH
[02:30:58] [5060/5631] unlockingchange.com
[02:30:58]   OK Online Hypnosis Sessions | ph:07961936585 | em:info@unlockingchange.com | 4.6* | 19 reviews | London
[02:30:58]   [Progress saved: 5060 total leads]
[02:31:02] [5061/5631] dronepilotdeploy.com
[02:31:03]   OK Drone Pilot Training Academy Belfast | ph:07565 481897 | em:enquiries@dronepilotdeploy.co.uk | 4.6* | 19 reviews | Carryduff
[02:31:07] [5062/5631] virtualeducators.co.uk
[02:31:07]   OK Virtual Educators  | ph:07561 894422 | em:info@virtualeducators.co.uk | 4.6* | 19 reviews | Bournemouth
[02:31:11] [5063/5631] imaginarium.tv
[02:31:11]   OK IMAGINARIUM FILM ACADEMY | ph:07429177144 | em:academy@imaginairum.tv | 4.6* | 19 reviews
[02:31:16] [5064/5631] novela.academy
[02:31:16]   OK Novela - Digital Marketing Simulations  | 4.6* | 19 reviews
[02:31:21] [5065/5631] creoincubator.com
[02:31:21]   OK CREO Incubator | 4.6* | 19 reviews
[02:31:25] [5066/5631] www.instantservices.co.uk
[02:31:26]   OK Instant Services (Scotland) Ltd | 4.6* | 19 reviews
[02:31:31] [5067/5631] pluss.org.uk
[02:31:31]   OK Pluss | ph:0800 334 5525 | em:customer.admin@pluss.org.uk | 4.6* | 19 reviews | Exeter
[02:31:34] [5068/5631] paulcarsonmaths.co.uk
[02:31:35]   OK Paul Carson Maths | ph:07896885046 | em:carson2507@hotmail.com | 4.6* | 19 reviews | Lincoln
[02:31:38] [5069/5631] coachbenhamley.com
[02:31:38]   OK Coach Ben Hamley Dip.LC | em:ben@coachbenhamley.com | 4.6* | 19 reviews | Newquay
[02:31:43] [5070/5631] danreganhypnotherapy.co.uk
[02:31:44]   OK Dan Regan Hypnotherapy | ph:01353 886158 | em:dan@danreganhypnotherapy.co.uk | 4.6* | 19 reviews | Ely
[02:31:48] [5071/5631] dayleadams.com
[02:31:48]   OK Dayle Adams - Psychic Medium | 4.6* | 19 reviews
[02:31:53] [5072/5631] cs-reboot.co.uk
[02:31:53]   OK CS Re:Boot | ph:07922736420 | em:info@cs-reboot.co.uk | 4.6* | 19 reviews
[02:31:57] [5073/5631] schoolofnaturalmedicine.com
[02:31:57]   OK School of Natural Medicine | ph:07400888000 | em:info@schoolofnaturalmedicine.com | 4.6* | 19 reviews | CHELTENHAM
[02:32:02] [5074/5631] mrglovermathsman.co.uk
[02:32:03]   OK Maths Tutoring Rocks! | ph:07868 783222 | em:admin@mrglovermathsman.co.uk | 4.6* | 19 reviews | Wednesbury
[02:32:07] [5075/5631] naggofx.com
[02:32:08]   OK Naggofx | ph:07917377242 | em:info@naggofx.com | 4.6* | 19 reviews | LONDON
[02:32:12] [5076/5631] first4training.uk
[02:32:12]   OK First4Training | ph:01202113583 | em:info@first4training.uk | 4.6* | 19 reviews | Poole
[02:32:16] [5077/5631] oliviachristina.com
[02:32:17]   OK Olivia Christina Academy | ph:(323) 719-6468 | em:office@oliviachristina.com | 4.6* | 19 reviews
[02:32:20] [5078/5631] draditibhalla.com
[02:32:21]   OK Dr. Aditi Bhalla | em:connect@draditibhalla.com | 4.6* | 19 reviews
[02:32:24] [5079/5631] uacu.uk
[02:32:25]   OK University Admissions UK | ph:07722990005 | em:ad@uacu.uk | 4.6* | 19 reviews | London
[02:32:28] [5080/5631] mcconnellsmaths.co.uk
[02:32:29]   OK McConnell's Maths | ph:08000025712 | em:info@mcconnellsmaths.co.uk | 4.6* | 18 reviews
[02:32:29]   [Progress saved: 5080 total leads]
[02:32:33] [5081/5631] algebrains.com
[02:32:34]   OK Algebrains: Maths & Science tutoring | ph:020 8050 3801 | 4.6* | 18 reviews | Potters Bar
[02:32:37] [5082/5631] mathsmomentum.com
[02:32:37]   OK Maths Momentum | ph:07510069284 | em:info@mathsmomentum.com | 4.6* | 18 reviews | London
[02:32:41] [5083/5631] ybfittraining.com
[02:32:42]   OK YBFIT Training | ph:01372 889589 | em:info@ybfrittraining.com | 4.6* | 18 reviews
[02:32:46] [5084/5631] allstartutors.co.uk
[02:32:46]   OK All-Star Tutors | ph:07816 581737 | em:allstartutors@yahoo.com | 4.6* | 18 reviews | Selby 
[02:32:50] [5085/5631] www.intuitionlang.com
[02:32:51]   OK InTuition Languages | ph:+44 2077394411 | em:teach@intuitionlang.com | 4.6* | 18 reviews | London
[02:32:56] [5086/5631] meltmystress.com
[02:32:56]   OK Meltmystress | 4.6* | 18 reviews
[02:32:59] [5087/5631] xaviered.com
[02:32:59]   OK Xavier Ed | em:enquiries@xaviered.com | 4.6* | 18 reviews
[02:33:04] [5088/5631] esbuk.org
[02:33:04]   OK English Speaking Board (International) Ltd. | em:comms@esbuk.org | 4.6* | 18 reviews
[02:33:08] [5089/5631] head2heartconnection.com
[02:33:08]   OK Head2HeartConnection | em:natasha@head2heartconnection.com | 4.6* | 18 reviews
[02:33:13] [5090/5631] themindfulmarine.co.uk
[02:33:13]   OK Themindfulmarine | 4.6* | 18 reviews
[02:33:17] [5091/5631] limitbreakers.co.uk
[02:33:17]   OK Limit Breakers Tutoring UK Ltd  | ph:+44 7412271453 | em:info@limitbreakers.co.uk | 4.6* | 18 reviews | London
[02:33:21] [5092/5631] www.tradexcapital.co.uk
[02:33:21]   OK TradeX Capital | ph:+44 7400470492 | em:support@tradexcapital.co.uk | 4.6* | 18 reviews
[02:33:25] [5093/5631] braveeve.com
[02:33:25]   OK Brave Eve Coaching | ph:07411944545 | em:a.kelmishkeyt@gmail.com | 4.6* | 18 reviews | Greater London
[02:33:29] [5094/5631] beherewell.earth
[02:33:29]   OK Be Here Well | ph:07777558972 | em:hello@beherewell.earth | 4.6* | 18 reviews | Totnes
[02:33:33] [5095/5631] futureprooflearning.co.uk
[02:33:34]   OK Future Proof Learning Ltd | ph:0333 014 2742 | em:david@futureprooflearning.co.uk | 4.6* | 18 reviews | Edinburgh
[02:33:38] [5096/5631] theenergytrainingacademy.com
[02:33:38]   OK The Energy Training Academy | ph:0131 510 9012 | em:Info@theenergytrainingacademy.com | 4.6* | 18 reviews | Dalkeith
[02:33:41] [5097/5631] www.firstaidtrainingcooperative.co.uk
[02:33:42]   OK First Aid Training Co-operative | 4.6* | 18 reviews
[02:33:45] [5098/5631] greatchatwellacademy.com
[02:33:45]   OK Great Chatwell Academy | em:info@greatchatwellacedemy.com | 4.6* | 18 reviews | Newport
[02:33:50] [5099/5631] cephtactics-dental.com
[02:33:51]   OK Cephtactics Dental | ph:07513173322 | em:info@cephtactics.com | 4.6* | 18 reviews | London
[02:33:55] [5100/5631] how-to-win.co.uk
[02:33:56]   OK How To Win | ph:07814452018 | em:Sam@how-to-win.co.uk | 4.6* | 17 reviews | London
[02:33:56]   [Progress saved: 5100 total leads]
[02:33:59] [5101/5631] butterflyfirstaid.com
[02:34:00]   OK butterflyfirstaid.com | ph:03333050775 | em:info@butterflyfirstaid.com | 4.6* | 17 reviews | London
[02:34:04] [5102/5631] dealhuntersfba.com
[02:34:04]   OK Deal Hunters FBA | em:info@dealhuntersfba.com | 4.6* | 17 reviews | Suffolk
[02:34:08] [5103/5631] biancatutoring.com
[02:34:09]   OK BIANCA TUTORING | ph:+44 1217690847 | em:info@biancatutoring.com | 4.6* | 17 reviews | Birmingham
[02:34:12] [5104/5631] flexi-schooldyslexia.co.uk
[02:34:13]   OK Flexi Schooldyslexia | ph:07588 856544 | em:info@flexi-schooldyslexia.co.uk | 4.6* | 17 reviews | Wrotham, Kent
[02:34:17] [5105/5631] beyondeducationtutoring.com
[02:34:17]   OK Beyond Education Tutoring | ph:07951665435 | em:enquiries@beyondeducationtutoring.com | 4.6* | 17 reviews | Manchester
[02:34:22] [5106/5631] mrsdeheletutoring.com
[02:34:22]   OK Mrsdeheletutoring | ph:07477610527 | em:MrsDeheletutoring@outlook.com | 4.6* | 17 reviews | Solihull
[02:34:26] [5107/5631] ledbylove.co
[02:34:26]   OK Led by Love | 4.6* | 17 reviews
[02:34:30] [5108/5631] peakperspective.pro
[02:34:30]   OK Peak Perspective Education & Coaching | ph:+44 7887548528 | em:info@stefanopalumbo.com | 4.6* | 17 reviews
[02:34:33] [5109/5631] www.igm.ac
[02:34:34]   OK Institute of Global Macro & Portfolio Management  | em:info@igm.ac | 4.6* | 17 reviews
[02:34:38] [5110/5631] littlestepstutoring.co.uk
[02:34:38]   OK Littlestepstutoring | 4.6* | 17 reviews
[02:34:41] [5111/5631] hackeracademy.uk
[02:34:41]   OK Hacker Academy | ph:+44 2081440201 | em:info@hackeracademy.uk | 4.6* | 17 reviews | London
[02:34:45] [5112/5631] coachbm.com
[02:34:46]   OK Brian Muldoon Coaching  | ph:+44 8081752717 | em:support@coachbm.com | 4.6* | 17 reviews | Ducklington 
[02:34:50] [5113/5631] harmony-within.org
[02:34:50]   OK Harmony Within | 4.6* | 17 reviews
[02:34:54] [5114/5631] wearedoceo.com
[02:34:54]   OK Doceo | em:info@wearedoceo.com | 4.6* | 17 reviews | London
[02:34:59] [5115/5631] maxhindle.com
[02:34:59]   OK Max Hindle - Hypnotherapy & Hypnosis  | ph:07828270466 | em:maxim1111on@outlook.com | 4.6* | 17 reviews | hailsham
[02:35:04] [5116/5631] myptcourse.com
[02:35:04]   OK Myptcourse | ph:01926258210 | em:info@myptcourse.com | 4.6* | 17 reviews | Southam
[02:35:09] [5117/5631] northamptonshirecareers.co.uk
[02:35:09]   OK Northamptonshire Careers | ph:07410 571567 | em:debbie@northamptonshirecareers.co.uk | 4.6* | 17 reviews | Wellingborough
[02:35:13] [5118/5631] boxford.co.uk
[02:35:14]   OK Boxford | ph:01422 324 810 | em:info@boxford.co.uk | 4.6* | 17 reviews | Halifax
[02:35:18] [5119/5631] mathstutornottingham.co.uk
[02:35:19]   OK Maths Tutor Nottingham | ph:0798 4042648 | em:dave@mathstutornottingham.co.uk | 4.6* | 17 reviews | Nottingham
[02:35:22] [5120/5631] lesdaviescoaching.com
[02:35:23]   OK Les Davies Coaching | 4.6* | 17 reviews
[02:35:23]   [Progress saved: 5120 total leads]
[02:35:27] [5121/5631] redbirdtutoring.com
[02:35:28]   OK Red Bird Tutoring | em:hello@redbirdtutoring.com | 4.6* | 17 reviews | Dunstable
[02:35:33] [5122/5631] thesource.uk
[02:35:33]   OK The Source | em:contact@thesource.uk | 4.6* | 17 reviews
[02:35:38] [5123/5631] www.ksglearning.com
[02:35:38]   OK KSG Learning | ph:07949 292686 | em:info@ksglearning.com | 4.6* | 17 reviews | London
[02:35:41] [5124/5631] rupert-gibson.com
[02:35:41]   OK Rupert Gibson Coaching | em:coaching@rupert-gibson.com | 4.6* | 17 reviews | Bristol
[02:35:45] [5125/5631] theknowledgeacademy.com
[02:35:46]   OK The Knowledge Academy | ph:01344203999 | em:customer-first@TheKnowledgeAcademy.com; | 4.5* | 50576 reviews | Bracknell, Berkshire
[02:35:51] [5126/5631] www.kaplaninternational.com
[02:35:51]   OK Kaplan International Languages | em:feedback@kaplan.com | 4.5* | 3671 reviews
[02:35:55] [5127/5631] avadolearning.com
[02:35:55]   OK Avado | ph:02039067100 | em:https://avadolearning.my.salesforce-sites.com/webtocase/ | 4.5* | 3183 reviews | London
[02:36:00] [5128/5631] www.taylor-cvs.co.uk
[02:36:00]   OK www.taylor-cvs.co.uk | ph:0113 323 4147 | em:enquiries@taylor-cvs.co.uk | 4.5* | 1779 reviews | London
[02:36:04] [5129/5631] www.harrietellis.com
[02:36:05]   OK Harriet Ellis | ph:01708776050 | em:info@harrietellis.com | 4.5* | 1765 reviews | Romford
[02:36:10] [5130/5631] search.co.uk
[02:36:11]   OK Search Recruitment | ph:0141 272 7777 | em:websupport@search.co.uk | 4.5* | 1427 reviews | Glasgow
[02:36:15] [5131/5631] loc8me.co.uk
[02:36:15]   OK loc8me.co.uk | em:hello@loc8me.co.uk | 4.5* | 1218 reviews | Loughborough
[02:36:19] [5132/5631] www.advancetraininguk.com
[02:36:19]   OK Advance Training Academy- Aet - Sia - Assessment | ph:02089658255 | em:info@advancetraininguk.com | 4.5* | 903 reviews | London
[02:36:23] [5133/5631] tryhackme.com
[02:36:24]   OK TryHackMe | 4.5* | 806 reviews
[02:36:28] [5134/5631] www.cphtradingacademy.dk
[02:36:28]   OK CPH Trading Academy | em:support@cphtradingacademy.dk | 4.5* | 749 reviews | London
[02:36:31] [5135/5631] janets.org.uk
[02:36:32]   OK Janets | 4.5* | 683 reviews | London
[02:36:37] [5136/5631] thinkemployment.com
[02:36:37]   OK Think Employment | ph:01472 493000 | em:hello@thinkemployment.com | 4.5* | 657 reviews | Grimsby
[02:36:42] [5137/5631] www.writestorybooksforchildren.com
[02:36:42]   OK WriteStoryBooksForChildren.com | ph:+44 08456438442 | em:support@writestorybooksforchildren.com | 4.5* | 524 reviews | Deeside
[02:36:46] [5138/5631] standout-cv.com
[02:36:47]   OK StandOut CV | ph:02032903160 | em:hello@standout-cv.com | 4.5* | 504 reviews | London
[02:36:50] [5139/5631] www.goodelearning.com
[02:36:51]   OK GEL (Good e-Learning) | ph:+44 08000850550 | em:support@goodelearning.com | 4.5* | 445 reviews | St Albans
[02:36:54] [5140/5631] qa.com
[02:36:55]   OK QA Ltd | ph:03330604089 | em:info@qa.com | 4.5* | 439 reviews | London
[02:36:55]   [Progress saved: 5140 total leads]
[02:36:59] [5141/5631] cognitoedu.org
[02:37:00]   OK Cognito Education | em:hello@cognitoedu.org | 4.5* | 439 reviews | Tewkesbury
[02:37:05] [5142/5631] ukopencollege.co.uk
[02:37:05]   OK UK Open College | ph:0121 792 3872 | em:enquiries@ukopencollege.co.uk | 4.5* | 437 reviews | Coventry
[02:37:10] [5143/5631] www.alphaacademy.org
[02:37:11]   OK Alpha Academy | ph:020 3965 2556 | em:info@alphaacademy.org | 4.5* | 426 reviews | London
[02:37:15] [5144/5631] imooore.com
[02:37:15]   OK imooore Ltd | em:hello@imooore.com | 4.5* | 419 reviews | London
[02:37:20] [5145/5631] www.lsbf.org.uk
[02:37:20]   OK LSBF | 4.5* | 418 reviews
[02:37:24] [5146/5631] schoolofux.com
[02:37:24]   OK The School of UX (Pixel Takeaway Limited) | ph:+44 2034791881 | em:team@schoolofux.com | 4.5* | 395 reviews | London
[02:37:28] [5147/5631] snaprevise.co.uk
[02:37:29]   OK SnapRevise | ph:02086291936 | em:hello@snaprevise.co.uk | 4.5* | 385 reviews | London
[02:37:32] [5148/5631] thepositivebirthcompany.co.uk
[02:37:33]   OK The Positive Birth Company | em:hello@thepositivebirthcompany.com | 4.5* | 365 reviews
[02:37:36] [5149/5631] astarequivalency.co.uk
[02:37:36]   OK A Star Equivalency | 4.5* | 363 reviews
[02:37:40] [5150/5631] studyprn.com
[02:37:40]   OK Learna | StudyPRN | ph:029 2192 1312 | em:studyprn@learna.ac.uk | 4.5* | 362 reviews | Cardiff
[02:37:44] [5151/5631] skillsfaster.com
[02:37:45]   OK skillsfaster | em:support@skillsfaster.com | 4.5* | 306 reviews | London
[02:37:48] [5152/5631] coursegate.co.uk
[02:37:49]   OK Course Gate | ph:020 3976 7766 | em:info@coursegate.co.uk | 4.5* | 298 reviews | London
[02:37:54] [5153/5631] www.londonnest.com
[02:37:54]   OK Londonnest | ph:+44 02076970009 | em:info@londonnest.com | 4.5* | 283 reviews | London
[02:37:58] [5154/5631] zoek.uk
[02:37:58]   OK Zoek | ph:08081 561179 | em:enquiries@zoek.uk | 4.5* | 251 reviews | Knutsford
[02:38:02] [5155/5631] skillsology.com
[02:38:02]   OK Skillsology | ph:020 3095 7115 | em:support@skillsology.com | 4.5* | 201 reviews | London
[02:38:07] [5156/5631] theresumeranger.com
[02:38:07]   OK Theresumeranger | 4.5* | 195 reviews
[02:38:11] [5157/5631] www.imdt.uk.com
[02:38:12]   OK The Institute of Modern Dog Trainers | 4.5* | 183 reviews
[02:38:16] [5158/5631] theonlinebeautycourses.com
[02:38:16]   OK The Online Beauty Courses | ph:02081917046 | em:customerservice@theonlinebeautycourses.com | 4.5* | 182 reviews
[02:38:21] [5159/5631] lmpeducation.org
[02:38:22]   OK LMP Education | ph:020 3836 4380 | em:info@lmpeducation.org | 4.5* | 179 reviews | London 
[02:38:26] [5160/5631] www.ypp.co.uk
[02:38:27]   OK YPP Lettings | 4.5* | 171 reviews
[02:38:27]   [Progress saved: 5160 total leads]
[02:38:31] [5161/5631] cronosmarkets.com
[02:38:32]   OK Cronos Markets | em:support@cronosmarkets.com | 4.5* | 170 reviews
[02:38:35] [5162/5631] londoncollegeofteachers.com
[02:38:37]   OK London College of Teachers and Trainers | ph:+44 2080891904 | em:info@londoncollegeofteachers.com | 4.5* | 164 reviews | London EC1V 2NX
[02:38:40] [5163/5631] comelearnforex.com
[02:38:41]   OK Come Learn Forex | ph:020 3488 3708 | em:info@comelearnforex.com | 4.5* | 161 reviews | London
[02:38:45] [5164/5631] fxmfunding.com
[02:38:45]   OK Fxmfunding | 4.5* | 153 reviews
[02:38:50] [5165/5631] securematicstraining.co.uk
[02:38:50]   OK securematics Training | ph:02083185860 | em:info@securematicstraining.co.uk | 4.5* | 147 reviews | london
[02:38:54] [5166/5631] www.sccdtraining.co.uk
[02:38:55]   OK SCCD Training | ph:0203 827 7872 | em:enquiries@sccdtraining.co.uk | 4.5* | 145 reviews | London, Woolwich
[02:38:59] [5167/5631] skill-up.org
[02:38:59]   OK Skill Up | ph:020 3790 8580 | em:info@skill-up.org | 4.5* | 119 reviews | London
[02:39:03] [5168/5631] startyouraiagency.com
[02:39:04]   OK Start Your AI Agency | em:support@startyouraiagency.com | 4.5* | 109 reviews | London
[02:39:07] [5169/5631] thamescollege.org
[02:39:08]   OK Thames College | 4.5* | 99 reviews
[02:39:12] [5170/5631] www.fashiondesignacademy.co.uk
[02:39:13]   OK British Academy of Fashion Design | ph:020 3389 7356 | em:info@fashiondesignacademy.co.uk | 4.5* | 95 reviews
[02:39:16] [5171/5631] www.sullysacademy.com
[02:39:17]   OK Sully's Academy | em:support@sullysacademy.com | 4.5* | 90 reviews | London
[02:39:20] [5172/5631] elec.training
[02:39:21]   OK ELEC TRAINING | ph:03308225337 | em:enquiry@elec.training | 4.5* | 89 reviews | Wolverhampton
[02:39:25] [5173/5631] libm.co.uk
[02:39:25]   OK London Institute of Business and Management | ph:020 3934 9675 | em:info@libm.co.uk | 4.5* | 86 reviews | London
[02:39:28] [5174/5631] 11plussuccessclub.co.uk
[02:39:28]   OK 11 Plus Success Club | ph:07939218684 | em:info@11plussuccessclub.co.uk | 4.5* | 81 reviews | Kenley
[02:39:32] [5175/5631] ipse.co.uk
[02:39:32]   OK IPSE | ph:02088979970 | em:membership@ipse.co.uk | 4.5* | 74 reviews | London
[02:39:37] [5176/5631] tyrionpapers.com
[02:39:37]   OK Tyrion Papers | em:info@tyrionpapers.com | 4.5* | 72 reviews | London
[02:39:42] [5177/5631] dropshipcircle.com
[02:39:42]   OK Dropship Circle | em:support@dropshipcircle.com | 4.5* | 67 reviews | London
[02:39:46] [5178/5631] matr.org
[02:39:46]   OK Third Space Learning | ph:02037710095 | em:hello@thirdspacelearning.com | 4.5* | 66 reviews | London
[02:39:50] [5179/5631] precisepaper.co.uk
[02:39:51]   OK Precise Paper | ph:0203-965-7942 | em:help@precisepaper.co.uk | 4.5* | 65 reviews | London
[02:39:56] [5180/5631] entrepreneursity.com
[02:39:56]   OK Entrepreneursity | 4.5* | 63 reviews
[02:39:56]   [Progress saved: 5180 total leads]
[02:40:00] [5181/5631] jrny.training
[02:40:00]   OK JRNY Training | ph:0203 8873660 | em:Info@jrny.org.uk | 4.5* | 63 reviews | Harlow
[02:40:04] [5182/5631] schoolofsport.org.uk
[02:40:04]   OK School of Play | ph:01617265022 | em:info@schoolofplay.org.uk | 4.5* | 63 reviews | Manchester
[02:40:09] [5183/5631] 11plusleap.co.uk
[02:40:09]   OK 11PlusLeap  | em:support@11plusleap.co.uk | 4.5* | 59 reviews | Gloucestershire
[02:40:13] [5184/5631] www.perfect-english-grammar.com
[02:40:14]   OK Perfect English Grammar | 4.5* | 59 reviews
[02:40:17] [5185/5631] impactitraining.uk
[02:40:18]   OK IMPACT IT TRAINING  | ph:02085347556 | em:hello@impactitraining.uk | 4.5* | 57 reviews | London
[02:40:22] [5186/5631] jessenjames.com
[02:40:23]   OK Jessen James | ph:+44 7883300834 | em:success@jessenjames.com | 4.5* | 55 reviews | London
[02:40:27] [5187/5631] ukpubliccollege.co.uk
[02:40:28]   OK UK Public College | em:info@ukpubliccollege.co.uk | 4.5* | 52 reviews | London, Greater London
[02:40:32] [5188/5631] frobel.co.uk
[02:40:33]   OK Frobel Education | ph:020 8935 5931 | em:info@frobel.co.uk | 4.5* | 50 reviews | Essex, London
[02:40:37] [5189/5631] thezen.one
[02:40:38]   OK The Zen One | 4.5* | 50 reviews
[02:40:42] [5190/5631] theaimgroup.co.uk
[02:40:43]   OK The AIM Group | ph:0203 900 3091 | em:hello@theaimgroup.co.uk | 4.5* | 49 reviews | Chelmsford
[02:40:48] [5191/5631] speakduo.com
[02:40:48]   OK Speakduo | ph:+44 02070975739 | em:team@speakduo.com | 4.5* | 46 reviews | London 
[02:40:51] [5192/5631] msfdn.com
[02:40:52]   OK MSFDN | 4.5* | 41 reviews
[02:40:56] [5193/5631] millionlights.university
[02:40:57]   OK millionlights.university | em:uk_support@millionlights.university | 4.5* | 40 reviews | London
[02:41:01] [5194/5631] prestoexperts.co.uk
[02:41:02]   OK Prestoexperts | ph:+44 7456307179 | em:service.prestoexperts@gmail.com | 4.5* | 40 reviews | Bolton
[02:41:06] [5195/5631] platinumpropertyteam.co.uk
[02:41:07]   OK Platinum Property | ph:07476972307 | em:info@platinumpropertyteam.co.uk | 4.5* | 40 reviews | Newcastle Upon Tyne
[02:41:11] [5196/5631] prophecygroup.carrd.co
[02:41:12]   OK Prophecy | em:officialprophecytrading@gmail.com | 4.5* | 39 reviews
[02:41:15] [5197/5631] www.inspired-minds-learning.co.uk
[02:41:15]   OK Inspired Minds Learning | ph:07955462564 | em:charlotte@inspired-minds-learning.co.uk | 4.5* | 37 reviews
[02:41:19] [5198/5631] alliedhealthmentor.org
[02:41:20]   OK Allied Healthcare Mentor | ph:01530417299 | 4.5* | 37 reviews | Ashby-de-la-Zouch
[02:41:25] [5199/5631] lset.uk
[02:41:26]   OK London School of Emerging Technology | ph:+44 02033699909 | em:admission@lset.uk | 4.5* | 34 reviews | London
[02:41:30] [5200/5631] mushon.uk
[02:41:30]   OK Mushon | em:admin@mushon.uk | 4.5* | 33 reviews | Birmingham
[02:41:31]   [Progress saved: 5200 total leads]
[02:41:34] [5201/5631] newlifekickstart.com
[02:41:34]   OK OLGA GEIDANE at New Life Kick Start | ph:+44 7904971807 | em:olga@newlifekickstart.com | 4.5* | 32 reviews | Bawtry
[02:41:39] [5202/5631] dovilearn.com
[02:41:40]   OK DoviLearn Global Education | ph:+44 7769393038 | em:info@dovilearn.com | 4.5* | 32 reviews | London, United Kingdom
[02:41:44] [5203/5631] perfectlyspoken.com
[02:41:45]   OK Perfectly Spoken  | em:hello@perfectlyspoken.com | 4.5* | 32 reviews | London
[02:41:48] [5204/5631] heartbeat.education
[02:41:49]   OK Heartbeat Education Образовательная Платформа | 4.5* | 31 reviews | Philadelphia
[02:41:53] [5205/5631] www.righttrackservices.co.uk
[02:41:53]   OK Righttrackservices | ph:08000096894 | em:Contactus@righttrackservices.co.uk | 4.5* | 31 reviews | London
[02:41:58] [5206/5631] liacademy.co.uk
[02:41:59]   OK London Intercultural Academy (LIA)  | em:Info@londoninterculturalcenter.co.uk | 4.5* | 31 reviews |  London
[02:42:03] [5207/5631] www.coursetreelearning.com
[02:42:03]   OK Coursetreelearning | 4.5* | 30 reviews
[02:42:08] [5208/5631] eurofinance.com
[02:42:08]   OK EuroFinance | ph:+44 02075768555 | em:info@eurofinance.com | 4.5* | 29 reviews | London
[02:42:12] [5209/5631] tigerlilytraining.co.uk
[02:42:13]   OK Tigerlily Training Ltd | ph:03003020999 | em:connect@tigerlilytraining.co.uk | 4.5* | 29 reviews
[02:42:16] [5210/5631] oqschool.com
[02:42:17]   OK Online Quran School | ph:+923442234068 | em:info@oqschool.com | 4.5* | 28 reviews
[02:42:21] [5211/5631] cipdassignments.com
[02:42:21]   OK CIPD Assignments | ph:+44 1213182822 | em:info@cipdassignments.com | 4.5* | 28 reviews | Midhopestones
[02:42:25] [5212/5631] www.starpro.uk
[02:42:25]   OK StarPro Consulting | ph:07398073182 | em:hello@starpro.uk | 4.5* | 28 reviews | London
[02:42:30] [5213/5631] educolondon.com
[02:42:30]   OK Educo London | ph:07309486647 | em:info@educolondon.com | 4.5* | 28 reviews | Kemp House
[02:42:33] [5214/5631] theensamble.com
[02:42:34]   OK The Ensamble | em:info@theensamble.com | 4.5* | 27 reviews | London
[02:42:37] [5215/5631] galwayacademy.com
[02:42:37]   OK Galway Academy | ph:353-15692414 | em:support@galwayacademy.com | 4.5* | 27 reviews
[02:42:41] [5216/5631] love2learneducation.com
[02:42:42]   OK Love2Learn Education | ph:01218095933 | em:hello@love2learneducation.com | 4.5* | 26 reviews | Birmingham
[02:42:46] [5217/5631] we-are-hr.com
[02:42:46]   OK We-are-HR | ph:+44 7947106141 | em:sales@we-are-hr.com | 4.5* | 27 reviews | London
[02:42:50] [5218/5631] skillsme.co.uk
[02:42:51]   OK Skillsme Academy | ph:07742148255 | em:info@skillsme.co.uk | 4.5* | 26 reviews | London
[02:42:54] [5219/5631] mastersdesignlab.com
[02:42:54]   OK mastersdesignlab.com | ph:+44 2081039480 | em:office@mastersdesignlab.com | 4.5* | 25 reviews | London
[02:42:59] [5220/5631] norwoodemployability.com
[02:43:00]   OK Norwood Employability Ltd | ph:+44 7716508624 | em:info@norwoodemployability.com | 4.5* | 25 reviews | Swindon
[02:43:00]   [Progress saved: 5220 total leads]
[02:43:03] [5221/5631] britishassignmentshelp.co.uk
[02:43:04]   OK British Assignments Help | ph:+44 02030340568 | em:info@britishassignmentshelp.co.uk | 4.5* | 25 reviews | London
[02:43:07] [5222/5631] futuresay.net
[02:43:07]   OK Futuresay | ph:+44 08081785368 | em:admin@futuresay.net | 4.5* | 25 reviews | London
[02:43:12] [5223/5631] tutorexpertz.com
[02:43:12]   OK Tutor Expertz | ph:+44 7723585611 | em:info@tutorexpertz.com | 4.5* | 25 reviews | London
[02:43:16] [5224/5631] clinicalskillspro.com
[02:43:17]   OK Clinical Skills Pro | em:info@clinicalskillspro.com | 4.5* | 25 reviews |  London
[02:43:20] [5225/5631] worldacademy.uk
[02:43:20]   OK World Academy - UK | em:info@worldacademy.uk | 4.5* | 24 reviews | London
[02:43:24] [5226/5631] cegonsoft.com
[02:43:24]   OK Cegonsoft | ph:(998) 004-0082 | 4.5* | 23 reviews
[02:43:27] [5227/5631] graduatementor.uk
[02:43:28]   OK Graduate Mentor | ph:01273 200411 | em:team@graduatementor.uk | 4.5* | 23 reviews | Brighton
[02:43:33] [5228/5631] servicesforeducation.co.uk
[02:43:33]   OK Services For Education | ph:+44 1213669950 | em:hello@servicesforeducation.co.uk | 4.5* | 23 reviews | Birmingham
[02:43:36] [5229/5631] yourekacoaching.com
[02:43:36]   OK Youreka Yoga | em:hello@yourekayoga.com | 4.5* | 22 reviews | Enfield  
[02:43:41] [5230/5631] enhance.training
[02:43:41]   OK Enhance.training | em:support@enhance.training | 4.5* | 22 reviews | London
[02:43:45] [5231/5631] mindspanmentors.com
[02:43:45]   OK Mindspan Mentors | 4.5* | 22 reviews
[02:43:50] [5232/5631] medfully.co.uk
[02:43:51]   OK Medfully  | 4.5* | 22 reviews
[02:43:55] [5233/5631] talamo.co.uk
[02:43:55]   OK Talamo  | ph:07816095623 | em:hello@talamo.co.uk | 4.5* | 21 reviews | Plymouth
[02:43:59] [5234/5631] dcstraining.co.uk
[02:44:00]   OK Dynamic Client Solutions (DCS) | ph:020 7175 7735 | em:courses@dcstraining.co.uk | 4.5* | 21 reviews | London
[02:44:03] [5235/5631] mindscreen.com
[02:44:04]   OK Mindscreen | ph:+44 1312352396 | em:experience@mindscreen.com | 4.5* | 21 reviews
[02:44:08] [5236/5631] ascension-training.com
[02:44:08]   OK Ascension Training | em:hi@ascension-training.com | 4.5* | 20 reviews | London
[02:44:13] [5237/5631] lateral-connect.com
[02:44:14]   OK Lateral Connect | ph:020 7458 4596 | em:hello@lateral-connect.com | 4.5* | 20 reviews | London
[02:44:17] [5238/5631] harrylivingstone.co.uk
[02:44:17]   OK TBWS CLUB LTD | ph:01793 939181 | em:hello@tbws.group | 4.5* | 20 reviews | Swindon
[02:44:21] [5239/5631] selenajoylovett.com
[02:44:22]   OK Selena joy lovett | em:info@selenajoylovett.com | 4.5* | 20 reviews | Hants
[02:44:25] [5240/5631] myaccommodation.online
[02:44:26]   OK Myaccommodation | ph:+44 01213122200 | em:birmingham@alliedstudents.net | 4.5* | 19 reviews | birmingham
[02:44:26]   [Progress saved: 5240 total leads]
[02:44:30] [5241/5631] themakespot.uk
[02:44:31]   OK The Make Spot | ph:01291343133‬ | em:studio@themakespot.uk | 4.5* | 19 reviews | Portskewett
[02:44:34] [5242/5631] aienai.co
[02:44:34]   OK AIENAI Academy | ph:+44 7968633120 | em:academy@aienai.co | 4.5* | 19 reviews | Hertfordshire
[02:44:39] [5243/5631] sealedwithmisk.com
[02:44:39]   OK Sealed with Misk Institute  | ph:+44 7827262000 | em:info@sealedwithmisk.com | 4.5* | 19 reviews
[02:44:43] [5244/5631] flowmathematics.co.uk
[02:44:43]   OK Flow Mathematics | em:info@flowmathematics.co.uk | 4.5* | 18 reviews
[02:44:48] [5245/5631] theartybuddha.com
[02:44:48]   OK The Arty Buddha | ph:+44 7537957368 | em:theartybuddha@gmail.com | 4.5* | 18 reviews | LIVERPOOL
[02:44:51] [5246/5631] thephysicscoach.co.uk
[02:44:52]   OK The Physics Coach | em:hello@thephysicscoach.co.uk | 4.5* | 18 reviews
[02:44:55] [5247/5631] tuitionleeds.co.uk
[02:44:56]   OK Leeds Tuition Centre | 4.5* | 18 reviews | Leeds
[02:45:01] [5248/5631] knowr0.co.uk
[02:45:02]   OK KnowR0 | 4.5* | 18 reviews
[02:45:07] [5249/5631] gurjitcoaching.com
[02:45:08]   OK Gurjitcoaching | 4.5* | 18 reviews
[02:45:11] [5250/5631] brightscienceacademy.com
[02:45:11]   OK Bright Science Academy | ph:07422528354 | em:hello@brightscienceacademy.com | 4.5* | 18 reviews | Luton
[02:45:14] [5251/5631] totaltutoring.co.uk
[02:45:15]   OK Total Tutoring | ph:07391966667 | em:Vicky@TotalTutoring.co.uk | 4.5* | 17 reviews | High Wycombe
[02:45:19] [5252/5631] www.breakthroughmaths.co.uk
[02:45:19]   OK Breakthrough Maths GCSE | ph:+44 745095944 | em:team@breakthorughmaths.co.uk | 4.5* | 17 reviews | Nottingham
[02:45:23] [5253/5631] propaperwritings.com
[02:45:23]   OK ProPaperWritings.com | em:support@propaperwritings.com | 4.5* | 17 reviews | London
[02:45:27] [5254/5631] thebelieveeffect.com
[02:45:27]   OK The Believe Effect | ph:07545 803250 | em:michelle@thebelieveeffect.co.uk | 4.5* | 17 reviews
[02:45:31] [5255/5631] www.simplycollectiveworship.co.uk
[02:45:32]   OK Simply Collective Worship | ph:07885 397935 | em:Phil@simplycollectiveworship.co.uk | 4.5* | 17 reviews | Colwyn Bay
[02:45:37] [5256/5631] teflmasters.com
[02:45:37]   OK TEFLmasters | em:support@teflmasters.com | 4.5* | 17 reviews | London
[02:45:42] [5257/5631] careertransitioners.com
[02:45:42]   OK Careertransitioners | ph:07944674960 | em:tolu@careertransitioners.com | 4.5* | 17 reviews | Dartford
[02:45:47] [5258/5631] rich72.com
[02:45:47]   OK RICH72 | ph:+44 2034321184 | em:Info@rich72.com | 4.5* | 17 reviews | London
[02:45:51] [5259/5631] onlinefirstaid.com
[02:45:52]   OK Online First Aid | 4.5* | 17 reviews
[02:45:56] [5260/5631] ksl-training.co.uk
[02:45:57]   OK KSL Training | ph:+44 01635890450 | em:info@ksl-training.co.uk | 4.5* | 17 reviews | Newbury
[02:45:57]   [Progress saved: 5260 total leads]
[02:46:02] [5261/5631] justexoticsevents.co.uk
[02:46:02]   OK Just Exotics Events | 4.5* | 17 reviews
[02:46:05] [5262/5631] howzthat1.com
[02:46:06]   OK HowzThat1 | ph:07931725994 | em:HowzThat1@outlook.com | 4.5* | 17 reviews | London
[02:46:09] [5263/5631] www.walkingwithmybear.com
[02:46:10]   OK Walking With My Bear Adventures Ltd | ph:07990629643 | em:contact@walkingwithmybear.com | 4.5* | 17 reviews | Cleckheaton
[02:46:14] [5264/5631] syllab.ai
[02:46:14]   OK Syllab AI  | em:contact@syllab.ai | 4.5* | 17 reviews | London
[02:46:17] [5265/5631] ahoraspanish.co.uk
[02:46:18]   OK Ahora Spanish Tutoring | em:info@ahoraspanish.co.uk | 4.5* | 17 reviews | Guildford
[02:46:22] [5266/5631] www.innerpeak.co.uk
[02:46:23]   OK Inner Peak | 4.5* | 17 reviews
[02:46:28] [5267/5631] codebravetutors.org
[02:46:28]   OK CodeBrave Tutors | ph:+44 7375119179 | em:info@codebrave.org | 4.5* | 17 reviews | Bath, Somerset
[02:46:32] [5268/5631] oxbridgeinstitute.co.uk
[02:46:32]   OK oxbridgeinstitute.co.uk | ph:07853284405 | em:sumit@OxbridgeInstitute.co.uk | 4.5* | 17 reviews | MIlton Keynes
[02:46:37] [5269/5631] thewildspark.co.uk
[02:46:37]   OK The Wild Spark | em:hello@thewildspark.co.uk | 4.5* | 17 reviews
[02:46:41] [5270/5631] thenestfind.com
[02:46:42]   OK Nest Find | ph:+44 7448519063 | em:info@thenestfind.com | 4.5* | 16 reviews | London
[02:46:45] [5271/5631] theelevatetutor.com
[02:46:45]   OK Theelevatetutor | ph:+44 7468417312 | em:contact@theelevatetutor.com | 4.5* | 16 reviews | Bromely 
[02:46:48] [5272/5631] mayyoumend.com
[02:46:49]   OK May You Mend Ltd | em:info@mayyoumend.com | 4.5* | 16 reviews | Stonehaven
[02:46:53] [5273/5631] thedragonflycoach.com
[02:46:53]   OK The Dragonfly Coach | ph:+44 7990162857 | em:brandy.dragan@thedragonflycoach.com | 4.5* | 16 reviews | Hove
[02:46:57] [5274/5631] inspiringculturesltd.com
[02:46:57]   OK Inspiring Cultures Ltd | 4.5* | 16 reviews
[02:47:01] [5275/5631] nextgentuition.co.uk
[02:47:01]   OK NextGen Tuition | ph:01212705597 | em:info@nextgentuition.co.uk | 4.5* | 16 reviews | West Midlands
[02:47:06] [5276/5631] www.proofreading.education
[02:47:06]   OK Gerard Hearne | em:gerardhearne@gmail.com | 4.5* | 16 reviews | LANCASTER
[02:47:09] [5277/5631] 1decision.co.uk
[02:47:09]   OK 1decision.co.uk | ph:01438 750330 | em:info@1decision.co.uk | 4.5* | 16 reviews | Stevenage
[02:47:13] [5278/5631] hinkseylabs.com
[02:47:13]   OK Hinksey Labs | ph:+44 7441347847 | em:hello@hinkseylabs.com | 4.5* | 16 reviews | Oxford
[02:47:18] [5279/5631] trichocare.co.uk
[02:47:18]   OK TrichoCare Education | ph:01525 288881 | em:studentcare@trichocare.co.uk | 4.5* | 16 reviews | London
[02:47:22] [5280/5631] thedunnway.co.uk
[02:47:22]   OK Thedunnway | 4.5* | 16 reviews
[02:47:22]   [Progress saved: 5280 total leads]
[02:47:26] [5281/5631] ltlt.co.uk
[02:47:27]   OK Leaping Toads Nursery | ph:07902775294 | em:info@ltlt.co.uk | 4.5* | 16 reviews | Dagenham
[02:47:30] [5282/5631] holisticlifecoaching.org.uk
[02:47:31]   OK Holistic Life Coaching with Lisa Marie | em:lisa@holisticlifecoaching.org.uk | 4.5* | 16 reviews
[02:47:35] [5283/5631] www.rdsecuritytrainingltd.co.uk
[02:47:36]   OK Rd Security Training Ltd | ph:07423314151 | em:info@rdsecuritytrainingltd.co.uk | 4.5* | 16 reviews | Essex
[02:47:39] [5284/5631] moderncv.co.uk
[02:47:40]   OK Modern CV | em:luke@moderncv.co.uk | 4.5* | 16 reviews | London
[02:47:43] [5285/5631] www.lauradcoaching.com
[02:47:43]   OK Laura D Coaching | ph:+44 7939443609 | em:laura@lauradcoaching.com | 4.5* | 16 reviews | London
[02:47:48] [5286/5631] mac4aid.co.uk
[02:47:48]   OK Mac4aid | ph:07708833115 | em:mac4aid@gmail.com | 4.5* | 16 reviews | Anstruther
[02:47:52] [5287/5631] jbctraining.co.uk
[02:47:52]   OK JBC Skills Training | ph:024 7671 5143 | em:info@jbcmail.com | 4.5* | 16 reviews | Coventry
[02:47:57] [5288/5631] lotetreetuition.com
[02:47:58]   OK LTT Academy | ph:0116 456 0304 | em:admin@lotetreetuition.com | 4.5* | 16 reviews
[02:48:02] [5289/5631] oscaw.com
[02:48:03]   OK Stemgineering with Nick | ph:07902191336 | em: nickgclark1985@gmail.com | 4.5* | 16 reviews
[02:48:06] [5290/5631] solartuition.com
[02:48:07]   OK Solar Tuition | ph:07939651258 | em:doclawson@solartuition.com | 4.5* | 16 reviews | Gateshead
[02:48:12] [5291/5631] bespokefinancialuk.co.uk
[02:48:12]   OK bespokefinancialuk.co.uk | ph:07875664357 | em:Mclarencoaching@mail.com | 4.5* | 16 reviews | Caerphilly
[02:48:17] [5292/5631] www.michaelwestwood.co.uk
[02:48:17]   OK Michaelwestwood | em:Support@michaelwestwood.co.uk  | 4.5* | 16 reviews | Manchester 
[02:48:21] [5293/5631] onlineenglishteacher.com
[02:48:21]   OK www.onlineenglishteacher.com | ph:+44 2081230579 | em:info@onlineenglishteacher.com | 4.5* | 16 reviews
[02:48:26] [5294/5631] oxbridgesummerscholars.com
[02:48:26]   OK Oxbridge Summer Scholars | ph:+44 07714505623 | em:admissions@oxbridgesummerscholars.com | 4.5* | 16 reviews | London
[02:48:31] [5295/5631] healthcareprofessionalinstitute.co.uk
[02:48:31]   OK Healthcare Professional Institute - HCPI | ph:01455 234600 | em:admin@hcpinstitute.co.uk | 4.5* | 16 reviews | Hinckley
[02:48:36] [5296/5631] aidacoaching.com
[02:48:36]   OK Aida Coaching | em:hello@aidacoaching.com | 4.5* | 16 reviews | London
[02:48:40] [5297/5631] jackdoyletutor.co.uk
[02:48:41]   OK Jack Doyle | Academic Tuition | ph:+44 7591747170 | em:jackdoyletutor@gmail.com | 4.5* | 16 reviews
[02:48:46] [5298/5631] aandntutorials.co.uk
[02:48:46]   OK A& N tutorials Ltd | ph:07387226024 | em:info@aandntutorials.co.uk | 4.5* | 16 reviews | Leicester
[02:48:49] [5299/5631] tashlouise.education
[02:48:49]   OK tashlouise.education | ph:029 2000 3070 | em:contact@tashlouise.education | 4.5* | 16 reviews | Cardiff
[02:48:53] [5300/5631] highflyers.biz
[02:48:53]   OK Highflyers | ph:01513422212 | em:team@highflyers.biz | 4.5* | 16 reviews | Wirral
[02:48:53]   [Progress saved: 5300 total leads]
[02:48:57] [5301/5631] stmarysnewcastle.com
[02:48:57]   OK St Mary's - Student Accommodation | em:enquire@stmarysnewcastle.com | 4.5* | 15 reviews | Newcastle Upon Tyne
[02:49:02] [5302/5631] tradingmentor.online
[02:49:03]   OK Trading Mentor Online | em:hello@tradingmentor.online | 4.5* | 15 reviews
[02:49:07] [5303/5631] ramsayfitness.com
[02:49:07]   OK Ramsays | em:Contact@ramsayfitness.com | 4.5* | 15 reviews | Nuneaton
[02:49:11] [5304/5631] executiveconnexions.com
[02:49:11]   OK Executive Connexions Ltd. | ph:020 3384 4188 | em:steve@executiveconnexions.com | 4.5* | 15 reviews | London
[02:49:15] [5305/5631] www.physicswithkeith.com
[02:49:16]   OK Physics With Keith | em:tutor@physicswithkeith.com | 4.5* | 15 reviews
[02:49:19] [5306/5631] robinfeelinggood.com
[02:49:19]   OK Robin Dewbury | 4.5* | 15 reviews
[02:49:23] [5307/5631] misssealeyhomeschool.co.uk
[02:49:23]   OK Miss Sealey's Online School | ph:07458 153399 | em:support@misssealeyhomeschool.co.uk | 4.5* | 15 reviews | South Ockendon
[02:49:26] [5308/5631] sassymacschooling.com
[02:49:26]   OK SassyMac Schooling | ph:07395452493 | em:info@sassymacschooling.com | 4.5* | 15 reviews
[02:49:30] [5309/5631] thesmarttutors.co.uk
[02:49:30]   OK The Smart Tutors | em:hello@thesmarttutors.co.uk | 4.5* | 15 reviews
[02:49:33] [5310/5631] compassforestschool.co.uk
[02:49:34]   OK Compass Forest School | ph:07890865745 | em:discover@compassforestschool.co.uk | 4.5* | 15 reviews | Royton
[02:49:38] [5311/5631] phildrinkwater.coach
[02:49:39]   OK Phil Drinkwater Coaching | em:phil@phildrinkwater.coach | 4.5* | 15 reviews | Manchester
[02:49:43] [5312/5631] mb-careers.com
[02:49:43]   OK MB Careers | em:maria@mb-careers.com | 4.5* | 15 reviews
[02:49:47] [5313/5631] asrahub.org.uk
[02:49:47]   OK ASRAHub | ph:03302236747 | em:info@asrahub.org.uk | 4.5* | 15 reviews | London
[02:49:50] [5314/5631] pk.coach
[02:49:51]   OK Petar Krastev - Coach PK | ph:07481488771 | em:petar@pk.coach | 4.5* | 15 reviews | London
[02:49:55] [5315/5631] keystrokeacademy.org
[02:49:55]   OK Keystrokeacademy | 4.5* | 15 reviews
[02:49:59] [5316/5631] 1acetraining.co.uk
[02:49:59]   OK 1acetraining | ph:02039834570 | em:info@1acetraining.co.uk | 4.5* | 15 reviews | London
[02:50:03] [5317/5631] superhumaninyou.com
[02:50:04]   OK Superhuman In You | em:support@superhumaninyou.com | 4.5* | 15 reviews | London
[02:50:07] [5318/5631] coachinnature.co.uk
[02:50:08]   OK Rachel Woods Coaching | ph:+44 7967508547 | em:rachel@coachinnature.co.uk | 4.5* | 15 reviews | Wincanton
[02:50:13] [5319/5631] thejesgroup.com
[02:50:13]   OK JESSICA STAGG | ph:07949065649 | em:contact@jessicastagg.com | 4.5* | 15 reviews | horsham
[02:50:17] [5320/5631] vestpod.com
[02:50:17]   OK Vestpod | em:hello@vestpod.com | 4.5* | 15 reviews | London
[02:50:17]   [Progress saved: 5320 total leads]
[02:50:22] [5321/5631] completecaretraining.com
[02:50:22]   OK Complete Care Training | ph:07568382248 | em:hello@completecaretraining.com | 4.5* | 15 reviews | Ashley, Mobberley 
[02:50:26] [5322/5631] 11pluslondon.co.uk
[02:50:26]   OK 11 Plus London | ph:02034881278 | em:info@11pluslondon.co.uk | 4.5* | 15 reviews | London
[02:50:30] [5323/5631] panjango.com
[02:50:31]   OK Panjango | ph:07880807236 | em:jon@panjango.com | 4.5* | 15 reviews | Sheffield
[02:50:35] [5324/5631] hootwithme.co.uk
[02:50:36]   OK Hootwithme | ph:01603516150 | em:info@hootwithme.co.uk | 4.5* | 15 reviews | Norwich
[02:50:40] [5325/5631] findyourhappylife.co.uk
[02:50:40]   OK Find Your Happy Life Hypnotherapy | 4.5* | 15 reviews | Holywood
[02:50:45] [5326/5631] cheaptraining.com
[02:50:45]   OK Cheaptraining | 4.5* | 15 reviews
[02:50:48] [5327/5631] smashyourexams.com
[02:50:48]   OK Smash Your Exams | em:support@smashyourexams.com | 4.5* | 15 reviews |  
[02:50:53] [5328/5631] thebanktrading.co.uk
[02:50:53]   OK The Bank Trading | em:kylemidda@thebanktrading.co.uk | 4.5* | 15 reviews
[02:50:58] [5329/5631] sebastianattewell.com
[02:50:58]   OK Sebastian Attewell Coaching and Mentoring | 4.5* | 15 reviews | Tunbridge Wells
[02:51:02] [5330/5631] eaware.com
[02:51:03]   OK Eaware | ph:0800 047 1913 | em:hello@eaware.com | 4.5* | 15 reviews | Gateshead
[02:51:07] [5331/5631] www.dog-and-bone.co.uk
[02:51:07]   OK Dog & Bone | ph:07562 641838 | em:hello@dog-and-bone.co.uk | 4.5* | 15 reviews | Royston
[02:51:11] [5332/5631] shapingeducation.co.uk
[02:51:12]   OK Shapingeducation | ph:07946003146 | em:info@shapingeducation.co.uk | 4.5* | 15 reviews | London
[02:51:16] [5333/5631] soulawellness.com
[02:51:16]   OK SOULA | 4.5* | 15 reviews
[02:51:20] [5334/5631] dorkydocs.com
[02:51:21]   OK Dorky Docs | ph:07526 594878 | em:info@dorkydocs.com | 4.5* | 14 reviews | Colindale
[02:51:24] [5335/5631] allmyfriendsareeggs.com
[02:51:24]   OK All My Friends Are Eggs | em:manny@allmyfriendsareeggs.com | 4.5* | 14 reviews | Leeds
[02:51:28] [5336/5631] venisy.com
[02:51:29]   OK Venisy | em:support@venisy.com | 4.5* | 14 reviews | London
[02:51:32] [5337/5631] abjom.co.uk
[02:51:33]   OK Abjom Tech | 4.5* | 14 reviews
[02:51:36] [5338/5631] marianatechacademy.com
[02:51:37]   OK Future Tech Academy  | ph:07925482666 | em:info@marianatechacademy.info | 4.5* | 14 reviews | London
[02:51:41] [5339/5631] takeyourtimedelta.com
[02:51:41]   OK Take Your Time DELTA | em:sandy@takeyourtimedelta.com | 4.5* | 14 reviews
[02:51:45] [5340/5631] ttncoaching.com
[02:51:45]   OK Through The Noise Coaching | 4.5* | 14 reviews
[02:51:45]   [Progress saved: 5340 total leads]
[02:51:49] [5341/5631] healtraumabonding.com
[02:51:49]   OK Relationship Success Lab | ph:+44 7831492717 | em:info@healtraumabonding.com | 4.5* | 14 reviews | Manchester
[02:51:54] [5342/5631] bagsoftaste.org
[02:51:55]   OK Bags of Taste | 4.5* | 14 reviews
[02:51:59] [5343/5631] skillversed.com
[02:52:00]   OK Skillversed | ph:+44 2039184009 | em:admin@skillversed.com | 4.5* | 14 reviews
[02:52:04] [5344/5631] drdunni.com
[02:52:04]   OK Druwa Academy | ph:07780 886084 | em:support@druwaacademy.com | 4.5* | 14 reviews | Kington
[02:52:09] [5345/5631] oxyt.co.uk
[02:52:09]   OK OXYT | em:support@oxyt.co.uk | 4.5* | 14 reviews | London
[02:52:13] [5346/5631] csr-coaching.com
[02:52:14]   OK CSR Coaching | ph:+44 7496204545 | em:isabelle.slater@csr-coaching.com | 4.5* | 14 reviews
[02:52:18] [5347/5631] megtraining.co.uk
[02:52:19]   OK Megtraining | 4.5* | 14 reviews
[02:52:23] [5348/5631] breakthesurface.org
[02:52:23]   OK Break the Surface | em:breakthesurfaceuk@gmail.com | 4.5* | 14 reviews | London
[02:52:28] [5349/5631] propfunders.com
[02:52:28]   OK PropFunders  | ph:0208 798 3608 | em:info@propfunders.com | 4.5* | 14 reviews | London
[02:52:31] [5350/5631] teachmesurgery.com
[02:52:32]   OK TeachMeSurgery | em:support@teachmeseries.com | 4.5* | 14 reviews
[02:52:35] [5351/5631] thewap.org
[02:52:35]   OK The Wealth Action Plan | em:hello@thewap.org | 4.5* | 14 reviews
[02:52:38] [5352/5631] getmoneywiser.com
[02:52:39]   OK Get Money Wiser | 4.5* | 14 reviews
[02:52:42] [5353/5631] globalmetacognition.com
[02:52:42]   OK The Global Metacognition Institute | em:globalmetacognition@gmail.com | 4.5* | 14 reviews
[02:52:47] [5354/5631] littlegenius.club
[02:52:47]   OK Hello Little Genius | em:hello@littlegenius.club | 4.5* | 14 reviews | Old Town, Swindon
[02:52:51] [5355/5631] amagi-education.com
[02:52:51]   OK Amagi Education | 4.5* | 14 reviews | London
[02:52:56] [5356/5631] alevelpetutor.com
[02:52:56]   OK Alevelpetutor | ph:07779292074 | em:johurford@alevelpetutor.com | 4.5* | 14 reviews | Cheadle
[02:53:00] [5357/5631] endlesspossltd.com
[02:53:00]   OK Endless Possibilities Ltd | ph:07411155260 | em:info@endlesspossltd.com | 4.5* | 14 reviews
[02:53:04] [5358/5631] thattutor.uk
[02:53:04]   OK Cathleen S | em:cathleen@thattutor.uk | 4.5* | 14 reviews
[02:53:08] [5359/5631] plttraining.co.uk
[02:53:09]   OK PLT TRAINING | ph:01902862777 | em:fraz.mohammed@plttraining.co.uk | 4.5* | 14 reviews | Wolverhampton
[02:53:12] [5360/5631] millstutoring.co.uk
[02:53:13]   OK Millstutoring | ph:+44 07761090131 | em:fiona@millstutoring.co.uk | 4.5* | 13 reviews | London
[02:53:13]   [Progress saved: 5360 total leads]
[02:53:16] [5361/5631] cvwallet.co.uk
[02:53:16]   OK CV Wallet | ph:+44 7441412595 | em:support@cvwallet.co.uk | 4.5* | 13 reviews | London
[02:53:20] [5362/5631] stronglikeamutha.co.uk
[02:53:20]   OK Stronglikeamutha | 4.5* | 13 reviews
[02:53:24] [5363/5631] gt-tuition.co.uk
[02:53:25]   OK GT Tuition | 4.5* | 13 reviews | Slough
[02:53:29] [5364/5631] medicoachtuition.com
[02:53:29]   OK MediCoach Tuition | 4.5* | 13 reviews
[02:53:34] [5365/5631] thepfca.com
[02:53:34]   OK thepfca.com | em:info@thepfca.com | 4.5* | 13 reviews | Hertfordshire
[02:53:39] [5366/5631] elsworthtuition.com
[02:53:39]   OK Elsworth Tuition | ph:07572214973 | em:stan@elsworthtuition.com | 4.5* | 13 reviews | Knaresborough
[02:53:43] [5367/5631] mamacubsco.com
[02:53:43]   OK Mama & Cubs Co. | em:info@mamacubsco.com | 4.5* | 13 reviews
[02:53:47] [5368/5631] energy-trust.co.uk
[02:53:48]   OK Energy Trust | ph:0333 012 0002 | em:info@energy-trust.co.uk | 4.5* | 13 reviews | Croft
[02:53:51] [5369/5631] hiveeducationgroup.com
[02:53:51]   OK Hive Education Group | ph:07557870165 | em:hello@hivesummerschool.com | 4.5* | 13 reviews | Sidcup
[02:53:55] [5370/5631] sarahleverton.com
[02:53:56]   OK Sarah Leverton | 21 Day UGC Creator Programme | 4.5* | 13 reviews
[02:54:00] [5371/5631] teachmemaths.co.uk
[02:54:00]   OK Teach Me Maths | em:ben@teachmemaths.co.uk | 4.5* | 13 reviews
[02:54:05] [5372/5631] toolbox-coaching.com
[02:54:05]   OK Toolbox Coaching | ph:07725753232 | em:lars.gerull@yahoo.de | 4.5* | 13 reviews | OXFORD
[02:54:09] [5373/5631] soartechnology.co.uk
[02:54:09]   OK Soartechnology | 4.5* | 13 reviews | Dartford
[02:54:14] [5374/5631] wedoelearning.co.uk
[02:54:15]   OK We Do E-Learning | ph:(020) 395-4712 | em:support@wedoelearning.co.uk | 4.5* | 13 reviews | London
[02:54:18] [5375/5631] brightpathlearning.co.uk
[02:54:19]   OK Bright Path Learning | em:learn@brightpathlearning.co.uk | 4.5* | 13 reviews
[02:54:22] [5376/5631] hansschumann.com
[02:54:22]   OK hansschumann.com | ph:+44 7795450710 | em:info@hansschumann.com | 4.5* | 13 reviews | London
[02:54:26] [5377/5631] bhupindersandhu.com
[02:54:26]   OK Bhupindersandhu | em:bs@bhupindersandhu.com | 4.5* | 13 reviews | London
[02:54:31] [5378/5631] theonehundred.uk
[02:54:32]   OK Theonehundred | 4.5* | 13 reviews
[02:54:35] [5379/5631] littlekindnessfoundation.com
[02:54:36]   OK Little Kindness Foundation CIC | 4.5* | 13 reviews
[02:54:40] [5380/5631] cubcare.co.uk
[02:54:40]   OK Cubcare - Antenatal and Baby classes | em:jilly@cubcare.co.uk | 4.5* | 13 reviews
[02:54:40]   [Progress saved: 5380 total leads]
[02:54:45] [5381/5631] glowupcoach.co.uk
[02:54:46]   OK Glow Up Coach | 4.5* | 13 reviews
[02:54:51] [5382/5631] ddfocus.co.uk
[02:54:51]   OK Ddfocus | em:melanie@ddfocus.co.uk | 4.5* | 13 reviews | London
[02:54:55] [5383/5631] willsnellcvs.co.uk
[02:54:55]   OK Will Snell CVs | em:will@willsnellcvs.co.uk | 4.5* | 13 reviews | Manchester
[02:55:00] [5384/5631] brookeland.co.uk
[02:55:00]   OK Brookeland Coaching | ph:07401 075479 | em:support@brookeland.co.uk | 4.5* | 13 reviews | London Colney
[02:55:05] [5385/5631] baglobal.io
[02:55:05]   OK BA Global LLC  | ph:0800 368 9226 | em:hello@bagloabl.io | 4.5* | 13 reviews | london
[02:55:09] [5386/5631] kennethstafford.co.uk
[02:55:09]   OK Kenneth Stafford Maths Tutor | ph:07763 838690 | em:me@kennethstafford.co.uk | 4.5* | 13 reviews | Haywards Heath
[02:55:14] [5387/5631] maricarmenfitness.com
[02:55:14]   OK Maricarmenfitness | ph:07969188566 | em:hello@maricarmenfitness.com | 4.5* | 13 reviews | Leamington Spa
[02:55:17] [5388/5631] www.physiotherapyonline.net
[02:55:17]   OK Physiotherapy Online | 4.5* | 13 reviews
[02:55:21] [5389/5631] yourhealingspace.org
[02:55:22]   OK Your Healing Space | em:pam@yourhealingspace.org | 4.5* | 13 reviews | Stevenage
[02:55:26] [5390/5631] jakerostron.com
[02:55:26]   OK Jake Rostron - Life & Business Coach | ph:07889460433 | em:hello@jakerostron.com | 4.5* | 13 reviews | Stockport
[02:55:30] [5391/5631] codeinstitute.net
[02:55:31]   OK Code Institute | ph:+44 2039361786 | em:info@codeinstitute.net | 4.4* | 4844 reviews | London
[02:55:34] [5392/5631] student-cribs.com
[02:55:35]   OK Student Cribs | ph:07592589181 | em:marketing@student-cribs.com | 4.4* | 1779 reviews | London
[02:55:38] [5393/5631] www.fluidbranding.com
[02:55:38]   OK Fluid Branding | ph:0345 634 2935 | em:feedback@fluidbranding.com | 4.4* | 1766 reviews | St Austell
[02:55:43] [5394/5631] how2become.com
[02:55:43]   OK How2Become | em:info@how2become.com | 4.4* | 1589 reviews | Tunbridge Wells
[02:55:47] [5395/5631] humanfocus.co.uk
[02:55:47]   OK Human Focus | ph:01737 647882 | em:enquiries@humanfocus.co.uk | 4.4* | 1347 reviews | Reigate
[02:55:52] [5396/5631] www.vision2learn.com
[02:55:53]   OK Vision2learn | ph:0191 215 4100 | em:info@vision2learn.com | 4.4* | 1203 reviews | Newcastle upon Tyne
[02:55:57] [5397/5631] premierglobal.co.uk
[02:55:58]   OK Premier Global  | ph:0345 017 8733 | em:info@premierglobal.co.uk | 4.4* | 1019 reviews | Hitchin
[02:56:02] [5398/5631] titancapitalmarkets.co.uk
[02:56:03]   OK Titan Capital Markets
[02:56:08] [5399/5631] g7fx.com
[02:56:08]   OK G7FX | em:nv@g7fx.com | 4.4* | 636 reviews
[02:56:12] [5400/5631] naturopathy-uk.com
[02:56:12]   OK College of Naturopathic Medicine | ph:01342 410 505 | em:info@naturopathy-uk.com | 4.4* | 452 reviews
[02:56:12]   [Progress saved: 5400 total leads]
[02:56:17] [5401/5631] www.int-comp.com
[02:56:17]   OK International Compliance Association  | ph:+44 01213627534 | em:https://www.int-comp.org/help-and-support/contact-us/ | 4.4* | 439 reviews | Birmingham, West Midlands
[02:56:22] [5402/5631] www.writersbureau.com
[02:56:23]   OK The Writers Bureau | ph:0161 819 9922 | em:studentservices1@writersbureau.com | 4.4* | 331 reviews
[02:56:27] [5403/5631] kbmtr.com
[02:56:29]   OK KBM Training & Recruitment | ph:02089924506 | em:info@kbmtr.com | 4.4* | 288 reviews | London
[02:56:33] [5404/5631] thecoachingmasters.com
[02:56:33]   OK The Coaching Masters | em:support@thecoachingmasters.com | 4.4* | 279 reviews
[02:56:38] [5405/5631] roughcutcasuals.co.uk
[02:56:38]   OK roughcutcasuals.co.uk | 4.4* | 211 reviews
[02:56:41] [5406/5631] tiney.co
[02:56:42]   OK tiney | ph:020 4579 9034 | em:community@tiney.co | 4.4* | 209 reviews | London
[02:56:46] [5407/5631] aftermarketarbitrage.com
[02:56:47]   OK Aftermarketarbitrage | em:sales@aftermarketarbitrage.com | 4.4* | 174 reviews
[02:56:50] [5408/5631] twoteachers.co.uk
[02:56:50]   OK Two Teachers | em:business@twoteachers.co.uk | 4.4* | 172 reviews
[02:56:54] [5409/5631] 1st-driving-school.com
[02:56:54]   OK 1st Driving School | ph:08000197745 | em:bookings@1st-driving-school.com | 4.4* | 157 reviews | Nottingham
[02:56:59] [5410/5631] ibeautymakeup.co.uk
[02:57:00]   OK Institute of Beauty & Makeup | ph:039238705 | em:info@ibeautymakeup.co.uk | 4.4* | 150 reviews | London
[02:57:03] [5411/5631] www.highfieldelearning.com
[02:57:04]   OK Highfield Online Training | ph:01302 363277 | em:info@highfieldelearning.com | 4.4* | 125 reviews | Doncaster
[02:57:08] [5412/5631] learninglean.co.uk
[02:57:09]   OK Learning Lean | ph:08453290153 | em:contact@learninglean.co.uk | 4.4* | 122 reviews
[02:57:13] [5413/5631] ctccourses.org
[02:57:13]   OK Ctccourses | ph:01952 769025 | em:mail@ctccourses.org | 4.4* | 102 reviews | Telford
[02:57:16] [5414/5631] classtutor.co.uk
[02:57:17]   OK ClassTutor | ph:0121 828 9383 | em:info@classtutor.co.uk | 4.4* | 99 reviews
[02:57:20] [5415/5631] www.teamtft.co.uk
[02:57:20]   OK TFT ltd - tradesmen to forex traders | em:admin@teamtft.co.uk | 4.4* | 83 reviews
[02:57:24] [5416/5631] tutorturn.com
[02:57:24]   OK Tutorturn | ph:+44 7368924992 | em:support@tutorturn.com | 4.4* | 81 reviews | Chelmsford
[02:57:29] [5417/5631] sublimetrading.io
[02:57:29]   OK Sublime Trading | em:hello@sublimetrading.io | 4.4* | 77 reviews | London
[02:57:33] [5418/5631] isspf.com
[02:57:33]   OK isspf.com | em:businessteam@isspf.com | 4.4* | 76 reviews | London
[02:57:37] [5419/5631] tibertutor.com
[02:57:37]   OK Tiber Tutor | em:info@tibertutor.com | 4.4* | 75 reviews | Ticehurst
[02:57:42] [5420/5631] steptogain.com
[02:57:43]   OK StepToGain | ph:+393892478703 | em:info@steptogain.com | 4.4* | 72 reviews
[02:57:43]   [Progress saved: 5420 total leads]
[02:57:47] [5421/5631] www.global-english.com
[02:57:47]   OK Global English TESOL/TEFL | ph:+44 7700140986 | em:info@global-english.com | 4.4* | 68 reviews | Exeter
[02:57:51] [5422/5631] www.investmentweek.co.uk
[02:57:52]   OK Investment Week | ph:+44 02074849700 | em:csqueries@incisivemedia.com | 4.4* | 64 reviews | London
[02:57:56] [5423/5631] oneday.io
[02:57:57]   OK Oneday | em:taras@oneday.org | 4.4* | 64 reviews | London
[02:58:01] [5424/5631] olevelsvirtualschool.com
[02:58:02]   OK Olevelsvirtualschool | ph:+44 7462296681 | em:info@olevelsvirtualschool.com | 4.4* | 62 reviews | LONDON
[02:58:07] [5425/5631] legallawtutor.com
[02:58:07]   OK Legal Law Tutor | em:admin@legallawtutor.com | 4.4* | 59 reviews
[02:58:12] [5426/5631] tetuition.com
[02:58:12]   OK TutorBox | ph:0203 504 4040 | em:info@tutorbox.com | 4.4* | 58 reviews | London
[02:58:16] [5427/5631] soundstepsmusic.co.uk
[02:58:17]   OK Soundsteps Music School | 4.4* | 57 reviews
[02:58:20] [5428/5631] theanimalcare.org
[02:58:20]   OK The Animal Care | ph:020 3970 9892 | em:info@theanimalcare.org | 4.4* | 56 reviews | London
[02:58:23] [5429/5631] oltinternational.net
[02:58:24]   OK OnLineTraining | ph:+44 01273900224 | em:Support@oltinternational.net | 4.4* | 56 reviews | Brighton
[02:58:28] [5430/5631] easy-greendeal.com
[02:58:28]   OK Evergreen Energy - Easy Green Deal | ph:01617685807 | em:consultants@evergreenenergy.co.uk | 4.4* | 51 reviews | Manchester
[02:58:32] [5431/5631] compliancecentral.org.uk
[02:58:33]   OK Compliance Central | ph:020 7770 6546 | em:info@compliancecentral.org.uk | 4.4* | 49 reviews | Luton
[02:58:36] [5432/5631] ukdentalexams.com
[02:58:37]   OK UK Dental Exams Masterclass by Dr Diana McPherson | ph:00447537182352 | em:diana.dentalmasterclass@gmail.com | 4.4* | 48 reviews | London
[02:58:41] [5433/5631] thebuildersacademy.co.uk
[02:58:41]   OK Thebuildersacademy | ph:0203 345 6575 | em:admin@thebuildersacademy.co.uk | 4.4* | 48 reviews | London
[02:58:45] [5434/5631] www.modelcentral.co
[02:58:45]   OK Model Central | ph:02032838796 | em:enquires@modelcentral.co | 4.4* | 48 reviews
[02:58:49] [5435/5631] abertaytraining.co.uk
[02:58:50]   OK Abertay International Training Ltd | ph:0845 3700 305 | em:paul@abertaytraining.co.uk | 4.4* | 44 reviews | gortin
[02:58:53] [5436/5631] tutor365.net
[02:58:53]   OK Tutor365 | ph:01745 421396 | em:info@tutor365.net | 4.4* | 44 reviews | LONDON
[02:58:57] [5437/5631] gradeasy.com
[02:58:58]   OK GradEasy Assignment & Coursework Help | em:info@gradeasy.com | 4.4* | 43 reviews
[02:59:02] [5438/5631] certmage.com
[02:59:03]   OK Cert Mage | em:support@certmage.com | 4.4* | 43 reviews | London
[02:59:06] [5439/5631] ratatype.com
[02:59:07]   OK Ratatype | em:captain@ratatype.com | 4.4* | 42 reviews | Ramsgate
[02:59:10] [5440/5631] sustainabilityunlocked.com
[02:59:10]   OK Sustainability Unlocked | em:contact@sustainabilityunlocked.com | 4.4* | 40 reviews | London
[02:59:10]   [Progress saved: 5440 total leads]
[02:59:14] [5441/5631] archimake.org
[02:59:14]   OK Archimake - STEM, Architecture & Design & school | em:contactus@archimake.org | 4.4* | 35 reviews | London
[02:59:18] [5442/5631] myhappymind.org
[02:59:18]   OK myHappymind | ph:01625 447547 | em:hello@myhappymind.org | 4.4* | 35 reviews | Alderley Edge
[02:59:22] [5443/5631] theonlinerunningcoach.com
[02:59:22]   OK The Online Running Coach | em:support@theonlinerunningcoach.com | 4.4* | 34 reviews
[02:59:26] [5444/5631] minimoonsco.com
[02:59:27]   OK Mini Moons Coaching & Educational Support | 4.4* | 33 reviews
[02:59:32] [5445/5631] eccu.edu
[02:59:32]   OK EC-Council University | 4.4* | 32 reviews
[02:59:37] [5446/5631] imperialacademy.org.uk
[02:59:37]   OK Imperial Academy | ph:+44 2081587191 | em:info@imperialacademy.org.uk | 4.4* | 31 reviews
[02:59:42] [5447/5631] virtuallythrive.com
[02:59:43]   OK Virtually Unbreakable | em:info@virtuallythrive.com | 4.4* | 30 reviews | Bristol
[02:59:46] [5448/5631] youview.uk
[02:59:46]   OK YOUVIEW LONDON UNIVERSITY UK | ph:+44 7916076045 | em:support@youview.uk | 4.4* | 30 reviews | London
[02:59:50] [5449/5631] ateamacademy.co.uk
[02:59:50]   OK A-Team Academy | ph:0121 517 0110 | em:info@ateamacademy.co.uk | 4.4* | 29 reviews | Birmingham
[02:59:54] [5450/5631] theseasonsartclass.com
[02:59:54]   OK The Seasons Art Class LTD | 4.4* | 29 reviews
[02:59:59] [5451/5631] www.e2tprop.com
[02:59:59]   OK e2tprop | em:info@e2tprop.com | 4.4* | 28 reviews
[03:00:03] [5452/5631] cvexperts.com
[03:00:04]   OK Cv Experts | em:Info@CVexperts.com | 4.4* | 27 reviews
[03:00:07] [5453/5631] educationschool.co.uk
[03:00:08]   OK The Education School  | ph:+44 7398228706 | em:info@educationschool.co.uk | 4.4* | 27 reviews | London, United Kingdom
[03:00:12] [5454/5631] black-mountain.co.uk
[03:00:13]   OK Black Mountain | ph:01989566364 | em:info@black-mountain.co.uk | 4.4* | 27 reviews | Ross-on-Wye
[03:00:16] [5455/5631] tradedork.com
[03:00:16]   OK Tradedork | 4.4* | 27 reviews
[03:00:20] [5456/5631] propertyceo.co.uk
[03:00:20]   OK propertyCEO | em:enquiries@propertyceo.co.uk | 4.4* | 27 reviews
[03:00:23] [5457/5631] sava.co.uk
[03:00:24]   OK Sava | ph:01908 442158 | em:hello@sava.co.uk | 4.4* | 26 reviews | Milton Keynes
[03:00:28] [5458/5631] www.cambridgeonlineschool.co.uk
[03:00:28]   OK Cambridge Online School & College International | ph:+44 01223616430 | em:enquiries@cambridgeonlineschool.co.uk | 4.4* | 25 reviews | Cambridge
[03:00:32] [5459/5631] bromley-conservatoire.co.uk
[03:00:33]   OK Bromley Conservatoire | ph:020 3325 1841 | em:admin@bromley-conservatoire.co.uk | 4.4* | 25 reviews | Bromley
[03:00:37] [5460/5631] welltraining.co.uk
[03:00:38]   OK Well Training | ph:0121 752 0968 | em:enquiries@welltraining.co.uk | 4.4* | 23 reviews | Wolverhampton
[03:00:38]   [Progress saved: 5460 total leads]
[03:00:41] [5461/5631] enlightenlearning.co.uk
[03:00:41]   OK Enlighten Learning | ph:07397529427 | em:enlightenlearninguk@gmail.com | 4.4* | 23 reviews | Dunstable
[03:00:46] [5462/5631] psych-fx-academy.teachable.com
[03:00:46]   OK Psych FX | 4.4* | 22 reviews
[03:00:50] [5463/5631] tutorhive.co.uk
[03:00:51]   OK TutorHive | em:info@tutorhive.co.uk | 4.4* | 22 reviews | London
[03:00:55] [5464/5631] ceekoko.com
[03:00:55]   OK Cee Koko | em:info@ceekoko.com | 4.4* | 22 reviews | London
[03:00:59] [5465/5631] kirstydarkins.co.uk
[03:00:59]   OK KD Commercial  | ph:07311292594 | em:kirsty@kdcommercial.co.uk | 4.4* | 21 reviews | Bromsgrove
[03:01:04] [5466/5631] gem-a.com
[03:01:04]   OK gem-a.com | ph:020 7404 3334 | em:webadmin@gem-a.com | 4.4* | 21 reviews | London
[03:01:08] [5467/5631] davidmaths.co.uk
[03:01:08]   OK David Maths Tutor | ph:07973207945 | em:david.maths.tutor1@gmail.com | 4.4* | 20 reviews | Watford
[03:01:11] [5468/5631] cbehx.co.uk
[03:01:12]   OK Cbehx | 4.4* | 20 reviews
[03:01:15] [5469/5631] teachingfromtext.com
[03:01:15]   OK Teaching From Text | em:contact@teachingfromtext.com | 4.4* | 20 reviews
[03:01:20] [5470/5631] quilgo.com
[03:01:20]   OK Quilgo | em:hello@quilgo.com | 4.4* | 20 reviews | London
[03:01:24] [5471/5631] www.eureka-learning.co.uk
[03:01:24]   OK Eureka Learning Online School  | ph:+44 02392066290 | em:enquiries@eureka-learning.co.uk | 4.4* | 20 reviews | Portsmouth
[03:01:28] [5472/5631] www.mindcanyon.co.uk
[03:01:29]   OK Mindcanyon - Mental Health In Your Workplace. | ph:07754746681 | em:info@mindcanyon.co.uk | 4.4* | 20 reviews | Swindon 
[03:01:34] [5473/5631] casesnappy.com
[03:01:34]   OK CaseSnappy | em:hello@casesnappy.com | 4.4* | 19 reviews
[03:01:37] [5474/5631] plabaccommodation.com
[03:01:38]   OK Plabaccommodation | 4.4* | 19 reviews
[03:01:41] [5475/5631] netgensolutions.co.uk
[03:01:41]   OK NetGen Solutions Ltd | ph:+44 7429667842 | em:info@netgensolutions.co.uk | 4.4* | 19 reviews | London
[03:01:44] [5476/5631] cavershamcvwriting.co.uk
[03:01:45]   OK Caversham CV Writing | ph:0118 9472488 | em:contact@cavershamcvwriting.co.uk | 4.4* | 18 reviews | Reading
[03:01:49] [5477/5631] fairouz369.net
[03:01:49]   OK Fairouz369 | ph:00447436946685 | em:connect@fairouz369.net | 4.4* | 17 reviews
[03:01:54] [5478/5631] newanglia.com
[03:01:55]   OK NAU
[03:01:59] [5479/5631] sehyog.co.uk
[03:02:00]   OK SEHYOG | ph:07585707535 | em:info@sehyog.co.uk | 4.4* | 16 reviews | Chelmsford
[03:02:04] [5480/5631] www.thesiswritingservice.co.uk
[03:02:05]   OK Thesis Writing Service | ph:+44 2033320848 | em:info@thesiswritingservice.co.uk | 4.4* | 16 reviews
[03:02:05]   [Progress saved: 5480 total leads]
[03:02:09] [5481/5631] beyond121.co.uk
[03:02:09]   OK BEYOND121 | em:info@beyond121.co.uk | 4.4* | 16 reviews
[03:02:13] [5482/5631] melissapsychic.com
[03:02:14]   OK Melissapsychic | ph:07888863633 | em:Hello@MelissaPsychic.com | 4.4* | 16 reviews | Birmingham
[03:02:18] [5483/5631] eltoxford.com
[03:02:18]   OK English Language Tuition Oxford | ph:07810726847 | em:maryglaspole@gmail.com | 4.4* | 16 reviews | Oxford
[03:02:23] [5484/5631] www.assignmentexperts.co.uk
[03:02:23]   OK Assignment Experts UK | ph:+44 7340959539 | em:support@assignmentexperts.co.uk | 4.4* | 16 reviews | London
[03:02:26] [5485/5631] www.governors.cymru
[03:02:27]   OK Governors Cymru Services (GCS) | ph:01443844532 | em:contact@governors.cymru | 4.4* | 15 reviews | Cardiff
[03:02:30] [5486/5631] mytutoring.co.uk
[03:02:30]   OK My Tutoring | 4.4* | 15 reviews
[03:02:35] [5487/5631] careertegy.com
[03:02:36]   OK Careertegy | 4.4* | 15 reviews
[03:02:39] [5488/5631] assignmenteditorspro.com
[03:02:39]   OK Alpharts | ph:07904423860 | em:headoffice@alpharts.com | 4.4* | 15 reviews | Morecambe
[03:02:44] [5489/5631] cranbrookcollege.com
[03:02:44]   OK cranbrookcollege.com | 4.4* | 15 reviews
[03:02:49] [5490/5631] discovertraining.net
[03:02:49]   OK Discover Training | ph:020 3334 9874‬ | em:help@discovertraining.net | 4.4* | 15 reviews | England
[03:02:53] [5491/5631] www.spectrumtoys.co.uk
[03:02:54]   OK Spectrum Toys | em:customerservice@spectrumtoys.co.uk | 4.4* | 15 reviews | st austell
[03:02:58] [5492/5631] ibauk.com
[03:02:59]   OK International Bodyguard Associates | ph:+44 01793855090 | em:Office@ibauk.com | 4.4* | 14 reviews | Swindon
[03:03:03] [5493/5631] schoolblazers.co.uk
[03:03:04]   OK Schoolblazers | 4.4* | 14 reviews
[03:03:07] [5494/5631] thephive.com
[03:03:07]   OK The Phive | ph:07958036715 | em:zoe@thephive.com | 4.4* | 14 reviews | Finstock
[03:03:11] [5495/5631] rstuition.co.uk
[03:03:11]   OK Rstuition | ph:07398078536 | em:riffatmustafa@ymail.com | 4.4* | 14 reviews | Oldham
[03:03:15] [5496/5631] apexwebsolutions.co.uk
[03:03:16]   OK Apex Web Solutions  | ph:01772342842 | em:contact@apexwebdolutions.co.uk | 4.4* | 14 reviews
[03:03:20] [5497/5631] pilottheoryonline.com
[03:03:20]   OK Pilottheoryonline | 4.4* | 14 reviews
[03:03:25] [5498/5631] tutorboost.co.uk
[03:03:25]   OK Tutorboost | em:info@tutorboost.co.uk | 4.4* | 14 reviews | London
[03:03:30] [5499/5631] www.learntoshine.co.uk
[03:03:30]   OK Learn to Shine Education Ltd  | ph:07988909563 | em:K.McDonough@hotmail.co.uk | 4.4* | 13 reviews | Sheffield
[03:03:34] [5500/5631] helpmesettle.co.uk
[03:03:34]   OK Help Me Settle | em:helpmesettleuk@gmail.com | 4.4* | 13 reviews | London
[03:03:34]   [Progress saved: 5500 total leads]
[03:03:38] [5501/5631] 1ststaff.co.uk
[03:03:38]   OK 1st Staff | ph:03301748191 | em:georgia.davis@1ststaff.co.uk  | 4.4* | 13 reviews | essex
[03:03:43] [5502/5631] edu.spacedollah.com
[03:03:43]   OK Edu Spacedollah | 4.4* | 13 reviews
[03:03:47] [5503/5631] quranteacherlive.com
[03:03:48]   OK Quran Teacher Live | ph:07545594576 | em:rukhsar@quranteacherlive.com | 4.4* | 13 reviews | High Wycombe
[03:03:51] [5504/5631] www.markinternational.co.uk
[03:03:51]   OK Mark International U.K. | ph:+44 7711955442 | em:jobs@markinternational.co.uk | 4.4* | 13 reviews | Manchester
[03:03:55] [5505/5631] techtrainershub.com
[03:03:56]   OK Techtrainershub | ph:020-3051 0292 | em:tth@techtrainershub.com | 4.4* | 13 reviews | Enfield
[03:03:59] [5506/5631] medibrain.co.uk
[03:03:59]   OK Medibrain UK | ph:07346147072 | em:info@medibrain.co.uk | 4.4* | 13 reviews | Bolton
[03:04:03] [5507/5631] mjmconsult.uk
[03:04:04]   OK Mjmconsult | 4.4* | 13 reviews
[03:04:08] [5508/5631] successstorytutoring.co.uk
[03:04:08]   OK Success Story Tutoring | ph:07851 288811 | em:LilyHouston@successstorytutoring.co.uk | 4.4* | 13 reviews
[03:04:12] [5509/5631] bmrhealthandwellbeing.co.uk
[03:04:12]   OK BMR Health and Wellbeing Limited | ph:+44 1908107255 | em:info@bmrhealthandwellbeing.co.uk | 4.4* | 13 reviews | Bedford
[03:04:17] [5510/5631] www.crispr-bte.com
[03:04:18]   OK CRISPR Biotech Engineering | em:info@crispr-bte.com | 4.4* | 13 reviews
[03:04:22] [5511/5631] cpct.co.uk
[03:04:23]   OK CONSTRUCTION PLANT COMPETENCE TRAINING LTD | ph:07444772945 | em:info@cpct.co.uk | 4.4* | 13 reviews | Ongar
[03:04:26] [5512/5631] stmarysedu.co.uk
[03:04:26]   OK St.Mary's Educational Academy Ltd. | ph:+44 7898262946 | em:info@stmarysedu.co.uk | 4.4* | 13 reviews | Peterborough
[03:04:30] [5513/5631] pdacounterfraud.co.uk
[03:04:30]   OK PDA Counter Fraud | em:enquiries@pdacounterfraud.co.uk | 4.4* | 12 reviews
[03:04:34] [5514/5631] cipdassignmentshelp.com
[03:04:35]   OK CIPD Assignments Help UK | ph:+44 1613810000 | em:info@cipdassignmentshelp.com | 4.4* | 12 reviews | Fitzrovia
[03:04:39] [5515/5631] gcsecloud.com
[03:04:39]   OK GCSE Cloud | ph:0116 2211881 | em:team@gcsecloud.com | 4.4* | 12 reviews | Leicester
[03:04:43] [5516/5631] terrafirmatherapy.co.uk
[03:04:43]   OK Terrafirma Therapy | ph:07939450718 | em:anila@terrafirmatherapy.co.uk | 4.4* | 12 reviews | London
[03:04:48] [5517/5631] tutalearning.com
[03:04:48]   OK Tuta Learning | em:info@tutalearning.com | 4.4* | 12 reviews
[03:04:53] [5518/5631] ytic.co.uk
[03:04:53]   OK City Training Group | ph:02920755880 | em:info@ytic.co.uk | 4.4* | 12 reviews | Cardiff
[03:04:56] [5519/5631] themagicacademy.co.uk
[03:04:57]   OK The Magic Academy | ph:07875638052 | em:info@themagicacademy.co.uk | 4.4* | 12 reviews | Hexham
[03:05:00] [5520/5631] theukmoneycoach.com
[03:05:01]   OK The UK Money Coach | ph:02033102136 | em:vig@theukmoneycoach.com | 4.4* | 12 reviews | London
[03:05:01]   [Progress saved: 5520 total leads]
[03:05:05] [5521/5631] www.colibritrader.com
[03:05:05]   OK Colibritrader | 4.4* | 12 reviews
[03:05:09] [5522/5631] studentpackandstore.com
[03:05:10]   OK Student Pack and Store | ph:07854062955 | em:info@studentpackandstore.com | 4.4* | 12 reviews | Edinburgh
[03:05:13] [5523/5631] readmetaschool.com
[03:05:14]   OK Read Meta School |  Online Independent Muslim School | ph:+44 02034681973 | em:contact@readmetaschool.com | 4.4* | 12 reviews | Newbury Park
[03:05:18] [5524/5631] hatconstructionsolutions.com
[03:05:18]   OK HAT Construction Solutions | ph:0203 872 2323 | em:query@hatconstructionsolutions.com | 4.4* | 12 reviews | London
[03:05:22] [5525/5631] tutor-academy.newzenler.com
[03:05:23]   OK The Kirsty Jolly Tutor Academy  | ph:07704670558 | em:kirstyjolly@tkjtutoracademy.co.uk | 4.4* | 12 reviews
[03:05:27] [5526/5631] matrisrobotic.com
[03:05:28]   OK Matris Robotic | ph:00447774485383 | em:info@matrisrobotic.com | 4.5* | 13 reviews | London
[03:05:31] [5527/5631] albayaan.online
[03:05:31]   OK myseerah.com | ph:+44 7917135996 | em:myseerah@increez.co.uk | 4.4* | 12 reviews
[03:05:35] [5528/5631] sierratuition.co.uk
[03:05:35]   OK Target School Offer | em:support@targetschooloffer.co.uk | 4.4* | 12 reviews | London
[03:05:38] [5529/5631] primaryteaching.co.uk
[03:05:39]   OK Primary Teaching Services | ph:01772331111 | em:info@primaryteaching.co.uk | 4.4* | 12 reviews | Preston
[03:05:43] [5530/5631] oxcellerate.com
[03:05:43]   OK Oxcellerate | 4.4* | 12 reviews
[03:05:47] [5531/5631] mehalmahipal.com
[03:05:47]   OK Mehalmahipal | em:info@mehalmahipal.com | 4.4* | 12 reviews
[03:05:52] [5532/5631] fromtinyseedscoaching.com
[03:05:52]   OK FROM TINY SEEDS COACHING | em:coach@fromtinyseedscoaching.com | 4.4* | 12 reviews | STOKE-ON-TRENT
[03:05:57] [5533/5631] naiquan.co
[03:05:57]   OK Naiquan | ph:07511280024 | em:jaroy@naiquan.co | 4.4* | 12 reviews | Dorset
[03:06:02] [5534/5631] makeamedic.org
[03:06:03]   OK Make a Medic | em:chair@makeamedic.org | 4.4* | 12 reviews | Norwich
[03:06:06] [5535/5631] mindyourfitness.co.uk
[03:06:07]   OK Mindyourfitness | ph:07702861962 | em:info@mindyourfitness.co.uk | 4.4* | 12 reviews | Coventry 
[03:06:11] [5536/5631] www.thetutorgroup.org
[03:06:11]   OK Thetutorgroup | ph:07539612910 | em:miaevans@sky.com | MANCHESTER
[03:06:14] [5537/5631] trainingbytesize.com
[03:06:15]   OK Training Bytesize Ltd | em:learning@trainingbytesize.com | 4.4* | 12 reviews | Nantwich
[03:06:18] [5538/5631] proedetal.com
[03:06:19]   OK ProEd | em:info@proedetal.com | 4.4* | 12 reviews | London
[03:06:23] [5539/5631] niiodance.com
[03:06:23]   OK Helene Su l Niio Dance | ph:+44 7990764471 | em:helene@niiodance.com | 4.4* | 12 reviews | Stroud
[03:06:27] [5540/5631] calmconfidentparents.co.uk
[03:06:27]   OK Calm & Confident Parents | ph:07424147753 | em:support@calmconfidentparents.co.uk | 4.4* | 12 reviews | London
[03:06:27]   [Progress saved: 5540 total leads]
[03:06:31] [5541/5631] exambuddy.co.uk
[03:06:32]   OK ExamBuddy | ph:07828074691 | em:hello@exambuddy.co.uk | 4.4* | 12 reviews
[03:06:36] [5542/5631] tutoristic.co.uk
[03:06:36]   OK Tutoristic | ph:07855195846 | em:p.wilkinson@tutoristic.co.uk | 4.4* | 12 reviews | Gravesend
[03:06:41] [5543/5631] lozellsknowledgehub.co.uk
[03:06:41]   OK Lozells Knowledge Hub | ph:+44 7939412214 | em:Enquiry@lozellsknowledgehub.co.uk | 4.4* | 12 reviews | Birmingham
[03:06:46] [5544/5631] cmdtutoring.co.uk
[03:06:46]   OK CMD Tutoring | 4.4* | 12 reviews
[03:06:51] [5545/5631] isuccesstuition.co.uk
[03:06:52]   OK iSuccess Tuition | ph:07488358202 | em:isuccesstuitioncentre@gmail.com | 4.4* | 12 reviews | Wolverhampton
[03:06:55] [5546/5631] www.twolivestheory.com
[03:06:55]   OK Basim Yafai - Mindset & Growth Mentor | ph:07988720640 | em:basim@twolivestheory.com | 4.4* | 12 reviews | Stourbridge
[03:07:00] [5547/5631] phtutoring.co.uk
[03:07:00]   OK PH Tutoring - Business & Computing  | ph:07749141274 | em:peterhinett@gmail.com | 4.4* | 12 reviews
[03:07:03] [5548/5631] coaching.str8fwd.co.uk
[03:07:04]   OK Katia Mirampita Life-Transforming Coaching | em:katiaCoaching@str8fwd.co.uk | 4.4* | 12 reviews | London
[03:07:08] [5549/5631] mystudycorner.co.uk
[03:07:08]   OK My Study Corner LTD Bucharest | ph:+44 07442312528 | em:Info@mystudycorner.co.uk | 4.4* | 12 reviews | Bolton
[03:07:12] [5550/5631] whizzkid.co
[03:07:13]   OK Seven | ph:+44 2035422902 | em:seven@whizzkid.co | 4.4* | 12 reviews | London
[03:07:17] [5551/5631] pivotcv.co.uk
[03:07:18]   OK Pivot CV Ltd | em:Jemma@pivotcv.co.uk | 4.4* | 12 reviews
[03:07:22] [5552/5631] baselinehq.com
[03:07:23]   OK Baseline Education Ltd | em:hello@baselinehq.com | 4.4* | 12 reviews
[03:07:26] [5553/5631] yogahealingglasgow.com
[03:07:27]   OK yogahealingglasgow.com | ph:07809699568 | em:anthea@yogahealingglasgow.com | 4.4* | 12 reviews | Glasgow
[03:07:32] [5554/5631] cvacumen.com
[03:07:32]   OK CV Acumen | 4.4* | 12 reviews
[03:07:36] [5555/5631] nationaltutors.co.uk
[03:07:37]   OK Nationaltutors | ph:07488898839 | em:drclaire@nationaltutors.co.uk | 4.4* | 12 reviews | Southend-on-Sea
[03:07:41] [5556/5631] careershifters.org
[03:07:41]   OK Careershifters | em:hello@careershifters.org | 4.4* | 12 reviews
[03:07:44] [5557/5631] www.sunflower-health.com
[03:07:45]   OK Sunflower Health, Bar Hill, Cambridge | ph:01954200620 | em:mike@sunflower-health.com | 4.4* | 12 reviews | Cambridge
[03:07:49] [5558/5631] celebratingconnections.com
[03:07:50]   OK Celebrating Connections | em:celebrating.connections24@gmail.com | 4.4* | 12 reviews
[03:07:54] [5559/5631] qualityteach.co.uk
[03:07:54]   OK Quality Teach Private Tuition | ph:01789 608208 | em:info@qualityteach.co.uk | 4.4* | 12 reviews | Stratford upon Avon
[03:07:58] [5560/5631] grupotraining.co.uk
[03:07:59]   OK Grupo Training | ph:02039834565 | em:info@grupotraining.co.uk | 4.4* | 12 reviews | London
[03:07:59]   [Progress saved: 5560 total leads]
[03:08:02] [5561/5631] circl.org
[03:08:03]   OK Circl | ph:07957703977 | em:victor@circl.org | 4.4* | 12 reviews | Paddington, London
[03:08:07] [5562/5631] richardjolleytuition.co.uk
[03:08:07]   OK Richardjolleytuition | em:richard@richardjolleytuition.co.uk | 4.4* | 12 reviews
[03:08:12] [5563/5631] studyfast.uk
[03:08:12]   OK StudyFast | ph:07928539872 | em:jordan@studyfast.uk | 4.4* | 11 reviews | London
[03:08:16] [5564/5631] nwemployers.org.uk
[03:08:17]   OK North West Employers | ph:0161 834 9362 | em:support@nwemployers.org.uk | 4.4* | 11 reviews | Salford
[03:08:21] [5565/5631] penelopesilver.co.uk
[03:08:26]   OK Penelope Silver  | ph:07736314197 | em:blossom@penelopesilver.co.uk | 4.4* | 11 reviews | Bramhall
[03:08:31] [5566/5631] kumacademy.com
[03:08:31]   OK KUM Academy | ph:+44 7535283041 | em:info@kumacademy.com | 4.4* | 11 reviews | London
[03:08:34] [5567/5631] stephanieseege.com
[03:08:35]   OK HELPINGS | em:support@stephanieseege.com | 4.4* | 11 reviews
[03:08:39] [5568/5631] tarotreadingsforgrowth.co.uk
[03:08:39]   OK Tarot Readings for Growth | em:tarotreadingsforgrowth@gmail.com | 4.4* | 11 reviews | Scotland
[03:08:44] [5569/5631] within-her.co.uk
[03:08:44]   OK Within Her | ph:+44 7920030218 | em:info@within-her.co.uk | 4.4* | 11 reviews | Croydon
[03:08:47] [5570/5631] whitakertraining.co.uk
[03:08:47]   OK Whitaker Training | ph:07470111303 | em:whitakertraininguk@gmail.com | 4.4* | 11 reviews | Swansea
[03:08:52] [5571/5631] thelearningfoundry.co.uk
[03:08:53]   OK The Learning Foundry | ph:0800 123 8088 | em:info@thelearningfoundry.co.uk | 4.4* | 11 reviews | Liverpool
[03:08:56] [5572/5631] quranclasses.uk
[03:08:56]   OK Hassaan Online Academy | ph:+44 7868693680 | em:Admission@quraanclass.com | 4.4* | 11 reviews | Bromsgrove
[03:09:00] [5573/5631] nextinmed.com
[03:09:00]   OK NextInMed | em:enquiries@nextinmed.com | 4.4* | 11 reviews
[03:09:05] [5574/5631] africanactivities.org.uk
[03:09:06]   OK African Activities CIC | ph:02381782720 | em:info@africanactivities.org.uk | 4.4* | 11 reviews | Southampton
[03:09:11] [5575/5631] advanceepa.co.uk
[03:09:11]   OK Advance EPA | 4.4* | 11 reviews
[03:09:16] [5576/5631] wpodyssey.com
[03:09:16]   OK WP Odyssey | em:dan@wpodyssey.com | 4.4* | 11 reviews | Cardiff
[03:09:21] [5577/5631] www.apprentus.co.uk
[03:09:21]   OK Apprentus | 4.4* | 11 reviews
[03:09:26] [5578/5631] discoverinclusion.co.uk
[03:09:26]   OK Discover Inclusion | ph:07753892647 | em:info@discoverinclusion.co.uk | 4.4* | 11 reviews | London
[03:09:30] [5579/5631] fitpeeps.co.uk
[03:09:31]   OK Fitpeeps | 4.4* | 11 reviews
[03:09:35] [5580/5631] hannah-wills.com
[03:09:35]   OK Hannah Wills Coaching | ph:07734328578 | em:hannah@hannah-wills.com | 4.4* | 11 reviews | LONDON
[03:09:35]   [Progress saved: 5580 total leads]
[03:09:40] [5581/5631] arcx.io
[03:09:41]   OK arcX | ph:02045388902 | em:hello@arcx.io  | 4.4* | 11 reviews | London
[03:09:45] [5582/5631] training.ghtechnical.com
[03:09:46]   OK Gully Howard Technical - Training Division  | ph:+44 2392728040 | em:training@ghtechnical.com | 4.4* | 11 reviews | Portsmouth
[03:09:49] [5583/5631] cosmopolitaneducation.com
[03:09:50]   OK Cosmopolitan Education | ph:+44 02037690505 | em:info@cosmopolitaneducation.com | 4.4* | 11 reviews | London
[03:09:53] [5584/5631] priscilaparamedicalondres.com
[03:09:53]   OK Priscila Paramedica Londres | Primeiros Socorros | ph:+44 7305781218 | em:info@yayfirstaid.com | 4.4* | 11 reviews | London
[03:09:58] [5585/5631] negutuition.com
[03:09:58]   OK Negutuition | ph:07555798972 | em:amy@negutuition.com | 4.4* | 11 reviews | Gravesend
[03:10:02] [5586/5631] amigoscode.com
[03:10:02]   OK Amigoscode | em:hello@amigoscode.com | 4.4* | 11 reviews
[03:10:07] [5587/5631] puremathstuition.co.uk
[03:10:07]   OK PureMaths Tuition | ph:+44 7734356935 | em:contact-us@puremathstuition.co.uk | 4.4* | 11 reviews | Reading
[03:10:12] [5588/5631] setovilla.com
[03:10:12]   OK Setovilla | ph:07756673926 | em:hello@setovilla.com | 4.4* | 11 reviews
[03:10:16] [5589/5631] thephonicsschool.com
[03:10:17]   OK The Phonics School | ph:+44 7983286190 | em:sophie@thephonicsschool.com | 4.4* | 11 reviews | London
[03:10:21] [5590/5631] feelingtohealing.com
[03:10:22]   OK Feeling To Healing Clinic | ph:+44 7708313192 | em:contact@feelinghealingtherapy.com | 4.4* | 11 reviews | London
[03:10:25] [5591/5631] gsquaredacademy.com
[03:10:25]   OK GSquared Academy | em:info@thegsquaredgroup.com | 4.4* | 11 reviews
[03:10:29] [5592/5631] talentguru.co.uk
[03:10:29]   OK Talentguru | em:info@talentguru.co.uk | 4.4* | 11 reviews
[03:10:34] [5593/5631] mediqs.co.uk
[03:10:34]   OK MediQs | em:mediqsteam@gmail.com | 4.4* | 11 reviews
[03:10:38] [5594/5631] www.studium-learning.co.uk
[03:10:39]   OK Studium | em:Info@studium-learning.co.uk | 4.4* | 11 reviews | Kesgrave
[03:10:42] [5595/5631] cloudengineeracademy.io
[03:10:43]   OK Cloud Engineer Academy | em:hello@cloudengineeracademy.io | 4.4* | 11 reviews
[03:10:47] [5596/5631] mindstationcoaching.com
[03:10:48]   OK Mind Station Limited | ph:+44 7537144931 | em:hello@mindstationcoaching.com | 4.4* | 11 reviews | London
[03:10:51] [5597/5631] cv-writers.co.uk
[03:10:52]   OK CV Writers UK | ph:+44 1613810000 | em:info@cv-writers.co.uk | 4.4* | 11 reviews | London
[03:10:55] [5598/5631] schoolhairaccessories.co.uk
[03:10:56]   OK School Hair Accessories UK | em:contact@schoolhairaccessories.co.uk | 4.4* | 11 reviews
[03:11:00] [5599/5631] passtia.com
[03:11:00]   OK Passtia | em:support@passtia.com | 4.4* | 11 reviews
[03:11:04] [5600/5631] greatoakseducation.co.uk
[03:11:04]   OK Great Oaks Education | ph:0330 223 1306 | em:admin@greatoakseducation.co.uk | 4.4* | 10 reviews
[03:11:04]   [Progress saved: 5600 total leads]
[03:11:09] [5601/5631] www.ltckent.co.uk
[03:11:09]   OK Law Training Centre | ph:0330 088 8495 | em:info@ltckent.co.uk | 4.4* | 10 reviews | London
[03:11:14] [5602/5631] www.tsfitness.co.uk
[03:11:14]   OK Tsfitness | em:info@tsfitness.co.uk | 4.4* | 10 reviews
[03:11:19] [5603/5631] studysquare.co.uk
[03:11:19]   OK StudySquare Ltd | ph:07893949555 | 4.4* | 10 reviews
[03:11:22] [5604/5631] bridgeneafcoaching.com
[03:11:23]   OK Bridgene Alcohol Free Coaching | 4.4* | 10 reviews
[03:11:26] [5605/5631] weareeducation.co.uk
[03:11:26]   OK WeAre Education | ph:07943662505 | em:fleur@weareeducation.co.uk | 4.4* | 10 reviews | Kings Langley
[03:11:31] [5606/5631] electronicmusictuition.com
[03:11:31]   OK EMT | 4.4* | 10 reviews
[03:11:35] [5607/5631] edxvi.com
[03:11:35]   OK Edxvi Ltd | 4.4* | 10 reviews
[03:11:40] [5608/5631] cipdassignmenthelp.uk.com
[03:11:40]   OK CIPD Assignment Help UK | ph:01613810000 | em:info@cipdassignmenthelp.uk.com | 4.4* | 10 reviews | London
[03:11:44] [5609/5631] believetuition.co.uk
[03:11:45]   OK Believe Tuition | em:sarahhill@believetuition.co.uk | 4.4* | 10 reviews | Redcar
[03:11:50] [5610/5631] cvpitstop.com
[03:11:50]   OK CV PitStop | em:info@cvpitstop.com | 4.4* | 10 reviews | London
[03:11:55] [5611/5631] the-resilience-coach.com
[03:11:55]   OK Will Middleton | em:will@the-resilience-coach.com | 4.4* | 10 reviews | London
[03:11:59] [5612/5631] sophiestutoringcaithness.co.uk
[03:11:59]   OK Sophie's Tutoring Caithness | ph:07359650863 | em:sophie.green@sophiestutoringcaithness.co.uk | 4.4* | 10 reviews | Carlisle
[03:12:03] [5613/5631] divine-awakening.co.uk
[03:12:04]   OK Divine Awakening | ph:07884989768 | em:awakenwithjade@gmail.com | 4.4* | 10 reviews
[03:12:08] [5614/5631] theitcareercoach.com
[03:12:08]   OK IT Career Coach | 4.4* | 10 reviews
[03:12:11] [5615/5631] www.oakabooks.co.uk
[03:12:12]   OK Oaka Books | em:info@oakabooks.co.uk | 4.4* | 10 reviews | London
[03:12:16] [5616/5631] www.empoweryouradhd.com
[03:12:16]   OK Empower Your ADHD | em:Geraldine@empoweryouradhd.com | 4.4* | 10 reviews
[03:12:21] [5617/5631] www.owlenlightment.org
[03:12:22]   OK Owlenlightment | 4.4* | 10 reviews
[03:12:27] [5618/5631] apextuition.co.uk
[03:12:27]   OK Apex Tuition | ph:07777366182 | em:admin@apextuition.co.uk | 4.4* | 10 reviews
[03:12:32] [5619/5631] soberglimmers.co.uk
[03:12:32]   OK Soberglimmers | em:hello@soberglimmers.co.uk | 4.4* | 10 reviews
[03:12:35] [5620/5631] creativelifestyleplanning.com
[03:12:36]   OK Creative Lifestyle Planning | ph:07900 020068 | em:info@creativelifestyleplanning.com | 4.4* | 10 reviews | Wokingham
[03:12:36]   [Progress saved: 5620 total leads]
[03:12:40] [5621/5631] kahvay.com
[03:12:40]   OK Kahvay Ltd | em:contact.us@kahvay.com | 4.4* | 10 reviews | West Byfleet
[03:12:44] [5622/5631] careersmart.co.uk
[03:12:44]   OK Career Smart Ltd | ph:01525 600 330 | em:hello@careersmart.co.uk | 4.4* | 10 reviews | Leighton Buzzard
[03:12:49] [5623/5631] ultimateshredrecruitment.online
[03:12:49]   OK Ultimate Shred Academy | em:info@ultimateshredrecruitment.co.uk | 4.4* | 10 reviews | Pontefract 
[03:12:53] [5624/5631] tanyalesley.com
[03:12:54]   OK Tanya Lesley High Performance Coaching | em:info@tanyalesley.com | 4.4* | 10 reviews | London
[03:12:58] [5625/5631] willsaltcoaching.com
[03:12:58]   OK Will Salt Coaching | 4.4* | 10 reviews
[03:13:02] [5626/5631] stemitup.co.uk
[03:13:02]   OK STEMITUP | ph:07405529338 | em:admin@stemitup.co.uk | 4.4* | 10 reviews | Bradford
[03:13:06] [5627/5631] primaryplusmaths.co.uk
[03:13:06]   OK Primary Plus Maths | ph:020 8914 7866 | em:info@primaryplusmaths.co.uk | 4.4* | 10 reviews
[03:13:09] [5628/5631] lukedanielsales.co.uk
[03:13:10]   OK Luke Daniel Sales Consultancy Ltd | ph:01527 304077 | em:coach@lukedanielsales.co.uk | 4.4* | 10 reviews | Redditch
[03:13:13] [5629/5631] walayance.com
[03:13:13]   OK Cecile Hemery - Career & Executive Coaching | em:hello@walayance.com | 4.4* | 10 reviews | London
[03:13:17] [5630/5631] studentsaccommodationleeds.co.uk
[03:13:17]   OK Northend Management Ltd | ph:01132458503 | em:catchall@northendmanagement.co.uk | 4.4* | 10 reviews | LEEDS
[03:13:21] [5631/5631] visionscopeai.com
[03:13:22]   OK Visionscopeai | 4.4* | 10 reviews
[03:13:26] 
[03:13:26] ============================================================
[03:13:26] DONE
[03:13:26] Profiles scraped: 5631 (0 errors)
[03:13:26] Total unique leads: 5631
[03:13:26] With phone: 2913
[03:13:26] With email: 4212
[03:13:26] With website: 5631
[03:13:26] With rating: 5022 (avg: 4.39)
[03:13:26] With parsed name: 0
[03:13:26] Countries: US, FR, UZ, SG, ES, TR, GE, IN, UK, CA, VC, NZ, PK, MT, AE, NL, RE, NO, DE, IE, BE, AR, SE, MN, IM, LK, UA, PT, AU
[03:13:26] Unique cities: 1308
[03:13:26] Output: /Users/fardeenchoudhury/mortar-lead-scraper/output/education-consultants-trustpilot.csv
