first_name,last_name,firm_name,title,email,phone,website,domain,city,state,country,niche,source,profile_url,fax,street_address,zip,services,languages
,,Agencia ALPHA,Immigration Legal Services,,(617) 522-6382,http://www.agenciaalpha.org,agenciaalpha.org,Boston,MA,US,immigration,immigration_advocates_network,https://www.immigrationadvocates.org/nonprofit/legaldirectory/organization.511615-Agencia_ALPHA,,"62 Northampton St, Suite H101",02118,,
,,Ascentria Care Alliance (Westfield Office),Immigration Legal Services,,774-243-3045,http://www.ascentria.org,ascentria.org,Westfield,MA,US,immigration,immigration_advocates_network,https://www.immigrationadvocates.org/nonprofit/legaldirectory/organization.392937-Ascentria_Care_Alliance_Westfield_Office,(508) 519-3089,"94 North Elm Street, Suite 401",01085,,
,,Ascentria Care Alliance (Worcester Office),Immigration Legal Services,,774-243-3045,http://www.ascentria.org,ascentria.org,Worcester,MA,US,immigration,immigration_advocates_network,https://www.immigrationadvocates.org/nonprofit/legaldirectory/organization.392951-Ascentria_Care_Alliance_Worcester_Office,(508) 519-3089,11 Shattuck Street,01605,,
,,Asian American Civic Association - Multi-Service Center,Immigration Legal Services,,(617) 426-9492,http://www.aaca-boston.org,aaca-boston.org,Boston,MA,US,immigration,immigration_advocates_network,https://www.immigrationadvocates.org/nonprofit/legaldirectory/organization.392938-Asian_American_Civic_Association_MultiService_Center,(617) 482-2316,"87 Tyler St, 5th Floor",02111,,
,,Berkshire Immigrant Center,Immigration Legal Services,,(413) 445-4881,http://www.berkshireic.org,berkshireic.org,Pittsfield,MA,US,immigration,immigration_advocates_network,https://www.immigrationadvocates.org/nonprofit/legaldirectory/organization.392961-Berkshire_Immigrant_Center,(413) 445-4802,"141 North Street, Suite 303",01201,,
,,Catholic Charities of Boston - Refugee and Immigration Services,Immigration Legal Services,,(617) 464-8100,http://www.ccab.org/index.html,ccab.org,South Boston,MA,US,immigration,immigration_advocates_network,https://www.immigrationadvocates.org/nonprofit/legaldirectory/organization.392962-Catholic_Charities_of_Boston_Refugee_and_Immigration_Services,(617) 464-8150,275 W. Broadway,02127,,
,,Catholic Charities of Worcester County - Refugee & Immigration Services,Immigration Legal Services,,(508) 798-0191,http://www.ccworc.org,ccworc.org,Worcester,MA,US,immigration,immigration_advocates_network,https://www.immigrationadvocates.org/nonprofit/legaldirectory/organization.392933-Catholic_Charities_of_Worcester_County_Refugee_Immigration_Services,(508) 797-5659,10 Hammond Street,01610,,
,,Catholic Social Services of Fall River - Immigrant Law Education and Advocacy Project,Immigration Legal Services,,(508) 674-4681,https://www.cssdioc.org/ileap/,cssdioc.org,Fall River,MA,US,immigration,immigration_advocates_network,https://www.immigrationadvocates.org/nonprofit/legaldirectory/organization.392940-Catholic_Social_Services_of_Fall_River_Immigrant_Law_Education_and_Advocac,(508) 675-2224,"1600 Bay Street, PO Box M/So. Station",02724,,
,,Center for New Americans,Immigration Legal Services,,413-587-0084,https://cnam.org/,cnam.org,Northampton,MA,US,immigration,immigration_advocates_network,https://www.immigrationadvocates.org/nonprofit/legaldirectory/organization.770480-Center_for_New_Americans,,42 Gothic Street,01060,,
,,Centro Presente,Immigration Legal Services,,(857) 256-2981,http://www.cpresente.org,cpresente.org,Boston,MA,US,immigration,immigration_advocates_network,https://www.immigrationadvocates.org/nonprofit/legaldirectory/organization.392934-Centro_Presente,(857) 256-2958,"12 Bennington Street, Suite 202",02145,,
,,Community Action Committee of Cape Cod & Islands - Immigration Resource Center,Immigration Legal Services,,(508) 771-1727,http://www.cacci.cc,cacci.cc,Hyannis,MA,US,immigration,immigration_advocates_network,https://www.immigrationadvocates.org/nonprofit/legaldirectory/organization.621259-Community_Action_Committee_of_Cape_Cod_Islands_Immigration_Resource_Cente,(508) 771-1727,372 North Street,02601,,
,,Community Economic Development Center (CEDC),Immigration Legal Services,,(508) 979-4684,http://www.cedcnewbedford.org,cedcnewbedford.org,New Bedford,MA,US,immigration,immigration_advocates_network,https://www.immigrationadvocates.org/nonprofit/legaldirectory/organization.559235-Community_Economic_Development_Center_CEDC,(508) 990-0199,"235 North Front St, PO Box 63005  (mailing address)",02746,,
,,Community Legal Aid (Springfield Office),Immigration Legal Services,,(855) 252-5342,http://www.communitylegal.org,communitylegal.org,Springfield,MA,US,immigration,immigration_advocates_network,https://www.immigrationadvocates.org/nonprofit/legaldirectory/organization.392958-Community_Legal_Aid_Springfield_Office,,"One Monarch Pl, Suite 400",01144,,
,,Community Legal Aid (Worcester Office),Immigration Legal Services,,(855) 252-5342,http://www.communitylegal.org,communitylegal.org,Worcester,MA,US,immigration,immigration_advocates_network,https://www.immigrationadvocates.org/nonprofit/legaldirectory/organization.392949-Community_Legal_Aid_Worcester_Office,,"370 Main Street, Suite 300",01608,,
,,De Novo: Center for Justice and Healing,Immigration Legal Services,,(617) 661-1010,https://www.denovo.org/,denovo.org,Cambridge,MA,US,immigration,immigration_advocates_network,https://www.immigrationadvocates.org/nonprofit/legaldirectory/organization.392941-De_Novo_Center_for_Justice_and_Healing,(617) 661-1011,"47 Thorndike Street, Suite SB-LL-1",02141,,
,,Dominican Development Center,Immigration Legal Services,,(617) 524-4029,http://dominicandevelopmentcenter.org,dominicandevelopmentcenter.org,Boston,MA,US,immigration,immigration_advocates_network,https://www.immigrationadvocates.org/nonprofit/legaldirectory/organization.392942-Dominican_Development_Center,(617) 523-1847,42 Seaverns Ave,02130,,
,,East Boston Ecumenical Community Council,Immigration Legal Services,,(617) 567-2750,http://www.ebecc.org/index.htm,ebecc.org,East Boston,MA,US,immigration,immigration_advocates_network,https://www.immigrationadvocates.org/nonprofit/legaldirectory/organization.392935-East_Boston_Ecumenical_Community_Council,(617) 569-5946,"282 Meridian Street, Floor 2",02128,,
,,Global Empowerment Services Inc. (GEMS),Immigration Legal Services,,978-479-3678,https://www.findinggems.org,findinggems.org,Worcester,MA,US,immigration,immigration_advocates_network,https://www.immigrationadvocates.org/nonprofit/legaldirectory/organization.811278-Global_Empowerment_Services_Inc_GEMS,,48 Elm Street,01609,,
,,Greater Boston Legal Services - Immigration Unit (Boston Office),Immigration Legal Services,,(617) 371-1234,http://www.gbls.org,gbls.org,Boston,MA,US,immigration,immigration_advocates_network,https://www.immigrationadvocates.org/nonprofit/legaldirectory/organization.392943-Greater_Boston_Legal_Services_Immigration_Unit_Boston_Office,(617) 371-1222,197 Friend St,02114,,
,,Harbor Communities Overcoming Violence,Immigration Legal Services,,(617) 884-9799,http://www.harborcov.org,harborcov.org,Chelsea,MA,US,immigration,immigration_advocates_network,https://www.immigrationadvocates.org/nonprofit/legaldirectory/organization.392936-Harbor_Communities_Overcoming_Violence,(617) 884-9929,P.O. Box 505754,02150,,
,,Harvard University Law School - Immigration and Refugee Clinic,Immigration Legal Services,,(617) 384-8165,http://www.harvardimmigrationclinic.org,harvardimmigrationclinic.org,Cambridge,MA,US,immigration,immigration_advocates_network,https://www.immigrationadvocates.org/nonprofit/legaldirectory/organization.392944-Harvard_University_Law_School_Immigration_and_Refugee_Clinic,(617) 495-8595,"6 Everett St, Suite 3103",02138,,
,,ImmigrationHelp.org,Immigration Legal Services,,(313) 509-7369,https://www.immigrationhelp.org/,immigrationhelp.org,Cambridge,MA,US,immigration,immigration_advocates_network,https://www.immigrationadvocates.org/nonprofit/legaldirectory/organization.774246-ImmigrationHelporg,,"1 Broadway, 14th Floor",02142,,
,,International Institute of New England (Boston Office),Immigration Legal Services,,617-801-5258,http://www.iine.org/legal,iine.org,Boston,MA,US,immigration,immigration_advocates_network,https://www.immigrationadvocates.org/nonprofit/legaldirectory/organization.713456-International_Institute_of_New_England_Boston_Office,,"2 Boylston Street, 3rd floor",02116,,
,,Kids in Need of Defense (Boston Office),Immigration Legal Services,,(617) 207-4138,http://www.supportkind.org,supportkind.org,Boston,MA,US,immigration,immigration_advocates_network,https://www.immigrationadvocates.org/nonprofit/legaldirectory/organization.392945-Kids_in_Need_of_Defense_Boston_Office,(617) 336-7438,,02108,,
,,Latinos Unidos en Massachusetts (LUMA),Immigration Legal Services,,(617) 381-0015,https://HTTPS://latinosunidosma.org,https,Everett,MA,US,immigration,immigration_advocates_network,https://www.immigrationadvocates.org/nonprofit/legaldirectory/organization.392950-Latinos_Unidos_en_Massachusetts_LUMA,(617) 381-1161,198 Ferry St,02149,,
,,"Legal Justice Access, Inc.",Immigration Legal Services,,(857) 264-2381,https://www.legaljusticeaccess.org,legaljusticeaccess.org,Lawrence,MA,US,immigration,immigration_advocates_network,https://www.immigrationadvocates.org/nonprofit/legaldirectory/organization.632756-Legal_Justice_Access_Inc,,"60 Island Street, Suite 105",01840,,
,,Mabel Center for Immigrant Justice,Immigration Legal Services,,6174174325,https://www.mabelcenter.org/,mabelcenter.org,Boston,MA,US,immigration,immigration_advocates_network,https://www.immigrationadvocates.org/nonprofit/legaldirectory/organization.753012-Mabel_Center_for_Immigrant_Justice,,"200 Portland St, 5th Floor",02114,,
,,Massachusetts Immigrant and Refugee Advocacy Coalition (MIRA),Immigration Legal Services,,(617) 350-5480  200,http://www.miracoalition.org,miracoalition.org,Boston,MA,US,immigration,immigration_advocates_network,https://www.immigrationadvocates.org/nonprofit/legaldirectory/organization.554726-Massachusetts_Immigrant_and_Refugee_Advocacy_Coalition_MIRA,(617) 350-5499,"69 Canal Street, 3 floor",02114,,
,,MetroWest Legal Services,Immigration Legal Services,,(508) 620-1830,http://www.mwlegal.org,mwlegal.org,Framingham,MA,US,immigration,immigration_advocates_network,https://www.immigrationadvocates.org/nonprofit/legaldirectory/organization.392964-MetroWest_Legal_Services,(508) 620-2323,"63 Fountain St, Suite 304",01702,,
,,"Northeast Legal Aid, Inc. (Lawrence Office)",Immigration Legal Services,,(978) 458-1465,http://www.northeastlegalaid.org,northeastlegalaid.org,Lawrence,MA,US,immigration,immigration_advocates_network,https://www.immigrationadvocates.org/nonprofit/legaldirectory/organization.392952-Northeast_Legal_Aid_Inc_Lawrence_Office,(978) 685-2933,"Union Crossing, 50 Island Street, Suite 203A",01840,,
,,"Northeast Legal Aid, Inc. (Lowell Office)",Immigration Legal Services,,(978) 458-1465,https://www.northeastlegalaid.org,northeastlegalaid.org,Lowell,MA,US,immigration,immigration_advocates_network,https://www.immigrationadvocates.org/nonprofit/legaldirectory/organization.552506-Northeast_Legal_Aid_Inc_Lowell_Office,(978) 458-3481,"35 John Street, Suite 302",01852,,
,,"Northeast Legal Aid, Inc. (Lynn Office)",Immigration Legal Services,,(978) 458-1465,http://www.northeastlegalaid.org,northeastlegalaid.org,Lynn,MA,US,immigration,immigration_advocates_network,https://www.immigrationadvocates.org/nonprofit/legaldirectory/organization.392953-Northeast_Legal_Aid_Inc_Lynn_Office,(781) 595-2022,"181 Union Street, Suite 201A",01901,,
,,Open Door Immigration Services,Immigration Legal Services,,(978) 218-8772,http://www.odisma.org,odisma.org,Beverly,MA,US,immigration,immigration_advocates_network,https://www.immigrationadvocates.org/nonprofit/legaldirectory/organization.647001-Open_Door_Immigration_Services,,10 Dane Street,01915,,
,,Pathway For Immigrant Workers,Immigration Legal Services,,(617) 941-5230,https://www.myimmigrantpathway.org,myimmigrantpathway.org,Cambridge,MA,US,immigration,immigration_advocates_network,https://www.immigrationadvocates.org/nonprofit/legaldirectory/organization.811118-Pathway_For_Immigrant_Workers,,114 Reed St,02140,,
,,Political Asylum / Immigration Representation Project,Immigration Legal Services,,(617) 742-9296,http://www.pairproject.org,pairproject.org,Boston,MA,US,immigration,immigration_advocates_network,https://www.immigrationadvocates.org/nonprofit/legaldirectory/organization.392956-Political_Asylum_Immigration_Representation_Project,(617) 742-9385,"98 North Washington Street, Suite 106",02114,,
,,Project Citizenship,Immigration Legal Services,,(617) 694-5949,http://projectcitizenship.org,projectcitizenship.org,Boston,MA,US,immigration,immigration_advocates_network,https://www.immigrationadvocates.org/nonprofit/legaldirectory/organization.561254-Project_Citizenship,(617) 859-9993,"11 Beacon Street, Suite 1210",02108,,
,,Rian Immigrant Center,Immigration Legal Services,,(617) 542-7654,https://www.riancenter.org,riancenter.org,Boston,MA,US,immigration,immigration_advocates_network,https://www.immigrationadvocates.org/nonprofit/legaldirectory/organization.393848-Rian_Immigrant_Center,,"One State Street, 800",02109,,
,,Student Clinic for Immigrant Justice,Immigration Legal Services,,617-655-7784,https://www.scijimmigration.org/,scijimmigration.org,Boston,MA,US,immigration,immigration_advocates_network,https://www.immigrationadvocates.org/nonprofit/legaldirectory/organization.743395-Student_Clinic_for_Immigrant_Justice,,"217 Hanover St, #320",02113-9998,,
,,Suffolk Law School - Immigration Law Clinic,Immigration Legal Services,,(617) 573-8644,https://www.suffolk.edu/law/academics-clinics/clinics-experiential-opportunities/clinics/immigration,suffolk.edu,Boston,MA,US,immigration,immigration_advocates_network,https://www.immigrationadvocates.org/nonprofit/legaldirectory/organization.392954-Suffolk_Law_School_Immigration_Law_Clinic,(617) 742-2139,"120 Tremont St, Suite 150",02108,,
,,The Right to Immigration Institute (TRII),Immigration Legal Services,,781-209-0183,https://www.therighttoimmigration.org,therighttoimmigration.org,Waltham,MA,US,immigration,immigration_advocates_network,https://www.immigrationadvocates.org/nonprofit/legaldirectory/organization.712540-The_Right_to_Immigration_Institute_TRII,(781) 891-1703,14B Felton Street,02453,,
,,University of Massachusetts School of Law at Dartmouth - Immigration Law Clinic,Immigration Legal Services,,(508) 985-1174,http://law.umassd.edu,law.umassd.edu,Dartmouth,MA,US,immigration,immigration_advocates_network,https://www.immigrationadvocates.org/nonprofit/legaldirectory/organization.392959-University_of_Massachusetts_School_of_Law_at_Dartmouth_Immigration_Law_Cli,(508) 985-1136,333 Faunce Corner Rd.,02747,,
,,"Access To Law, Inc.",Immigration Legal Services,,(770) 685-1499,http://www.accesstolawfoundation.org,accesstolawfoundation.org,Norcross,GA,US,immigration,immigration_advocates_network,https://www.immigrationadvocates.org/nonprofit/legaldirectory/organization.439137-Access_To_Law_Inc,1-888-308-1931,2415 Beaver Ruin Road NW Ste B,30071,,
,,"Angkor Resource Center, Inc.",Immigration Legal Services,,404-594-8770,http://arc707.org,arc707.org,Riverdale,GA,US,immigration,immigration_advocates_network,https://www.immigrationadvocates.org/nonprofit/legaldirectory/organization.692010-Angkor_Resource_Center_Inc,(404) 601-0830,640 Highway 138 SW,30274,,
,,Asian Americans Advancing Justice - Atlanta,Immigration Legal Services,,(404) 890-5655,https://advancingjustice-atlanta.org,advancingjustice-atlanta.org,Norcross,GA,US,immigration,immigration_advocates_network,https://www.immigrationadvocates.org/nonprofit/legaldirectory/organization.588701-Asian_Americans_Advancing_Justice_Atlanta,,"5680 Oakbrook Parkway, Suite 148",30093,,
,,"Bridging the Gap Project, Inc.",Immigration Legal Services,,(770) 938-1112,,,Atlanta,GA,US,immigration,immigration_advocates_network,https://www.immigrationadvocates.org/nonprofit/legaldirectory/organization.392816-Bridging_the_Gap_Project_Inc,(770) 938-1112,"2100 Parklake Dr, Suite H",30345,,
,,Catholic Charities Atlanta,Immigration Legal Services,,(678) 222-3920,http://www.catholiccharitiesatlanta.org,catholiccharitiesatlanta.org,Atlanta,GA,US,immigration,immigration_advocates_network,https://www.immigrationadvocates.org/nonprofit/legaldirectory/organization.392821-Catholic_Charities_Atlanta,,"2305 Parklake Dr, NE, Suite 150",30345,,
,,"Center for Pan Asian Community Services, Inc.",Immigration Legal Services,,(770) 936-0969,http://www.cpacs.org,cpacs.org,Atlanta,GA,US,immigration,immigration_advocates_network,https://www.immigrationadvocates.org/nonprofit/legaldirectory/organization.392817-Center_for_Pan_Asian_Community_Services_Inc,(770) 458-9377,3510 Shallowford Rd N.E.,30341,,
,,Georgia Asylum & Immigration Network,Immigration Legal Services,,(678) 335-6040,http://www.georgiaasylum.org,georgiaasylum.org,Atlanta,GA,US,immigration,immigration_advocates_network,https://www.immigrationadvocates.org/nonprofit/legaldirectory/organization.392822-Georgia_Asylum_Immigration_Network,(678) 335-2530,PO Box  56268,30343,,
,,Immigrant Connection of Georgia,Immigration Legal Services,,(404) 907-1927,https://wicga.com/,wicga.com,Riverdale,GA,US,immigration,immigration_advocates_network,https://www.immigrationadvocates.org/nonprofit/legaldirectory/organization.590771-Immigrant_Connection_of_Georgia,(404) 291-8097,8561 GA-85,30274,,
,,Immigrant Hope - Atlanta,Immigration Legal Services,,(404) 500-8097,http://www.immigranthope.org,immigranthope.org,Atlanta,GA,US,immigration,immigration_advocates_network,https://www.immigrationadvocates.org/nonprofit/legaldirectory/organization.569881-Immigrant_Hope_Atlanta,,1302 N. Druid Hills Rd NE,30319,,
,,International Rescue Committee (Atlanta Office),Immigration Legal Services,,(404) 292-7731,http://www.rescue.org/Atlanta,rescue.org,Atlanta,GA,US,immigration,immigration_advocates_network,https://www.immigrationadvocates.org/nonprofit/legaldirectory/organization.392818-International_Rescue_Committee_Atlanta_Office,(404) 292-5325,"2305 Parklake Dr, Suite 100",30345,,
,,Kids in Need of Defense (Atlanta Office),Immigration Legal Services,,(404) 334-9170,https://www.supportkind.org,supportkind.org,Atlanta,GA,US,immigration,immigration_advocates_network,https://www.immigrationadvocates.org/nonprofit/legaldirectory/organization.600641-Kids_in_Need_of_Defense_Atlanta_Office,,"50 Hurt Plaza, SE, Suite 740",30303,,
,,Latin American Association (Atlanta Office),Immigration Legal Services,,(404) 471-1889,http://www.thelaa.org,thelaa.org,Atlanta,GA,US,immigration,immigration_advocates_network,https://www.immigrationadvocates.org/nonprofit/legaldirectory/organization.392823-Latin_American_Association_Atlanta_Office,(404) 389-0472,2750 Buford Hwy,30324,,
,,New American Pathways,Immigration Legal Services,,(404) 844-5205,http://www.newamericanpathways.org,newamericanpathways.org,Atlanta,GA,US,immigration,immigration_advocates_network,https://www.immigrationadvocates.org/nonprofit/legaldirectory/organization.392819-New_American_Pathways,(404) 299-6218,"2300 Henderson Mill Rd NE, Suite 100",30345,,
,,State Bar of Georgia Military Legal Assistance Program,Immigration Legal Services,,(404) 427-8765,http://www.gabar.org,gabar.org,Atlanta,GA,US,immigration,immigration_advocates_network,https://www.immigrationadvocates.org/nonprofit/legaldirectory/organization.392824-State_Bar_of_Georgia_Military_Legal_Assistance_Program,(404) 287-4971,"104 Marietta St N.W., Suite 100",30303,,
,,Tahirih Justice Center (Atlanta Office),Immigration Legal Services,,4704814700,http://tahirih.org,tahirih.org,Atlanta,GA,US,immigration,immigration_advocates_network,https://www.immigrationadvocates.org/nonprofit/legaldirectory/organization.809527-Tahirih_Justice_Center_Atlanta_Office,,"550 Pharr Road, Suite 215",30305,,
,,Tapestri Inc.,Immigration Legal Services,,(404) 299-2185,http://www.tapestri.org,tapestri.org,Tucker,GA,US,immigration,immigration_advocates_network,https://www.immigrationadvocates.org/nonprofit/legaldirectory/organization.603530-Tapestri_Inc,(678) 288-7862,"3939 Lavista Rd, Suite E, PMB 362",30084,,
,,"Acculturation for Justice, Access & Peace Outreach",Immigration Legal Services,,(412) 391-4985,http://ajapopittsburgh.org/,ajapopittsburgh.org,Pittsburgh,PA,US,immigration,immigration_advocates_network,https://www.immigrationadvocates.org/nonprofit/legaldirectory/organization.411099-Acculturation_for_Justice_Access_Peace_Outreach,(412) 392-2212,2900 Bedford Avenue,15219,,
,,"Africa Cultural Alliance of North America, Inc.",Immigration Legal Services,,(215) 729-8225  5,http://www.acanaus.org,acanaus.org,Philadelphia,PA,US,immigration,immigration_advocates_network,https://www.immigrationadvocates.org/nonprofit/legaldirectory/organization.393267-Africa_Cultural_Alliance_of_North_America_Inc,(215) 729-8202,"5530 Chester Ave., 2nd Fl",19143,,
,,Catholic Charities of Allentown (Allentown Office),Immigration Legal Services,,(610) 435-1541,https://www.catholiccharitiesad.org,catholiccharitiesad.org,Allentown,PA,US,immigration,immigration_advocates_network,https://www.immigrationadvocates.org/nonprofit/legaldirectory/organization.393268-Catholic_Charities_of_Allentown_Allentown_Office,(610) 435-4367,900 South Woodward Street,18103,,
,,Catholic Charities of Allentown (Reading Office),Immigration Legal Services,,(610) 376-7144,http://www.allentowndiocese.org/catholic-charities/immigration,allentowndiocese.org,Reading,PA,US,immigration,immigration_advocates_network,https://www.immigrationadvocates.org/nonprofit/legaldirectory/organization.393269-Catholic_Charities_of_Allentown_Reading_Office,(610) 376-7145,234 Grace Street,19611,,
,,Catholic Social Services of Scranton - Immigration and Refugee Services,Immigration Legal Services,,(570) 207-2283  2121,http://cssdioceseofscranton.org/content,cssdioceseofscranton.org,Scranton,PA,US,immigration,immigration_advocates_network,https://www.immigrationadvocates.org/nonprofit/legaldirectory/organization.393277-Catholic_Social_Services_of_Scranton_Immigration_and_Refugee_Services,(570)342-0985,600 Wyoming Ave,18509,,
,,"Catholic Social Services, Archdiocese of Philadelphia - Immigration Legal Services",Immigration Legal Services,,(215) 854-7019,http://cssphiladelphia.org/immigration-legal-services/,cssphiladelphia.org,Philadelphia,PA,US,immigration,immigration_advocates_network,https://www.immigrationadvocates.org/nonprofit/legaldirectory/organization.393278-Catholic_Social_Services_Archdiocese_of_Philadelphia_Immigration_Legal_Ser,(215) 854-7021,"222 North 17th Street, Suite 901",19103,,
,,Christian Immigration Advocacy Center,Immigration Legal Services,,(412) 532-6181,http://www.ciacpgh.org,ciacpgh.org,Pittsburgh,PA,US,immigration,immigration_advocates_network,https://www.immigrationadvocates.org/nonprofit/legaldirectory/organization.694706-Christian_Immigration_Advocacy_Center,,"250 East Ohio Street, Union Place Building - 5th Floor",15212,,
,,Church World Service - Immigration Legal Services Program (Lancaster Office),Immigration Legal Services,,717-358-9728,http://www.cwslancaster.org,cwslancaster.org,Lancaster,PA,US,immigration,immigration_advocates_network,https://www.immigrationadvocates.org/nonprofit/legaldirectory/organization.393270-Church_World_Service_Immigration_Legal_Services_Program_Lancaster_Office,(717) 381-2896,308 E. King St,17602,,
,,Community Justice Project (Harrisburg Office),Immigration Legal Services,,(800) 322-7572  211,http://www.communityjusticeproject.org,communityjusticeproject.org,Harrisburg,PA,US,immigration,immigration_advocates_network,https://www.immigrationadvocates.org/nonprofit/legaldirectory/organization.717656-Community_Justice_Project_Harrisburg_Office,,118 Locust St,17101,,
,,Equal Access Legal Services,Immigration Legal Services,,(267) 888-6703,http://equalaccesslegal.org,equalaccesslegal.org,Philadelphia,PA,US,immigration,immigration_advocates_network,https://www.immigrationadvocates.org/nonprofit/legaldirectory/organization.623364-Equal_Access_Legal_Services,(215) 689-1458,"6703 Germantown Ave., Suite 200/210-4",19119,,
,,Esperanza Immigration Legal Services,Immigration Legal Services,,(215) 324-0746,http://www.esperanza.us/eils,esperanza.us,Philadelphia,PA,US,immigration,immigration_advocates_network,https://www.immigrationadvocates.org/nonprofit/legaldirectory/organization.393273-Esperanza_Immigration_Legal_Services,(215) 324-1732542,4261 N. 5th St.,19140,,
,,Franklin County Legal Services,Immigration Legal Services,,(717) 262-2326,http://www.fcls.net,fcls.net,Chambersburg,PA,US,immigration,immigration_advocates_network,https://www.immigrationadvocates.org/nonprofit/legaldirectory/organization.594335-Franklin_County_Legal_Services,(717) 262-2360,"336 Lincoln Way East, Suite B",17201,,
,,HIAS Pennsylvania,Immigration Legal Services,,215-832-0900,http://www.hiaspa.org,hiaspa.org,Philadelphia,PA,US,immigration,immigration_advocates_network,https://www.immigrationadvocates.org/nonprofit/legaldirectory/organization.393274-HIAS_Pennsylvania,(215) 832-0919,P.O. Box #8688,19101,,
,,International Institute of Erie,Immigration Legal Services,,(814) 452-3935,http://www.refugees.org/about-us/where-we-work/iie,refugees.org,Erie,PA,US,immigration,immigration_advocates_network,https://www.immigrationadvocates.org/nonprofit/legaldirectory/organization.393280-International_Institute_of_Erie,(814) 452-3318,517 E. 26th St.,16504,,
,,International Service Center - Immigration Services,Immigration Legal Services,,(717) 236-9401,http://www.isc76.org,isc76.org,Harrisburg,PA,US,immigration,immigration_advocates_network,https://www.immigrationadvocates.org/nonprofit/legaldirectory/organization.393271-International_Service_Center_Immigration_Services,(717) 236-1733821,21 S. River St,17101,,
,,Jewish Family & Children's Service - Legal Services for Immigrants and Internationals (Pittsburgh Office),Immigration Legal Services,,412-422-7200,http://www.jfcspgh.org,jfcspgh.org,Pittsburgh,PA,US,immigration,immigration_advocates_network,https://www.immigrationadvocates.org/nonprofit/legaldirectory/organization.393275-Jewish_Family_Childrens_Service_Legal_Services_for_Immigrants_and_Interna,(412) 422-1162,5743 Bartlett Street,15217,,
,,Justice at Work (Philadelphia Office),Immigration Legal Services,,(215) 733-0878,http://justiceatworklegalaid.org,justiceatworklegalaid.org,Philadelphia,PA,US,immigration,immigration_advocates_network,https://www.immigrationadvocates.org/nonprofit/legaldirectory/organization.594241-Justice_at_Work_Philadelphia_Office,(215) 733-0876,"990 Spring Garden St, Suite 300",19123,,
,,Justice at Work (Pittsburgh Office),Immigration Legal Services,,(412) 701-4368,https://justiceatworklegalaid.org,justiceatworklegalaid.org,Pittsburgh,PA,US,immigration,immigration_advocates_network,https://www.immigrationadvocates.org/nonprofit/legaldirectory/organization.594990-Justice_at_Work_Pittsburgh_Office,(412) 361-1731,,15233,,
,,"LCH Health and Community Services of Kennett Square, PA",Immigration Legal Services,,(610) 880-3503,https://lchcommunityhealth.org/health-center-kennett-square/,lchcommunityhealth.org,Kennett Square,PA,US,immigration,immigration_advocates_network,https://www.immigrationadvocates.org/nonprofit/legaldirectory/organization.764862-LCH_Health_and_Community_Services_of_Kennett_Square_PA,(610) 444-4656,731 W Cypress St.,19348,,
,,Multicultural Community Resource Center,Immigration Legal Services,,(814) 455-0212,http://www.mcrcerie.org,mcrcerie.org,Erie,PA,US,immigration,immigration_advocates_network,https://www.immigrationadvocates.org/nonprofit/legaldirectory/organization.393272-Multicultural_Community_Resource_Center,(814) 453-2363,554 E 10th St,16503,,
,,Nationalities Service Center,Immigration Legal Services,,(215) 893-8400,https://nscphila.org,nscphila.org,Philadelphia,PA,US,immigration,immigration_advocates_network,https://www.immigrationadvocates.org/nonprofit/legaldirectory/organization.585725-Nationalities_Service_Center,(215) 735-9718,"1216 Arch Street, 4th Floor",19107,,
,,Pennsylvania Immigration Resource Center,Immigration Legal Services,,17176008099,https://www.pirclaw.org,pirclaw.org,York,PA,US,immigration,immigration_advocates_network,https://www.immigrationadvocates.org/nonprofit/legaldirectory/organization.747875-Pennsylvania_Immigration_Resource_Center,17176008044,PO Box 20339,17402,,
,,"Thrive International Programs, Inc.",Immigration Legal Services,,484-202-0533,http://www.thriveip.org,thriveip.org,Williamsport,PA,US,immigration,immigration_advocates_network,https://www.immigrationadvocates.org/nonprofit/legaldirectory/organization.661437-Thrive_International_Programs_Inc,,"202 E. 3rd Street, (Enter through Academy St. side door)",17701,,
,,"Villanova University School of Law - Clinic for Asylum, Refugee, and Emigrant Services (CARES)",Immigration Legal Services,,610-519-6839,http://www1.villanova.edu/villanova/law.html,www1.villanova.edu,Villanova,PA,US,immigration,immigration_advocates_network,https://www.immigrationadvocates.org/nonprofit/legaldirectory/organization.393279-Villanova_University_School_of_Law_Clinic_for_Asylum_Refugee_and_Emigrant,,299 N. Spring Mill Rd,19085,,
,,"American Bar Association (ABA), Children's Immigration Law Academy (CILA)",Immigration Legal Services,,,https://cilacademy.org/pro-bono/pro-bono-matters/,cilacademy.org,Houston,VA,US,immigration,immigration_advocates_network,https://www.immigrationadvocates.org/nonprofit/legaldirectory/organization.788449-American_Bar_Association_ABA_Childrens_Immigration_Law_Academy_CILA,,"3605 Katy Freeway, Ste. 100",77007,,
,,American University Defending the Dream Initiative,Immigration Legal Services,,202-274-4147,https://www.wcl.american.edu/academics/experientialedu/clinical/theclinics/ijc/audream/,wcl.american.edu,Washington,VA,US,immigration,immigration_advocates_network,https://www.immigrationadvocates.org/nonprofit/legaldirectory/organization.756955-American_University_Defending_the_Dream_Initiative,,"4300 Nebraska Avenue NW, Suite Y265",20016,,
,,Ayuda (Fairfax Office),Immigration Legal Services,,(703) 444-7009,http://www.ayuda.com,ayuda.com,Fairfax,VA,US,immigration,immigration_advocates_network,https://www.immigrationadvocates.org/nonprofit/legaldirectory/organization.393398-Ayuda_Fairfax_Office,(703) 444-0038,"2701 Prosperity Avenue, Suite 300",22031,,
,,CASA de Virginia,Immigration Legal Services,,(571) 421-2211,http://www.wearecasa.org,wearecasa.org,Woodbridge,VA,US,immigration,immigration_advocates_network,https://www.immigrationadvocates.org/nonprofit/legaldirectory/organization.628087-CASA_de_Virginia,,"1455 Old Bridge Rd, Suite # 203",22192,,
,,"Catholic Charities Diocese of Arlington, Hogar Immigrant Services - Legal",Immigration Legal Services,,(703) 534-9805,http://www.ccda.net/hogarlegal,ccda.net,Alexandria,VA,US,immigration,immigration_advocates_network,https://www.immigrationadvocates.org/nonprofit/legaldirectory/organization.393399-Catholic_Charities_Diocese_of_Arlington_Hogar_Immigrant_Services_Legal,(703) 534-9809,"6301 Little River Turnpike, Suite 300",22312,,
,,Church World Service (Harrisonburg),Immigration Legal Services,,(540) 433-7942,https://cwsharrisonburg.org/,cwsharrisonburg.org,Harrisonburg,VA,US,immigration,immigration_advocates_network,https://www.immigrationadvocates.org/nonprofit/legaldirectory/organization.713133-Church_World_Service_Harrisonburg,(540) 432-0238,250 East Elizabeth Street Suite 215,22802,,
,,Commonwealth Catholic Charities (Hampton Roads Office),Immigration Legal Services,,(757) 247-3600  306,http://www.cccofva.org,cccofva.org,Newport News,VA,US,immigration,immigration_advocates_network,https://www.immigrationadvocates.org/nonprofit/legaldirectory/organization.393393-Commonwealth_Catholic_Charities_Hampton_Roads_Office,(855) 509-0221,"740 THIMBLE SHOALS BLVD., F",23606,,
,,Commonwealth Catholic Charities (Richmond Office),Immigration Legal Services,,804-545-6296,https://www.cccofva.org/,cccofva.org,Richmond,VA,US,immigration,immigration_advocates_network,https://www.immigrationadvocates.org/nonprofit/legaldirectory/organization.810948-Commonwealth_Catholic_Charities_Richmond_Office,804-285-1630,1601 Rolling Hills Drive,23229,,
,,Commonwealth Catholic Charities (Roanoke Office),Immigration Legal Services,,540-342-0411,https://www.cccofva.org/,cccofva.org,Roanoke,VA,US,immigration,immigration_advocates_network,https://www.immigrationadvocates.org/nonprofit/legaldirectory/organization.810947-Commonwealth_Catholic_Charities_Roanoke_Office,540-344-7513,2131 Valley View BLVD,24012,,
,,ICDR Immigration Legal Services,Immigration Legal Services,,571-208-2190,https://www.icdrintl.org/,icdrintl.org,Fairfax,VA,US,immigration,immigration_advocates_network,https://www.immigrationadvocates.org/nonprofit/legaldirectory/organization.810397-ICDR_Immigration_Legal_Services,,"3615 Chain Bridge Road, Unit C",22030,,
,,Immigrant Connection-Blue Ridge,Immigration Legal Services,,(540) 581-2963,https://www.immigrantconnectionblueridge.com/,immigrantconnectionblueridge.com,Roanoke,VA,US,immigration,immigration_advocates_network,https://www.immigrationadvocates.org/nonprofit/legaldirectory/organization.738770-Immigrant_ConnectionBlue_Ridge,,3706 Peters Creek Rd,24019,,
,,International Rescue Committee,Immigration Legal Services,,434-962-9297,https://www.rescue.org/united-states/richmond-va,rescue.org,Richmond,VA,US,immigration,immigration_advocates_network,https://www.immigrationadvocates.org/nonprofit/legaldirectory/organization.722361-International_Rescue_Committee,,"1301 North Hamilton Street, Suite 101",23230,,
,,International Rescue Committee (Charlottesville Office),Immigration Legal Services,,434-979-7772,http://www.rescue.org,rescue.org,Charlottesville,VA,US,immigration,immigration_advocates_network,https://www.immigrationadvocates.org/nonprofit/legaldirectory/organization.393396-International_Rescue_Committee_Charlottesville_Office,(434) 979-8161,"375 Greenbrier Dr., Ste. 200",22901,,
,,Just Neighbors,Immigration Legal Services,,7039791240,http://www.justneighbors.org,justneighbors.org,annandale,VA,US,immigration,immigration_advocates_network,https://www.immigrationadvocates.org/nonprofit/legaldirectory/organization.615305-Just_Neighbors,7039791244,"7630 Little River Turnpike, Suite 900",22003,,
,,Kids in Need of Defense (Washington DC Office),Immigration Legal Services,,(202) 670-3585,http://www.supportkind.org,supportkind.org,Washington,VA,US,immigration,immigration_advocates_network,https://www.immigrationadvocates.org/nonprofit/legaldirectory/organization.392741-Kids_in_Need_of_Defense_Washington_DC_Office,(202) 824-0702,1411 K Street NW,20005,,
,,Legal Aid Works,Immigration Legal Services,,(540) 371-1105,http://www.legalaidworks.org/,legalaidworks.org,Fredericksburg,VA,US,immigration,immigration_advocates_network,https://www.immigrationadvocates.org/nonprofit/legaldirectory/organization.393404-Legal_Aid_Works,(540) 371-1114,"500 Lafayette Boulevard, Suite 100",22401,,
,,Literacy Volunteers Winchester Area,Immigration Legal Services,,(540) 536-1648,https://www.lvwa.org/,lvwa.org,Winchester,VA,US,immigration,immigration_advocates_network,https://www.immigrationadvocates.org/nonprofit/legaldirectory/organization.671965-Literacy_Volunteers_Winchester_Area,(540) 536-1098,"301 N. Cameron Street, Suite 102",22601,,
,,"LUCHA Ministries, Inc.",Immigration Legal Services,,(540) 370-4502,http://www.luchaministries.org,luchaministries.org,Fredericksburg,VA,US,immigration,immigration_advocates_network,https://www.immigrationadvocates.org/nonprofit/legaldirectory/organization.650125-LUCHA_Ministries_Inc,,1019 Princess Anne St.,22401,,
,,NewBridges Immigrant Resource Center,Immigration Legal Services,,(540) 438-8295,https://newbridgesirc.org/,newbridgesirc.org,Harrisonburg,VA,US,immigration,immigration_advocates_network,https://www.immigrationadvocates.org/nonprofit/legaldirectory/organization.550721-NewBridges_Immigrant_Resource_Center,(540) 437-2331,"41 Court Square, Suite B",22801,,
,,Northern Virginia Family Service,Immigration Legal Services,,(571) 748-2800,http://www.nvfs.org/pages/page.asp?page_id=264019,nvfs.org,Falls Church,VA,US,immigration,immigration_advocates_network,https://www.immigrationadvocates.org/nonprofit/legaldirectory/organization.393403-Northern_Virginia_Family_Service,(703) 237-2083,"6400 Arlington Blvd, Suite 110",22042,,
,,Tahirih Justice Center (Falls Church Office),Immigration Legal Services,,(571) 282 6161,http://www.tahirih.org,tahirih.org,Falls Church,VA,US,immigration,immigration_advocates_network,https://www.immigrationadvocates.org/nonprofit/legaldirectory/organization.393406-Tahirih_Justice_Center_Falls_Church_Office,(571) 282 6162,"6402 Arlington Blvd, Suite 300",22042,,
,,"University of Virginia School of Law, Legal Aid Justice Center - Immigration Clinic",Immigration Legal Services,,(434) 977-0553,http://www.law.virginia.edu/html/academics/practical/immigration.htm,law.virginia.edu,Charlottesville,VA,US,immigration,immigration_advocates_network,https://www.immigrationadvocates.org/nonprofit/legaldirectory/organization.393407-University_of_Virginia_School_of_Law_Legal_Aid_Justice_Center_Immigration,(434) 977-0558,"1000 Preston Ave, Suite A",22903,,
,,Virginia Poverty Law Center,Immigration Legal Services,,(804) 351-5256,http://www.vplc.org,vplc.org,Richmond,VA,US,immigration,immigration_advocates_network,https://www.immigrationadvocates.org/nonprofit/legaldirectory/organization.393408-Virginia_Poverty_Law_Center,(804) 649-0974,"919 East Main Street, Suite 610",23219,,
,,CASA (Multicultural Center),Immigration Legal Services,,(301) 431-4185,http://wearecasa.org,wearecasa.org,Langley Park,MD,US,immigration,immigration_advocates_network,https://www.immigrationadvocates.org/nonprofit/legaldirectory/organization.392985-CASA_Multicultural_Center,(301) 408-4123,8151 15th Ave,20783,,
,,"Catholic Charities of Baltimore Immigration Legal Services, Esperanza Center",Immigration Legal Services,,667-600-2941,http://www.catholiccharities-md.org/immigrants,catholiccharities-md.org,Baltimore,MD,US,immigration,immigration_advocates_network,https://www.immigrationadvocates.org/nonprofit/legaldirectory/organization.392974-Catholic_Charities_of_Baltimore_Immigration_Legal_Services_Esperanza_Center,667-600-4026,430 S. Broadway,21231,,
,,"Catholic Charities of Washington, D.C. (Gaithersburg Office)",Immigration Legal Services,,(301) 740-2523,http://www.catholiccharitiesdc.org,catholiccharitiesdc.org,Gaithersburg,MD,US,immigration,immigration_advocates_network,https://www.immigrationadvocates.org/nonprofit/legaldirectory/organization.392972-Catholic_Charities_of_Washington_DC_Gaithersburg_Office,(301) 740-2907,"201 E. Diamond Ave., 3rd Floor",20877,,
,,"Catholic Charities of Washington, D.C. (Silver Spring Office)",Immigration Legal Services,,240-858-0958,http://www.catholiccharitiesdc.org,catholiccharitiesdc.org,Silver Spring,MD,US,immigration,immigration_advocates_network,https://www.immigrationadvocates.org/nonprofit/legaldirectory/organization.392973-Catholic_Charities_of_Washington_DC_Silver_Spring_Office,(301) 949-1371,12247 Georgia Ave,20902,,
,,Catholic Charities of Wilmington - Immigration and Refugee Services (Eastern Shore Office),Immigration Legal Services,,(410) 651-9608,http://www.cdow.org/immigration.html,cdow.org,Princess Anne,MD,US,immigration,immigration_advocates_network,https://www.immigrationadvocates.org/nonprofit/legaldirectory/organization.392965-Catholic_Charities_of_Wilmington_Immigration_and_Refugee_Services_Eastern,(410) 651-1437,30632 Hampden Ave,21853,,
,,Chesapeake Multicultural Resource Center,Immigration Legal Services,,8777729832,http://www.chesmrc.org,chesmrc.org,Easton,MD,US,immigration,immigration_advocates_network,https://www.immigrationadvocates.org/nonprofit/legaldirectory/organization.607999-Chesapeake_Multicultural_Resource_Center,(443) 200-6709,331 E Dover St,21601,,
,,Global Refuge,Immigration Legal Services,,(410) 983-4000,https://www.globalrefuge.org/what-we-do/immigration-legal-services/,globalrefuge.org,Baltimore,MD,US,immigration,immigration_advocates_network,https://www.immigrationadvocates.org/nonprofit/legaldirectory/organization.811195-Global_Refuge,,700 Light St,21230-3850,,
,,Harvey Immigration Service of the Briggs Center for Faith and Action,Immigration Legal Services,,301-229-7725,https://www.briggscenter.org,briggscenter.org,Bethesda,MD,US,immigration,immigration_advocates_network,https://www.immigrationadvocates.org/nonprofit/legaldirectory/organization.756646-Harvey_Immigration_Service_of_the_Briggs_Center_for_Faith_and_Action,301-229-2844,5148 Massachusetts Ave,20816,,
,,HIAS Global Headquarters (Silver Spring),Immigration Legal Services,,(301) 844-7248,https://hias.org/legal-services/,hias.org,Silver Spring,MD,US,immigration,immigration_advocates_network,https://www.immigrationadvocates.org/nonprofit/legaldirectory/organization.598862-HIAS_Global_Headquarters_Silver_Spring,,"1300 Spring Street, Suite 500",20910,,
,,Immigrant Connection at LifePoint,Immigration Legal Services,,(301) 859-4252,https://iLifepoint.com/iclc,ilifepoint.com,Waldorf,MD,US,immigration,immigration_advocates_network,https://www.immigrationadvocates.org/nonprofit/legaldirectory/organization.813828-Immigrant_Connection_at_LifePoint,,10395 Berry Road,20603,,
,,Immigrant Connection at Path to Hope,Immigration Legal Services,,(443) 203-8020,https://www.yourpathtohope.org/,yourpathtohope.org,Annapolis,MD,US,immigration,immigration_advocates_network,https://www.immigrationadvocates.org/nonprofit/legaldirectory/organization.813816-Immigrant_Connection_at_Path_to_Hope,,255 West Street,21401,,
,,International Rescue Committee (Silver Spring Office),Immigration Legal Services,,+ 1 301 562 8634,http://www.rescue.org,rescue.org,Silver Spring,MD,US,immigration,immigration_advocates_network,https://www.immigrationadvocates.org/nonprofit/legaldirectory/organization.392968-International_Rescue_Committee_Silver_Spring_Office,(301) 562-8585,"8737 Colesville Road,, Suite 1200",20910,,
,,International Rescue Committee - Baltimore Resettlement Center (Baltimore Office),Immigration Legal Services,,410-327-1885  111,https://www.rescue.org/united-states/baltimore-md,rescue.org,Baltimore,MD,US,immigration,immigration_advocates_network,https://www.immigrationadvocates.org/nonprofit/legaldirectory/organization.392967-International_Rescue_Committee_Baltimore_Resettlement_Center_Baltimore_Off,(410) 327-1941,"2601 N Howard St.,, Suite 225",21218,,
,,Kids in Need of Defense (Baltimore Office),Immigration Legal Services,,410-646-8007,http://www.supportkind.org,supportkind.org,Baltimore,MD,US,immigration,immigration_advocates_network,https://www.immigrationadvocates.org/nonprofit/legaldirectory/organization.392977-Kids_in_Need_of_Defense_Baltimore_Office,410- 646-8007,"One South Street, Suite 1100",21202,,
,,"Luminus Network, Inc.",Immigration Legal Services,,410-992-1923,https://www.beluminus.org/,beluminus.org,Columbia,MD,US,immigration,immigration_advocates_network,https://www.immigrationadvocates.org/nonprofit/legaldirectory/organization.392966-Luminus_Network_Inc,410-730-0113,"10400 Little Patuxent Parkway, Suite 450",21044,,
,,Lutheran Social Services NCA- Refugee and Immigration Services (LSSNCA),Immigration Legal Services,,240-956-8157,https://lssnca.org/programs/immigration-legal-services/,lssnca.org,Washington,MD,US,immigration,immigration_advocates_network,https://www.immigrationadvocates.org/nonprofit/legaldirectory/organization.393411-Lutheran_Social_Services_NCA_Refugee_and_Immigration_Services_LSSNCA,,"1730 Rhode Island Ave, Suite 712",20036,,
,,Maryland Coalition Against Sexual Assault - Sexual Assault Legal Institute,Immigration Legal Services,,(301) 565-2277,http://www.mcasa.org,mcasa.org,Silver Spring,MD,US,immigration,immigration_advocates_network,https://www.immigrationadvocates.org/nonprofit/legaldirectory/organization.392978-Maryland_Coalition_Against_Sexual_Assault_Sexual_Assault_Legal_Institute,(301) 565-3619,P.O. Box 8782,20907,,
,,Maryland Immigrant Legal Assistance Project of the Pro Bono Resource Center of Maryland,Immigration Legal Services,,443-703-3054,https://probonomd.org/for-legal-help/help-for-immigrants/,probonomd.org,Baltimore,MD,US,immigration,immigration_advocates_network,https://www.immigrationadvocates.org/nonprofit/legaldirectory/organization.734344-Maryland_Immigrant_Legal_Assistance_Project_of_the_Pro_Bono_Resource_Center,,520 West Fayette Street,21201,,
,,Sexual Assault / Spouse Abuse Resource Center (SARC),Immigration Legal Services,,(410) 836-8430,http://www.sarc-maryland.org/about,sarc-maryland.org,Bel Air,MD,US,immigration,immigration_advocates_network,https://www.immigrationadvocates.org/nonprofit/legaldirectory/organization.594441-Sexual_Assault_Spouse_Abuse_Resource_Center_SARC,410-803-9178,PO Box 1207,21014,,
,,"Spanish Speaking Community of Maryland, Inc.",Immigration Legal Services,,(301) 587-7217,http://spanishcommunityofmd.org,spanishcommunityofmd.org,Silver Spring,MD,US,immigration,immigration_advocates_network,https://www.immigrationadvocates.org/nonprofit/legaldirectory/organization.651311-Spanish_Speaking_Community_of_Maryland_Inc,,8519 Piney Branch Road,20901,,
,,Tahirih Justice Center (Baltimore Office),Immigration Legal Services,,(410) 999-1900,http://www.tahirih.org,tahirih.org,Baltimore,MD,US,immigration,immigration_advocates_network,https://www.immigrationadvocates.org/nonprofit/legaldirectory/organization.506330-Tahirih_Justice_Center_Baltimore_Office,,"211 E. Lombard Street, Suite 307",21202,,
,,Women's Law Center of Maryland - Multi-Ethnic Domestic Violence Project,Immigration Legal Services,,(443) 699-1001,http://www.wlcmd.org/projects.html,wlcmd.org,Baltimore,MD,US,immigration,immigration_advocates_network,https://www.immigrationadvocates.org/nonprofit/legaldirectory/organization.392979-Womens_Law_Center_of_Maryland_MultiEthnic_Domestic_Violence_Project,(410) 783-9989,"111 N. Calvert St., Room 100",21202,,
,,World Relief (Baltimore Office),Immigration Legal Services,,(410) 244-0002,https://www.worldrelief.org/baltimore,worldrelief.org,Towson,MD,US,immigration,immigration_advocates_network,https://www.immigrationadvocates.org/nonprofit/legaldirectory/organization.392980-World_Relief_Baltimore_Office,,"1220B East Joppa Rd, Suite 400D",21286,,
,,Asian Counseling and Referral Service (ACRS),Immigration Legal Services,,(206) 695-7566,http://www.acrs.org,acrs.org,Seattle,WA,US,immigration,immigration_advocates_network,https://www.immigrationadvocates.org/nonprofit/legaldirectory/organization.393415-Asian_Counseling_and_Referral_Service_ACRS,(206) 695-7606,3639 Martin Luther King Jr. Way S.,98144,,
,,Catholic Charities Eastern Washington--Immigration Legal Services,Immigration Legal Services,,509 455 4961,https://www.cceasternwa.org,cceasternwa.org,Spokane,WA,US,immigration,immigration_advocates_network,https://www.immigrationadvocates.org/nonprofit/legaldirectory/organization.763163-Catholic_Charities_Eastern_WashingtonImmigration_Legal_Services,509 358 4259,"PO Box 2253, 12 E Fifth Avenue",99210-2253,,
,,Catholic Community Services - Family Immigration (Mount Vernon Office),Immigration Legal Services,,(360) 416-7095,http://www.ccsww.org/cils,ccsww.org,Mount Vernon,WA,US,immigration,immigration_advocates_network,https://www.immigrationadvocates.org/nonprofit/legaldirectory/organization.393430-Catholic_Community_Services_Family_Immigration_Mount_Vernon_Office,,"300 S First St, Suite C",98273,,
,,Catholic Community Services of Western Washington - Catholic Immigration Legal Services (Seattle Office),Immigration Legal Services,,(206) 328-6314,http://www.ccsww.org/cils,ccsww.org,Seattle,WA,US,immigration,immigration_advocates_network,https://www.immigrationadvocates.org/nonprofit/legaldirectory/organization.393431-Catholic_Community_Services_of_Western_Washington_Catholic_Immigration_Leg,(206) 324-4835,100 23rd Ave S.,98144,,
,,Colectiva Legal del Pueblo,Immigration Legal Services,,(206) 931-1514,http://www.colectivalegal.org,colectivalegal.org,Burien,WA,US,immigration,immigration_advocates_network,https://www.immigrationadvocates.org/nonprofit/legaldirectory/organization.493355-Colectiva_Legal_del_Pueblo,(206) 673-3646,13838 1st Ave S,98168,,
,,Diocese of Olympia - Refugee Resettlement Office,Immigration Legal Services,,(206) 323-3152,http://www.dioceserroseattle.org,dioceserroseattle.org,Auburn,WA,US,immigration,immigration_advocates_network,https://www.immigrationadvocates.org/nonprofit/legaldirectory/organization.393417-Diocese_of_Olympia_Refugee_Resettlement_Office,(206) 322-7632,515 B Street NE,98002,,
,,Entre Hermanos,Immigration Legal Services,,(206) 538-0329,http://entrehermanos.org/,entrehermanos.org,Seattle,WA,US,immigration,immigration_advocates_network,https://www.immigrationadvocates.org/nonprofit/legaldirectory/organization.726372-Entre_Hermanos,(206) 582-3195,"1621 S Jackson Street, Suite 202",98144,,
,,Hand in Hand Immigration Services,Immigration Legal Services,,(509) 888-4833,https://www.handinhandis.org/,handinhandis.org,Wenatchee,WA,US,immigration,immigration_advocates_network,https://www.immigrationadvocates.org/nonprofit/legaldirectory/organization.644726-Hand_in_Hand_Immigration_Services,,18 N Mission St,98801,,
,,International Rescue Committee (SeaTac Office),Immigration Legal Services,,(206) 623-2105,http://www.rescue.org,rescue.org,SeaTac,WA,US,immigration,immigration_advocates_network,https://www.immigrationadvocates.org/nonprofit/legaldirectory/organization.503267-International_Rescue_Committee_SeaTac_Office,(206) 243-6666,"1200 S 192nd St, suite 101",98148,,
,,International Rescue Committee (Seattle Office),Immigration Legal Services,,(206) 623-2105,http://www.rescue.org/seattle,rescue.org,Seattle,WA,US,immigration,immigration_advocates_network,https://www.immigrationadvocates.org/nonprofit/legaldirectory/organization.394186-International_Rescue_Committee_Seattle_Office,(206) 243-6666,"1200 South 192nd Street, Suite 101",98148,,
,,Justice for Our Neighbors (Central Washington Office),Immigration Legal Services,,(509) 300-1101,http://cwjfon.org,cwjfon.org,Ellensburg,WA,US,immigration,immigration_advocates_network,https://www.immigrationadvocates.org/nonprofit/legaldirectory/organization.720449-Justice_for_Our_Neighbors_Central_Washington_Office,,210 North Ruby Street,98926-3339,,
,,KIAC - Immigration Legal Services,Immigration Legal Services,,(360) 616-0479,http://kitsapiac.org,kitsapiac.org,Bremerton,WA,US,immigration,immigration_advocates_network,https://www.immigrationadvocates.org/nonprofit/legaldirectory/organization.540901-KIAC_Immigration_Legal_Services,(866) 936-1235,3627 Wheaton Way,98310,,
,,La Casa Hogar,Immigration Legal Services,,509 426 7039,http://www.lacasahogar.org,lacasahogar.org,Yakima,WA,US,immigration,immigration_advocates_network,https://www.immigrationadvocates.org/nonprofit/legaldirectory/organization.627928-La_Casa_Hogar,,106 S 6th Street,98901,,
,,Literacy Source,Immigration Legal Services,,206-502-2061,https://www.literacysource.org,literacysource.org,Seattle,WA,US,immigration,immigration_advocates_network,https://www.immigrationadvocates.org/nonprofit/legaldirectory/organization.810211-Literacy_Source,,"12360 Lake City Way NE, Ste. 301",98125,,
,,Lutheran Community Services Northwest - Immigration Counseling and Advocacy Program (Vancouver Office),Immigration Legal Services,,(360) 694-5624,http://www.lcsnw.org/vancouver,lcsnw.org,Vancouver,WA,US,immigration,immigration_advocates_network,https://www.immigrationadvocates.org/nonprofit/legaldirectory/organization.393418-Lutheran_Community_Services_Northwest_Immigration_Counseling_and_Advocacy,(360) 694-8515,"3600 Main St, Suite 200",98663,,
,,Lutheran Community Services NW - Safe Route Immigration Program,Immigration Legal Services,,(206) 694-5742,http://www.lcsnw.org/services.html,lcsnw.org,Seattle,WA,US,immigration,immigration_advocates_network,https://www.immigrationadvocates.org/nonprofit/legaldirectory/organization.393419-Lutheran_Community_Services_NW_Safe_Route_Immigration_Program,,"9725 3rd Ave NE, Suite 405",98115,,
,,Manzanita Immigrant Legal Aid,Immigration Legal Services,,509-309-8404,https://manzanitahousespokane.org,manzanitahousespokane.org,Spokane,WA,US,immigration,immigration_advocates_network,https://www.immigrationadvocates.org/nonprofit/legaldirectory/organization.811102-Manzanita_Immigrant_Legal_Aid,,201 W Main Ave,99201,,
,,Neighborhood House,Immigration Legal Services,,(206) 461-8430,http://www.nhwa.org,nhwa.org,Seattle,WA,US,immigration,immigration_advocates_network,https://www.immigrationadvocates.org/nonprofit/legaldirectory/organization.393424-Neighborhood_House,(206) 923-6776,"1225 South Weller St., Suite 510",98144,,
,,Northwest Immigrant Rights Project (Granger Office),Immigration Legal Services,,(509) 854-2100,http://www.nwirp.org,nwirp.org,Granger,WA,US,immigration,immigration_advocates_network,https://www.immigrationadvocates.org/nonprofit/legaldirectory/organization.393432-Northwest_Immigrant_Rights_Project_Granger_Office,(509) 854-1500,"121 Sunnyside Ave, Suite 146, PO Box 270",98932,,
,,Northwest Immigrant Rights Project (Seattle Office),Immigration Legal Services,,(206) 587-4009,http://www.nwirp.org,nwirp.org,Seattle,WA,US,immigration,immigration_advocates_network,https://www.immigrationadvocates.org/nonprofit/legaldirectory/organization.393434-Northwest_Immigrant_Rights_Project_Seattle_Office,(206) 587-4025,"615 2nd Ave, Suite 400",98104,,
,,Northwest Immigrant Rights Project (Tacoma Office),Immigration Legal Services,,(253) 383-0519,http://www.nwirp.org,nwirp.org,Tacoma,WA,US,immigration,immigration_advocates_network,https://www.immigrationadvocates.org/nonprofit/legaldirectory/organization.393435-Northwest_Immigrant_Rights_Project_Tacoma_Office,(253) 383-0111,"2209 N Pearl St, Suite 200",98406,,
,,Northwest Immigrant Rights Project (Wenatchee Office),Immigration Legal Services,,(509) 570-0054,http://www.nwirp.org,nwirp.org,Wenatchee,WA,US,immigration,immigration_advocates_network,https://www.immigrationadvocates.org/nonprofit/legaldirectory/organization.393433-Northwest_Immigrant_Rights_Project_Wenatchee_Office,(509) 765-9714,"620 N. Emerson Avenue, Suite 201",98801,,
,,Refugee Women's Alliance,Immigration Legal Services,,(206) 721-0243,http://www.rewa.org,rewa.org,Seattle,WA,US,immigration,immigration_advocates_network,https://www.immigrationadvocates.org/nonprofit/legaldirectory/organization.393436-Refugee_Womens_Alliance,(206) 721-0282,4008 Martin Luther King Jr. Way,98108,,
,,Sexual Violence Law Center,Immigration Legal Services,,206-312-7852,https://svlawcenter.org/,svlawcenter.org,Seattle,WA,US,immigration,immigration_advocates_network,https://www.immigrationadvocates.org/nonprofit/legaldirectory/organization.790984-Sexual_Violence_Law_Center,206-312-7859,"810 3rd Ave, Ste 630",98104,,
,,Skagit Legal Aid,Immigration Legal Services,,360-230-8101,https://Https://www.SkagitLegalAid.org,https,Mount Vernon,WA,US,immigration,immigration_advocates_network,https://www.immigrationadvocates.org/nonprofit/legaldirectory/organization.810268-Skagit_Legal_Aid,,325 Pine Street,98273,,
,,St. James Cathedral Immigrant Assistance,Immigration Legal Services,,(206) 382-4511,http://www.stjames-cathedral.org/immigrant,stjames-cathedral.org,Seattle,WA,US,immigration,immigration_advocates_network,https://www.immigrationadvocates.org/nonprofit/legaldirectory/organization.393826-St_James_Cathedral_Immigrant_Assistance,(206) 622-3559,804 Ninth Ave.,98104,,
,,Tacoma Community House,Immigration Legal Services,,(253) 383-3951,https://www.tacomacommunityhouse.org,tacomacommunityhouse.org,Tacoma,WA,US,immigration,immigration_advocates_network,https://www.immigrationadvocates.org/nonprofit/legaldirectory/organization.485502-Tacoma_Community_House,(253) 593-7853,1314 South L St,98405,,
,,The Washington New Americans Program at OneAmerica,Immigration Legal Services,,(206) 926-3924,http://www.wanewamericans.org,wanewamericans.org,Seattle,WA,US,immigration,immigration_advocates_network,https://www.immigrationadvocates.org/nonprofit/legaldirectory/organization.477191-The_Washington_New_Americans_Program_at_OneAmerica,,"1225 S Weller St., Suite 430",98144,,
,,The West African Community Council,Immigration Legal Services,,(206) 349-0892,http://www.waccofseattle.com,waccofseattle.com,Seattle,WA,US,immigration,immigration_advocates_network,https://www.immigrationadvocates.org/nonprofit/legaldirectory/organization.658850-The_West_African_Community_Council,(206) 913-2709,6322 44th Ave S,98118,,
,,Ukrainian Community Center of Washington (Mukilteo Office),Immigration Legal Services,,(425) 430-8229,http://www.uccwa.org,uccwa.org,Mukilteo,WA,US,immigration,immigration_advocates_network,https://www.immigrationadvocates.org/nonprofit/legaldirectory/organization.393425-Ukrainian_Community_Center_of_Washington_Mukilteo_Office,,12420 Evergreen Dr,98275,,
,,Ukrainian Community Center of Washington (Seattle Office),Immigration Legal Services,,(425) 430-8229,http://www.uccwa.org,uccwa.org,Seattle,WA,US,immigration,immigration_advocates_network,https://www.immigrationadvocates.org/nonprofit/legaldirectory/organization.393426-Ukrainian_Community_Center_of_Washington_Seattle_Office,(425) 336-2785,13470 Martin Luther King Jr. Way South,98178,,
,,World Relief (Tri-Cities Office),Immigration Legal Services,,(509) 734-5477,http://worldrelieftricities.org,worldrelieftricities.org,Richland,WA,US,immigration,immigration_advocates_network,https://www.immigrationadvocates.org/nonprofit/legaldirectory/organization.393429-World_Relief_TriCities_Office,(509) 734-1378,"2600 N. Columbia Center Blvd, Suite 206",99352,,
,,World Relief Western Washington,Immigration Legal Services,,(253) 277-1121,http://www.worldreliefseattle.org,worldreliefseattle.org,Kent,WA,US,immigration,immigration_advocates_network,https://www.immigrationadvocates.org/nonprofit/legaldirectory/organization.393438-World_Relief_Western_Washington,(253) 277-0474,"23835 Pacific Hwy S, Suite 100, Suite C-106",98032,,
,,Arizona Immigrant and Refugee Services,Immigration Legal Services,,(602) 944-1821,http://airsaz.org,airsaz.org,Phoenix,AZ,US,immigration,immigration_advocates_network,https://www.immigrationadvocates.org/nonprofit/legaldirectory/organization.392559-Arizona_Immigrant_and_Refugee_Services,(602) 944-1860,"10240 N. 31st Ave, Suite 112",85051,,
,,Arizona Legal Women and Youth Services,Immigration Legal Services,,(602) 248-7055,http://alwaysaz.org,alwaysaz.org,,AZ,US,immigration,immigration_advocates_network,https://www.immigrationadvocates.org/nonprofit/legaldirectory/organization.594302-Arizona_Legal_Women_and_Youth_Services,,,85013,,
,,Arizona State University - Immigration Clinic,Immigration Legal Services,,(480) 727-9274,http://www.law.asu.edu,law.asu.edu,Pheonix,AZ,US,immigration,immigration_advocates_network,https://www.immigrationadvocates.org/nonprofit/legaldirectory/organization.392554-Arizona_State_University_Immigration_Clinic,(480) 727-9046,111 E. Taylor Street,85004,,
,,Catholic Charities Community Services of Phoenix - Familias Unidas,Immigration Legal Services,,(602) 997-6105,https://www.catholiccharitiesaz.org/,catholiccharitiesaz.org,Phoenix,AZ,US,immigration,immigration_advocates_network,https://www.immigrationadvocates.org/nonprofit/legaldirectory/organization.392555-Catholic_Charities_Community_Services_of_Phoenix_Familias_Unidas,,5151 N. 19th Ave.,85015,,
,,Catholic Community Services of Southern Arizona Catholic Social Services,Immigration Legal Services,,(520) 623-0344,,,Tucson,AZ,US,immigration,immigration_advocates_network,https://www.immigrationadvocates.org/nonprofit/legaldirectory/organization.392562-Catholic_Community_Services_of_Southern_Arizona_Catholic_Social_Services,(520) 623-4884,"140 W. Speedway Blvd, Suite 130",85705,,
,,Chicanos Por La Causa,Immigration Legal Services,,5209186782,https://cplc.org/hhs/immigration.php,cplc.org,Tucson,AZ,US,immigration,immigration_advocates_network,https://www.immigrationadvocates.org/nonprofit/legaldirectory/organization.750096-Chicanos_Por_La_Causa,,373 W Prince Rd,85705,,
,,Chicanos Por La Causa Family Immigration Services,Immigration Legal Services,,(928) 627-2042,http://www.cplc.org,cplc.org,Somerton,AZ,US,immigration,immigration_advocates_network,https://www.immigrationadvocates.org/nonprofit/legaldirectory/organization.392546-Chicanos_Por_La_Causa_Family_Immigration_Services,(928) 627-3009,"308 West Main Street, PO Box 517",85350,,
,,"Domestic Violence Clinic at University of Arizona, James E. Rogers College of Law",Immigration Legal Services,,(520) 626-2256,https://law.arizona.edu/academics/clinics/domestic-violence-law-clinic,law.arizona.edu,Tucson,AZ,US,immigration,immigration_advocates_network,https://www.immigrationadvocates.org/nonprofit/legaldirectory/organization.543561-Domestic_Violence_Clinic_at_University_of_Arizona_James_E_Rogers_College_of,,1145 N Mountain Ave,85719,,
,,Florence Immigrant & Refugee Rights Project (Phoenix Office),Immigration Legal Services,,(602) 307-1008,http://www.firrp.org,firrp.org,Phoenix,AZ,US,immigration,immigration_advocates_network,https://www.immigrationadvocates.org/nonprofit/legaldirectory/organization.392556-Florence_Immigrant_Refugee_Rights_Project_Phoenix_Office,,PO Box 32670,85064,,
,,Florence Immigrant and Refugee Rights Project (Tucson Office),Immigration Legal Services,,(520) 777-5600,http://www.firrp.org,firrp.org,Tucson,AZ,US,immigration,immigration_advocates_network,https://www.immigrationadvocates.org/nonprofit/legaldirectory/organization.392563-Florence_Immigrant_and_Refugee_Rights_Project_Tucson_Office,(520) 868-0192,PO Box 86299,85754,,
,,"Friendly House, Inc.",Immigration Legal Services,,602-416-7200,http://www.friendlyhouse.org,friendlyhouse.org,Phoenix,AZ,US,immigration,immigration_advocates_network,https://www.immigrationadvocates.org/nonprofit/legaldirectory/organization.392557-Friendly_House_Inc,,113 W Sherman St,85003,,
,,Global Family Legal Services (Tubac Office),Immigration Legal Services,,(520) 398-3388,,,Tubac,AZ,US,immigration,immigration_advocates_network,https://www.immigrationadvocates.org/nonprofit/legaldirectory/organization.392558-Global_Family_Legal_Services_Tubac_Office,(760) 418-4387,29 Tubac Plaza,85646-8001,,
,,Immigrant Hope - Mesa,Immigration Legal Services,,480-524-8131,https://www.immigranthopemesa.org,immigranthopemesa.org,Mesa,AZ,US,immigration,immigration_advocates_network,https://www.immigrationadvocates.org/nonprofit/legaldirectory/organization.784155-Immigrant_Hope_Mesa,,"1818 E Southern Ave, Ste 4A",85204,,
,,International Rescue Committee (Phoenix Office),Immigration Legal Services,,(602) 433-2440,http://www.rescue.org/us-program/us-phoenix-az,rescue.org,Glendale,AZ,US,immigration,immigration_advocates_network,https://www.immigrationadvocates.org/nonprofit/legaldirectory/organization.392551-International_Rescue_Committee_Phoenix_Office,(602) 433-2881,"4425 West Olive Avenue, #400",85302-3847,,
,,International Rescue Committee (Tucson Office),Immigration Legal Services,,(520) 319-2686,http://www.rescue.org,rescue.org,Tucson,AZ,US,immigration,immigration_advocates_network,https://www.immigrationadvocates.org/nonprofit/legaldirectory/organization.392552-International_Rescue_Committee_Tucson_Office,(520) 319-2160,2916 E Broadway,85716,,
,,Lutheran Social Services of the Southwest (Phoenix Office),Immigration Legal Services,,(480) 396-3795,http://www.lss-sw.org,lss-sw.org,Phoenix,AZ,US,immigration,immigration_advocates_network,https://www.immigrationadvocates.org/nonprofit/legaldirectory/organization.392548-Lutheran_Social_Services_of_the_Southwest_Phoenix_Office,(602) 248-4968,"2502 E UNIVERSITY DR, 125",85034,,
,,Lutheran Social Services of the Southwest - Refugee & Immigration Services (Tucson Office),Immigration Legal Services,,(520) 721-4444,http://www.lss-sw.org,lss-sw.org,Tucson,AZ,US,immigration,immigration_advocates_network,https://www.immigrationadvocates.org/nonprofit/legaldirectory/organization.392549-Lutheran_Social_Services_of_the_Southwest_Refugee_Immigration_Services_Tu,(520) 721-4479,"3777 E. Broadway Blvd, Ste 100",85716,,
,,Northern Arizona Immigration Legal Services,Immigration Legal Services,,928-440-5513,https://thinkliteracy.org/nails,thinkliteracy.org,Flagstaff,AZ,US,immigration,immigration_advocates_network,https://www.immigrationadvocates.org/nonprofit/legaldirectory/organization.809239-Northern_Arizona_Immigration_Legal_Services,,2500 N. Rose St. Ste 102,86004,,
,,Promise Arizona,Immigration Legal Services,,(602) 288-3663,http://www.promiseaz.org,promiseaz.org,Phoenix,AZ,US,immigration,immigration_advocates_network,https://www.immigrationadvocates.org/nonprofit/legaldirectory/organization.628685-Promise_Arizona,(602) 670-8577,410 E southern ave,85040,,
,,"Southern Arizona Legal Aid, Inc.",Immigration Legal Services,,(520) 623-9461,http://www.sazlegalaid.org,sazlegalaid.org,Tucson,AZ,US,immigration,immigration_advocates_network,https://www.immigrationadvocates.org/nonprofit/legaldirectory/organization.392560-Southern_Arizona_Legal_Aid_Inc,(520) 620-0443,"2343 E. Broadway Blvd, Suite 200",85719,,
,,University of Arizona - Immigration Law Clinic,Immigration Legal Services,,(520) 626-5232,https://law.arizona.edu/immigration-law-clinic,law.arizona.edu,Tucson,AZ,US,immigration,immigration_advocates_network,https://www.immigrationadvocates.org/nonprofit/legaldirectory/organization.392561-University_of_Arizona_Immigration_Law_Clinic,(520) 626-5233,"1145 N. Mountain Ave, James E. Rogers College of Law",85719,,
,,University of Arizona - Workers' Rights Clinic,Immigration Legal Services,,(520) 621-9206,https://law.arizona.edu/workers-rights-clinic,law.arizona.edu,Tucson,AZ,US,immigration,immigration_advocates_network,https://www.immigrationadvocates.org/nonprofit/legaldirectory/organization.623322-University_of_Arizona_Workers_Rights_Clinic,(520) 626-5233,1145 N. Mountain Ave.,85719,,
,,Bethany Immigration Services,Immigration Legal Services,,(970) 368-2373,http://www.bethanyimmigration.org,bethanyimmigration.org,Frisco,CO,US,immigration,immigration_advocates_network,https://www.immigrationadvocates.org/nonprofit/legaldirectory/organization.619790-Bethany_Immigration_Services,,"101 W Main St, Suite 206 B & C",80443,,
,,Catholic Charities of Central Colorado - Family Immigration Services,Immigration Legal Services,,(719) 866-6515,http://www.ccharitiescs.org,ccharitiescs.org,Colorado Springs,CO,US,immigration,immigration_advocates_network,https://www.immigrationadvocates.org/nonprofit/legaldirectory/organization.392713-Catholic_Charities_of_Central_Colorado_Family_Immigration_Services,(719) 636-1216,228 N. Cascade Ave,80903,,
,,Catholic Charities of Denver Immigration Services (Denver Office),Immigration Legal Services,,(303) 742-0828,http://www.ccdenver.org,ccdenver.org,Denver,CO,US,immigration,immigration_advocates_network,https://www.immigrationadvocates.org/nonprofit/legaldirectory/organization.392705-Catholic_Charities_of_Denver_Immigration_Services_Denver_Office,(303) 455-0592,6240 Smith Rd,80216,,
,,Catholic Charities of Pueblo - Immigration Service Office,Immigration Legal Services,,(719) 543-1741,http://www.pueblocatholiccharities.org,pueblocatholiccharities.org,Pueblo,CO,US,immigration,immigration_advocates_network,https://www.immigrationadvocates.org/nonprofit/legaldirectory/organization.392700-Catholic_Charities_of_Pueblo_Immigration_Service_Office,(719) 544-4215,516 N Main St,81003,,
,,Colorado Immigrant Rights Coalition (CIRC),Immigration Legal Services,,(303) 922-3344,http://www.coloradoimmigrant.org,coloradoimmigrant.org,Denver,CO,US,immigration,immigration_advocates_network,https://www.immigrationadvocates.org/nonprofit/legaldirectory/organization.762684-Colorado_Immigrant_Rights_Coalition_CIRC,,2525 W. Alameda Ave,80219,,
,,Colorado Legal Services (Denver Office),Immigration Legal Services,,303-866-9396  38   303-866-9366,http://www.coloradolegalservices.org,coloradolegalservices.org,Denver,CO,US,immigration,immigration_advocates_network,https://www.immigrationadvocates.org/nonprofit/legaldirectory/organization.392712-Colorado_Legal_Services_Denver_Office,(303) 830-7860,"1905 Sherman St., Suite 300",80203,,
,,Colorado School of Law - Clinical Program,Immigration Legal Services,,(303) 492-5830,https://www.colorado.edu/law/academics/clinics/criminalimmigration-defense-clinic,colorado.edu,Boulder,CO,US,immigration,immigration_advocates_network,https://www.immigrationadvocates.org/nonprofit/legaldirectory/organization.392709-Colorado_School_of_Law_Clinical_Program,(303) 492-4587,"404 UCB, Wolf Law Building",80309,,
,,Connect Immigration,Immigration Legal Services,,720-674-1919,https://www.connectchurchcolorado.com/immigration,connectchurchcolorado.com,Gypsum,CO,US,immigration,immigration_advocates_network,https://www.immigrationadvocates.org/nonprofit/legaldirectory/organization.808484-Connect_Immigration,,305 McGregor Dr.,81637,,
,,Hispanic Affairs Project,Immigration Legal Services,,(970) 249-4115,http://www.hapgj.org,hapgj.org,Montrose,CO,US,immigration,immigration_advocates_network,https://www.immigrationadvocates.org/nonprofit/legaldirectory/organization.572217-Hispanic_Affairs_Project,,"504 N. 1st Street, Suite A1",81401,,
,,Immigrant Hope (Colorado Springs),Immigration Legal Services,,9702333219,,,Colorado Springs,CO,US,immigration,immigration_advocates_network,https://www.immigrationadvocates.org/nonprofit/legaldirectory/organization.801889-Immigrant_Hope_Colorado_Springs,,3445 Oro Blanco Drive,80917,,
,,Immigrant Hope (Greeley),Immigration Legal Services,,970-413-4303,https://immigranthopegreeley.org/,immigranthopegreeley.org,Greeley,CO,US,immigration,immigration_advocates_network,https://www.immigrationadvocates.org/nonprofit/legaldirectory/organization.810253-Immigrant_Hope_Greeley,,1015 9th Ave,80631,,
,,Immigrant Legal Center of Boulder County,Immigration Legal Services,,(303) 444-1522,http://www.boulderayuda.org,boulderayuda.org,Boulder,CO,US,immigration,immigration_advocates_network,https://www.immigrationadvocates.org/nonprofit/legaldirectory/organization.392714-Immigrant_Legal_Center_of_Boulder_County,(303) 444-1667,"948 North St, Suite 8",80304,,
,,Integrated Community,Immigration Legal Services,,(970) 871-4599,http://www.ciiccolorado.org,ciiccolorado.org,Steamboat Springs,CO,US,immigration,immigration_advocates_network,https://www.immigrationadvocates.org/nonprofit/legaldirectory/organization.720340-Integrated_Community,,"443 Oak St, PO Box 773417",80477,,
,,International Rescue Committee (Denver),Immigration Legal Services,,720-328-6655,https://www.rescue.org/united-states/denver-co,rescue.org,Denver,CO,US,immigration,immigration_advocates_network,https://www.immigrationadvocates.org/nonprofit/legaldirectory/organization.751040-International_Rescue_Committee_Denver,,"1873 S. Bellaire Street, Suite 500",80222,,
,,Littleton Immigrant Resources Center,Immigration Legal Services,,(303) 795-3968,https://www.library.littletonco.gov/Services/Littleton-Immigrant-Resources-Center,library.littletonco.gov,Littleton,CO,US,immigration,immigration_advocates_network,https://www.immigrationadvocates.org/nonprofit/legaldirectory/organization.416961-Littleton_Immigrant_Resources_Center,(303) 795-3984,6014 S. Datura St,80120,,
,,Lutheran Family Services Rocky Mountains (Colorado Springs Office),Immigration Legal Services,,(719) 227-8899,http://www.lfsrm.org/refugee-asylee,lfsrm.org,Colorado Springs,CO,US,immigration,immigration_advocates_network,https://www.immigrationadvocates.org/nonprofit/legaldirectory/organization.593844-Lutheran_Family_Services_Rocky_Mountains_Colorado_Springs_Office,,132 E Las Animas,80903,,
,,Lutheran Family Services Rocky Mountains - Immigration Legal Services (Denver Office),Immigration Legal Services,,(303) 980-5400,http://www.lfsrm.org,lfsrm.org,Denver,CO,US,immigration,immigration_advocates_network,https://www.immigrationadvocates.org/nonprofit/legaldirectory/organization.392710-Lutheran_Family_Services_Rocky_Mountains_Immigration_Legal_Services_Denver,(720) 541-6579,"035 Osage St., Suite 700",80204,,
,,Mi Gente Program,Immigration Legal Services,,(303) 860-0660,http://www.traumahealth.org,traumahealth.org,Denver,CO,US,immigration,immigration_advocates_network,https://www.immigrationadvocates.org/nonprofit/legaldirectory/organization.392704-Mi_Gente_Program,(303) 831-7282,P.O. Box 18975,80218,,
,,Rocky Mountain Immigrant Advocacy Network (RMIAN),Immigration Legal Services,,(303) 433-2812,http://www.rmian.org,rmian.org,Westminster,CO,US,immigration,immigration_advocates_network,https://www.immigrationadvocates.org/nonprofit/legaldirectory/organization.392711-Rocky_Mountain_Immigrant_Advocacy_Network_RMIAN,(303) 433-2823,"7301 Federal Blvd, Suite 300",80030,,
,,San Luis Valley Immigrant Resource Center,Immigration Legal Services,,(719) 587-3225,http://www.slvirc.org,slvirc.org,Alamosa,CO,US,immigration,immigration_advocates_network,https://www.immigrationadvocates.org/nonprofit/legaldirectory/organization.392703-San_Luis_Valley_Immigrant_Resource_Center,(719) 587-0045,"225 6th St, Suite B",81101,,
,,Apex Immigration Services,Immigration Legal Services,,(919) 589-5231,https://www.apeximm.org/,apeximm.org,Apex,NC,US,immigration,immigration_advocates_network,https://www.immigrationadvocates.org/nonprofit/legaldirectory/organization.811509-Apex_Immigration_Services,,203 East Moore Street,27502,,
,,Carolina Migrant Network,Immigration Legal Services,,(704)4575269,http://www.carolinamigrantnetwork.org/,carolinamigrantnetwork.org,Charlotte,NC,US,immigration,immigration_advocates_network,https://www.immigrationadvocates.org/nonprofit/legaldirectory/organization.790079-Carolina_Migrant_Network,,PO Box 11839,28220,,
,,Carolina Refugee Resettlement Agency,Immigration Legal Services,,(704) 535-8803,http://www.carolinarefugee.org,carolinarefugee.org,Charlotte,NC,US,immigration,immigration_advocates_network,https://www.immigrationadvocates.org/nonprofit/legaldirectory/organization.393080-Carolina_Refugee_Resettlement_Agency,(704) 535-8806,"5009 Monroe Road, Suite 100",28205,,
,,Catholic Charities Diocese of Charlotte (CCDOC) - Asheville Legal Migration Assistance (Asheville Office),Immigration Legal Services,,(828) 255-0146,http://www.ccdoc.org,ccdoc.org,Asheville,NC,US,immigration,immigration_advocates_network,https://www.immigrationadvocates.org/nonprofit/legaldirectory/organization.393060-Catholic_Charities_Diocese_of_Charlotte_CCDOC_Asheville_Legal_Migration_As,(828) 253-7339,50 Orange St,28801,,
,,Catholic Charities of Raleigh (Durham Office),Immigration Legal Services,,919-861-7441  2400,https://www.catholiccharitiesraleigh.org/dcfp/,catholiccharitiesraleigh.org,Durham,NC,US,immigration,immigration_advocates_network,https://www.immigrationadvocates.org/nonprofit/legaldirectory/organization.757982-Catholic_Charities_of_Raleigh_Durham_Office,,"2020 Chapel Hill Rd., Suite 30",27707,,
,,Catholic Charities of Raleigh (Fayetteville Office),Immigration Legal Services,,(910) 424-2020  2602,http://www.catholiccharitiesraleigh.org/,catholiccharitiesraleigh.org,Fayetteville,NC,US,immigration,immigration_advocates_network,https://www.immigrationadvocates.org/nonprofit/legaldirectory/organization.608346-Catholic_Charities_of_Raleigh_Fayetteville_Office,,"726 Ramsey St., Suite 10-11",28301,,
,,Catholic Charities of Raleigh (Greenville Office),Immigration Legal Services,,(919) 861-7441  2401,http://www.catholiccharitiesraleigh.org,catholiccharitiesraleigh.org,Greenville,NC,US,immigration,immigration_advocates_network,https://www.immigrationadvocates.org/nonprofit/legaldirectory/organization.393071-Catholic_Charities_of_Raleigh_Greenville_Office,(252) 355-1088,1746 Union Street,27834,,
,,Catholic Charities of Raleigh (Saint Brendan Parish),Immigration Legal Services,,(910) 754-8544,http://www.catholiccharitiesraleigh.org/,catholiccharitiesraleigh.org,Shallotte,NC,US,immigration,immigration_advocates_network,https://www.immigrationadvocates.org/nonprofit/legaldirectory/organization.722278-Catholic_Charities_of_Raleigh_Saint_Brendan_Parish,(910) 755-6046,5101 Ocean Highway W.,24870,,
,,Catholic Charities of Raleigh (Wilmington Office),Immigration Legal Services,,(910) 251-8130  116,http://www.catholiccharitiesraleigh.org/,catholiccharitiesraleigh.org,Wilmington,NC,US,immigration,immigration_advocates_network,https://www.immigrationadvocates.org/nonprofit/legaldirectory/organization.393072-Catholic_Charities_of_Raleigh_Wilmington_Office,(910) 251-8491,"20 N 4th St, Suite 300",28401,,
,,Catholic Charities of the Diocese of Raleigh (Raleigh Office),Immigration Legal Services,,984-238-2343,http://www.catholiccharitiesraleigh.org,catholiccharitiesraleigh.org,Raleigh,NC,US,immigration,immigration_advocates_network,https://www.immigrationadvocates.org/nonprofit/legaldirectory/organization.595533-Catholic_Charities_of_the_Diocese_of_Raleigh_Raleigh_Office,(919) 873-0260,2013 Raleigh Blvd.,27604,,
,,Catholic Charities of Winston-Salem,Immigration Legal Services,,(336) 727-0705,http://www.ccdoc.org,ccdoc.org,Winston-Salem,NC,US,immigration,immigration_advocates_network,https://www.immigrationadvocates.org/nonprofit/legaldirectory/organization.393073-Catholic_Charities_of_WinstonSalem,(336) 714-3232,1612 14th Street Northeast,27105,,
,,Center for New North Carolinians (UNC Greensboro),Immigration Legal Services,,(336) 256-1062,https://cnnc.uncg.edu,cnnc.uncg.edu,Greensboro,NC,US,immigration,immigration_advocates_network,https://www.immigrationadvocates.org/nonprofit/legaldirectory/organization.592463-Center_for_New_North_Carolinians_UNC_Greensboro,(336) 334-5413,"915 W. Gate City Blvd., Suite A",27403,,
,,Centro Latino of Catawba County,Immigration Legal Services,,(828) 330-0477,,,HIckory,NC,US,immigration,immigration_advocates_network,https://www.immigrationadvocates.org/nonprofit/legaldirectory/organization.516031-Centro_Latino_of_Catawba_County,(336) 458-3291,306 14th Street SW,28602,,
,,Charlotte Center for Legal Advocacy,Immigration Legal Services,,(704) 376-1600,http://www.charlottelegaladvocacy.org,charlottelegaladvocacy.org,Charlotte,NC,US,immigration,immigration_advocates_network,https://www.immigrationadvocates.org/nonprofit/legaldirectory/organization.393081-Charlotte_Center_for_Legal_Advocacy,(704) 376-8627,P.O. Box 25558,28229,,
,,Church World Service - Immigration and Refugee Program (Durham Office),Immigration Legal Services,,(919) 680-3585,http://www.cwsrdu.org,cwsrdu.org,Durham,NC,US,immigration,immigration_advocates_network,https://www.immigrationadvocates.org/nonprofit/legaldirectory/organization.393064-Church_World_Service_Immigration_and_Refugee_Program_Durham_Office,(919) 680-3995,1410 W. Chapel Hill St.,27701,,
,,Church World Service - Immigration and Refugee Program (Greensboro Office),Immigration Legal Services,,(336) 676-4223,http://cwsgreensboro.org,cwsgreensboro.org,Greensboro,NC,US,immigration,immigration_advocates_network,https://www.immigrationadvocates.org/nonprofit/legaldirectory/organization.393065-Church_World_Service_Immigration_and_Refugee_Program_Greensboro_Office,(336) 617-0654,"330 S. Greene Street, Suite 100A",27401,,
,,Council on Immigrant Relations (CIR),Immigration Legal Services,,(919) 322-0360,http://www.cirnc.org,cirnc.org,Raleigh,NC,US,immigration,immigration_advocates_network,https://www.immigrationadvocates.org/nonprofit/legaldirectory/organization.545890-Council_on_Immigrant_Relations_CIR,(919) 322-0363,2809 Spring Forest Rd,27616,,
,,"Elon University School of Law, Humanitarian Immigration Law Clinic",Immigration Legal Services,,(336) 279-9299,http://www.elon.edu/e-web/law/academics/Immigration%20Clinic.xhtml,elon.edu,Greensboro,NC,US,immigration,immigration_advocates_network,https://www.immigrationadvocates.org/nonprofit/legaldirectory/organization.393774-Elon_University_School_of_Law_Humanitarian_Immigration_Law_Clinic,(336) 272-9667,"Elon University School of Law, Humanitarian Immigration Law Clinic, PO Box 5848",27435,,
,,Immigrant Connection of the High Country,Immigration Legal Services,,(828) 278-9302,http://www.ichighcountry.org,ichighcountry.org,Boone,NC,US,immigration,immigration_advocates_network,https://www.immigrationadvocates.org/nonprofit/legaldirectory/organization.813879-Immigrant_Connection_of_the_High_Country,,"130 Poplar Grove Connector, Office 17",28607,,
,,Immigration Legal Service of Holy Cross,Immigration Legal Services,,(336) 996-5604,http://www.ilashc.org,ilashc.org,Kernersville,NC,US,immigration,immigration_advocates_network,https://www.immigrationadvocates.org/nonprofit/legaldirectory/organization.525580-Immigration_Legal_Service_of_Holy_Cross,(336) 996-5669,616 South Cherry St,27284,,
,,InStepp Inc.,Immigration Legal Services,,(919) 680-8000,https://www.instepp.org,instepp.org,Durham,NC,US,immigration,immigration_advocates_network,https://www.immigrationadvocates.org/nonprofit/legaldirectory/organization.633299-InStepp_Inc,(866) 388-7409,,27707,,
,,International House,Immigration Legal Services,,(704) 333-8099,http://www.ihclt.org,ihclt.org,Charlotte,NC,US,immigration,immigration_advocates_network,https://www.immigrationadvocates.org/nonprofit/legaldirectory/organization.393074-International_House,,1611 E. 7th St,28204,,
,,Jalloh's Upright Services of North Carolina,Immigration Legal Services,,(336) 303-0488,https://jus-nc.org/,jus-nc.org,Greensboro,NC,US,immigration,immigration_advocates_network,https://www.immigrationadvocates.org/nonprofit/legaldirectory/organization.657011-Jallohs_Upright_Services_of_North_Carolina,(336) 265-3193,"122 North Elm Street, Suite 811",27401,,
,,Latin American Coalition,Immigration Legal Services,,(704) 531-3848,http://www.latinamericancoalition.org,latinamericancoalition.org,Charlotte,NC,US,immigration,immigration_advocates_network,https://www.immigrationadvocates.org/nonprofit/legaldirectory/organization.393067-Latin_American_Coalition,(704) 531-3850,"4938 Central Ave, Suite 101",28205,,
,,Latino Advocacy Coalition of Henderson County,Immigration Legal Services,,828-290-7134,https://www.ElCentroHvl.org,elcentrohvl.org,Hendersonville,NC,US,immigration,immigration_advocates_network,https://www.immigrationadvocates.org/nonprofit/legaldirectory/organization.820476-Latino_Advocacy_Coalition_of_Henderson_County,,508 N. Grove Street,28792,,
,,Legal Aid of North Carolina – Farmworker Unit,Immigration Legal Services,,(919) 856-2180,https://www.farmworkerlanc.org,farmworkerlanc.org,Raleigh,NC,US,immigration,immigration_advocates_network,https://www.immigrationadvocates.org/nonprofit/legaldirectory/organization.672162-Legal_Aid_of_North_Carolina_Farmworker_Unit,,"319 Chapanoke Rd., Suite 104",27603,,
,,Legal Aid of North Carolina – Immigration Pathways for Victims (IMMPAV),Immigration Legal Services,,(866) 204-7612,https://legalaidnc.org/immigration/,legalaidnc.org,Raleigh,NC,US,immigration,immigration_advocates_network,https://www.immigrationadvocates.org/nonprofit/legaldirectory/organization.393077-Legal_Aid_of_North_Carolina_Immigration_Pathways_for_Victims_IMMPAV,,"319 Chapanoke Rd., Suite 104",27603,,
,,Mi Casa Servicios Hispano/Latino (Community Services),Immigration Legal Services,,(336) 722-7040,http://www.micasanc.org/,micasanc.org,Winston-Salem,NC,US,immigration,immigration_advocates_network,https://www.immigrationadvocates.org/nonprofit/legaldirectory/organization.393063-Mi_Casa_Servicios_HispanoLatino_Community_Services,(336) 458-3291,1721 Link Road,27103,,
,,Muslim American Society (Charlotte Office),Immigration Legal Services,,(919) 827-5049,http://www.masijc.org,masijc.org,Charlotte,NC,US,immigration,immigration_advocates_network,https://www.immigrationadvocates.org/nonprofit/legaldirectory/organization.393068-Muslim_American_Society_Charlotte_Office,(919) 345-8105,4301 Shamrock Dr.,28215,,
,,Muslim American Society (Raleigh Office),Immigration Legal Services,,(919) 539-6144,http://www.masijc.org,masijc.org,Cary,NC,US,immigration,immigration_advocates_network,https://www.immigrationadvocates.org/nonprofit/legaldirectory/organization.393069-Muslim_American_Society_Raleigh_Office,(800) 231-0742,"455 Swiftside Dr., Suite 102",27518,,
,,North Carolina African Services Coalition - Immigration Legal Services & Refugee Program,Immigration Legal Services,,(336) 574-2677,http://www.ascafrica.org,ascafrica.org,Greensboro,NC,US,immigration,immigration_advocates_network,https://www.immigrationadvocates.org/nonprofit/legaldirectory/organization.564025-North_Carolina_African_Services_Coalition_Immigration_Legal_Services_Refu,(336) 574-2672,"122 North Elm Street, Suite 1010",27401,,
,,North Carolina Justice Center - Immigrant and Refugee Rights Project,Immigration Legal Services,,(919) 856-2570,http://www.ncjustice.org,ncjustice.org,Raleigh,NC,US,immigration,immigration_advocates_network,https://www.immigrationadvocates.org/nonprofit/legaldirectory/organization.393075-North_Carolina_Justice_Center_Immigrant_and_Refugee_Rights_Project,(919) 856-2175,PO Box 28068,27611,,
,,ourBRIDGE for Kids,Immigration Legal Services,,(980) 272-6022,https://www.joinourbridge.org/,joinourbridge.org,Charlotte,NC,US,immigration,immigration_advocates_network,https://www.immigrationadvocates.org/nonprofit/legaldirectory/organization.791939-ourBRIDGE_for_Kids,,3925 Willard Farrow Dr,28215,,
,,Pisgah Legal Services - Justice For All Project,Immigration Legal Services,,(828) 692-7622,http://www.pisgahlegal.org,pisgahlegal.org,Hendersonville,NC,US,immigration,immigration_advocates_network,https://www.immigrationadvocates.org/nonprofit/legaldirectory/organization.393079-Pisgah_Legal_Services_Justice_For_All_Project,(828) 252-8927,440 S Church St,28792,,
,,True Ridge - Family Immigration Program,Immigration Legal Services,,828-205-1170 (),https://trueridge.org,trueridge.org,Hendersonville,NC,US,immigration,immigration_advocates_network,https://www.immigrationadvocates.org/nonprofit/legaldirectory/organization.797157-True_Ridge_Family_Immigration_Program,,204 6th Ave W,28739,,
,,U.S. Committee for Refugees and Immigrants (Raleigh Office),Immigration Legal Services,,(919) 334-0072,http://www.refugeesnc.org,refugeesnc.org,Raleigh,NC,US,immigration,immigration_advocates_network,https://www.immigrationadvocates.org/nonprofit/legaldirectory/organization.397057-US_Committee_for_Refugees_and_Immigrants_Raleigh_Office,(919) 324-3687,"3824 Barret Drive, Suite 200",27609,,
,,World Relief - Durham,Immigration Legal Services,,(919) 251-8624,https://worldreliefdurham.org,worldreliefdurham.org,Durham,NC,US,immigration,immigration_advocates_network,https://www.immigrationadvocates.org/nonprofit/legaldirectory/organization.708021-World_Relief_Durham,,"801 Gilbert Street, Suite 102",27701,,
,,"Advocates for Basic Legal Equality, Inc. (Dayton Office)",Immigration Legal Services,,(800) 837-0814,http://www.ablelaw.org,ablelaw.org,Dayton,OH,US,immigration,immigration_advocates_network,https://www.immigrationadvocates.org/nonprofit/legaldirectory/organization.393238-Advocates_for_Basic_Legal_Equality_Inc_Dayton_Office,(937) 535-4600,"130 West Second St, Suite 700 East",45402,,
,,"Advocates for Basic Legal Equality, Inc. (Toledo Office)",Immigration Legal Services,,(419) 255-0814,http://www.ablelaw.org,ablelaw.org,Toledo,OH,US,immigration,immigration_advocates_network,https://www.immigrationadvocates.org/nonprofit/legaldirectory/organization.393248-Advocates_for_Basic_Legal_Equality_Inc_Toledo_Office,(419) 259-2880,"525 Jefferson Ave, Suite 300",43604,,
,,"Asian Services In Action, Inc. (ASIA)",Immigration Legal Services,,(216) 881-0330  8810,http://www.asiaohio.org,asiaohio.org,Cleveland,OH,US,immigration,immigration_advocates_network,https://www.immigrationadvocates.org/nonprofit/legaldirectory/organization.408002-Asian_Services_In_Action_Inc_ASIA,(216) 881-6920,"3631 Perkins Ave, Suite 2A-W",44114,,
,,Catholic Charities Diocese of Cleveland - Migration and Refugee Services/Immigration Legal Services,Immigration Legal Services,,(216) 939-3769,http://www.ccdocle.org/program/immigration-legal-services,ccdocle.org,Cleveland,OH,US,immigration,immigration_advocates_network,https://www.immigrationadvocates.org/nonprofit/legaldirectory/organization.393251-Catholic_Charities_Diocese_of_Cleveland_Migration_and_Refugee_ServicesImmi,(216) 939-3890,7800 Detroit Ave,44102,,
,,Catholic Charities Legal Immigration Services (Ashtabula Office),Immigration Legal Services,,(440) 992-2121,https://www.ccdoy.org/locations/catholic-charities-of-ashtabula-county/,ccdoy.org,Ashtabula,OH,US,immigration,immigration_advocates_network,https://www.immigrationadvocates.org/nonprofit/legaldirectory/organization.393239-Catholic_Charities_Legal_Immigration_Services_Ashtabula_Office,(330) 297-7257,"4200 Park Ave, 3rd Floor",44004,,
,,Catholic Charities Legal Immigration Services (Canton Office),Immigration Legal Services,,(330) 297-7745,https://www.ccdoy.org/locations/catholic-charities-serving-portage-stark-counties/,ccdoy.org,Canton,OH,US,immigration,immigration_advocates_network,https://www.immigrationadvocates.org/nonprofit/legaldirectory/organization.393240-Catholic_Charities_Legal_Immigration_Services_Canton_Office,(330) 297-7257,"800 Market Avenue North, Suite 1150",44702,,
,,Catholic Charities Legal Immigration Services (Ravenna Office),Immigration Legal Services,,(330) 297-7745,https://www.ccdoy.org/locations/catholic-charities-serving-portage-stark-counties/,ccdoy.org,Ravenna,OH,US,immigration,immigration_advocates_network,https://www.immigrationadvocates.org/nonprofit/legaldirectory/organization.393249-Catholic_Charities_Legal_Immigration_Services_Ravenna_Office,(330) 297-7257,206 W. Main St,44266,,
,,Catholic Charities Southwestern Ohio,Immigration Legal Services,,(513) 672-3746,http://ccswoh.org,ccswoh.org,Cincinnati,OH,US,immigration,immigration_advocates_network,https://www.immigrationadvocates.org/nonprofit/legaldirectory/organization.393234-Catholic_Charities_Southwestern_Ohio,(513) 241-4333,"7162 Reading Road, Suite 700",45237,,
,,Centro San Jose El Trabajador - Immigrant Worker Project,Immigration Legal Services,,(330) 454-2220,http://iwpohio.org/english_version/program.htm,iwpohio.org,Canton,OH,US,immigration,immigration_advocates_network,https://www.immigrationadvocates.org/nonprofit/legaldirectory/organization.393241-Centro_San_Jose_El_Trabajador_Immigrant_Worker_Project,(330) 454-2255,701 Walnut Ave N.E.,44702,,
,,Community Legal Aid,Immigration Legal Services,,(330) 983-2514,http://www.communitylegalaid.org,communitylegalaid.org,Youngstown,OH,US,immigration,immigration_advocates_network,https://www.immigrationadvocates.org/nonprofit/legaldirectory/organization.393247-Community_Legal_Aid,(330) 744-2503,"25 East Boardman, Suite 520",44503,,
,,Community Refugee and Immigration Services,Immigration Legal Services,,(614) 235-5747,http://www.crisohio.org,crisohio.org,Columbus,OH,US,immigration,immigration_advocates_network,https://www.immigrationadvocates.org/nonprofit/legaldirectory/organization.393242-Community_Refugee_and_Immigration_Services,(614) 235-6127,"1925 E. Dublin-Granville Rd, Suite 102",43229,,
,,Immigrant and Refugee Law Center,Immigration Legal Services,,513-828-0577,https://irlawcenter.org/,irlawcenter.org,Cincinnati,OH,US,immigration,immigration_advocates_network,https://www.immigrationadvocates.org/nonprofit/legaldirectory/organization.764621-Immigrant_and_Refugee_Law_Center,,P.O. Box 27012,45227,,
,,Immigrant Connection - Dayton,Immigration Legal Services,,(937) 802-2012,https://icdayton.org/,icdayton.org,West Carrollton,OH,US,immigration,immigration_advocates_network,https://www.immigrationadvocates.org/nonprofit/legaldirectory/organization.813820-Immigrant_Connection_Dayton,,"3634 Watertower Ln, Suite 1",45449,,
,,Immigrant Connection at La Gran Comision,Immigration Legal Services,,614-954-5225,https://www.iclegal.org/columbus,iclegal.org,Columbus,OH,US,immigration,immigration_advocates_network,https://www.immigrationadvocates.org/nonprofit/legaldirectory/organization.813998-Immigrant_Connection_at_La_Gran_Comision,,536 Norton Road,43228,,
,,International Institute of Akron,Immigration Legal Services,,330-376-5106  104,http://www.iiakron.org,iiakron.org,Akron,OH,US,immigration,immigration_advocates_network,https://www.immigrationadvocates.org/nonprofit/legaldirectory/organization.393243-International_Institute_of_Akron,(330) 376-0133,"Canal Place Building 17, 530 S. Main Street, Suite 1760",44311,,
,,Legal Aid Society of Southwest Ohio (Cincinnati Office),Immigration Legal Services,,(513) 241-9400,http://www.lasswo.org,lasswo.org,Cincinnati,OH,US,immigration,immigration_advocates_network,https://www.immigrationadvocates.org/nonprofit/legaldirectory/organization.393250-Legal_Aid_Society_of_Southwest_Ohio_Cincinnati_Office,(513) 241-1187,"215 E. 9th St., Suite 500",45202,,
,,Legal Aid Society of Southwest Ohio (Hamilton Office),Immigration Legal Services,,(513) 241-9400,http://www.lasswo.org,lasswo.org,Hamilton,OH,US,immigration,immigration_advocates_network,https://www.immigrationadvocates.org/nonprofit/legaldirectory/organization.393245-Legal_Aid_Society_of_Southwest_Ohio_Hamilton_Office,(513) 894-7669,"10 Journal Square, Suite 300",45011,,
,,Sisters of St. Francis - Project Hope/Proyecto Esperanza,Immigration Legal Services,,(419) 445-0728,http://tiffinfranciscans.org,tiffinfranciscans.org,Archbold,OH,US,immigration,immigration_advocates_network,https://www.immigrationadvocates.org/nonprofit/legaldirectory/organization.393236-Sisters_of_St_Francis_Project_HopeProyecto_Esperanza,(419) 445-0728,300 Short Buehrer Rd,43502,,
,,St. Wendelin Parish - En Camino (Fostoria Office),Immigration Legal Services,,(419) 435-6692,,,Fostoria,OH,US,immigration,immigration_advocates_network,https://www.immigrationadvocates.org/nonprofit/legaldirectory/organization.393237-St_Wendelin_Parish_En_Camino_Fostoria_Office,(419) 435-7826,323 N. Wood St,44830,,
,,The International Welcome Center,Immigration Legal Services,,330-227-1706,https://www.theiwc.org,theiwc.org,New Franklin,OH,US,immigration,immigration_advocates_network,https://www.immigrationadvocates.org/nonprofit/legaldirectory/organization.778773-The_International_Welcome_Center,,5781 Manchester Rd,44319,,
,,The Legal Aid Society of Cleveland,Immigration Legal Services,,(216) 687-1900,http://www.lasclev.org,lasclev.org,Cleveland,OH,US,immigration,immigration_advocates_network,https://www.immigrationadvocates.org/nonprofit/legaldirectory/organization.393244-The_Legal_Aid_Society_of_Cleveland,(216) 586-3220,1223 W. 6th St,44113,,
,,The University of Toledo College of Law Immigrant Justice Clinic,Immigration Legal Services,,4195304236,https://www.utoledo.edu/law/academics/clinics/immigrant-justice-clinic.html,utoledo.edu,Toledo,OH,US,immigration,immigration_advocates_network,https://www.immigrationadvocates.org/nonprofit/legaldirectory/organization.784535-The_University_of_Toledo_College_of_Law_Immigrant_Justice_Clinic,,"Law Center, 1825 W. Rocket Dr. -- Room 1035",43606,,
,,Vineyard Immigration Counseling Services,Immigration Legal Services,,(614) 259-5322,http://www.vineyardcommunitycenter.org,vineyardcommunitycenter.org,Westerville,OH,US,immigration,immigration_advocates_network,https://www.immigrationadvocates.org/nonprofit/legaldirectory/organization.408925-Vineyard_Immigration_Counseling_Services,(614) 890-5056,"Vineyard Community Center, 6000 Cooper Rd",43081,,
,,Arab American Heritage Council,Immigration Legal Services,,(810) 235-2722,http://www.aahcflint.org,aahcflint.org,Flint,MI,US,immigration,immigration_advocates_network,https://www.immigrationadvocates.org/nonprofit/legaldirectory/organization.392989-Arab_American_Heritage_Council,,"416 N. Saginaw St., Suite 220",48502,,
,,Arab Community Center for Economic and Social Services - Human Services Center,Immigration Legal Services,,(313) 203-1877,http://www.accesscommunity.org,accesscommunity.org,Dearborn,MI,US,immigration,immigration_advocates_network,https://www.immigrationadvocates.org/nonprofit/legaldirectory/organization.392991-Arab_Community_Center_for_Economic_and_Social_Services_Human_Services_Cent,(313) 846-4713,6451 Schaefer Rd,48126,,
,,Catholic Charities Diocese Of Kalamazoo - Immigration Assistance Program,Immigration Legal Services,,269 381 9800,https://www.ccdok.org/immigration-assistance,ccdok.org,Kalamazoo,MI,US,immigration,immigration_advocates_network,https://www.immigrationadvocates.org/nonprofit/legaldirectory/organization.392994-Catholic_Charities_Diocese_Of_Kalamazoo_Immigration_Assistance_Program,269 488 1552,1819 Gull Rd,49048,,
,,Catholic Charities of Southeast Michigan - La Casa Amiga Legal Clinic & Community Programs,Immigration Legal Services,,2483403308,http://www.ccsem.org,ccsem.org,Pontiac,MI,US,immigration,immigration_advocates_network,https://www.immigrationadvocates.org/nonprofit/legaldirectory/organization.465227-Catholic_Charities_of_Southeast_Michigan_La_Casa_Amiga_Legal_Clinic_Commu,,76 Williams St,48341,,
,,Diocese of Grand Rapids Immigration Legal Services,Immigration Legal Services,,(616) 551-4746,http://www.GRdiocese.org,grdiocese.org,Grand Rapids,MI,US,immigration,immigration_advocates_network,https://www.immigrationadvocates.org/nonprofit/legaldirectory/organization.392993-Diocese_of_Grand_Rapids_Immigration_Legal_Services,(616) 514-6061,123 Wealthy St SE,49503,,
,,El Concilio Kzoo/Hispanic American Council Inc,Immigration Legal Services,,(269) 385-6279,https://elconciliokzoo.org/,elconciliokzoo.org,Kalamazoo,MI,US,immigration,immigration_advocates_network,https://www.immigrationadvocates.org/nonprofit/legaldirectory/organization.553861-El_Concilio_KzooHispanic_American_Council_Inc,(269) 385-2803,930 Lake Street,49001,,
,,Farmworker Legal Services of Michigan,Immigration Legal Services,,(231) 492-7190,http://www.farmworklaw.org,farmworklaw.org,Kalamazoo,MI,US,immigration,immigration_advocates_network,https://www.immigrationadvocates.org/nonprofit/legaldirectory/organization.392995-Farmworker_Legal_Services_of_Michigan,,3030 S 9th St,49009,,
,,Freedom House Detroit,Immigration Legal Services,,(313) 9644320,http://www.freedomhousedetroit.org,freedomhousedetroit.org,Detroit,MI,US,immigration,immigration_advocates_network,https://www.immigrationadvocates.org/nonprofit/legaldirectory/organization.393019-Freedom_House_Detroit,,440 E. Grand Blvd.,48207,,
,,Immigrant Connection at City Life Church,Immigration Legal Services,,(616) 855-0563,https://www.immigrantconnectiongr.org/,immigrantconnectiongr.org,Grand Rapids,MI,US,immigration,immigration_advocates_network,https://www.immigrationadvocates.org/nonprofit/legaldirectory/organization.559071-Immigrant_Connection_at_City_Life_Church,,"574 S. Division Ave, STE 2A",49503,,
,,Immigrant Connection at Kentwood Community Church,Immigration Legal Services,,616-455-1740,https://kentwoodcommunitychurch.com/immigrant-connection,kentwoodcommunitychurch.com,Kentwood,MI,US,immigration,immigration_advocates_network,https://www.immigrationadvocates.org/nonprofit/legaldirectory/organization.809217-Immigrant_Connection_at_Kentwood_Community_Church,,1200 60th St. SE,49508,,
,,Immigration Law and Justice Michigan,Immigration Legal Services,,(734) 709-1151,http://www.jfonmi.org,jfonmi.org,Beverly Hills,MI,US,immigration,immigration_advocates_network,https://www.immigrationadvocates.org/nonprofit/legaldirectory/organization.721997-Immigration_Law_and_Justice_Michigan,,20000 W. 13 Mile Rd,48025,,
,,International Institute of Metropolitan Detroit,Immigration Legal Services,,(313) 871-8600,http://www.iimd.org,iimd.org,Detroit,MI,US,immigration,immigration_advocates_network,https://www.immigrationadvocates.org/nonprofit/legaldirectory/organization.392996-International_Institute_of_Metropolitan_Detroit,(313) 871-1651,111 E. Kirby,48202,,
,,Jewish Family Service of Metropolitan Detroit - Immigration and Citizenship Services,Immigration Legal Services,,(248) 592-2319,http://www.jfsdetroit.org/immigration.htm,jfsdetroit.org,West Bloomfield,MI,US,immigration,immigration_advocates_network,https://www.immigrationadvocates.org/nonprofit/legaldirectory/organization.393020-Jewish_Family_Service_of_Metropolitan_Detroit_Immigration_and_Citizenship,(248) 592-2310,6555 W. Maple Rd,48322,,
,,Justice For Our Neighbors (Grand Rapids Office),Immigration Legal Services,,(616) 301-7461,http://jfonmi.org,jfonmi.org,Grand Rapids,MI,US,immigration,immigration_advocates_network,https://www.immigrationadvocates.org/nonprofit/legaldirectory/organization.407527-Justice_For_Our_Neighbors_Grand_Rapids_Office,,207 Fulton St East,49503,,
,,Justice For Our Neighbors (Kalamazoo Office),Immigration Legal Services,,(269) 743-2501,http://jfonmi.org,jfonmi.org,Kalamazoo,MI,US,immigration,immigration_advocates_network,https://www.immigrationadvocates.org/nonprofit/legaldirectory/organization.688446-Justice_For_Our_Neighbors_Kalamazoo_Office,,212 S. Park Street,49007,,
,,Legal Services of Northern Michigan (Alpena Office),Immigration Legal Services,,(989) 356-9081,http://www.lsnm.org,lsnm.org,Alpena,MI,US,immigration,immigration_advocates_network,https://www.immigrationadvocates.org/nonprofit/legaldirectory/organization.393004-Legal_Services_of_Northern_Michigan_Alpena_Office,(989) 354-4711,110 N Third Ave,49707,,
,,Legal Services of Northern Michigan (Escanaba Office),Immigration Legal Services,,(906) 786-2303,http://www.lsnm.org,lsnm.org,Escanaba,MI,US,immigration,immigration_advocates_network,https://www.immigrationadvocates.org/nonprofit/legaldirectory/organization.393005-Legal_Services_of_Northern_Michigan_Escanaba_Office,(906) 786-4041,504 Ludington St,49829,,
,,Legal Services of Northern Michigan (Gaylord Office),Immigration Legal Services,,(989) 705-1067,http://www.lsnm.org,lsnm.org,Gaylord,MI,US,immigration,immigration_advocates_network,https://www.immigrationadvocates.org/nonprofit/legaldirectory/organization.393006-Legal_Services_of_Northern_Michigan_Gaylord_Office,(989) 705-7178,"1349 S. Otsego Ave., Unit 8",49735,,
,,Legal Services of Northern Michigan (Houghton Office),Immigration Legal Services,,(906) 482-3908,http://www.lsnm.org,lsnm.org,Houghton,MI,US,immigration,immigration_advocates_network,https://www.immigrationadvocates.org/nonprofit/legaldirectory/organization.393007-Legal_Services_of_Northern_Michigan_Houghton_Office,(906) 482-4748,706 Sharon Ave,49931,,
,,Legal Services of Northern Michigan (Marquette Office),Immigration Legal Services,,(906) 228-5620,http://www.lsnm.org,lsnm.org,Marquette,MI,US,immigration,immigration_advocates_network,https://www.immigrationadvocates.org/nonprofit/legaldirectory/organization.393008-Legal_Services_of_Northern_Michigan_Marquette_Office,(906) 228-3439,"112 W. Washington St., Suite 1",49855,,
,,Legal Services of Northern Michigan (Traverse City Office),Immigration Legal Services,,(231) 941-0771,http://www.lsnm.org,lsnm.org,Traverse City,MI,US,immigration,immigration_advocates_network,https://www.immigrationadvocates.org/nonprofit/legaldirectory/organization.393010-Legal_Services_of_Northern_Michigan_Traverse_City_Office,(231) 941-9876,"735 Garfield Ave, Suite 120",49684,,
,,Legal Services of South Central Michigan (Battle Creek Office),Immigration Legal Services,,(269) 965-3951,http://www.lsscm.org,lsscm.org,Battle Creek,MI,US,immigration,immigration_advocates_network,https://www.immigrationadvocates.org/nonprofit/legaldirectory/organization.393012-Legal_Services_of_South_Central_Michigan_Battle_Creek_Office,(269) 965-4874,123 W. Territorial,49015,,
,,Legal Services of South Central Michigan (Jackson Office),Immigration Legal Services,,(517) 787-6111,http://www.lsscm.org,lsscm.org,Jackson,MI,US,immigration,immigration_advocates_network,https://www.immigrationadvocates.org/nonprofit/legaldirectory/organization.393013-Legal_Services_of_South_Central_Michigan_Jackson_Office,(517) 787-5805,540 N. Jackson St,49201,,
,,Legal Services of South Central Michigan (Lansing Office),Immigration Legal Services,,(517) 394-3121,http://www.lsscm.org,lsscm.org,Lansing,MI,US,immigration,immigration_advocates_network,https://www.immigrationadvocates.org/nonprofit/legaldirectory/organization.393014-Legal_Services_of_South_Central_Michigan_Lansing_Office,(517) 394-4276,"3490 Belle Chase Way, Suite 50",48911,,
,,Legal Services of South Central Michigan (Monroe Office),Immigration Legal Services,,(734) 241-8310,http://www.lsscm.org,lsscm.org,Monroe,MI,US,immigration,immigration_advocates_network,https://www.immigrationadvocates.org/nonprofit/legaldirectory/organization.393015-Legal_Services_of_South_Central_Michigan_Monroe_Office,(734) 241-1381,"1118 S. Telegraph Rd, Suite A",48161,,
,,Legal Services of South Central Michigan (Washtenaw County Office),Immigration Legal Services,,(734) 665-6181,http://www.lsscm.org,lsscm.org,Ann Arbor,MI,US,immigration,immigration_advocates_network,https://www.immigrationadvocates.org/nonprofit/legaldirectory/organization.393021-Legal_Services_of_South_Central_Michigan_Washtenaw_County_Office,(734) 665-2974,420 N. 4th Ave,48104,,
,,Legal Services of South Central Michigan - Family Law Project,Immigration Legal Services,,(734) 998-9454,http://www.lsscm.org,lsscm.org,Ann Arbor,MI,US,immigration,immigration_advocates_network,https://www.immigrationadvocates.org/nonprofit/legaldirectory/organization.393011-Legal_Services_of_South_Central_Michigan_Family_Law_Project,(734) 998-9125,625 S. State St,48107,,
,,Lighthouse Immigrant Advocates,Immigration Legal Services,,6162988984,https://lia-michigan.org/,lia-michigan.org,Holland,MI,US,immigration,immigration_advocates_network,https://www.immigrationadvocates.org/nonprofit/legaldirectory/organization.769274-Lighthouse_Immigrant_Advocates,,PO Box 2144,49422-2144,,
,,Michigan Immigrant Rights Center (Kalamazoo Office),Immigration Legal Services,,(734) 239-6863,http://www.michiganimmigrant.org,michiganimmigrant.org,Kalamazoo,MI,US,immigration,immigration_advocates_network,https://www.immigrationadvocates.org/nonprofit/legaldirectory/organization.544062-Michigan_Immigrant_Rights_Center_Kalamazoo_Office,(269) 492-7198,"350 E Michigan Ave, Suite 315",49007,,
,,Michigan Immigrant Rights Center (Ypsilanti Office),Immigration Legal Services,,(734) 239-6863,http://michiganimmigrant.org,michiganimmigrant.org,Ypsilanti,MI,US,immigration,immigration_advocates_network,https://www.immigrationadvocates.org/nonprofit/legaldirectory/organization.619442-Michigan_Immigrant_Rights_Center_Ypsilanti_Office,(734) 998-9125,"15 S Washington St., Suite 201",48197,,
,,Michigan State University College of Law Immigration Law Clinic,Immigration Legal Services,,(517) 432-6880,http://www.law.msu.edu/clinics/immigration/about.html,law.msu.edu,East Lansing,MI,US,immigration,immigration_advocates_network,https://www.immigrationadvocates.org/nonprofit/legaldirectory/organization.393734-Michigan_State_University_College_of_Law_Immigration_Law_Clinic,(517) 432-6990,648 North Shaw Lane,48824,,
,,Michigan United - (West Kalamazoo Office),Immigration Legal Services,,(269) 366-9563,http://www.miunited.org,miunited.org,Kalamazoo,MI,US,immigration,immigration_advocates_network,https://www.immigrationadvocates.org/nonprofit/legaldirectory/organization.561967-Michigan_United_West_Kalamazoo_Office,,2208 Winchell Avenue,49008,,
,,Michigan United - East (Detroit Office),Immigration Legal Services,,(248) 509-4430,http://www.miunited.org,miunited.org,Detroit,MI,US,immigration,immigration_advocates_network,https://www.immigrationadvocates.org/nonprofit/legaldirectory/organization.561966-Michigan_United_East_Detroit_Office,(313) 782-4854,4405 Wesson Street,48210,,
,,"Migrant Legal Aid, Inc.",Immigration Legal Services,,6164545055,http://www.migrantlegalaid.org,migrantlegalaid.org,Grand Rapids,MI,US,immigration,immigration_advocates_network,https://www.immigrationadvocates.org/nonprofit/legaldirectory/organization.393018-Migrant_Legal_Aid_Inc,(616) 454-7022,1104 FULLER AVE NE,49503,,
,,Samaritas,Immigration Legal Services,,(248) 663-8135,https://samaritas.org,samaritas.org,Troy,MI,US,immigration,immigration_advocates_network,https://www.immigrationadvocates.org/nonprofit/legaldirectory/organization.598037-Samaritas,(248) 519-5018,"2170 E. Big Beaver Rd., Suite C",48083,,
,,Southwest Detroit Immigrant and Refugee Center,Immigration Legal Services,,313-288-9904,https://detimmigrantcenter.com/,detimmigrantcenter.com,Detroit,MI,US,immigration,immigration_advocates_network,https://www.immigrationadvocates.org/nonprofit/legaldirectory/organization.778542-Southwest_Detroit_Immigrant_and_Refugee_Center,,"17375 Harper Ave., Suite 24124",48224,,
,,St. Vincent Catholic Charities - Immigration Law Clinic,Immigration Legal Services,,(517) 327-2831,http://www.stvcc.org,stvcc.org,Lansing,MI,US,immigration,immigration_advocates_network,https://www.immigrationadvocates.org/nonprofit/legaldirectory/organization.393016-St_Vincent_Catholic_Charities_Immigration_Law_Clinic,(517) 886-1150,2800 W. Willow St.,48917,,
,,Telamon Corporation - Michigan Immigration Counseling Services,Immigration Legal Services,,(517) 323-7002  124,http://www.telamon.org/michigan-immigration.aspx,telamon.org,Lansing,MI,US,immigration,immigration_advocates_network,https://www.immigrationadvocates.org/nonprofit/legaldirectory/organization.554094-Telamon_Corporation_Michigan_Immigration_Counseling_Services,(517) 323-9840,416 N. Cedar St.,48912,,
,,Apostle Immigrant Services,Immigration Legal Services,,(203) 752-9068,http://www.apostleimmigrantservices.org,apostleimmigrantservices.org,New Haven,CT,US,immigration,immigration_advocates_network,https://www.immigrationadvocates.org/nonprofit/legaldirectory/organization.392719-Apostle_Immigrant_Services,(203) 752-9136,115 Blatchley Avenue,06513,,
,,Building One Community,Immigration Legal Services,,(203) 674-8585,https://www.b1c.org,b1c.org,Stamford,CT,US,immigration,immigration_advocates_network,https://www.immigrationadvocates.org/nonprofit/legaldirectory/organization.638107-Building_One_Community,(203) 674-8583,417 Shippan Ave,06902,,
,,"Catholic Charities of Fairfield County, Inc (Norwalk Office)",Immigration Legal Services,,(203) 383-0325,https://www.ccfairfield.org/project/immigration/,ccfairfield.org,Norwalk,CT,US,immigration,immigration_advocates_network,https://www.immigrationadvocates.org/nonprofit/legaldirectory/organization.805294-Catholic_Charities_of_Fairfield_County_Inc_Norwalk_Office,,"Norwalk Family Center, 120 East Avenue – 2nd floor",06851,,
,,"Catholic Charities of Fairfield County, Inc. (Bridgeport Office)",Immigration Legal Services,,(203) 416-1322,https://www.ccfairfield.org/project/immigration-help/,ccfairfield.org,Bridgeport,CT,US,immigration,immigration_advocates_network,https://www.immigrationadvocates.org/nonprofit/legaldirectory/organization.392729-Catholic_Charities_of_Fairfield_County_Inc_Bridgeport_Office,(203) 373-0835,1406 State Street,06605,,
,,Catholic Charities of Norwich (New London Office),Immigration Legal Services,,(860) 443-5328,http://ccfsn.org,ccfsn.org,New London,CT,US,immigration,immigration_advocates_network,https://www.immigrationadvocates.org/nonprofit/legaldirectory/organization.392715-Catholic_Charities_of_Norwich_New_London_Office,(860) 443-6013,28 Huntington St,06320,,
,,Center for Children's Advocacy,Immigration Legal Services,,(203) 335-0719,https://www.cca-ct.org/our-work/immigration,cca-ct.org,Hartford,CT,US,immigration,immigration_advocates_network,https://www.immigrationadvocates.org/nonprofit/legaldirectory/organization.621193-Center_for_Childrens_Advocacy,,65 Elizabeth Street,06105,,
,,"Center for Immigrant Development, Inc",Immigration Legal Services,,2037249403,https://www.immigrantdevelopment.org,immigrantdevelopment.org,Bridgeport,CT,US,immigration,immigration_advocates_network,https://www.immigrationadvocates.org/nonprofit/legaldirectory/organization.782663-Center_for_Immigrant_Development_Inc,2033689296,"1019 Main Street, Suite 172",06604,,
,,Center for Latino Progress,Immigration Legal Services,,(860) 247-3227,http://www.ctprf.org,ctprf.org,Hartford,CT,US,immigration,immigration_advocates_network,https://www.immigrationadvocates.org/nonprofit/legaldirectory/organization.423692-Center_for_Latino_Progress,(860) 549-5761,"95 Park St, 2nd floor",06106,,
,,"Connecticut Institute for Refugees and Immigrants, Inc. (Bridgeport Office)",Immigration Legal Services,,(203) 336-0141,http://www.cirict.org,cirict.org,Bridgeport,CT,US,immigration,immigration_advocates_network,https://www.immigrationadvocates.org/nonprofit/legaldirectory/organization.392723-Connecticut_Institute_for_Refugees_and_Immigrants_Inc_Bridgeport_Office,(203) 339-4400,670 Clinton Ave,06605,,
,,"Connecticut Institute for Refugees and Immigrants, Inc. (Hartford Office)",Immigration Legal Services,,(860) 692-3085,http://www.cirict.org,cirict.org,Hartford,CT,US,immigration,immigration_advocates_network,https://www.immigrationadvocates.org/nonprofit/legaldirectory/organization.392725-Connecticut_Institute_for_Refugees_and_Immigrants_Inc_Hartford_Office,(860) 692-3089,"75 Charter Oak Avenue, Suite 2-180",06106,,
,,"Connecticut Institute for Refugees and Immigrants, Inc. (Stamford Office)",Immigration Legal Services,,(203) 965-7190,http://www.cirict.org,cirict.org,Stamford,CT,US,immigration,immigration_advocates_network,https://www.immigrationadvocates.org/nonprofit/legaldirectory/organization.392716-Connecticut_Institute_for_Refugees_and_Immigrants_Inc_Stamford_Office,(203) 339-4400,"175 Atlantic St, Room 007",06901,,
,,Connecticut Legal Services (Bridgeport Office),Immigration Legal Services,,(203) 336-3851,http://www.connlegalservices.org,connlegalservices.org,Bridgeport,CT,US,immigration,immigration_advocates_network,https://www.immigrationadvocates.org/nonprofit/legaldirectory/organization.494903-Connecticut_Legal_Services_Bridgeport_Office,,211 State St.,06604,,
,,Connecticut Legal Services (New Britain Office),Immigration Legal Services,,(860) 225-8678,http://www.connlegalservices.org,connlegalservices.org,New Britain,CT,US,immigration,immigration_advocates_network,https://www.immigrationadvocates.org/nonprofit/legaldirectory/organization.392720-Connecticut_Legal_Services_New_Britain_Office,(860) 225-6105,"16 Main St., 2nd Floor",06051,,
,,Connecticut Legal Services (New London Office),Immigration Legal Services,,(860) 357-9302,http://www.connlegalservices.org,connlegalservices.org,New London,CT,US,immigration,immigration_advocates_network,https://www.immigrationadvocates.org/nonprofit/legaldirectory/organization.414039-Connecticut_Legal_Services_New_London_Office,,153 Williams St.,06320,,
,,Connecticut Legal Services (Stamford Office),Immigration Legal Services,,203-348-9216,http://www.connlegalservices.org,connlegalservices.org,Stamford,CT,US,immigration,immigration_advocates_network,https://www.immigrationadvocates.org/nonprofit/legaldirectory/organization.392721-Connecticut_Legal_Services_Stamford_Office,(203) 348-2589,1177 Summer St.,06905,,
,,Connecticut Legal Services (Waterbury Office),Immigration Legal Services,,(203) 756-8074,http://www.connlegalservcies.org,connlegalservcies.org,Waterbury,CT,US,immigration,immigration_advocates_network,https://www.immigrationadvocates.org/nonprofit/legaldirectory/organization.494907-Connecticut_Legal_Services_Waterbury_Office,,85 Central Ave.,06702,,
,,Connecticut Legal Services (Willimantic Office),Immigration Legal Services,,(860) 456-1761,http://www.connlegalservices.org,connlegalservices.org,Willimantic,CT,US,immigration,immigration_advocates_network,https://www.immigrationadvocates.org/nonprofit/legaldirectory/organization.414775-Connecticut_Legal_Services_Willimantic_Office,(860) 456-7420,1125 Main Street,06226,,
,,Every Child Matters Immigration Legal Services,Immigration Legal Services,,(860) 323-3600,https://www.everychildmattersct.org/,everychildmattersct.org,Glastonbury,CT,US,immigration,immigration_advocates_network,https://www.immigrationadvocates.org/nonprofit/legaldirectory/organization.815991-Every_Child_Matters_Immigration_Legal_Services,,"2389 Main Street, Suite 105, Main Street Office Center",06033,,
,,"Greater Hartford Legal Aid, Inc.",Immigration Legal Services,,(860) 541-5000,http://www.ghla.org,ghla.org,Hartford,CT,US,immigration,immigration_advocates_network,https://www.immigrationadvocates.org/nonprofit/legaldirectory/organization.392722-Greater_Hartford_Legal_Aid_Inc,(860) 541-5050,"999 Asylum Avenue, 3rd Floor",06105,,
,,Hartford Public Library - The American Place,Immigration Legal Services,,(860) 695-6337,http://www.hplct.org/library-services/immigration-citizenship,hplct.org,Hartford,CT,US,immigration,immigration_advocates_network,https://www.immigrationadvocates.org/nonprofit/legaldirectory/organization.554129-Hartford_Public_Library_The_American_Place,,500 Main Street,06103,,
,,Immigration Advocacy & Support Center (IASC),Immigration Legal Services,,860-629-7758,https://www.iascct.org/,iascct.org,New London,CT,US,immigration,immigration_advocates_network,https://www.immigrationadvocates.org/nonprofit/legaldirectory/organization.801753-Immigration_Advocacy_Support_Center_IASC,,8 Washington Street,06320,,
,,IRIS - Integrated Refugee & Immigrant Services,Immigration Legal Services,,(203) 562-2769,http://www.irisct.org,irisct.org,New Haven,CT,US,immigration,immigration_advocates_network,https://www.immigrationadvocates.org/nonprofit/legaldirectory/organization.392730-IRIS_Integrated_Refugee_Immigrant_Services,(203) 562-1798,"235 Nicoll St, 2nd Floor",06511,,
,,Jewish Family Services of Greenwich,Immigration Legal Services,,(203) 622-1881,https://www.jfsgreenwich.org/legal,jfsgreenwich.org,Greenwich,CT,US,immigration,immigration_advocates_network,https://www.immigrationadvocates.org/nonprofit/legaldirectory/organization.392717-Jewish_Family_Services_of_Greenwich,(203) 622-1885,"67 Holly Hill Lane, Suite 200",06830,,
,,Jewish Family Services of Greenwich (Norwich),Immigration Legal Services,,(203) 622-1881,https://www.jfsgreenwich.org/legal,jfsgreenwich.org,Norwich,CT,US,immigration,immigration_advocates_network,https://www.immigrationadvocates.org/nonprofit/legaldirectory/organization.817006-Jewish_Family_Services_of_Greenwich_Norwich,,"257 Main St, 5th Floor",06360,,
,,"New Haven Legal Assistance Association, Inc.",Immigration Legal Services,,(203) 946-4811,http://www.nhlegal.org,nhlegal.org,New Haven,CT,US,immigration,immigration_advocates_network,https://www.immigrationadvocates.org/nonprofit/legaldirectory/organization.392726-New_Haven_Legal_Assistance_Association_Inc,(203) 498-9271,205 Orange Street,06510,,
,,University of Connecticut School of Law - Asylum and Human Rights Clinic,Immigration Legal Services,,(860) 570-5165,http://www.law.uconn.edu/academics/clinical-education/asylum-human-rights-clinic,law.uconn.edu,Hartford,CT,US,immigration,immigration_advocates_network,https://www.immigrationadvocates.org/nonprofit/legaldirectory/organization.392727-University_of_Connecticut_School_of_Law_Asylum_and_Human_Rights_Clinic,(860) 570-5195,65 Elizabeth St,06105,,
,,UPCG Immigration Legal Services,Immigration Legal Services,,8609868550,https://www.upcils.org/,upcils.org,EAST HARTFORD,CT,US,immigration,immigration_advocates_network,https://www.immigrationadvocates.org/nonprofit/legaldirectory/organization.745793-UPCG_Immigration_Legal_Services,,"135 BURNSIDE AVE, STE B 3D",06108-0000,,
,,Yale Law School - Jerome N. Frank Legal Services Organization,Immigration Legal Services,,(203) 432-4800,http://www.law.yale.edu/academics/JeromeNFrankLSO.htm,law.yale.edu,New Haven,CT,US,immigration,immigration_advocates_network,https://www.immigrationadvocates.org/nonprofit/legaldirectory/organization.392728-Yale_Law_School_Jerome_N_Frank_Legal_Services_Organization,(203) 432-1426,"133 Wall St, Ruttenberg Hall",06511,,
,,Arrive Ministries,Immigration Legal Services,,(612) 243-2961,http://www.arriveministries.org,arriveministries.org,Richfield,MN,US,immigration,immigration_advocates_network,https://www.immigrationadvocates.org/nonprofit/legaldirectory/organization.393028-Arrive_Ministries,(612) 798-4314,1515 E. 66th St,55423,,
,,Civil Society,Immigration Legal Services,,(651) 291-0713,http://www.civilsocietyhelps.org,civilsocietyhelps.org,Lake Elmo,MN,US,immigration,immigration_advocates_network,https://www.immigrationadvocates.org/nonprofit/legaldirectory/organization.393034-Civil_Society,(888) 317-1738,"8530 Eagle Point Blvd., Suite 100",55042,,
,,Immigrant Connection - Waite Park,Immigration Legal Services,,(612) 699-2529,https://www.waiteparkchurch.org/immigrant,waiteparkchurch.org,Minneapolis,MN,US,immigration,immigration_advocates_network,https://www.immigrationadvocates.org/nonprofit/legaldirectory/organization.813821-Immigrant_Connection_Waite_Park,,3258 Johnson St NE,55418,,
,,Immigrant Connection at TruNorth,Immigration Legal Services,,(507) 769-0501,https://www.trunorth.church/ic,trunorth.church,Mankato,MN,US,immigration,immigration_advocates_network,https://www.immigrationadvocates.org/nonprofit/legaldirectory/organization.813822-Immigrant_Connection_at_TruNorth,(507) 736-5303,"600 S Riverfront Dr, Ste 300",56001,,
,,Immigrant Connection Mosaic,Immigration Legal Services,,(651) 583-8797,https://www.icmosaic.org/,icmosaic.org,St. Paul,MN,US,immigration,immigration_advocates_network,https://www.immigrationadvocates.org/nonprofit/legaldirectory/organization.813941-Immigrant_Connection_Mosaic,,540 Wheelock Parkway E,55130,,
,,Immigrant Hope - Bloomington,Immigration Legal Services,,(952) 564-3767,http://immigranthope.org/bloomington/,immigranthope.org,Bloomington,MN,US,immigration,immigration_advocates_network,https://www.immigrationadvocates.org/nonprofit/legaldirectory/organization.646508-Immigrant_Hope_Bloomington,,2300 E. 88th Street,55425,,
,,Immigrant Law Center of Minnesota (St. Paul Office),Immigration Legal Services,,(651) 641-1011,http://www.ilcm.org,ilcm.org,St. Paul,MN,US,immigration,immigration_advocates_network,https://www.immigrationadvocates.org/nonprofit/legaldirectory/organization.393041-Immigrant_Law_Center_of_Minnesota_St_Paul_Office,(651) 641-1131,"450 N. Syndicate St., Suite 200",55104,,
,,Immigrant Law Center of Minnesota (Worthington Office),Immigration Legal Services,,(651) 641-1011,http://www.ilcm.org,ilcm.org,Worthington,MN,US,immigration,immigration_advocates_network,https://www.immigrationadvocates.org/nonprofit/legaldirectory/organization.393027-Immigrant_Law_Center_of_Minnesota_Worthington_Office,(651) 641-1131,PO Box 993,56187,,
,,International Institute of Minnesota,Immigration Legal Services,,651-647-0191,http://www.iimn.org,iimn.org,St. Paul,MN,US,immigration,immigration_advocates_network,https://www.immigrationadvocates.org/nonprofit/legaldirectory/organization.393023-International_Institute_of_Minnesota,,1694 Como Ave,55108,,
,,Lutheran Social Service of Minnesota - Refugee Services,Immigration Legal Services,,(612) 227-7865,http://www.lssmn.org,lssmn.org,Minneapolis,MN,US,immigration,immigration_advocates_network,https://www.immigrationadvocates.org/nonprofit/legaldirectory/organization.393024-Lutheran_Social_Service_of_Minnesota_Refugee_Services,(612) 871-0354,2400 Park Ave,55408,,
,,Mid-Minnesota Legal Aid (St. Cloud Office),Immigration Legal Services,,(320) 253-0121,http://www.mylegalaid.org/,mylegalaid.org,St. Cloud,MN,US,immigration,immigration_advocates_network,https://www.immigrationadvocates.org/nonprofit/legaldirectory/organization.393038-MidMinnesota_Legal_Aid_St_Cloud_Office,(320) 253-5794,"110 6th Ave S Suite 200, PO Box 886",56302,,
,,Mid-Minnesota Legal Aid (Willmar Office),Immigration Legal Services,,(320) 235-9600,http://www.mylegalaid.org,mylegalaid.org,Willmar,MN,US,immigration,immigration_advocates_network,https://www.immigrationadvocates.org/nonprofit/legaldirectory/organization.444045-MidMinnesota_Legal_Aid_Willmar_Office,,"PO Box 1866, 415 7th St S.W.",56201,,
,,Mid-Minnesota Legal Aid - Immigration Law Project,Immigration Legal Services,,(612) 332-1441,http://www.mylegalaid.org,mylegalaid.org,Minneapolis,MN,US,immigration,immigration_advocates_network,https://www.immigrationadvocates.org/nonprofit/legaldirectory/organization.393035-MidMinnesota_Legal_Aid_Immigration_Law_Project,(612) 334-5755,"111 N Fifth St, Suite 100",55403,,
,,Minnesota Council of Churches - Refugee Services,Immigration Legal Services,,(612) 874-8605,http://www.mnchurches.org,mnchurches.org,Minneapolis,MN,US,immigration,immigration_advocates_network,https://www.immigrationadvocates.org/nonprofit/legaldirectory/organization.393025-Minnesota_Council_of_Churches_Refugee_Services,(612) 870-3622,"122 Franklin Ave W., Suite 100",55404,,
,,New American Alliance for Development (NAAD),Immigration Legal Services,,651-226-0429,http://newamericansalliance.org,newamericansalliance.org,St. Paul,MN,US,immigration,immigration_advocates_network,https://www.immigrationadvocates.org/nonprofit/legaldirectory/organization.393029-New_American_Alliance_for_Development_NAAD,(651) 646-3278,"1821 University Ave W., Suite 328-South",55104,,
,,Southern Minnesota Regional Legal Services - Immigrant Legal Services (Rochester Office),Immigration Legal Services,,(651) 291-2837,http://www.smrls.org,smrls.org,Rochester,MN,US,immigration,immigration_advocates_network,https://www.immigrationadvocates.org/nonprofit/legaldirectory/organization.393026-Southern_Minnesota_Regional_Legal_Services_Immigrant_Legal_Services_Roches,(651) 297-6457,"903 West Center Street, Suite 230",55902,,
,,"Southern Minnesota Regional Legal Services - Refugee, Immigrant, and Migrant Services (St. Paul Office)",Immigration Legal Services,,(651) 291-2837,http://www.smrls.org,smrls.org,St. Paul,MN,US,immigration,immigration_advocates_network,https://www.immigrationadvocates.org/nonprofit/legaldirectory/organization.393037-Southern_Minnesota_Regional_Legal_Services_Refugee_Immigrant_and_Migrant_S,(651) 645-0757,"450 N. Syndicate St, Suite 285",55104,,
,,"Southern Minnesota Regional Legal Services, Inc. - Agricultural Worker Project",Immigration Legal Services,,(651) 894-6976,http://www.smrls.org/get-help/legal-services/agricultural-worker-projectel-proyecto-para-trabajadores-agricolas/,smrls.org,Saint Paul,MN,US,immigration,immigration_advocates_network,https://www.immigrationadvocates.org/nonprofit/legaldirectory/organization.393083-Southern_Minnesota_Regional_Legal_Services_Inc_Agricultural_Worker_Project,(651) 297-6457,"55 East 5th St., Suite 800",55101,,
,,Standpoint,Immigration Legal Services,,(612) 343-9842,http://www.standpointmn.org,standpointmn.org,St. Paul,MN,US,immigration,immigration_advocates_network,https://www.immigrationadvocates.org/nonprofit/legaldirectory/organization.393030-Standpoint,(612) 343-0786,"2233 University Ave W, Suite 150",55114,,
,,The Advocates for Human Rights,Immigration Legal Services,,(612) 341-9845,http://www.theadvocatesforhumanrights.org,theadvocatesforhumanrights.org,Minneapolis,MN,US,immigration,immigration_advocates_network,https://www.immigrationadvocates.org/nonprofit/legaldirectory/organization.393039-The_Advocates_for_Human_Rights,(612) 341-2971,"330 2nd Ave S., Suite 800",55401,,
,,The Agricultural Worker Project (St. Paul Office),Immigration Legal Services,,651-894-6854,https://www.smrls.org/agricultural-worker-project,smrls.org,St. Paul,MN,US,immigration,immigration_advocates_network,https://www.immigrationadvocates.org/nonprofit/legaldirectory/organization.810244-The_Agricultural_Worker_Project_St_Paul_Office,,"55 East 5th Street, Suite 400",55101,,
,,United Cambodian Association of Minnesota,Immigration Legal Services,,(651) 222-3299,http://ucamn.org/refugee-and-immigration/,ucamn.org,Mendota Heights,MN,US,immigration,immigration_advocates_network,https://www.immigrationadvocates.org/nonprofit/legaldirectory/organization.393044-United_Cambodian_Association_of_Minnesota,(651) 222-3599,"1385 Mendota Heights Rd, Suite 500",55120,,
,,University of Minnesota - Detainee Rights Clinic,Immigration Legal Services,,(612) 301-1156,,,Minneapolis,MN,US,immigration,immigration_advocates_network,https://www.immigrationadvocates.org/nonprofit/legaldirectory/organization.506294-University_of_Minnesota_Detainee_Rights_Clinic,,"190 Mondale Hall, 229 19th Avenue South",55455,,
,,Volunteer Lawyers Network,Immigration Legal Services,,(612) 752-6655 () (612) 752-6677 (),http://vlnmn.org,vlnmn.org,,MN,US,immigration,immigration_advocates_network,https://www.immigrationadvocates.org/nonprofit/legaldirectory/organization.544978-Volunteer_Lawyers_Network,,,55402,,
,,Baraka Immigration Legal Services,Immigration Legal Services,,503 966 4877,https://www.salemalliance.org/ministries/refugees/,salemalliance.org,Salem,OR,US,immigration,immigration_advocates_network,https://www.immigrationadvocates.org/nonprofit/legaldirectory/organization.804663-Baraka_Immigration_Legal_Services,,555 Gaines St NE,97301,,
,,Catholic Charities of Portland - Immigration Legal Services (Portland Office),Immigration Legal Services,,(503) 231-4866,http://www.catholiccharitiesoregon.org,catholiccharitiesoregon.org,Portland,OR,US,immigration,immigration_advocates_network,https://www.immigrationadvocates.org/nonprofit/legaldirectory/organization.393266-Catholic_Charities_of_Portland_Immigration_Legal_Services_Portland_Office,(503) 688-2705,"2740 S.E. Powell Blvd, Suite 2",97202,,
,,Catholic Community Services of Lane County,Immigration Legal Services,,541-345-3628  1326,https://www.ccslc.org/immigration-legal-services,ccslc.org,,OR,US,immigration,immigration_advocates_network,https://www.immigrationadvocates.org/nonprofit/legaldirectory/organization.762885-Catholic_Community_Services_of_Lane_County,,,97477,,
,,"Center for NonProfit Legal Services, Inc.",Immigration Legal Services,,(541) 779-7292,http://www.cnpls.org/,cnpls.org,Medford,OR,US,immigration,immigration_advocates_network,https://www.immigrationadvocates.org/nonprofit/legaldirectory/organization.393261-Center_for_NonProfit_Legal_Services_Inc,(541) 779-7308,"225 W. Main St, P.O. Box 1586",97501,,
,,Centro de Servicios para Campesinos,Immigration Legal Services,,(503) 902-0367,http://www.pcun.org,pcun.org,Woodburn,OR,US,immigration,immigration_advocates_network,https://www.immigrationadvocates.org/nonprofit/legaldirectory/organization.489076-Centro_de_Servicios_para_Campesinos,(503) 982-1031,300 Young St.,97071,,
,,Immigration Counseling Service (Hood River Office),Immigration Legal Services,,(541) 399-8029,http://www.ics-law.org,ics-law.org,Hood River,OR,US,immigration,immigration_advocates_network,https://www.immigrationadvocates.org/nonprofit/legaldirectory/organization.606588-Immigration_Counseling_Service_Hood_River_Office,(541) 399-8030,"1100 E Marina Way, Suite 228",97031,,
,,Immigration Counseling Service (Portland Office),Immigration Legal Services,,(503) 221-1689,http://www.ics-law.org,ics-law.org,Portland,OR,US,immigration,immigration_advocates_network,https://www.immigrationadvocates.org/nonprofit/legaldirectory/organization.393263-Immigration_Counseling_Service_Portland_Office,(503) 221-3063,"519 S.W. Park Ave, Suite 610",97205,,
,,Innovation Law Lab,Immigration Legal Services,,(503) 922-3042,https://innovationlawlab.org,innovationlawlab.org,Portland,OR,US,immigration,immigration_advocates_network,https://www.immigrationadvocates.org/nonprofit/legaldirectory/organization.812325-Innovation_Law_Lab,,PO Box 40204,97240,,
,,Latino Community Association,Immigration Legal Services,,5413508133,https://latinocommunityassociation.org,latinocommunityassociation.org,Bend,OR,US,immigration,immigration_advocates_network,https://www.immigrationadvocates.org/nonprofit/legaldirectory/organization.784126-Latino_Community_Association,,"2680 NE Twin Knolls Dr., Ste 110",97701,,
,,Lutheran Community Services Northwest - Immigration Counseling and Advocacy Program (Portland Office),Immigration Legal Services,,(503) 231-7480,http://www.lcsnw.org/portland/icap.html,lcsnw.org,Portland,OR,US,immigration,immigration_advocates_network,https://www.immigrationadvocates.org/nonprofit/legaldirectory/organization.393259-Lutheran_Community_Services_Northwest_Immigration_Counseling_and_Advocacy,(503) 233-0667,605 SE Cesar E Chavez Blvd,97214,,
,,Lutheran Community Services Northwest - Safe Route Immigration (Salem Office),Immigration Legal Services,,(971) 599-2265,http://www.saferoute.org,saferoute.org,Salem,OR,US,immigration,immigration_advocates_network,https://www.immigrationadvocates.org/nonprofit/legaldirectory/organization.810059-Lutheran_Community_Services_Northwest_Safe_Route_Immigration_Salem_Office,,1400 Broadway St NE Suite 205,97301,,
,,Lutheran Community Services NW- Safe Route Immigration (McMinnville Office),Immigration Legal Services,,(503) 472-4020,http://www.saferoute.org,saferoute.org,McMinnville,OR,US,immigration,immigration_advocates_network,https://www.immigrationadvocates.org/nonprofit/legaldirectory/organization.544286-Lutheran_Community_Services_NW_Safe_Route_Immigration_McMinnville_Office,(503) 472-8630,"435 NE Evans Street, Suite A",97128,,
,,Oregon Law Center,Immigration Legal Services,,(541) 889-3121,http://www.oregonlawcenter.org,oregonlawcenter.org,Ontario,OR,US,immigration,immigration_advocates_network,https://www.immigrationadvocates.org/nonprofit/legaldirectory/organization.393265-Oregon_Law_Center,(541) 889-5562,"35 S. E. 5th Ave, Unit 1",97914,,
,,SOAR Immigration Legal Services (Sponsors Organized to Assist Refugees)- A Program of Ecumenical Ministries of Oregon,Immigration Legal Services,,(503) 384-2482,http://www.soarlegal.org,soarlegal.org,Portland,OR,US,immigration,immigration_advocates_network,https://www.immigrationadvocates.org/nonprofit/legaldirectory/organization.393262-SOAR_Immigration_Legal_Services_Sponsors_Organized_to_Assist_Refugees_A_Pro,(503) 284-3270,"7931 NE Halsey St, Ste 304",97213,,
,,Somos Hispanas Unidas Silverton,Immigration Legal Services,,(503) 873-7114,http://www.somoshispanasunidas.org,somoshispanasunidas.org,Silverton,OR,US,immigration,immigration_advocates_network,https://www.immigrationadvocates.org/nonprofit/legaldirectory/organization.479348-Somos_Hispanas_Unidas_Silverton,(503) 873-7114,512 North First St,97381,,
,,United Services for Counseling,Immigration Legal Services,,(503) 698-4929  (503) 757-6821,http://www.uscounseling.org,uscounseling.org,Portland,OR,US,immigration,immigration_advocates_network,https://www.immigrationadvocates.org/nonprofit/legaldirectory/organization.520282-United_Services_for_Counseling,,"10175 SW Barbur Blvd., Suite 308-BA",97219,,
,,Victim Rights Law Center,Immigration Legal Services,,(503) 274-5477  6,https://www.victimrights.org/,victimrights.org,Portland,OR,US,immigration,immigration_advocates_network,https://www.immigrationadvocates.org/nonprofit/legaldirectory/organization.647049-Victim_Rights_Law_Center,(503) 715-2183,"610 SW Broadway St., Suite 308",97205,,
,,Catholic Charities of Northern Nevada - Mother Cabrini Immigration Legal Services,Immigration Legal Services,,(775) 393-3877,https://ccsnn.org/pages/immigration-assistance,ccsnn.org,Reno,NV,US,immigration,immigration_advocates_network,https://www.immigrationadvocates.org/nonprofit/legaldirectory/organization.393131-Catholic_Charities_of_Northern_Nevada_Mother_Cabrini_Immigration_Legal_Ser,(775) 470-6671,480 E Moana Ln.,89502,,
,,Immigrant Home Foundation,Immigration Legal Services,,702-889-4431,https://www.immigrantfoundation.org,immigrantfoundation.org,Las Vegas,NV,US,immigration,immigration_advocates_network,https://www.immigrationadvocates.org/nonprofit/legaldirectory/organization.814610-Immigrant_Home_Foundation,,2900 Stewart Ave,89101,,
,,Immigration Center for Women and Children,Immigration Legal Services,,702-430-7981,https://www.icwclaw.org,icwclaw.org,Las Vegas,NV,US,immigration,immigration_advocates_network,https://www.immigrationadvocates.org/nonprofit/legaldirectory/organization.745999-Immigration_Center_for_Women_and_Children,702-617-9887,"732 S 6th Street, Suite 101",89101,,
,,Legal Aid Center of Southern Nevada,Immigration Legal Services,,(702) 386-1070,http://www.lacsn.org,lacsn.org,Las Vegas,NV,US,immigration,immigration_advocates_network,https://www.immigrationadvocates.org/nonprofit/legaldirectory/organization.393125-Legal_Aid_Center_of_Southern_Nevada,(702) 366-0569,725 E. Charleston Blvd,89104,,
,,Nevada Legal Services (Las Vegas Office),Immigration Legal Services,,(702) 386-0404,http://www.nlslaw.net,nlslaw.net,Las Vegas,NV,US,immigration,immigration_advocates_network,https://www.immigrationadvocates.org/nonprofit/legaldirectory/organization.393127-Nevada_Legal_Services_Las_Vegas_Office,(702) 388-1641,530 S. 6th St,89101,,
,,Nevada Legal Services (Reno Office),Immigration Legal Services,,(775) 284-3491,http://www.nlslaw.net,nlslaw.net,Reno,NV,US,immigration,immigration_advocates_network,https://www.immigrationadvocates.org/nonprofit/legaldirectory/organization.393128-Nevada_Legal_Services_Reno_Office,(775) 284-3497,"204 Marsh St., Suite 101",89509,,
,,Progressive Leadership Alliance of Nevada's Citizenship and Immigration Program,Immigration Legal Services,,(775)800-1851,https://www.plancip.org,plancip.org,Reno,NV,US,immigration,immigration_advocates_network,https://www.immigrationadvocates.org/nonprofit/legaldirectory/organization.762984-Progressive_Leadership_Alliance_of_Nevadas_Citizenship_and_Immigration_Prog,,495 Apple St Suite 108,89502,,
,,UNLV Immigration Clinic,Immigration Legal Services,,(702) 476-0750,https://law.unlv.edu/clinics/immigration,law.unlv.edu,Las Vegas,NV,US,immigration,immigration_advocates_network,https://www.immigrationadvocates.org/nonprofit/legaldirectory/organization.786680-UNLV_Immigration_Clinic,(702) 895-2081,1212 S. Casino Blvd. Second Floor,89104,,
,,Volunteer Attorneys for Rural Nevadans,Immigration Legal Services,,(775) 883-8278,http://www.varn.org,varn.org,Carson City,NV,US,immigration,immigration_advocates_network,https://www.immigrationadvocates.org/nonprofit/legaldirectory/organization.393829-Volunteer_Attorneys_for_Rural_Nevadans,(775) 883-7211,"904 N. Nevada St., P.O. Box 365",89703,,
,,Washoe Legal Services,Immigration Legal Services,,(775) 329-2727,http://www.washoelegalservices.org,washoelegalservices.org,Reno,NV,US,immigration,immigration_advocates_network,https://www.immigrationadvocates.org/nonprofit/legaldirectory/organization.393129-Washoe_Legal_Services,(775) 227-9396,299 S. Arlington Ave.,89501,,
,,Advocates for Immigrant Rights,Immigration Legal Services,,(901) 729-9560,http://airlegal.org,airlegal.org,Memphis,TN,US,immigration,immigration_advocates_network,https://www.immigrationadvocates.org/nonprofit/legaldirectory/organization.715528-Advocates_for_Immigrant_Rights,(901) 432-2685,815 N. McLean Ave,38104,,
,,All Saints Immigration Services,Immigration Legal Services,,(731) 513-6180,https://www.allsaintsimmigration.com,allsaintsimmigration.com,Jackson,TN,US,immigration,immigration_advocates_network,https://www.immigrationadvocates.org/nonprofit/legaldirectory/organization.754820-All_Saints_Immigration_Services,,212 McClellan Rd.,38305,,
,,"Catholic Charities of East Tennessee, Inc. - Office of Immigrant Services (Chattanooga Office)",Immigration Legal Services,,(423) 826-0663,http://www.ccetn.org/Catholic_Charities_of_East_Tenn/Office_of_Immigrant_Services.html,ccetn.org,Chattanooga,TN,US,immigration,immigration_advocates_network,https://www.immigrationadvocates.org/nonprofit/legaldirectory/organization.393304-Catholic_Charities_of_East_Tennessee_Inc_Office_of_Immigrant_Services_Chat,(865) 971-3575,5720 Uptain Rd Bldg 6100 Ste 4800,37411,,
,,"Catholic Charities of East Tennessee, Inc. - Office of Immigrant Services (Johnson City Office)",Immigration Legal Services,,(423) 328-7074,http://www.ccetn.org/Catholic_Charities_of_East_Tenn/Office_of_Immigrant_Services.html,ccetn.org,Johnson City,TN,US,immigration,immigration_advocates_network,https://www.immigrationadvocates.org/nonprofit/legaldirectory/organization.393300-Catholic_Charities_of_East_Tennessee_Inc_Office_of_Immigrant_Services_John,(423) 328-7666,"1409 West Market St, Suite 109",37604,,
,,"Catholic Charities of East Tennessee, Inc. - Office of Immigrant Services (Knoxville Office)",Immigration Legal Services,,(865) 971-3550,http://www.ccetn.org/Catholic_Charities_of_East_Tenn/Office_of_Immigrant_Services.html,ccetn.org,Knoxville,TN,US,immigration,immigration_advocates_network,https://www.immigrationadvocates.org/nonprofit/legaldirectory/organization.393301-Catholic_Charities_of_East_Tennessee_Inc_Office_of_Immigrant_Services_Knox,(865) 971-3575,119 Dameron Ave,37917,,
,,"Catholic Charities of Tennessee, Inc.",Immigration Legal Services,,(615) 760-2778,http://www.cctenn.org,cctenn.org,Nashville,TN,US,immigration,immigration_advocates_network,https://www.immigrationadvocates.org/nonprofit/legaldirectory/organization.393302-Catholic_Charities_of_Tennessee_Inc,(615) 259-2851,"2806 McGavock Pike, Entrance #7",37214,,
,,Community Legal Center,Immigration Legal Services,,(901) 543-3395,http://www.clcmemphis.org,clcmemphis.org,Memphis,TN,US,immigration,immigration_advocates_network,https://www.immigrationadvocates.org/nonprofit/legaldirectory/organization.393305-Community_Legal_Center,(901) 543-0907,"80 Monroe Ave, Suite 415",38103,,
,,Immigrant Rights Defense Center of Latino Memphis,Immigration Legal Services,,(901) 410-0195,http://www.latinomemphis.org,latinomemphis.org,Memphis,TN,US,immigration,immigration_advocates_network,https://www.immigrationadvocates.org/nonprofit/legaldirectory/organization.536882-Immigrant_Rights_Defense_Center_of_Latino_Memphis,(901) 609-7028,"6041 Mt. Moriah Rd. Ext., Suite 16",38115,,
,,Legal Aid Society of Middle Tennessee and the Cumberlands (Nashville Office),Immigration Legal Services,,(615) 244-6610,http://www.las.org,las.org,Nashville,TN,US,immigration,immigration_advocates_network,https://www.immigrationadvocates.org/nonprofit/legaldirectory/organization.393306-Legal_Aid_Society_of_Middle_Tennessee_and_the_Cumberlands_Nashville_Office,(615) 244-4920,"1321 Murfreesboro Pike, Ste 400",37217,,
,,Mid-South Immigration Advocates,Immigration Legal Services,,(901) 244-4367,http://www.miamemphis.org,miamemphis.org,Memphis,TN,US,immigration,immigration_advocates_network,https://www.immigrationadvocates.org/nonprofit/legaldirectory/organization.578545-MidSouth_Immigration_Advocates,(901) 545-5680,"3340 Poplar Avenue, Suite 215",38111,,
,,Nashville International Center for Empowerment,Immigration Legal Services,,(615) 315-9681,https://empowernashville.org/,empowernashville.org,Nashville,TN,US,immigration,immigration_advocates_network,https://www.immigrationadvocates.org/nonprofit/legaldirectory/organization.810046-Nashville_International_Center_for_Empowerment,(615) 315-9682,417 Welshwood Drive Suite 100,37211,,
,,Nations Ministry Center,Immigration Legal Services,,6158289664,http://www.nationsministrycenter.org,nationsministrycenter.org,Nashville,TN,US,immigration,immigration_advocates_network,https://www.immigrationadvocates.org/nonprofit/legaldirectory/organization.765412-Nations_Ministry_Center,,406 Welshwood Drive,37211,,
,,"Southern Migrant Legal Services - A Project of Texas Rio Grande Legal Aid, Inc. (Nashville Office)",Immigration Legal Services,,(615) 538-0725,http://www.trla.org/office/nashville-smls,trla.org,Nashville,TN,US,immigration,immigration_advocates_network,https://www.immigrationadvocates.org/nonprofit/legaldirectory/organization.393307-Southern_Migrant_Legal_Services_A_Project_of_Texas_Rio_Grande_Legal_Aid_In,(615) 366-3349,"311 Plus Park Blvd., Suite 135",37217,,
,,Tennessee Coalition To End Domestic & Sexual Violence - Immigration Legal Clinic,Immigration Legal Services,,(615) 386-9406,http://www.tncoalition.org,tncoalition.org,Nashville,TN,US,immigration,immigration_advocates_network,https://www.immigrationadvocates.org/nonprofit/legaldirectory/organization.393308-Tennessee_Coalition_To_End_Domestic_Sexual_Violence_Immigration_Legal_Cli,(615) 724-1399,"2 International Plaza Dr, Suite 425",37217,,
,,Tennessee Immigrant and Refugee Rights Coalition,Immigration Legal Services,,615-212-9215,http://www.tnimmigrant.org,tnimmigrant.org,Nashville,TN,US,immigration,immigration_advocates_network,https://www.immigrationadvocates.org/nonprofit/legaldirectory/organization.547722-Tennessee_Immigrant_and_Refugee_Rights_Coalition,,3310 Ezell Road,37211,,
,,Tennessee Justice For Our Neighbors,Immigration Legal Services,,(615) 538-7481,http://tnjfon.org,tnjfon.org,Nashville,TN,US,immigration,immigration_advocates_network,https://www.immigrationadvocates.org/nonprofit/legaldirectory/organization.393309-Tennessee_Justice_For_Our_Neighbors,,2195 Nolensville Pike,37211,,
,,YWCA Immigrant Women's Services,Immigration Legal Services,,(901) 458-2550,http://www.memphisywca.org/iws-espanol,memphisywca.org,Memphis,TN,US,immigration,immigration_advocates_network,https://www.immigrationadvocates.org/nonprofit/legaldirectory/organization.393303-YWCA_Immigrant_Womens_Services,(901) 458-2555,766 S. Highland Street,38111,,
,,Bilingual International Assistant Services (St. Louis Office),Immigration Legal Services,,(314) 645-7800,http://bilingualstl.org,bilingualstl.org,St. Louis,MO,US,immigration,immigration_advocates_network,https://www.immigrationadvocates.org/nonprofit/legaldirectory/organization.393049-Bilingual_International_Assistant_Services_St_Louis_Office,(314) 645-7802,"1329 Macklind Ave, Suite 200",63110,,
,,Catholic Charities of Central and Northern Missouri - Family Immigration Services,Immigration Legal Services,,(573) 635-7719,http://www.cccnmo.org,cccnmo.org,Jefferson City,MO,US,immigration,immigration_advocates_network,https://www.immigrationadvocates.org/nonprofit/legaldirectory/organization.393054-Catholic_Charities_of_Central_and_Northern_Missouri_Family_Immigration_Ser,,1015 Edmonds Street,65109,,
,,Hand In Hand Multicultural Center,Immigration Legal Services,,(417) 865-4673,http://www.hihmc.org,hihmc.org,Springfield,MO,US,immigration,immigration_advocates_network,https://www.immigrationadvocates.org/nonprofit/legaldirectory/organization.709905-Hand_In_Hand_Multicultural_Center,(417) 865-4677,1436 W Hovey,65802,,
,,Immigrant Connection - North County,Immigration Legal Services,,(314) 635-8034,https://www.fergusonchurch.org/immigrant-connection-north-county.html,fergusonchurch.org,Ferguson,MO,US,immigration,immigration_advocates_network,https://www.immigrationadvocates.org/nonprofit/legaldirectory/organization.813823-Immigrant_Connection_North_County,,1309 N. Elizabeth Avenue,63135,,
,,Immigration Professionals,Immigration Legal Services,,(816) 221-2277,http://www.immigrationprofessionals.us,immigrationprofessionals.us,Kansas City,MO,US,immigration,immigration_advocates_network,https://www.immigrationadvocates.org/nonprofit/legaldirectory/organization.504473-Immigration_Professionals,(816) 221-2277,"5545, Suite 15 B",64118,,
,,International Institute of St. Louis,Immigration Legal Services,,(314) 773-9090  115,http://www.iistl.org,iistl.org,St. Louis,MO,US,immigration,immigration_advocates_network,https://www.immigrationadvocates.org/nonprofit/legaldirectory/organization.393740-International_Institute_of_St_Louis,,3401 Arsenal Street,63118,,
,,InterServ - Immigrant Services Program,Immigration Legal Services,,(816) 232-7779  228,http://www.inter-serv.org/immigrant_services.htm,inter-serv.org,St. Joseph,MO,US,immigration,immigration_advocates_network,https://www.immigrationadvocates.org/nonprofit/legaldirectory/organization.393050-InterServ_Immigrant_Services_Program,(816) 232-7029,1412 N. 3rd Street,64505,,
,,Jewish Vocational Service,Immigration Legal Services,,(816) 471-2808,http://www.jvskc.org,jvskc.org,Kansas City,MO,US,immigration,immigration_advocates_network,https://www.immigrationadvocates.org/nonprofit/legaldirectory/organization.593838-Jewish_Vocational_Service,,4600 The Paseo,64105,,
,,Legal Aid of Western Missouri (Kansas City Central Office),Immigration Legal Services,,8164746750,http://www.lawmo.org,lawmo.org,Kansas City,MO,US,immigration,immigration_advocates_network,https://www.immigrationadvocates.org/nonprofit/legaldirectory/organization.393055-Legal_Aid_of_Western_Missouri_Kansas_City_Central_Office,(816) 474-7575,"4001 Dr. Martin Luther King Jr. Blvd., Suite 300",64130,,
,,Legal Services of Eastern Missouri - Immigration Law Project (St. Louis Office),Immigration Legal Services,,314-256-8756,http://www.lsem.org,lsem.org,St. Louis,MO,US,immigration,immigration_advocates_network,https://www.immigrationadvocates.org/nonprofit/legaldirectory/organization.393053-Legal_Services_of_Eastern_Missouri_Immigration_Law_Project_St_Louis_Office,(314) 534-7307,4232 Forest Park Ave.,63108,,
,,Migrant and Immigrant Community Action Project,Immigration Legal Services,,(314) 995-6995,http://www.mica-project.org,mica-project.org,St. Louis,MO,US,immigration,immigration_advocates_network,https://www.immigrationadvocates.org/nonprofit/legaldirectory/organization.487877-Migrant_and_Immigrant_Community_Action_Project,(314) 735-4359,2650 Cherokee St,63118,,
,,St. Francis Community Services - Catholic Immigration Law Project,Immigration Legal Services,,(314) 977-3993,https://sfcsstl.org/locations/clam/,sfcsstl.org,St. Louis,MO,US,immigration,immigration_advocates_network,https://www.immigrationadvocates.org/nonprofit/legaldirectory/organization.393051-St_Francis_Community_Services_Catholic_Immigration_Law_Project,(314) 977-3334,"100 N. Tucker Blvd., Suite 726",63101,,
,,The Asylum Clinic Kansas City (VERA NETWORK),Immigration Legal Services,,816-641-5777,https://www.asylumclinickc.org/,asylumclinickc.org,North Kansas City,MO,US,immigration,immigration_advocates_network,https://www.immigrationadvocates.org/nonprofit/legaldirectory/organization.799063-The_Asylum_Clinic_Kansas_City_VERA_NETWORK,,2005 Swift Avenue,64116,,
,,Catholic Charities Diocese of Evansville,Immigration Legal Services,,(812) 423-5456,https://www.ccevansville.org/immigration-services.html,ccevansville.org,Evansville,IN,US,immigration,immigration_advocates_network,https://www.immigrationadvocates.org/nonprofit/legaldirectory/organization.553673-Catholic_Charities_Diocese_of_Evansville,(812) 423-4392,"610 E. Walnut St., Suite 220A",47713,,
,,Catholic Charities Diocese of Gary - Immigrant Support and Assistance Center (ISAAC),Immigration Legal Services,,(219)397-5803,https://www.catholic-charities.org,catholic-charities.org,East Chicago,IN,US,immigration,immigration_advocates_network,https://www.immigrationadvocates.org/nonprofit/legaldirectory/organization.765998-Catholic_Charities_Diocese_of_Gary_Immigrant_Support_and_Assistance_Center,(219)397-5804,3901 Fir St,46312,,
,,Catholic Charities Indianapolis - Immigration Legal Services,Immigration Legal Services,,(317) 236-1500,http://www.archindy.org/cc/indianapolis/index.html,archindy.org,Indianapolis,IN,US,immigration,immigration_advocates_network,https://www.immigrationadvocates.org/nonprofit/legaldirectory/organization.417447-Catholic_Charities_Indianapolis_Immigration_Legal_Services,(317) 261-3375,1400 N. Meridian St,46202,,
,,Catholic Charities of Fort Wayne-South Bend (Fort Wayne Office),Immigration Legal Services,,(260) 422-5625,http://www.ccfwsb.org,ccfwsb.org,Fort Wayne,IN,US,immigration,immigration_advocates_network,https://www.immigrationadvocates.org/nonprofit/legaldirectory/organization.392888-Catholic_Charities_of_Fort_WayneSouth_Bend_Fort_Wayne_Office,(260) 422-5657,915 South Clinton St.,46802,,
,,Chicagoland Immigrant Welcome Network,Immigration Legal Services,,(219) 276-3764,http://www.thewelcomenet.org,thewelcomenet.org,Hammond,IN,US,immigration,immigration_advocates_network,https://www.immigrationadvocates.org/nonprofit/legaldirectory/organization.642120-Chicagoland_Immigrant_Welcome_Network,,824 E Hoffman St,46327,,
,,Exodus Refugee Immigration,Immigration Legal Services,,317-619-7802,https://www.exodusrefugee.org/,exodusrefugee.org,Indianapolis,IN,US,immigration,immigration_advocates_network,https://www.immigrationadvocates.org/nonprofit/legaldirectory/organization.816946-Exodus_Refugee_Immigration,,"2457 E Washington Street, Suite A",46201,,
,,Hispanic Connection of Southern Indiana,Immigration Legal Services,,(812) 944-0527,https://hispanic-connection.business.site/,hispanic-connection.business.site,Jeffersonville,IN,US,immigration,immigration_advocates_network,https://www.immigrationadvocates.org/nonprofit/legaldirectory/organization.392897-Hispanic_Connection_of_Southern_Indiana,(812) 944-1292,"1410 Charlestown New Albany Road, Suite 101",47130,,
,,Immigrant Connection at College Wesleyan Church (Marion Office),Immigration Legal Services,,(765) 674-8541,https://www.wesleyan.org,wesleyan.org,Marion,IN,US,immigration,immigration_advocates_network,https://www.immigrationadvocates.org/nonprofit/legaldirectory/organization.653382-Immigrant_Connection_at_College_Wesleyan_Church_Marion_Office,,306 E 38th St,46953,,
,,Immigrant Connection at The Bridge Community Church,Immigration Legal Services,,(574) 735-0000,https://www.thebridgelogansport.com/immigration,thebridgelogansport.com,Logansport,IN,US,immigration,immigration_advocates_network,https://www.immigrationadvocates.org/nonprofit/legaldirectory/organization.544076-Immigrant_Connection_at_The_Bridge_Community_Church,,301 E Linden Ave,46947,,
,,Indiana Legal Services - Immigrants' and Language Rights Center,Immigration Legal Services,,(317) 631-9410,http://www.indianalegalservices.org,indianalegalservices.org,Indianapolis,IN,US,immigration,immigration_advocates_network,https://www.immigrationadvocates.org/nonprofit/legaldirectory/organization.392896-Indiana_Legal_Services_Immigrants_and_Language_Rights_Center,(317) 333-6676,"1200 Madison Avenue, Suite 300",46225,,
,,"La Casa de Amistad, Inc.",Immigration Legal Services,,(574) 233-2120,http://www.lacasadeamistad.org,lacasadeamistad.org,South Bend,IN,US,immigration,immigration_advocates_network,https://www.immigrationadvocates.org/nonprofit/legaldirectory/organization.548218-La_Casa_de_Amistad_Inc,(574) 233-2120,3423 S. Michigan St.,46614,,
,,Lafayette Urban Ministry Immigration Clinic,Immigration Legal Services,,(765) 423-2691,https://client.lumserve.org/assistance-programs/immigration-clinic/,client.lumserve.org,Lafayette,IN,US,immigration,immigration_advocates_network,https://www.immigrationadvocates.org/nonprofit/legaldirectory/organization.593472-Lafayette_Urban_Ministry_Immigration_Clinic,,420 North 4th Street,47901,,
,,National Immigrant Justice Center (Goshen Office),Immigration Legal Services,,(312) 660-1370,https://www.immigrantjustice.org,immigrantjustice.org,Goshen,IN,US,immigration,immigration_advocates_network,https://www.immigrationadvocates.org/nonprofit/legaldirectory/organization.543998-National_Immigrant_Justice_Center_Goshen_Office,,110 E. Washington St.,46526,,
,,National Immigrant Justice Center (Indianapolis Office),Immigration Legal Services,,(312) 660-1370,https://www.immigrantjustice.org,immigrantjustice.org,Indianapolis,IN,US,immigration,immigration_advocates_network,https://www.immigrationadvocates.org/nonprofit/legaldirectory/organization.729585-National_Immigrant_Justice_Center_Indianapolis_Office,,"615 N. Alabama St., Suite 426",46204,,
,,Neighborhood Christian Legal Clinic,Immigration Legal Services,,(317) 429-4131,http://www.nclegalclinic.org,nclegalclinic.org,Indianapolis,IN,US,immigration,immigration_advocates_network,https://www.immigrationadvocates.org/nonprofit/legaldirectory/organization.392894-Neighborhood_Christian_Legal_Clinic,(317) 429-4130,"3333 N. Meridian St, Suite 201",46208,,
,,Sisters of St. Benedict Immigration Outreach,Immigration Legal Services,,(812) 367-1411  2102,http://www.thedome.org,thedome.org,Ferdinand,IN,US,immigration,immigration_advocates_network,https://www.immigrationadvocates.org/nonprofit/legaldirectory/organization.569252-Sisters_of_St_Benedict_Immigration_Outreach,(812) 367-2313,802 E. 10th Street,47532,,
,,Tree of Life Immigration Legal Aid Clinic,Immigration Legal Services,,(574) 307-0561,https://www.treeoflifeanglican.org/immigration-clinic.html,treeoflifeanglican.org,South Bend,IN,US,immigration,immigration_advocates_network,https://www.immigrationadvocates.org/nonprofit/legaldirectory/organization.764671-Tree_of_Life_Immigration_Legal_Aid_Clinic,,"The Commerce Center (first floor), 401 E. Colfax Ave., 180-3",46617,,
,,Catholic Charities of Green Bay (Green Bay Office),Immigration Legal Services,,(920) 272-8234,https://catholiccharitiesgb.org/our-services/immigration-legal-services/,catholiccharitiesgb.org,Green Bay,WI,US,immigration,immigration_advocates_network,https://www.immigrationadvocates.org/nonprofit/legaldirectory/organization.393450-Catholic_Charities_of_Green_Bay_Green_Bay_Office,(920) 437-4067,1825 Riverside Dr,54301,,
,,Catholic Charities of Green Bay (Menasha Office),Immigration Legal Services,,(920) 734-2601,https://catholiccharitiesgb.org/our-services/immigration-legal-services/,catholiccharitiesgb.org,Menasha,WI,US,immigration,immigration_advocates_network,https://www.immigrationadvocates.org/nonprofit/legaldirectory/organization.393439-Catholic_Charities_of_Green_Bay_Menasha_Office,,1475 Opportunity Way,54952,,
,,Catholic Charities of La Crosse,Immigration Legal Services,,(608) 782-0710,https://www.cclse.org,cclse.org,La Crosse,WI,US,immigration,immigration_advocates_network,https://www.immigrationadvocates.org/nonprofit/legaldirectory/organization.393446-Catholic_Charities_of_La_Crosse,(608) 782-0702,3710 East Ave S.,54602,,
,,Catholic Charities of Milwaukee -Refugee and Immigration Services,Immigration Legal Services,,(414) 643-8570,http://www.risccmke.org,risccmke.org,West Milwaukee,WI,US,immigration,immigration_advocates_network,https://www.immigrationadvocates.org/nonprofit/legaldirectory/organization.393447-Catholic_Charities_of_Milwaukee_Refugee_and_Immigration_Services,(414) 643-6726,1233 S 45th St.,53214,,
,,Catholic Multicultural Center,Immigration Legal Services,,(608) 441-0114,https://cmcmadison.org/,cmcmadison.org,Madison,WI,US,immigration,immigration_advocates_network,https://www.immigrationadvocates.org/nonprofit/legaldirectory/organization.661873-Catholic_Multicultural_Center,(608) 661-0363,1862 Beld Street,53713,,
,,"Center Against Sexual & Domestic Abuse, Inc.",Immigration Legal Services,,(715) 392-3136,http://www.casda.org,casda.org,Superior,WI,US,immigration,immigration_advocates_network,https://www.immigrationadvocates.org/nonprofit/legaldirectory/organization.393448-Center_Against_Sexual_Domestic_Abuse_Inc,(715) 392-8463,318 21st Ave E.,54880,,
,,Centro Hispano of Dane County,Immigration Legal Services,,(608) 442-4012,http://www.micentro.org,micentro.org,Madison,WI,US,immigration,immigration_advocates_network,https://www.immigrationadvocates.org/nonprofit/legaldirectory/organization.646634-Centro_Hispano_of_Dane_County,(608) 255-2975,810 West Badger Rd.,53713,,
,,Community Immigration Law Center,Immigration Legal Services,,(608) 640-4444,http://www.cilcmadison.org,cilcmadison.org,Madison,WI,US,immigration,immigration_advocates_network,https://www.immigrationadvocates.org/nonprofit/legaldirectory/organization.662194-Community_Immigration_Law_Center,(608) 640-4447,944 E. Gorham,53703,,
,,Faith Community Church - Immigration Legal Services Outreach,Immigration Legal Services,,(608) 758-2850,http://www.faithcommunitychurch.net,faithcommunitychurch.net,Janesville,WI,US,immigration,immigration_advocates_network,https://www.immigrationadvocates.org/nonprofit/legaldirectory/organization.614748-Faith_Community_Church_Immigration_Legal_Services_Outreach,(608) 305-0434,2931 Lucerne Drive,53545,,
,,International Institute of Wisconsin,Immigration Legal Services,,(414) 225-6220,http://www.iiwisconsin.org,iiwisconsin.org,Milwaukee,WI,US,immigration,immigration_advocates_network,https://www.immigrationadvocates.org/nonprofit/legaldirectory/organization.393442-International_Institute_of_Wisconsin,(414) 225-6235,"1110 N. Dr. Martin Luther King Jr. Dr., Suite 420",53203,,
,,James Place Immigration Services (Milwaukee Office),Immigration Legal Services,,(414) 269-9952,,,Milwaukee,WI,US,immigration,immigration_advocates_network,https://www.immigrationadvocates.org/nonprofit/legaldirectory/organization.644193-James_Place_Immigration_Services_Milwaukee_Office,(262) 408-2137,"807 S 14th Street, Suite 200",53204,,
,,James Place Immigration Services (Waukesha Office),Immigration Legal Services,,(262) 544-9472,,,Waukesha,WI,US,immigration,immigration_advocates_network,https://www.immigrationadvocates.org/nonprofit/legaldirectory/organization.644169-James_Place_Immigration_Services_Waukesha_Office,(262) 408-2137,129 W Broadway,53186,,
,,Jewish Social Services of Madison,Immigration Legal Services,,(608) 442-4081,http://www.jssmadison.org,jssmadison.org,Madison,WI,US,immigration,immigration_advocates_network,https://www.immigrationadvocates.org/nonprofit/legaldirectory/organization.393443-Jewish_Social_Services_of_Madison,(608) 278-7814,6434 Enterprise Ln,53719,,
,,RISE Law Center/Centro Legal RISE,Immigration Legal Services,,(608) 256-1015,https://www.facebook.com/pages/RISE-Law-Center/276984419010325,facebook.com,Madison,WI,US,immigration,immigration_advocates_network,https://www.immigrationadvocates.org/nonprofit/legaldirectory/organization.462906-RISE_Law_CenterCentro_Legal_RISE,(608) 256-1089,"1400 E. Washington Avenue, Suite 262",53703,,
,,United Migrant Opportunity Services - Immigration Legal Services,Immigration Legal Services,,(414) 389-6506,http://www.umos.org,umos.org,Milwaukee,WI,US,immigration,immigration_advocates_network,https://www.immigrationadvocates.org/nonprofit/legaldirectory/organization.393449-United_Migrant_Opportunity_Services_Immigration_Legal_Services,(414) 389-9961,2701 S. Chase Street Suite D,53207,,
,,Carolina Immigrant Alliance,Immigration Legal Services,,(803) 619-5012,https://carolinaimmigrantalliance.org/,carolinaimmigrantalliance.org,Rock Hill,SC,US,immigration,immigration_advocates_network,https://www.immigrationadvocates.org/nonprofit/legaldirectory/organization.792873-Carolina_Immigrant_Alliance,,1067 Oakland Avenue,29732,,
,,Catholic Charities Immigration Services (Greenville Office),Immigration Legal Services,,(864) 274-0141,http://charitiessc.org/immigration-legal-services,charitiessc.org,Greenville,SC,US,immigration,immigration_advocates_network,https://www.immigrationadvocates.org/nonprofit/legaldirectory/organization.393285-Catholic_Charities_Immigration_Services_Greenville_Office,(864) 331-2634,2300 Old Buncombe Rd.,29609,,
,,Catholic Charities Immigration Services (Mt. Pleasant Office),Immigration Legal Services,,(843) 388-0089,https://charitiessc.org/immigration-legal-services,charitiessc.org,Charleston,SC,US,immigration,immigration_advocates_network,https://www.immigrationadvocates.org/nonprofit/legaldirectory/organization.393286-Catholic_Charities_Immigration_Services_Mt_Pleasant_Office,(843) 856-4515,127 St Philip Street,29403,,
,,Catholic Charities Immigration Services-Rock Hill Office,Immigration Legal Services,,8033277144,http://charitiessc.org/immigration-legal-services,charitiessc.org,Rock Hill,SC,US,immigration,immigration_advocates_network,https://www.immigrationadvocates.org/nonprofit/legaldirectory/organization.770235-Catholic_Charities_Immigration_ServicesRock_Hill_Office,,524 Charlotte Ave,29730,,
,,Charleston Legal Access,Immigration Legal Services,,843-640-5980,https://www.charlestonlegalaccess.org/,charlestonlegalaccess.org,North Charleston,SC,US,immigration,immigration_advocates_network,https://www.immigrationadvocates.org/nonprofit/legaldirectory/organization.810744-Charleston_Legal_Access,,"1816 Success St building A unit 102,",29405,,
,,Immigrant Connection - Greenville Multicultural Church,Immigration Legal Services,,(864) 295-0945,https://greenvillemulticultural.com/IC,greenvillemulticultural.com,Greenville,SC,US,immigration,immigration_advocates_network,https://www.immigrationadvocates.org/nonprofit/legaldirectory/organization.622922-Immigrant_Connection_Greenville_Multicultural_Church,,103 S. Texas Ave,29611,,
,,Immigrant Connection - Spartanburg,Immigration Legal Services,,(864) 310-3109,https://www.nuevagduncan.com/immigration-connection,nuevagduncan.com,Ducan,SC,US,immigration,immigration_advocates_network,https://www.immigrationadvocates.org/nonprofit/legaldirectory/organization.813826-Immigrant_Connection_Spartanburg,,203 South Main Street,29334,,
,,Immigrant Connection at El Camino,Immigration Legal Services,,(864) 397-9283,http://www.elcamin.webs.com,elcamin.webs.com,Greenville,SC,US,immigration,immigration_advocates_network,https://www.immigrationadvocates.org/nonprofit/legaldirectory/organization.571444-Immigrant_Connection_at_El_Camino,,103 Crescent Ridge Drive,29615-2118,,
,,SCVAN,Immigration Legal Services,,8643126453,http://www.scvan.org,scvan.org,Spartanburg,SC,US,immigration,immigration_advocates_network,https://www.immigrationadvocates.org/nonprofit/legaldirectory/organization.393297-SCVAN,(866) 473-1272,PO,29301,,
,,South Carolina Legal Services (Charleston Office),Immigration Legal Services,,(843) 720-7044,http://www.sclegal.org,sclegal.org,Charleston,SC,US,immigration,immigration_advocates_network,https://www.immigrationadvocates.org/nonprofit/legaldirectory/organization.393288-South_Carolina_Legal_Services_Charleston_Office,(843) 760-1090,2803 Carner Ave,29405,,
,,South Carolina Legal Services (Columbia Office),Immigration Legal Services,,(803) 799-9668,https://www.sclegal.org,sclegal.org,Columbia,SC,US,immigration,immigration_advocates_network,https://www.immigrationadvocates.org/nonprofit/legaldirectory/organization.393289-South_Carolina_Legal_Services_Columbia_Office,(803) 799-1781,2109 Bull St,29201,,
,,South Carolina Legal Services (Conway Office),Immigration Legal Services,,(843) 381-8182,http://www.sclegal.org,sclegal.org,Conway,SC,US,immigration,immigration_advocates_network,https://www.immigrationadvocates.org/nonprofit/legaldirectory/organization.393290-South_Carolina_Legal_Services_Conway_Office,(843) 381-8372,"1201 B Creel Street, Wing A-1",29527,,
,,South Carolina Legal Services (Florence Office),Immigration Legal Services,,(843) 413-9500,http://www.sclegal.org,sclegal.org,Florence,SC,US,immigration,immigration_advocates_network,https://www.immigrationadvocates.org/nonprofit/legaldirectory/organization.393291-South_Carolina_Legal_Services_Florence_Office,(843) 413-1013,320 S. Coit St,29501,,
,,South Carolina Legal Services (Greenville Office),Immigration Legal Services,,(864) 679-3232,http://www.sclegal.org,sclegal.org,Greenville,SC,US,immigration,immigration_advocates_network,https://www.immigrationadvocates.org/nonprofit/legaldirectory/organization.393292-South_Carolina_Legal_Services_Greenville_Office,(864) 679-3260,701 S. Main St.,29601,,
,,South Carolina Legal Services (Greenwood Office),Immigration Legal Services,,(864) 223-4879,http://www.sclegal.org,sclegal.org,Greenwood,SC,US,immigration,immigration_advocates_network,https://www.immigrationadvocates.org/nonprofit/legaldirectory/organization.393293-South_Carolina_Legal_Services_Greenwood_Office,(864) 223-7629,316 W. Cambridge Ave,29646,,
,,South Carolina Legal Services (Orangeburg Office),Immigration Legal Services,,(803) 533-0116,http://www.sclegal.org,sclegal.org,Orangeburg,SC,US,immigration,immigration_advocates_network,https://www.immigrationadvocates.org/nonprofit/legaldirectory/organization.393294-South_Carolina_Legal_Services_Orangeburg_Office,(803) 531-5102,"126 Associate Pkwy, PO Box 1646",29116,,
,,South Carolina Legal Services (Pee Dee Office),Immigration Legal Services,,(843) 413-9500,http://www.sclegal.org,sclegal.org,Florence,SC,US,immigration,immigration_advocates_network,https://www.immigrationadvocates.org/nonprofit/legaldirectory/organization.503232-South_Carolina_Legal_Services_Pee_Dee_Office,(843) 413-1013,320 South Coit St.,29501,,
,,South Carolina Legal Services (Rock Hill Office),Immigration Legal Services,,(803) 327-9001,http://www.sclegal.org,sclegal.org,Rock Hill,SC,US,immigration,immigration_advocates_network,https://www.immigrationadvocates.org/nonprofit/legaldirectory/organization.393295-South_Carolina_Legal_Services_Rock_Hill_Office,(803) 327-7105,214 Johnston St,29731,,
,,South Carolina Legal Services (Spartanburg Office),Immigration Legal Services,,(864) 582-0369,http://www.sclegal.org,sclegal.org,Spartanburg,SC,US,immigration,immigration_advocates_network,https://www.immigrationadvocates.org/nonprofit/legaldirectory/organization.393296-South_Carolina_Legal_Services_Spartanburg_Office,(864) 582-0302,148 E. Main St,29306,,
,,South Carolina Victim Assistance Network - Immigrant Victim Program (Columbia Office),Immigration Legal Services,,(803) 750-1200,http://www.scvan.org,scvan.org,Columbia,SC,US,immigration,immigration_advocates_network,https://www.immigrationadvocates.org/nonprofit/legaldirectory/organization.393298-South_Carolina_Victim_Assistance_Network_Immigrant_Victim_Program_Columbia,(866) 473-1272,PO  Box 212863,29221,,
,,AppalRed Legal Aid (Barbourville Office),Immigration Legal Services,,(606) 546-5115,http://www.ardfky.org,ardfky.org,Barbourville,KY,US,immigration,immigration_advocates_network,https://www.immigrationadvocates.org/nonprofit/legaldirectory/organization.392902-AppalRed_Legal_Aid_Barbourville_Office,(606) 546-5117,"700 Pitzer St., Ste 1",40906,,
,,AppalRed Legal Aid (Hazard Office),Immigration Legal Services,,(606) 439-2315,http://www.ardfky.org,ardfky.org,Hazard,KY,US,immigration,immigration_advocates_network,https://www.immigrationadvocates.org/nonprofit/legaldirectory/organization.392904-AppalRed_Legal_Aid_Hazard_Office,(606) 439-4364,600 High St,41702,,
,,AppalRed Legal Aid (Pikeville Office),Immigration Legal Services,,(606) 437-3446,http://www.ardfky.org,ardfky.org,Pikeville,KY,US,immigration,immigration_advocates_network,https://www.immigrationadvocates.org/nonprofit/legaldirectory/organization.392906-AppalRed_Legal_Aid_Pikeville_Office,(606) 437-2365,146 Main Street,41501,,
,,AppalRed Legal Aid (Prestonsburg Office),Immigration Legal Services,,(606) 886-3876,http://www.ardfky.org,ardfky.org,Prestonsburg,KY,US,immigration,immigration_advocates_network,https://www.immigrationadvocates.org/nonprofit/legaldirectory/organization.392907-AppalRed_Legal_Aid_Prestonsburg_Office,(606) 886-3704,120 N. Front Ave,41653,,
,,AppalRed Legal Aid (Richmond Office),Immigration Legal Services,,(859) 624-1394,http://www.ardfky.org,ardfky.org,Richmond,KY,US,immigration,immigration_advocates_network,https://www.immigrationadvocates.org/nonprofit/legaldirectory/organization.392908-AppalRed_Legal_Aid_Richmond_Office,(606) 624-1396,114 North Third St.,40475,,
,,AppalRed Legal Aid (Somerset Office),Immigration Legal Services,,(606) 679-7313,http://www.ardfky.org,ardfky.org,Somerset,KY,US,immigration,immigration_advocates_network,https://www.immigrationadvocates.org/nonprofit/legaldirectory/organization.392909-AppalRed_Legal_Aid_Somerset_Office,(606) 679-7315,108 College St,42501,,
,,Catholic Charities Diocese of Owensboro,Immigration Legal Services,,270-852-8367,https://owensborodiocese.org/catholic-charities/,owensborodiocese.org,Owensboro,KY,US,immigration,immigration_advocates_network,https://www.immigrationadvocates.org/nonprofit/legaldirectory/organization.820900-Catholic_Charities_Diocese_of_Owensboro,270-683-6883,600 Locust St,42301,,
,,"Catholic Charities of Louisville, Inc. - Immigration Legal Services",Immigration Legal Services,,(502) 637-9097,http://www.cclou.org,cclou.org,Louisville,KY,US,immigration,immigration_advocates_network,https://www.immigrationadvocates.org/nonprofit/legaldirectory/organization.392918-Catholic_Charities_of_Louisville_Inc_Immigration_Legal_Services,(502) 637-9780,435 E. Broadway,40202,,
,,Community Response Coalition of Kentucky Inc.,Immigration Legal Services,,8006749217,https://www.crc4me.org/,crc4me.org,Lexington,KY,US,immigration,immigration_advocates_network,https://www.immigrationadvocates.org/nonprofit/legaldirectory/organization.808788-Community_Response_Coalition_of_Kentucky_Inc,,"153 Patchen Dr, St 39",40517,,
,,"Kentucky Refugee Ministries, Inc. (Lexington Office)",Immigration Legal Services,,(859) 226-5661,http://www.kyrm.org,kyrm.org,Lexington,KY,US,immigration,immigration_advocates_network,https://www.immigrationadvocates.org/nonprofit/legaldirectory/organization.566640-Kentucky_Refugee_Ministries_Inc_Lexington_Office,,"501 W 6th St, Suite 250",40508,,
,,"Kentucky Refugee Ministries, Inc. (Louisville Office)",Immigration Legal Services,,(502) 479-9180  586,http://www.kyrm.org,kyrm.org,Louisville,KY,US,immigration,immigration_advocates_network,https://www.immigrationadvocates.org/nonprofit/legaldirectory/organization.392912-Kentucky_Refugee_Ministries_Inc_Louisville_Office,,969-B Cherokee Rd,40204,,
,,Legal Aid of the Bluegrass (Ashland Office),Immigration Legal Services,,(606) 329-1321,http://www.lablaw.org,lablaw.org,Ashland,KY,US,immigration,immigration_advocates_network,https://www.immigrationadvocates.org/nonprofit/legaldirectory/organization.392913-Legal_Aid_of_the_Bluegrass_Ashland_Office,(606) 325-0615,1616 Greenup Ave.,41101,,
,,Legal Aid of the Bluegrass (Covington Office),Immigration Legal Services,,(859) 431-8200,http://www.lablaw.org,lablaw.org,Covington,KY,US,immigration,immigration_advocates_network,https://www.immigrationadvocates.org/nonprofit/legaldirectory/organization.392914-Legal_Aid_of_the_Bluegrass_Covington_Office,(859) 431-3009,104 East 7th Street,41011,,
,,Legal Aid of the Bluegrass (Lexington Office),Immigration Legal Services,,(859) 233-4556,http://www.lablaw.org,lablaw.org,Lexington,KY,US,immigration,immigration_advocates_network,https://www.immigrationadvocates.org/nonprofit/legaldirectory/organization.392915-Legal_Aid_of_the_Bluegrass_Lexington_Office,(859) 233-1907,"300 East Main Street, Suite 110",40507,,
,,Legal Aid of the Bluegrass (Morehead Office),Immigration Legal Services,,(606) 784-8921,http://www.lablaw.org,lablaw.org,Morehead,KY,US,immigration,immigration_advocates_network,https://www.immigrationadvocates.org/nonprofit/legaldirectory/organization.392916-Legal_Aid_of_the_Bluegrass_Morehead_Office,(606) 783-1342,"546 Main Street, Suite 1",40351,,
,,Maxwell Street Legal Clinic - Kentucky Equal Justice Center,Immigration Legal Services,,(859) 233-3840,https://www.kyequaljustice.org/maxlegalaid,kyequaljustice.org,Lexington,KY,US,immigration,immigration_advocates_network,https://www.immigrationadvocates.org/nonprofit/legaldirectory/organization.392911-Maxwell_Street_Legal_Clinic_Kentucky_Equal_Justice_Center,(859) 554-0504,315 Lexington Ave,40508,,
,,Neighbors Immigration Clinic,Immigration Legal Services,,(859) 699-6948,http://kyneighborsclinic.org,kyneighborsclinic.org,Lexington,KY,US,immigration,immigration_advocates_network,https://www.immigrationadvocates.org/nonprofit/legaldirectory/organization.749639-Neighbors_Immigration_Clinic,,P.O. Box 1034,40588,,
,,"Union of Refugees and Immigrants for Development in America, Inc (URIDA)",Immigration Legal Services,,2707913334,http://www.uridabgky.com,uridabgky.com,Bowling Green,KY,US,immigration,immigration_advocates_network,https://www.immigrationadvocates.org/nonprofit/legaldirectory/organization.784092-Union_of_Refugees_and_Immigrants_for_Development_in_America_Inc_URIDA,,325 Emmett Ave,42101,,
,,W KY REFUGEE MUTUAL ASST SOCIETY,Immigration Legal Services,,270-781-8336,https://www.icofky.com/,icofky.com,BOWLING GREEN,KY,US,immigration,immigration_advocates_network,https://www.immigrationadvocates.org/nonprofit/legaldirectory/organization.736135-W_KY_REFUGEE_MUTUAL_ASST_SOCIETY,270-781-8136,806 KENTON ST,42101,,
,,Catholic Charities Archdioces of New Orleans - Hispanic Apostolate Community Services,Immigration Legal Services,,(504) 310-6873,http://www.ccano.org/programs/hacs/,ccano.org,Metairie,LA,US,immigration,immigration_advocates_network,https://www.immigrationadvocates.org/nonprofit/legaldirectory/organization.392919-Catholic_Charities_Archdioces_of_New_Orleans_Hispanic_Apostolate_Community,(504) 457-3467,2505 Maine Ave,70003,,
,,Catholic Charities Archdiocese of New Orleans - Immigration and Refugee Services,Immigration Legal Services,,(504) 310-6862,http://www.ccano.org,ccano.org,New Orleans,LA,US,immigration,immigration_advocates_network,https://www.immigrationadvocates.org/nonprofit/legaldirectory/organization.392928-Catholic_Charities_Archdiocese_of_New_Orleans_Immigration_and_Refugee_Serv,(504) 592-4008,"1000 Howard Ave., Suite 200",70113,,
,,Catholic Charities of North Louisiana,Immigration Legal Services,,318-865-0200,https://www.ccnla.org,ccnla.org,Shreveport,LA,US,immigration,immigration_advocates_network,https://www.immigrationadvocates.org/nonprofit/legaldirectory/organization.763357-Catholic_Charities_of_North_Louisiana,318-865-0200,902 Olive Street,71104,,
,,Diocese of Lafayette - Migration and Refugee Services,Immigration Legal Services,,(337) 261-5535,http://www.diolaf.org,diolaf.org,Lafayette,LA,US,immigration,immigration_advocates_network,https://www.immigrationadvocates.org/nonprofit/legaldirectory/organization.392921-Diocese_of_Lafayette_Migration_and_Refugee_Services,(337) 261-5539,1408 Carmel Drive,70501,,
,,Gulf Coast Center for Law & Policy,Immigration Legal Services,,(985) 643-6186,https://www.gcclp.org,gcclp.org,Slidell,LA,US,immigration,immigration_advocates_network,https://www.immigrationadvocates.org/nonprofit/legaldirectory/organization.477991-Gulf_Coast_Center_for_Law_Policy,(985) 643-6118,"620 Oak Harbor Blvd., Ste 203",70458,,
,,Hispanic Apostolate of the Catholic Diocese of Baton Rouge,Immigration Legal Services,,(225) 927-8700,http://www.apostoladohispano.org,apostoladohispano.org,Baton Rouge,LA,US,immigration,immigration_advocates_network,https://www.immigrationadvocates.org/nonprofit/legaldirectory/organization.392922-Hispanic_Apostolate_of_the_Catholic_Diocese_of_Baton_Rouge,(504) 467-2552,6380 Hooper Rd,70811,,
,,Immigration Services and Legal Advocacy (ISLA),Immigration Legal Services,,504-265-0416,http://www.islaimmigration.org,islaimmigration.org,New Orleans,LA,US,immigration,immigration_advocates_network,https://www.immigrationadvocates.org/nonprofit/legaldirectory/organization.811023-Immigration_Services_and_Legal_Advocacy_ISLA,,"3801 Canal Street, Suite 210",70119,,
,,Louisiana Organization for Refugees and Immigrants (LORI),Immigration Legal Services,,225-239-7819,https://www.mylori.org,mylori.org,Baton Rouge,LA,US,immigration,immigration_advocates_network,https://www.immigrationadvocates.org/nonprofit/legaldirectory/organization.811280-Louisiana_Organization_for_Refugees_and_Immigrants_LORI,,1120 Government Street,70802,,
,,Loyola University College of Law - Stuart H. Smith Law Clinic and Center for Social Justice,Immigration Legal Services,,(504) 861-5595,http://www.loyno.edu/lawclinic,loyno.edu,New Orleans,LA,US,immigration,immigration_advocates_network,https://www.immigrationadvocates.org/nonprofit/legaldirectory/organization.392932-Loyola_University_College_of_Law_Stuart_H_Smith_Law_Clinic_and_Center_for,(504) 861-5532,"7214 St. Charles Avenue, Box 902",70118,,
,,Project Ishmael,Immigration Legal Services,,(504) 233-3057,http://www.projectishmaelnola.org/,projectishmaelnola.org,New Orleans,LA,US,immigration,immigration_advocates_network,https://www.immigrationadvocates.org/nonprofit/legaldirectory/organization.623045-Project_Ishmael,(504) 515-0315,3401 Canal Street,70119,,
,,St. Frances Cabrini Immigration Law Center,Immigration Legal Services,,-,,,Lake Charles,LA,US,immigration,immigration_advocates_network,https://www.immigrationadvocates.org/nonprofit/legaldirectory/organization.392927-St_Frances_Cabrini_Immigration_Law_Center,(337) 477-1863,3226 Lake St,70601,,
,,Catholic Social Services of Mobile - Refugee Resettlement Program (Mobile Office),Immigration Legal Services,,(251) 432-2727,https://catholicsocialservices.org/,catholicsocialservices.org,Mobile,AL,US,immigration,immigration_advocates_network,https://www.immigrationadvocates.org/nonprofit/legaldirectory/organization.392535-Catholic_Social_Services_of_Mobile_Refugee_Resettlement_Program_Mobile_Off,(251) 432-2927,188 S. Florida Street,36606,,
,,Catholic Social Services of Montgomery - Immigrant Services,Immigration Legal Services,,(334) 288-8890  219,http://www.cssalabama.org,cssalabama.org,Montgomery,AL,US,immigration,immigration_advocates_network,https://www.immigrationadvocates.org/nonprofit/legaldirectory/organization.392536-Catholic_Social_Services_of_Montgomery_Immigrant_Services,(334) 288-9322,4455 Narrow Lane Rd,36116,,
,,Gulf States Immigration Services,Immigration Legal Services,,(251) 391-6012,https://gulfstatesvisas.org,gulfstatesvisas.org,Mobile,AL,US,immigration,immigration_advocates_network,https://www.immigrationadvocates.org/nonprofit/legaldirectory/organization.661340-Gulf_States_Immigration_Services,,126 Mobile Street,36607,,
,,Hispanic and Immigrant Center of Alabama (¡HICA!),Immigration Legal Services,,205-942-5505,https://hicaalabama.org/en/home,hicaalabama.org,Birmingham,AL,US,immigration,immigration_advocates_network,https://www.immigrationadvocates.org/nonprofit/legaldirectory/organization.763258-Hispanic_and_Immigrant_Center_of_Alabama_HICA,205-942-5525,117 Southcrest Dr,35209,,
,,Hispanic Catholic Social Services -  La Casita,Immigration Legal Services,,(205) 876-8190,http://hcsslacasita.org/immigration/,hcsslacasita.org,Birmingham,AL,US,immigration,immigration_advocates_network,https://www.immigrationadvocates.org/nonprofit/legaldirectory/organization.443791-Hispanic_Catholic_Social_Services_La_Casita,,92 Oxmoor Rd.,35209,,
,,Nicaraguan American Human Rights Alliance,Immigration Legal Services,,,https://Http://www.nahraglobal.org,http,Washington DC,AL,US,immigration,immigration_advocates_network,https://www.immigrationadvocates.org/nonprofit/legaldirectory/organization.785173-Nicaraguan_American_Human_Rights_Alliance,,"1400 20th St, NW #G4",20036,,
,,Southern Center for Equity Advancement and Immigrant Refuge,Immigration Legal Services,,(205) 886-9988,https://www.sceair.org,sceair.org,Tuscalosoa,AL,US,immigration,immigration_advocates_network,https://www.immigrationadvocates.org/nonprofit/legaldirectory/organization.819527-Southern_Center_for_Equity_Advancement_and_Immigrant_Refuge,,811 5th Ave,35401,,
,,American Dream Center,Immigration Legal Services,,(539) 202-7702,http://www.amdreamcenter.com,amdreamcenter.com,Tulsa,OK,US,immigration,immigration_advocates_network,https://www.immigrationadvocates.org/nonprofit/legaldirectory/organization.702282-American_Dream_Center,,"3140 S. Winston Ave., Suite 10",74135,,
,,Catholic Charities of Oklahoma City - Immigration Legal Services (Oklahoma City Office),Immigration Legal Services,,(405) 523-3001,http://www.catholiccharitiesok.org,catholiccharitiesok.org,Oklahoma City,OK,US,immigration,immigration_advocates_network,https://www.immigrationadvocates.org/nonprofit/legaldirectory/organization.393253-Catholic_Charities_of_Oklahoma_City_Immigration_Legal_Services_Oklahoma_Ci,(405) 523-3028,1232 N Classen Blvd,73106,,
,,Catholic Charities of Tulsa,Immigration Legal Services,,(918) 949-4673,http://www.cctulsa.org,cctulsa.org,Tulsa,OK,US,immigration,immigration_advocates_network,https://www.immigrationadvocates.org/nonprofit/legaldirectory/organization.393254-Catholic_Charities_of_Tulsa,(918) 582-0883,2450 N. Harvard Ave,74158,,
,,Hispanic American Mission,Immigration Legal Services,,(405) 272-0890,,,Oklahoma City,OK,US,immigration,immigration_advocates_network,https://www.immigrationadvocates.org/nonprofit/legaldirectory/organization.393252-Hispanic_American_Mission,,1836 N.W. 3rd St,73106,,
,,"Hispanic Equal Legal Protection, Inc.",Immigration Legal Services,,(405) 708-9521,,,Oklahoma City,OK,US,immigration,immigration_advocates_network,https://www.immigrationadvocates.org/nonprofit/legaldirectory/organization.531177-Hispanic_Equal_Legal_Protection_Inc,,3725 NW 32nd St.,73112,,
,,Immigrant Connection at May Ave. Wesleyan Church,Immigration Legal Services,,405-684-3247,https://www.facebook.com/mawcimmigrant/,facebook.com,Oklahoma City,OK,US,immigration,immigration_advocates_network,https://www.immigrationadvocates.org/nonprofit/legaldirectory/organization.740255-Immigrant_Connection_at_May_Ave_Wesleyan_Church,,5201 S. May Ave.,73119,,
,,Immigration Center at Western Oaks,Immigration Legal Services,,(405) 506-0346,https://thefellowshipnaz.com/immigration,thefellowshipnaz.com,Oklahoma City,OK,US,immigration,immigration_advocates_network,https://www.immigrationadvocates.org/nonprofit/legaldirectory/organization.654188-Immigration_Center_at_Western_Oaks,,7901 NW 16th Street,73127,,
,,"Legal Aid Services of Oklahoma, Inc. (Ada Office)",Immigration Legal Services,,(580) 332-7141,http://www.legalaidok.org,legalaidok.org,Ada,OK,US,immigration,immigration_advocates_network,https://www.immigrationadvocates.org/nonprofit/legaldirectory/organization.594857-Legal_Aid_Services_of_Oklahoma_Inc_Ada_Office,,410 South Mississippi Avenue,74820,,
,,"Legal Aid Services of Oklahoma, Inc. (Altus Office)",Immigration Legal Services,,(580) 482-7431,http://www.legalaidok.org,legalaidok.org,Altus,OK,US,immigration,immigration_advocates_network,https://www.immigrationadvocates.org/nonprofit/legaldirectory/organization.594859-Legal_Aid_Services_of_Oklahoma_Inc_Altus_Office,,"3000 N. Main Street, Suite 500",73521,,
,,"Legal Aid Services of Oklahoma, Inc. (Ardmore Office)",Immigration Legal Services,,(580) 226-4863,http://www.legalaidok.org,legalaidok.org,Ardmore,OK,US,immigration,immigration_advocates_network,https://www.immigrationadvocates.org/nonprofit/legaldirectory/organization.594860-Legal_Aid_Services_of_Oklahoma_Inc_Ardmore_Office,,14 E Street Southwest,73401,,
,,"Legal Aid Services of Oklahoma, Inc. (Bartlesville Office)",Immigration Legal Services,,(918) 336-5736,http://www.legalaidok.org,legalaidok.org,Bartlesville,OK,US,immigration,immigration_advocates_network,https://www.immigrationadvocates.org/nonprofit/legaldirectory/organization.594865-Legal_Aid_Services_of_Oklahoma_Inc_Bartlesville_Office,,"3851 East Tuxedo, Suite E",74006,,
,,"Legal Aid Services of Oklahoma, Inc. (Guymon Office)",Immigration Legal Services,,(580) 338-3868,http://www.legalaidok.org,legalaidok.org,Guymon,OK,US,immigration,immigration_advocates_network,https://www.immigrationadvocates.org/nonprofit/legaldirectory/organization.594871-Legal_Aid_Services_of_Oklahoma_Inc_Guymon_Office,,417 North Main Street,73942,,
,,"Legal Aid Services of Oklahoma, Inc. (Hugo Office)",Immigration Legal Services,,(580) 326-9655,http://www.legalaidok.org,legalaidok.org,Hugo,OK,US,immigration,immigration_advocates_network,https://www.immigrationadvocates.org/nonprofit/legaldirectory/organization.594872-Legal_Aid_Services_of_Oklahoma_Inc_Hugo_Office,,402 East Duke Street,74743,,
,,"Legal Aid Services of Oklahoma, Inc. (Lawton Office)",Immigration Legal Services,,(580) 248-4675,http://www.legalaidok.org,legalaidok.org,Lawton,OK,US,immigration,immigration_advocates_network,https://www.immigrationadvocates.org/nonprofit/legaldirectory/organization.594873-Legal_Aid_Services_of_Oklahoma_Inc_Lawton_Office,,323 SW C Avenue,73501,,
,,"Legal Aid Services of Oklahoma, Inc. (McAlester Office)",Immigration Legal Services,,(918) 423-2030,http://www.legalaidok.org,legalaidok.org,McAlester,OK,US,immigration,immigration_advocates_network,https://www.immigrationadvocates.org/nonprofit/legaldirectory/organization.594874-Legal_Aid_Services_of_Oklahoma_Inc_McAlester_Office,,"321 S. 3rd Street, Suite 6",74501,,
,,"Legal Aid Services of Oklahoma, Inc. (Muskogee Office)",Immigration Legal Services,,(918) 683-5681,http://www.legalaidok.org,legalaidok.org,Muskogee,OK,US,immigration,immigration_advocates_network,https://www.immigrationadvocates.org/nonprofit/legaldirectory/organization.594877-Legal_Aid_Services_of_Oklahoma_Inc_Muskogee_Office,,624 West Broadway,74401,,
,,"Legal Aid Services of Oklahoma, Inc. (Norman Office)",Immigration Legal Services,,(405) 360-6631,http://www.legalaidok.org,legalaidok.org,Norman,OK,US,immigration,immigration_advocates_network,https://www.immigrationadvocates.org/nonprofit/legaldirectory/organization.594878-Legal_Aid_Services_of_Oklahoma_Inc_Norman_Office,,"2600 Van Buren Street, Suite 2606",73072,,
,,"Legal Aid Services of Oklahoma, Inc. (Poteau Office)",Immigration Legal Services,,(918) 647-8136,http://www.legalaidok.org,legalaidok.org,Poteau,OK,US,immigration,immigration_advocates_network,https://www.immigrationadvocates.org/nonprofit/legaldirectory/organization.594884-Legal_Aid_Services_of_Oklahoma_Inc_Poteau_Office,,224 Dewey Avenue,74953,,
,,"Legal Aid Services of Oklahoma, Inc. (Shawnee Office)",Immigration Legal Services,,(405) 275-6870,http://www.legalaidok.org,legalaidok.org,Shawnee,OK,US,immigration,immigration_advocates_network,https://www.immigrationadvocates.org/nonprofit/legaldirectory/organization.594885-Legal_Aid_Services_of_Oklahoma_Inc_Shawnee_Office,,"316 N. Broadway, Suite C",74801,,
,,"Legal Aid Services of Oklahoma, Inc. (Stillwater Office)",Immigration Legal Services,,(405) 624-1734,http://www.legalaidok.org,legalaidok.org,Stillwater,OK,US,immigration,immigration_advocates_network,https://www.immigrationadvocates.org/nonprofit/legaldirectory/organization.594888-Legal_Aid_Services_of_Oklahoma_Inc_Stillwater_Office,,312 South Duck,74074,,
,,"Legal Aid Services of Oklahoma, Inc. (Tahlequah Office)",Immigration Legal Services,,(918) 708-1150,http://www.legalaidok.org,legalaidok.org,Tahlequah,OK,US,immigration,immigration_advocates_network,https://www.immigrationadvocates.org/nonprofit/legaldirectory/organization.594892-Legal_Aid_Services_of_Oklahoma_Inc_Tahlequah_Office,,224 S. Muskogee Avenue,74464,,
,,"Legal Aid Services of Oklahoma, Inc. (Tulsa Office)",Immigration Legal Services,,(918) 584-3338,http://www.legalaidok.org,legalaidok.org,Tulsa,OK,US,immigration,immigration_advocates_network,https://www.immigrationadvocates.org/nonprofit/legaldirectory/organization.594894-Legal_Aid_Services_of_Oklahoma_Inc_Tulsa_Office,,"907 S. Detroit Avenue, Suite 725",74120,,
,,"Legal Aid Services of Oklahoma, Inc. (Weatherford Office)",Immigration Legal Services,,(580) 774-2235,http://www.legalaidok.org,legalaidok.org,Weatherford,OK,US,immigration,immigration_advocates_network,https://www.immigrationadvocates.org/nonprofit/legaldirectory/organization.594895-Legal_Aid_Services_of_Oklahoma_Inc_Weatherford_Office,,109 South Broadway Street,73096,,
,,"Legal Aid Services of Oklahoma, Inc. (Woodward Office)",Immigration Legal Services,,(580) 256-4903,http://www.legalaidok.org,legalaidok.org,Woodward,OK,US,immigration,immigration_advocates_network,https://www.immigrationadvocates.org/nonprofit/legaldirectory/organization.594897-Legal_Aid_Services_of_Oklahoma_Inc_Woodward_Office,,1115 East 18th Street,73801,,
,,University of Tulsa College of Law Legal Clinic,Immigration Legal Services,,(918) 631-5799,http://law.utulsa.edu/academics/legal-clinics/immigrant-rights-project,law.utulsa.edu,Tulsa,OK,US,immigration,immigration_advocates_network,https://www.immigrationadvocates.org/nonprofit/legaldirectory/organization.393255-University_of_Tulsa_College_of_Law_Legal_Clinic,(918) 631-5798,407 S. Florence Ave,74104,,
,,YWCA Tulsa - Immigrant and Refugee Program,Immigration Legal Services,,(918) 663-0377,http://www.ywcatulsa.org,ywcatulsa.org,Tulsa,OK,US,immigration,immigration_advocates_network,https://www.immigrationadvocates.org/nonprofit/legaldirectory/organization.393256-YWCA_Tulsa_Immigrant_and_Refugee_Program,(539) 525-0415,8145 E. 17th St.,74112,,
,,Catholic Charities of Archdiocese of Dubuque - Immigration Legal Services,Immigration Legal Services,,(319) 364-7121,https://www.catholiccharitiesdubuque.org/catholic-charities-services/immigration-legal-services/,catholiccharitiesdubuque.org,Cedar Rapids,IA,US,immigration,immigration_advocates_network,https://www.immigrationadvocates.org/nonprofit/legaldirectory/organization.392842-Catholic_Charities_of_Archdiocese_of_Dubuque_Immigration_Legal_Services,(319) 364-7122,"420 6th SE, Suite 220",52401,,
,,Catholic Charities of the Archdiocese of Dubuque (Cedar Rapids),Immigration Legal Services,,(319) 364-7121,http://www.CatholicCharitiesDubuque.org,catholiccharitiesdubuque.org,Cedar Rapids,IA,US,immigration,immigration_advocates_network,https://www.immigrationadvocates.org/nonprofit/legaldirectory/organization.392835-Catholic_Charities_of_the_Archdiocese_of_Dubuque_Cedar_Rapids,(319) 364-7122,"Sr. Mary Lawrence Community Center, 420 6th St S.E., Suite 220",52401,,
,,"Diocesan Immigration Program, Diocese of Davenport",Immigration Legal Services,,5633241911,http://www.davenportdiocese.org/socialaction/saimmigrationprogram.htm,davenportdiocese.org,Davenport,IA,US,immigration,immigration_advocates_network,https://www.immigrationadvocates.org/nonprofit/legaldirectory/organization.392839-Diocesan_Immigration_Program_Diocese_of_Davenport,,780 West Central Park Ave,52804-1901,,
,,Drake Refugee Clinic,Immigration Legal Services,,(515) 271-3851,https://www.drake.edu/law/clinics-centers/clinic/refugeeclinic/,drake.edu,Des Moines,IA,US,immigration,immigration_advocates_network,https://www.immigrationadvocates.org/nonprofit/legaldirectory/organization.781322-Drake_Refugee_Clinic,,2400 University Ave.,50311,,
,,Immigrant Connection at Table Church,Immigration Legal Services,,(515) 207-0365,https://tablechurchdsm.org/ic-home,tablechurchdsm.org,Des Moines,IA,US,immigration,immigration_advocates_network,https://www.immigrationadvocates.org/nonprofit/legaldirectory/organization.813978-Immigrant_Connection_at_Table_Church,,855 17th St,50314,,
,,Immigrant Connection of Northwest Iowa,Immigration Legal Services,,712-722-3003,https://mariamagdalenarca.org/immigrant-connection/,mariamagdalenarca.org,Sioux Center,IA,US,immigration,immigration_advocates_network,https://www.immigrationadvocates.org/nonprofit/legaldirectory/organization.821131-Immigrant_Connection_of_Northwest_Iowa,,303 N Main Ave,51250,,
,,Iowa Legal Aid,Immigration Legal Services,,(800) 532-1275,http://www.iowalegalaid.org,iowalegalaid.org,Des Moines,IA,US,immigration,immigration_advocates_network,https://www.immigrationadvocates.org/nonprofit/legaldirectory/organization.392831-Iowa_Legal_Aid,(515) 246-6075,"666 Walnut St., 25th Floor",50309,,
,,Iowa Migrant Movement for Justice (Cedar Rapids Office),Immigration Legal Services,,(515) 255-9809,https://www.iowammj.org/,iowammj.org,Cedar Rapids,IA,US,immigration,immigration_advocates_network,https://www.immigrationadvocates.org/nonprofit/legaldirectory/organization.392834-Iowa_Migrant_Movement_for_Justice_Cedar_Rapids_Office,,,52402,,
,,Iowa Migrant Movement for Justice (Columbus Junction Office),Immigration Legal Services,,(515) 255-9809,http://www.iowammj.org,iowammj.org,Columbus Junction,IA,US,immigration,immigration_advocates_network,https://www.immigrationadvocates.org/nonprofit/legaldirectory/organization.392836-Iowa_Migrant_Movement_for_Justice_Columbus_Junction_Office,,,52738,,
,,Iowa Migrant Movement for Justice (Decorah Office),Immigration Legal Services,,(515) 255-9809,http://www.iowammj.org,iowammj.org,,IA,US,immigration,immigration_advocates_network,https://www.immigrationadvocates.org/nonprofit/legaldirectory/organization.544421-Iowa_Migrant_Movement_for_Justice_Decorah_Office,,,52101,,
,,Iowa Migrant Movement for Justice (Des Moines Office),Immigration Legal Services,,(515) 255-9809,http://www.iowammj.org,iowammj.org,Des Moines,IA,US,immigration,immigration_advocates_network,https://www.immigrationadvocates.org/nonprofit/legaldirectory/organization.392837-Iowa_Migrant_Movement_for_Justice_Des_Moines_Office,,PO Box 41006,50311,,
,,Iowa Migrant Movement for Justice (Marshalltown Office),Immigration Legal Services,,(515) 255-9809,http://www.iowammj.org,iowammj.org,,IA,US,immigration,immigration_advocates_network,https://www.immigrationadvocates.org/nonprofit/legaldirectory/organization.730267-Iowa_Migrant_Movement_for_Justice_Marshalltown_Office,,,50158,,
,,Iowa Migrant Movement for Justice (Ottumwa Office),Immigration Legal Services,,(515) 255-9809,http://www.iowammj.org,iowammj.org,Ottumwa,IA,US,immigration,immigration_advocates_network,https://www.immigrationadvocates.org/nonprofit/legaldirectory/organization.544420-Iowa_Migrant_Movement_for_Justice_Ottumwa_Office,,,52501,,
,,Iowa Migrant Movement for Justice (Storm Lake Office),Immigration Legal Services,,(515) 255-9809,http://www.iowammj.org,iowammj.org,Storm Lake,IA,US,immigration,immigration_advocates_network,https://www.immigrationadvocates.org/nonprofit/legaldirectory/organization.392838-Iowa_Migrant_Movement_for_Justice_Storm_Lake_Office,,,50588,,
,,"La Luz Hispana, dba La Luz Centro Cultural",Immigration Legal Services,,6418121090,https://www.laluzcc.org/,laluzcc.org,Hampton,IA,US,immigration,immigration_advocates_network,https://www.immigrationadvocates.org/nonprofit/legaldirectory/organization.753381-La_Luz_Hispana_dba_La_Luz_Centro_Cultural,641-812-1089,7 2nd Ave NE,50441,,
,,Mary J. Treglia Community House,Immigration Legal Services,,(712) 258-5137,http://www.marytreglia.org,marytreglia.org,Sioux City,IA,US,immigration,immigration_advocates_network,https://www.immigrationadvocates.org/nonprofit/legaldirectory/organization.392832-Mary_J_Treglia_Community_House,(712) 234-1843,900 Jennings St,51105,,
,,U.S. Committee for Refugees and Immigrants (USCRI),Immigration Legal Services,,515-344-3367,,,Des Moines,IA,US,immigration,immigration_advocates_network,https://www.immigrationadvocates.org/nonprofit/legaldirectory/organization.790689-US_Committee_for_Refugees_and_Immigrants_USCRI,,"1200 University Ave., Suite 205",50314,,
,,University of Iowa College of Law - Immigration Clinical Program,Immigration Legal Services,,(319) 335-9023,https://law.uiowa.edu/experiential-learning/clinical-law-program,law.uiowa.edu,Iowa City,IA,US,immigration,immigration_advocates_network,https://www.immigrationadvocates.org/nonprofit/legaldirectory/organization.392833-University_of_Iowa_College_of_Law_Immigration_Clinical_Program,(319) 353-5445,"380 Boyd Law Building, Melrose & Byington",52242,,
,,BYU Community Legal Clinic,Immigration Legal Services,,(801) 422-3025,https://law.byu.edu/explore/resources/centers-clinics/community-legal-clinic,law.byu.edu,Provo,UT,US,immigration,immigration_advocates_network,https://www.immigrationadvocates.org/nonprofit/legaldirectory/organization.746503-BYU_Community_Legal_Clinic,,"Wilkinson Center #2400, 1060 E. Campus Dr.",84604,,
,,Catholic Community Services of Utah - Migration & Refugee Services,Immigration Legal Services,,(801) 977-9119,http://www.ccsutah.org,ccsutah.org,Salt Lake City,UT,US,immigration,immigration_advocates_network,https://www.immigrationadvocates.org/nonprofit/legaldirectory/organization.393392-Catholic_Community_Services_of_Utah_Migration_Refugee_Services,(801) 977-9224,224 North 2200 West,84116,,
,,Comunidades Unidas / Communities United,Immigration Legal Services,,(801) 487-4143,http://www.cuutah.org,cuutah.org,West Valley City,UT,US,immigration,immigration_advocates_network,https://www.immigrationadvocates.org/nonprofit/legaldirectory/organization.552343-Comunidades_Unidas_Communities_United,(801) 487-4145,"1750 West Research Way, Suite 102",84119,,
,,Holy Cross Ministries of Utah - Immigration Services,Immigration Legal Services,,(801) 261-3440,http://www.holycrossministries.org,holycrossministries.org,Salt Lake City,UT,US,immigration,immigration_advocates_network,https://www.immigrationadvocates.org/nonprofit/legaldirectory/organization.393391-Holy_Cross_Ministries_of_Utah_Immigration_Services,(801) 261-3390,"860 E. 4500 S, Suite 204",84107,,
,,Immigrant Legal Services,Immigration Legal Services,,8018889186,http://www.immigrantlegalservices.org,immigrantlegalservices.org,Salt Lake City,UT,US,immigration,immigration_advocates_network,https://www.immigrationadvocates.org/nonprofit/legaldirectory/organization.603431-Immigrant_Legal_Services,,"715 East 3900 South, #109",84107,,
,,International Rescue Committee (Utah Office),Immigration Legal Services,,(801) 328-1091,https://www.rescue.org/announcement/immigration-services-irc-salt-lake-city,rescue.org,West Valley City,UT,US,immigration,immigration_advocates_network,https://www.immigrationadvocates.org/nonprofit/legaldirectory/organization.393390-International_Rescue_Committee_Utah_Office,(801) 328-1094,1149 W 2240 S,84119,,
,,Catholic Charities of Northeast Kansas - La Luz Center for Legal Assistance,Immigration Legal Services,,(913) 621-1504,http://www.catholiccharitiesks.org,catholiccharitiesks.org,Kansas City,KS,US,immigration,immigration_advocates_network,https://www.immigrationadvocates.org/nonprofit/legaldirectory/organization.392900-Catholic_Charities_of_Northeast_Kansas_La_Luz_Center_for_Legal_Assistance,(913) 621-7066,600 Minnesota Avenue,66101,,
,,Catholic Charities of Southwest Kansas,Immigration Legal Services,,620-272-0010,https://www.catholiccharitiesswks.org,catholiccharitiesswks.org,Garden City,KS,US,immigration,immigration_advocates_network,https://www.immigrationadvocates.org/nonprofit/legaldirectory/organization.765818-Catholic_Charities_of_Southwest_Kansas,620-272-0025,705 Ballinger St,67846,,
,,Catholic Charities Wichita Immigration Services,Immigration Legal Services,,(316) 264-0282,http://www.catholiccharitieswichita.org,catholiccharitieswichita.org,Wichita,KS,US,immigration,immigration_advocates_network,https://www.immigrationadvocates.org/nonprofit/legaldirectory/organization.392899-Catholic_Charities_Wichita_Immigration_Services,(316) 264-4442,437 N. Topeka St.,67202,,
,,El Centro de Servicios Para Hispanos,Immigration Legal Services,,(785) 232-8207,http://www.elcentrooftopeka.org,elcentrooftopeka.org,Topeka,KS,US,immigration,immigration_advocates_network,https://www.immigrationadvocates.org/nonprofit/legaldirectory/organization.630319-El_Centro_de_Servicios_Para_Hispanos,(785) 232-8834,134 NE Lake,66616,,
,,"Immigrant Connection, Inc.",Immigration Legal Services,,620-277-9998,https://www.immigrantconnectioninc.org,immigrantconnectioninc.org,Garden City,KS,US,immigration,immigration_advocates_network,https://www.immigrationadvocates.org/nonprofit/legaldirectory/organization.758039-Immigrant_Connection_Inc,,116 E Chestnut St #106,67846,,
,,Immigration Law & Advocacy,Immigration Legal Services,,(316) 262-6222,https://theexpatriates.net/,theexpatriates.net,Wichita,KS,US,immigration,immigration_advocates_network,https://www.immigrationadvocates.org/nonprofit/legaldirectory/organization.623395-Immigration_Law_Advocacy,,The Expatriates Building 1701 S. Broadway Avenue,67211,,
,,International Rescue Committee (Wichita Office),Immigration Legal Services,,(316) 351-5495,http://www.rescue.org/wichita,rescue.org,Wichita,KS,US,immigration,immigration_advocates_network,https://www.immigrationadvocates.org/nonprofit/legaldirectory/organization.586257-International_Rescue_Committee_Wichita_Office,(316) 351-5604,420 S Emporia St,67202,,
,,Aiding Survivors of Human Trafficking and Child Abuse,Immigration Legal Services,,(479) 925-9095,https://aidarkansas.com/,aidarkansas.com,Rogers,AR,US,immigration,immigration_advocates_network,https://www.immigrationadvocates.org/nonprofit/legaldirectory/organization.702656-Aiding_Survivors_of_Human_Trafficking_and_Child_Abuse,(479) 370-3736,"1200 W Walnut St, Suite 3409",72756,,
,,Catholic Charities Immigration Services (Little Rock Office),Immigration Legal Services,,(501) 664-0340,https://www.dolr.org/catholic-charities/immigration-little-rock,dolr.org,Little Rock,AR,US,immigration,immigration_advocates_network,https://www.immigrationadvocates.org/nonprofit/legaldirectory/organization.392544-Catholic_Charities_Immigration_Services_Little_Rock_Office,(501) 664-5898,"2500 N. Tyler St., PO Box 7565",72217,,
,,Catholic Immigration Services - Springdale,Immigration Legal Services,,(479) 927-1996,https://www.dolr.org/catholic-charities/immigration-springdale,dolr.org,Springdale,AR,US,immigration,immigration_advocates_network,https://www.immigrationadvocates.org/nonprofit/legaldirectory/organization.392539-Catholic_Immigration_Services_Springdale,(479) 927-2979,2022 W. Sunset Ave,72762,,
,,University of Arkansas School of Law - Immigration Clinic,Immigration Legal Services,,(479) 575-3056,https://law.uark.edu/service-outreach/clinics/immigration-clinic.php,law.uark.edu,Fayetteville,AR,US,immigration,immigration_advocates_network,https://www.immigrationadvocates.org/nonprofit/legaldirectory/organization.392543-University_of_Arkansas_School_of_Law_Immigration_Clinic,,"1045 W. Maple St., 107 Waterman Hall",72701,,
,,Catholic Charities of Jackson - Immigration Clinic,Immigration Legal Services,,(601) 948-2635,https://www.facebook.com/CCJacksonMSC/,facebook.com,Ridgeland,MS,US,immigration,immigration_advocates_network,https://www.immigrationadvocates.org/nonprofit/legaldirectory/organization.393056-Catholic_Charities_of_Jackson_Immigration_Clinic,(601) 960-8493,"731 S Pear Orchard Rd., Suite 51",39157,,
,,El Pueblo,Immigration Legal Services,,(228) 436-3986,http://www.elpueblo-ms.org,elpueblo-ms.org,Biloxi,MS,US,immigration,immigration_advocates_network,https://www.immigrationadvocates.org/nonprofit/legaldirectory/organization.393057-El_Pueblo,(228) 436-6867,425 B Division,39530,,
,,Mississippi Immigrants Rights Alliance (Biloxi Office),Immigration Legal Services,,(228) 386-5164  4,http://www.yourmira.org,yourmira.org,Biloxi,MS,US,immigration,immigration_advocates_network,https://www.immigrationadvocates.org/nonprofit/legaldirectory/organization.607558-Mississippi_Immigrants_Rights_Alliance_Biloxi_Office,(601) 968-5183,P.O. Box 124,39533-0124,,
,,Mississippi Immigrants Rights Alliance (Jackson Office),Immigration Legal Services,,(601) 354-9355  3,http://www.yourmira.org,yourmira.org,Jackson,MS,US,immigration,immigration_advocates_network,https://www.immigrationadvocates.org/nonprofit/legaldirectory/organization.393058-Mississippi_Immigrants_Rights_Alliance_Jackson_Office,(601) 968-5183,P.O. Box 1104,39215,,
,,Catholic Charities of Omaha - Immigration Legal Services,Immigration Legal Services,,(402) 939-4615,http://www.ccomaha.org/what-we-do/immigration-legal-assistance.html,ccomaha.org,Omaha,NE,US,immigration,immigration_advocates_network,https://www.immigrationadvocates.org/nonprofit/legaldirectory/organization.393085-Catholic_Charities_of_Omaha_Immigration_Legal_Services,(402) 731-5865,5211 S. 31st Street,68107,,
,,Catholic Social Services of Southern Nebraska (Lincoln Office),Immigration Legal Services,,(402) 474-1600,http://www.cssisus.org,cssisus.org,Lincoln,NE,US,immigration,immigration_advocates_network,https://www.immigrationadvocates.org/nonprofit/legaldirectory/organization.393086-Catholic_Social_Services_of_Southern_Nebraska_Lincoln_Office,(402) 474-1612,2241 O St.,68510,,
,,Center for Immigrant and Refugee Advancement,Immigration Legal Services,,(402) 898-1349,,,Omaha,NE,US,immigration,immigration_advocates_network,https://www.immigrationadvocates.org/nonprofit/legaldirectory/organization.393089-Center_for_Immigrant_and_Refugee_Advancement,(402) 502-4604,4223 Center St.,68105,,
,,Center for Legal Immigration Assistance (CLIA),Immigration Legal Services,,(402) 471-1777,https://clianeb.org,clianeb.org,Lincoln,NE,US,immigration,immigration_advocates_network,https://www.immigrationadvocates.org/nonprofit/legaldirectory/organization.715646-Center_for_Legal_Immigration_Assistance_CLIA,(402) 471-0530,3047 N 70th Street,68507,,
,,Centro Hispano Comunitario de Nebraska,Immigration Legal Services,,(402) 564-2110,https://www.centrohispanone.org,centrohispanone.org,Columbus,NE,US,immigration,immigration_advocates_network,https://www.immigrationadvocates.org/nonprofit/legaldirectory/organization.543931-Centro_Hispano_Comunitario_de_Nebraska,(402) 564-1243,3214 25th St,68601,,
,,Comunidad Maya Pixan Ixim (CMPI),Immigration Legal Services,,(402) 625-3031,https://pixanixim.org,pixanixim.org,Omaha,NE,US,immigration,immigration_advocates_network,https://www.immigrationadvocates.org/nonprofit/legaldirectory/organization.753810-Comunidad_Maya_Pixan_Ixim_CMPI,,"4913 S 25th Street, Suite 1",68107,,
,,Lutheran Family Services - Lutheran Immigration Services (Grand Island Office),Immigration Legal Services,,(308) 382-4255,http://www.lfsneb.org/community/immigration.asp,lfsneb.org,Grand Island,NE,US,immigration,immigration_advocates_network,https://www.immigrationadvocates.org/nonprofit/legaldirectory/organization.393090-Lutheran_Family_Services_Lutheran_Immigration_Services_Grand_Island_Office,(308) 382-8149,"1811 W. 2nd Street, Suite 440",68803,,
,,Lutheran Family Services of Nebraska (Omaha Office),Immigration Legal Services,,(402) 536-3529,https://www.lfsneb.org/service/immigration-legal-services/,lfsneb.org,Omaha,NE,US,immigration,immigration_advocates_network,https://www.immigrationadvocates.org/nonprofit/legaldirectory/organization.499514-Lutheran_Family_Services_of_Nebraska_Omaha_Office,(402) 827-3218,"1941 South 42nd Street, Ste. 402, The Center Mall",68105,,
,,Multicultural Coalition,Immigration Legal Services,,308-385-5242,https://www.mcofgi.org/,mcofgi.org,Grand Island,NE,US,immigration,immigration_advocates_network,https://www.immigrationadvocates.org/nonprofit/legaldirectory/organization.808595-Multicultural_Coalition,,325 W Fourth St.,68803,,
,,Nebraska Coalition to End Sexual and Domestic Violence,Immigration Legal Services,,(402) 476-6256,http://www.nebraskacoalition.org,nebraskacoalition.org,Lincoln,NE,US,immigration,immigration_advocates_network,https://www.immigrationadvocates.org/nonprofit/legaldirectory/organization.393087-Nebraska_Coalition_to_End_Sexual_and_Domestic_Violence,(402) 476-6806,"245 S. 84th St, Suite 200",68510,,
,,Saint Mary's Immigration Program,Immigration Legal Services,,(308) 324-7300,https://stmarysgi.com,stmarysgi.com,Lexington,NE,US,immigration,immigration_advocates_network,https://www.immigrationadvocates.org/nonprofit/legaldirectory/organization.393092-Saint_Marys_Immigration_Program,,"PO Box 456, 513 N Grant St, Suita 7A",68850,,
,,University of Nebraska College of Law - Immigration Clinic,Immigration Legal Services,,(402) 472-3271,http://law.unl.edu/immigration-clinic/,law.unl.edu,Lincoln,NE,US,immigration,immigration_advocates_network,https://www.immigrationadvocates.org/nonprofit/legaldirectory/organization.393091-University_of_Nebraska_College_of_Law_Immigration_Clinic,(402) 472-3228,Schmid Clinic Building,68583,,
,,Casa Reina Sisters of Our Lady of Guadalupe and St. Joseph (Gallup Office),Immigration Legal Services,,(505) 722-5511,https://cmswr.org/community/sisters-of-our-lady-of-guadalupe-and-st-joseph/,cmswr.org,Gallup,NM,US,immigration,immigration_advocates_network,https://www.immigrationadvocates.org/nonprofit/legaldirectory/organization.393120-Casa_Reina_Sisters_of_Our_Lady_of_Guadalupe_and_St_Joseph_Gallup_Office,(505) 863-0075,711 S Puerco Dr,87301,,
,,Catholic Charities of Albuquerque - Center for Immigration & Citizenship Legal Assistance (Albuquerque Office),Immigration Legal Services,,505-539-0274,http://www.ccasfnm.org/immigration.html,ccasfnm.org,Albuquerque,NM,US,immigration,immigration_advocates_network,https://www.immigrationadvocates.org/nonprofit/legaldirectory/organization.393121-Catholic_Charities_of_Albuquerque_Center_for_Immigration_Citizenship_Lega,,2010 Bridge Blvd S.W.,87105,,
,,Catholic Charities of Albuquerque - Center for Immigration & Citizenship Legal Assistance (Santa Fe Office),Immigration Legal Services,,(505) 424-9789,http://www.ccasfnm.org/immigration.html,ccasfnm.org,Santa Fe,NM,US,immigration,immigration_advocates_network,https://www.immigrationadvocates.org/nonprofit/legaldirectory/organization.393117-Catholic_Charities_of_Albuquerque_Center_for_Immigration_Citizenship_Lega,(505) 424-9792,1234 San Felipe Avenue,87505,,
,,Catholic Charities of Southern New Mexico,Immigration Legal Services,,(575) 527-0500,http://www.catholiccharitiesdlc.org/,catholiccharitiesdlc.org,Las Cruces,NM,US,immigration,immigration_advocates_network,https://www.immigrationadvocates.org/nonprofit/legaldirectory/organization.393122-Catholic_Charities_of_Southern_New_Mexico,(575) 526-9626,125 West Mountain Ave,88005,,
,,Colonias Development Council,Immigration Legal Services,,(575) 647-2744,http://coloniasnm.org,coloniasnm.org,Las Cruces,NM,US,immigration,immigration_advocates_network,https://www.immigrationadvocates.org/nonprofit/legaldirectory/organization.811624-Colonias_Development_Council,,1050 Monte Vista Ave.,88001,,
,,New Mexico Immigrant Law Center,Immigration Legal Services,,(505) 247-1023,http://www.nmilc.org,nmilc.org,Albuquerque,NM,US,immigration,immigration_advocates_network,https://www.immigrationadvocates.org/nonprofit/legaldirectory/organization.393123-New_Mexico_Immigrant_Law_Center,,625 Silver Ave SW,87102,,
,,Santa Fe Dreamers Project,Immigration Legal Services,,(505) 490-2789,http://www.santafedreamersproject.org,santafedreamersproject.org,Santa Fe,NM,US,immigration,immigration_advocates_network,https://www.immigrationadvocates.org/nonprofit/legaldirectory/organization.565010-Santa_Fe_Dreamers_Project,(505) 672-7912,PO Box 8009,87504,,
,,University of New Mexico School of Law - Community Lawyering Clinic,Immigration Legal Services,,(505) 277-5265,https://lawschool.unm.edu/clinic/sections/community-lawyering-clinic.html,lawschool.unm.edu,Albuquerque,NM,US,immigration,immigration_advocates_network,https://www.immigrationadvocates.org/nonprofit/legaldirectory/organization.393124-University_of_New_Mexico_School_of_Law_Community_Lawyering_Clinic,,"1117 Stanford N.E., MSC11-6070, 1 University of New Mexico",87131,,
,,Catholic Charities Hawaii (Honolulu Office),Immigration Legal Services,,(808) 527-4711,http://www.catholiccharitieshawaii.org,catholiccharitieshawaii.org,Honolulu,HI,US,immigration,immigration_advocates_network,https://www.immigrationadvocates.org/nonprofit/legaldirectory/organization.392828-Catholic_Charities_Hawaii_Honolulu_Office,(808) 527-4719,1822 Keeaumoku St,96822,,
,,Catholic Charities Hawaii (Island of Hawai'i Office),Immigration Legal Services,,(808) 961-7030,http://www.catholiccharitieshawaii.org,catholiccharitieshawaii.org,Hilo,HI,US,immigration,immigration_advocates_network,https://www.immigrationadvocates.org/nonprofit/legaldirectory/organization.392825-Catholic_Charities_Hawaii_Island_of_Hawaii_Office,(808) 961-7039,62 Kinoole Street,96720,,
,,Hawaii Immigrant Justice Center at the Legal Aid Society of Hawaii,Immigration Legal Services,,(808) 536-4302,http://www.legalaidhawaii.org/immigrant-justice-center.html,legalaidhawaii.org,Honolulu,HI,US,immigration,immigration_advocates_network,https://www.immigrationadvocates.org/nonprofit/legaldirectory/organization.392827-Hawaii_Immigrant_Justice_Center_at_the_Legal_Aid_Society_of_Hawaii,(808) 537-4644,"245 N Kukui Street, Ste. 206",96817,,
,,Pacific Gateway Center,Immigration Legal Services,,8088517010,http://pacificgatewaycenter.org,pacificgatewaycenter.org,Honolulu,HI,US,immigration,immigration_advocates_network,https://www.immigrationadvocates.org/nonprofit/legaldirectory/organization.742623-Pacific_Gateway_Center,8088517007,723 C Umi Street,96819,,
,,The Legal Clinic,Immigration Legal Services,,(808) 777-7071,https://twww.tlchawaii.org,twww.tlchawaii.org,Honolulu,HI,US,immigration,immigration_advocates_network,https://www.immigrationadvocates.org/nonprofit/legaldirectory/organization.718242-The_Legal_Clinic,,1020 S. Beretania St.,96814,,
,,Catholic Charities New Hampshire - Immigration and Refugee Legal Services (Manchester Office),Immigration Legal Services,,(603) 669-3030,http://www.nh-cc.org,nh-cc.org,Manchester,NH,US,immigration,immigration_advocates_network,https://www.immigrationadvocates.org/nonprofit/legaldirectory/organization.393093-Catholic_Charities_New_Hampshire_Immigration_and_Refugee_Legal_Services_Ma,603-626-1252,"100 William Loeb Drive, Unit 3",03109,,
,,Catholic Charities New Hampshire - Immigration and Refugee Legal Services (Nashua Office),Immigration Legal Services,,(603) 889-9431,http://www.cc-nh.org,cc-nh.org,Nashua,NH,US,immigration,immigration_advocates_network,https://www.immigrationadvocates.org/nonprofit/legaldirectory/organization.393094-Catholic_Charities_New_Hampshire_Immigration_and_Refugee_Legal_Services_Na,(603) 880-4643,3 Crown Street,03060,,
,,International Institute of New England (Manchester Office),Immigration Legal Services,,(617) 695-9990,http://www.iine.org/legal,iine.org,Manchester,NH,US,immigration,immigration_advocates_network,https://www.immigrationadvocates.org/nonprofit/legaldirectory/organization.725955-International_Institute_of_New_England_Manchester_Office,,"470 Pine Street, Lower Level",03104,,
,,Catholic Charities Maine - Refugee and Immigration Services (Portland Office),Immigration Legal Services,,(207) 871-7437,http://www.ccmaine.org,ccmaine.org,Portland,ME,US,immigration,immigration_advocates_network,https://www.immigrationadvocates.org/nonprofit/legaldirectory/organization.392987-Catholic_Charities_Maine_Refugee_and_Immigration_Services_Portland_Office,(207) 871-7465,80 Sherman St,04101,,
,,Immigrant Legal Advocacy Project,Immigration Legal Services,,(207) 780-1593,http://www.ilapmaine.org,ilapmaine.org,Portland,ME,US,immigration,immigration_advocates_network,https://www.immigrationadvocates.org/nonprofit/legaldirectory/organization.392988-Immigrant_Legal_Advocacy_Project,(207) 699-2313,"489 Congress St., Third Floor",04101,,
,,Maine Immigrant & Refuge Services(MEIRS),Immigration Legal Services,,207-344-5136,https://www.meirs.org,meirs.org,lewiston,ME,US,immigration,immigration_advocates_network,https://www.immigrationadvocates.org/nonprofit/legaldirectory/organization.792298-Maine_Immigrant_Refuge_ServicesMEIRS,207-782-0261,256 Bartlett St,04240,,
,,Catholic Charities of Idaho- Treasure Valley Center,Immigration Legal Services,,(208) 345-6031,http://www.ccidaho.org,ccidaho.org,Boise,ID,US,immigration,immigration_advocates_network,https://www.immigrationadvocates.org/nonprofit/legaldirectory/organization.392851-Catholic_Charities_of_Idaho_Treasure_Valley_Center,,7201 W Franklin Rd,83709,,
,,Community Council of Idaho,Immigration Legal Services,,(208) 453-3107,http://www.communitycouncilofidaho.org,communitycouncilofidaho.org,Caldwell,ID,US,immigration,immigration_advocates_network,https://www.immigrationadvocates.org/nonprofit/legaldirectory/organization.650296-Community_Council_of_Idaho,(208) 459-0448,317 Happy Day Blvd,83607,,
,,International Rescue Committee (Boise Office),Immigration Legal Services,,(208) 344-1792,http://www.rescue.org,rescue.org,Boise,ID,US,immigration,immigration_advocates_network,https://www.immigrationadvocates.org/nonprofit/legaldirectory/organization.561794-International_Rescue_Committee_Boise_Office,,7287 W Franklin Rd,83709,,
,,"Jannus, Inc - Agency for New Americans",Immigration Legal Services,,208-338-0033 0167,http://www.jannus.org/program/agency-for-new-americans,jannus.org,Boise,ID,US,immigration,immigration_advocates_network,https://www.immigrationadvocates.org/nonprofit/legaldirectory/organization.392844-Jannus_Inc_Agency_for_New_Americans,(208) 338-9950,3501 W. Elder Street #104,83705,,
,,"La Posada, Inc",Immigration Legal Services,,(208) 734-8700,,,Twin Falls,ID,US,immigration,immigration_advocates_network,https://www.immigrationadvocates.org/nonprofit/legaldirectory/organization.392850-La_Posada_Inc,(208) 735-7474,"355 4th Ave W, PO Box 1962",83301,,
,,No More A Stranger Foundation / La Fundación No Más Desconocido,Immigration Legal Services,,(801) 938-8390,https://www.nomaslegal.org,nomaslegal.org,Orem,ID,US,immigration,immigration_advocates_network,https://www.immigrationadvocates.org/nonprofit/legaldirectory/organization.745767-No_More_A_Stranger_Foundation_La_Fundacion_No_Mas_Desconocido,,PO Box 971267,84097,,
,,University of Idaho College of Law Immigration Law Clinic,Immigration Legal Services,,(208) 885-6541,https://www.uidaho.edu/law/academics/practical-skills/clinics/immigration,uidaho.edu,Moscow,ID,US,immigration,immigration_advocates_network,https://www.immigrationadvocates.org/nonprofit/legaldirectory/organization.392852-University_of_Idaho_College_of_Law_Immigration_Law_Clinic,(208) 885-4628,"875 Perimeter Dr, Mail Stop 2322",83844,,
,,Catholic Charities West Virginia - Refugee Resettlement and Immigration Services,Immigration Legal Services,,304-343-1036,http://www.catholiccharitieswv.org,catholiccharitieswv.org,,WV,US,immigration,immigration_advocates_network,https://www.immigrationadvocates.org/nonprofit/legaldirectory/organization.393451-Catholic_Charities_West_Virginia_Refugee_Resettlement_and_Immigration_Serv,,,26003,,
,,Catholic Charities WV Eastern Panhandle Immigration and Rural Outreach Office,Immigration Legal Services,,(304) 267-3071,http://www.catholiccharitieswv.org,catholiccharitieswv.org,Martinsburg,WV,US,immigration,immigration_advocates_network,https://www.immigrationadvocates.org/nonprofit/legaldirectory/organization.506279-Catholic_Charities_WV_Eastern_Panhandle_Immigration_and_Rural_Outreach_Offi,,224 S. Queen St.,25401,,
,,Legal Aid of West Virginia,Immigration Legal Services,,(304) 343-4481,https://legalaidwv.org/,legalaidwv.org,Charleston,WV,US,immigration,immigration_advocates_network,https://www.immigrationadvocates.org/nonprofit/legaldirectory/organization.393452-Legal_Aid_of_West_Virginia,(304) 345-5934,"123 Washington St. W, Suite 101",25302,,
,,Mountain State Justice,Immigration Legal Services,,304-841-0792,https://mountainstatejustice.org/,mountainstatejustice.org,Morgantown,WV,US,immigration,immigration_advocates_network,https://www.immigrationadvocates.org/nonprofit/legaldirectory/organization.800687-Mountain_State_Justice,304-841-0792,"1029 University Ave., Suite 101",26505,,
,,West Virginia University College of Law Immigration Clinic,Immigration Legal Services,,(304) 293-7249,http://law.wvu.edu/clinics/immigration,law.wvu.edu,Morgantown,WV,US,immigration,immigration_advocates_network,https://www.immigrationadvocates.org/nonprofit/legaldirectory/organization.538778-West_Virginia_University_College_of_Law_Immigration_Clinic,(304) 293-6891,"West Virginia University College of Law, PO Box 6130",26506-6130,,
,,International Rescue Committee (Missoula office),Immigration Legal Services,,406-926-1982,https://www.rescue.org/united-states/missoula-mt,rescue.org,Missoula,MT,US,immigration,immigration_advocates_network,https://www.immigrationadvocates.org/nonprofit/legaldirectory/organization.798548-International_Rescue_Committee_Missoula_office,,3203 S. Russell St.,59801,,
,,Catholic Charities of Providence - Office of Immigration and Refugee Services,Immigration Legal Services,,(401) 421-7833  229,http://www.dioceseofprovidence.org,dioceseofprovidence.org,Providence,RI,US,immigration,immigration_advocates_network,https://www.immigrationadvocates.org/nonprofit/legaldirectory/organization.393282-Catholic_Charities_of_Providence_Office_of_Immigration_and_Refugee_Service,(401) 277-9027,1 Cathedral Sq,02903,,
,,Catholic Charities of Providence - Project Hope/Proyecto Esperanza,Immigration Legal Services,,(401) 421-7833,http://www.dioceseofprovidence.org,dioceseofprovidence.org,Providence,RI,US,immigration,immigration_advocates_network,https://www.immigrationadvocates.org/nonprofit/legaldirectory/organization.393283-Catholic_Charities_of_Providence_Project_HopeProyecto_Esperanza,(401) 728-2330,One Cathedral Square,02903,,
,,Dorcas International Institute of Rhode Island - Citizenship and Immigration Services,Immigration Legal Services,,(401) 461-5940,http://www.diiri.org,diiri.org,Providence,RI,US,immigration,immigration_advocates_network,https://www.immigrationadvocates.org/nonprofit/legaldirectory/organization.393284-Dorcas_International_Institute_of_Rhode_Island_Citizenship_and_Immigration,(401) 467-6530,645 Elmwood Ave,02907,,
,,"Progreso Latino, Inc.",Immigration Legal Services,,(401) 728-5920  310,https://www.progresolatino.org,progresolatino.org,Central Falls,RI,US,immigration,immigration_advocates_network,https://www.immigrationadvocates.org/nonprofit/legaldirectory/organization.393281-Progreso_Latino_Inc,(401) 724-5550,626 Broad St,02863,,
,,Sojourner House,Immigration Legal Services,,(401) 861-6191,http://www.sojournerri.org,sojournerri.org,Providence,RI,US,immigration,immigration_advocates_network,https://www.immigrationadvocates.org/nonprofit/legaldirectory/organization.594564-Sojourner_House,(401) 861-6157,386 Smith Street,02908,,
,,"Catholic Charities Inc., Diocese of Wilmington",Immigration Legal Services,,(302) 655-9624,http://www.ccwilm.org/,ccwilm.org,Wilmington,DE,US,immigration,immigration_advocates_network,https://www.immigrationadvocates.org/nonprofit/legaldirectory/organization.392748-Catholic_Charities_Inc_Diocese_of_Wilmington,(302) 655-9753,2601 W. 4th St,19805,,
,,Community Legal Aid Society (Dover Office),Immigration Legal Services,,(302) 674-8500,http://www.declasi.org,declasi.org,Dover,DE,US,immigration,immigration_advocates_network,https://www.immigrationadvocates.org/nonprofit/legaldirectory/organization.392749-Community_Legal_Aid_Society_Dover_Office,(302) 674-8145,840 Walker Rd,19904,,
,,Community Legal Aid Society (Georgetown Office),Immigration Legal Services,,(302) 856-0038,http://www.declasi.org,declasi.org,Georgetown,DE,US,immigration,immigration_advocates_network,https://www.immigrationadvocates.org/nonprofit/legaldirectory/organization.392750-Community_Legal_Aid_Society_Georgetown_Office,(302) 856-6133,"20151 Office Circle, Georgetown Professional Park",19904,,
,,Community Legal Aid Society (Wilmington Office),Immigration Legal Services,,(302) 575-0660,http://www.declasi.org,declasi.org,Wilmington,DE,US,immigration,immigration_advocates_network,https://www.immigrationadvocates.org/nonprofit/legaldirectory/organization.392752-Community_Legal_Aid_Society_Wilmington_Office,(302) 575-0840,"100 West 10th Street, Suite 801",19801,,
,,Delaware Alliance for Community Advancement,Immigration Legal Services,,(302) 656-8200,,,Wilmington,DE,US,immigration,immigration_advocates_network,https://www.immigrationadvocates.org/nonprofit/legaldirectory/organization.538833-Delaware_Alliance_for_Community_Advancement,,408 East 8th Street,19801,,
,,"La Esperanza, Inc.",Immigration Legal Services,,(302) 854-9262,http://www.laesperanza.org,laesperanza.org,Georgetown,DE,US,immigration,immigration_advocates_network,https://www.immigrationadvocates.org/nonprofit/legaldirectory/organization.392751-La_Esperanza_Inc,,216 North Race St.,19947,,
,,"Caminando Juntos (""Walking Together"")",Immigration Legal Services,,(605) 274-3735,https://www.caminandojuntossd.org/,caminandojuntossd.org,Sioux Falls,SD,US,immigration,immigration_advocates_network,https://www.immigrationadvocates.org/nonprofit/legaldirectory/organization.393299-Caminando_Juntos_Walking_Together,(605) 274-3736,311 E 14th St.,57103,,
,,LSS-SD Center for New Americans,Immigration Legal Services,,(605) 731-2000,https://lsssd.org,lsssd.org,Sioux Falls,SD,US,immigration,immigration_advocates_network,https://www.immigrationadvocates.org/nonprofit/legaldirectory/organization.548024-LSSSD_Center_for_New_Americans,(605) 731-2059,"300 E 6th Street, Suite 100",57103,,
,,South Dakota Voices for Peace,Immigration Legal Services,,605-782-9560,http://sdvfpeace.org,sdvfpeace.org,Sioux Falls,SD,US,immigration,immigration_advocates_network,https://www.immigrationadvocates.org/nonprofit/legaldirectory/organization.756020-South_Dakota_Voices_for_Peace,,300 S Minnesota Ave,57105,,
,,The Naomi Project,Immigration Legal Services,,605-299-4230,https://www.projectofnaomi.org/,projectofnaomi.org,Sioux Falls,SD,US,immigration,immigration_advocates_network,https://www.immigrationadvocates.org/nonprofit/legaldirectory/organization.814006-The_Naomi_Project,,300 S Minnesota Ave,57104,,
,,Global Friends Coalition,Immigration Legal Services,,701-746-8233,http://www.gfcoalition.org,gfcoalition.org,Grand Forks,ND,US,immigration,immigration_advocates_network,https://www.immigrationadvocates.org/nonprofit/legaldirectory/organization.793478-Global_Friends_Coalition,,1815 Demers Ave,58201,,
,,Global Refuge,Immigration Legal Services,,(410) 983-4000,https://www.globalrefuge.org/what-we-do/immigration-legal-services/,globalrefuge.org,Fargo,ND,US,immigration,immigration_advocates_network,https://www.immigrationadvocates.org/nonprofit/legaldirectory/organization.811201-Global_Refuge,,"3310 Fiechtner Dr, Suite #100",58103,,
,,The Agricultural Worker Project (Moorhead Office),Immigration Legal Services,,(701) 232-8872,https://www.smrls.org/agricultural-worker-project,smrls.org,Moorhead,ND,US,immigration,immigration_advocates_network,https://www.immigrationadvocates.org/nonprofit/legaldirectory/organization.810243-The_Agricultural_Worker_Project_Moorhead_Office,,1015 7th Avenue North,56560,,
,,Alaska Immigration Justice Project,Immigration Legal Services,,(907) 279-2457,http://www.akijp.org/immigration-legal-assistance/,akijp.org,Anchorage,AK,US,immigration,immigration_advocates_network,https://www.immigrationadvocates.org/nonprofit/legaldirectory/organization.392532-Alaska_Immigration_Justice_Project,(907) 279-2450,"431 W. 7th Ave, Suite 208",99501,,
,,Immigrant Connection - Alaska,Immigration Legal Services,,(907) 346-7103,https://www.awakenalaska.com/immigrant-connection,awakenalaska.com,Anchorage,AK,US,immigration,immigration_advocates_network,https://www.immigrationadvocates.org/nonprofit/legaldirectory/organization.813819-Immigrant_Connection_Alaska,,5295 Juneau Street,99518,,
,,Center for Justice Reform Clinic – Vermont Law and Graduate School,Immigration Legal Services,,(802) 540-0398,https://www.vermontlaw.edu/academics/centers-and-programs/center-for-justice-reform,vermontlaw.edu,Burlington,VT,US,immigration,immigration_advocates_network,https://www.immigrationadvocates.org/nonprofit/legaldirectory/organization.393413-Center_for_Justice_Reform_Clinic_Vermont_Law_and_Graduate_School,,126 College Street,05402,,
,,Vermont Asylum Assistance Project,Immigration Legal Services,,(802) 999-5654,https://www.vaapvt.org,vaapvt.org,Burlington,VT,US,immigration,immigration_advocates_network,https://www.immigrationadvocates.org/nonprofit/legaldirectory/organization.810080-Vermont_Asylum_Assistance_Project,,"P.O. Box 814, Elmwood Ave",05402,,
,,Immigrant Hope - Wyoming Idaho,Immigration Legal Services,,2087090131,https://www.immigranthopewyomingidaho.org/,immigranthopewyomingidaho.org,Jackson,WY,US,immigration,immigration_advocates_network,https://www.immigrationadvocates.org/nonprofit/legaldirectory/organization.752543-Immigrant_Hope_Wyoming_Idaho,,"90 W Kelly Ave, PO Box 942",83001,,
,,"University of Wyoming College of Law - Legal Services Program, International and Human Rights and Domestic Violence Clinics",Immigration Legal Services,,(307) 766-3747,http://www.uwyo.edu/law,uwyo.edu,Laramie,WY,US,immigration,immigration_advocates_network,https://www.immigrationadvocates.org/nonprofit/legaldirectory/organization.393455-University_of_Wyoming_College_of_Law_Legal_Services_Program_International,(307) 766-4823,"1000 E. University Ave., Department 3010",82071,,
,,Wyoming Coalition Against Domestic Violence and Sexual Assault,Immigration Legal Services,,(307) 755-0992,http://www.wyomingdvsa.org,wyomingdvsa.org,Laramie,WY,US,immigration,immigration_advocates_network,https://www.immigrationadvocates.org/nonprofit/legaldirectory/organization.393453-Wyoming_Coalition_Against_Domestic_Violence_and_Sexual_Assault,(307) 755-5482,P.O. Box 236,82073,,
,,African Communities Together (Washington DC Office),Immigration Legal Services,,(240) 621- 0194,http://www.africans.us/,africans.us,Washington,DC,US,immigration,immigration_advocates_network,https://www.immigrationadvocates.org/nonprofit/legaldirectory/organization.680201-African_Communities_Together_Washington_DC_Office,,"700 Pennsylvania ave SE, 2nd Floor",20003,,
,,African Law Center (Washington DC Office),Immigration Legal Services,,(202) 643-0079,http://africanlawcenter.org/,africanlawcenter.org,Washington,DC,US,immigration,immigration_advocates_network,https://www.immigrationadvocates.org/nonprofit/legaldirectory/organization.656108-African_Law_Center_Washington_DC_Office,(206) 338-3324,"3509 Connecticut Ave, NW #1032",20008,,
,,"American University, Washington College of Law - Immigrant Justice Clinic",Immigration Legal Services,,(202) 274-4147,http://www.wcl.american.edu/clinical/immigrant.cfm,wcl.american.edu,Washington,DC,US,immigration,immigration_advocates_network,https://www.immigrationadvocates.org/nonprofit/legaldirectory/organization.392731-American_University_Washington_College_of_Law_Immigrant_Justice_Clinic,(202) 274-0659,"4300 Nebraska ave. NW, Suite Y265",20016,,
,,Amica Center for Immigrant Rights (Amica Center),Immigration Legal Services,,(202) 331-3320,https://www.amicacenter.org,amicacenter.org,Washington,DC,US,immigration,immigration_advocates_network,https://www.immigrationadvocates.org/nonprofit/legaldirectory/organization.392734-Amica_Center_for_Immigrant_Rights_Amica_Center,(202) 331-3341,"1025 Connecticut Avenue NW, Suite 701",20036,,
,,Asian Pacific American Legal Resource Center,Immigration Legal Services,,(202) 393-3572,http://www.apalrc.org,apalrc.org,Washington,DC,US,immigration,immigration_advocates_network,https://www.immigrationadvocates.org/nonprofit/legaldirectory/organization.392732-Asian_Pacific_American_Legal_Resource_Center,(202) 315-0375,"1627 K Street, NW, Suite 610",20006,,
,,Ayuda (Washington DC Office),Immigration Legal Services,,(202) 387-4848,http://www.ayuda.com,ayuda.com,Washington,DC,US,immigration,immigration_advocates_network,https://www.immigrationadvocates.org/nonprofit/legaldirectory/organization.392733-Ayuda_Washington_DC_Office,(202) 387-0324,"1990 K St NW, Suite 500",20006,,
,,"Catholic Charities of Washington, D.C. (Columbia Heights Office)",Immigration Legal Services,,- 240-858-0958,http://www.catholiccharitiesdc.org,catholiccharitiesdc.org,Washington,DC,US,immigration,immigration_advocates_network,https://www.immigrationadvocates.org/nonprofit/legaldirectory/organization.392735-Catholic_Charities_of_Washington_DC_Columbia_Heights_Office,,1618 Monroe St. N.W.,20010,,
,,"Catholic Charities of Washington, D.C. (Downtown Office)",Immigration Legal Services,,- 240-858-0958,http://www.catholiccharitiesdc.org,catholiccharitiesdc.org,Washington,DC,US,immigration,immigration_advocates_network,https://www.immigrationadvocates.org/nonprofit/legaldirectory/organization.392736-Catholic_Charities_of_Washington_DC_Downtown_Office,,924 G St N.W.,20001,,
,,Central American Resource Center (Washington D.C. Office),Immigration Legal Services,,(202) 328-9799,http://www.carecendc.org,carecendc.org,Washington,DC,US,immigration,immigration_advocates_network,https://www.immigrationadvocates.org/nonprofit/legaldirectory/organization.422869-Central_American_Resource_Center_Washington_DC_Office,(202) 328-7894,"1460 Columbia Rd N.W., Suite C-1",20009,,
,,George Washington University - Immigration Clinic,Immigration Legal Services,,(202) 994-7463,https://www.law.gwu.edu/immigration-clinic,law.gwu.edu,Washington,DC,US,immigration,immigration_advocates_network,https://www.immigrationadvocates.org/nonprofit/legaldirectory/organization.392739-George_Washington_University_Immigration_Clinic,(202) 994-4693 4946,2000 G St N.W.,20052,,
,,Georgetown University Law - Center for Applied Legal Studies,Immigration Legal Services,,(202) 662-9565,http://www.law.georgetown.edu/clinics/cals,law.georgetown.edu,Washington,DC,US,immigration,immigration_advocates_network,https://www.immigrationadvocates.org/nonprofit/legaldirectory/organization.392740-Georgetown_University_Law_Center_for_Applied_Legal_Studies,,"600 New Jersey Ave N.W., Suite 332",20001,,
,,"Human Rights First (Washington, D.C. Office)",Immigration Legal Services,,(202) 370-3313,http://www.humanrightsfirst.org/our-work/refugee-protection/probono-program,humanrightsfirst.org,Washington,DC,US,immigration,immigration_advocates_network,https://www.immigrationadvocates.org/nonprofit/legaldirectory/organization.392746-Human_Rights_First_Washington_DC_Office,(202) 543-5999,"825 21st St NW, PMB 253",20006,,
,,Kids in Need of Defense - Headquarters (Washington DC Office),Immigration Legal Services,,(202) 824-8680,http://www.supportkind.org/home.aspx,supportkind.org,Washington,DC,US,immigration,immigration_advocates_network,https://www.immigrationadvocates.org/nonprofit/legaldirectory/organization.392742-Kids_in_Need_of_Defense_Headquarters_Washington_DC_Office,(202) 824-0702,"1411 K St. NW, Suite 200",20005,,
,,Mil Mujeres Legal Services,Immigration Legal Services,,(202) 808-3311,https://www.milmujeres.org/,milmujeres.org,Washington,DC,US,immigration,immigration_advocates_network,https://www.immigrationadvocates.org/nonprofit/legaldirectory/organization.783948-Mil_Mujeres_Legal_Services,,"1250 H Street Northwest, Suite 520",20005,,
,,U.S. Committee for Refugees and Immigrants (Washington DC Office),Immigration Legal Services,,202-570-4861 (),http://refugees.org,refugees.org,Washington,DC,US,immigration,immigration_advocates_network,https://www.immigrationadvocates.org/nonprofit/legaldirectory/organization.631011-US_Committee_for_Refugees_and_Immigrants_Washington_DC_Office,703-769-4241,"1400 16th St NW, Suite 210",20036,,
,,Volunteer Legal Advocates,Immigration Legal Services,,(202) 425-7573,https://volunteerlegaladvocates.org/,volunteerlegaladvocates.org,Washington,DC,US,immigration,immigration_advocates_network,https://www.immigrationadvocates.org/nonprofit/legaldirectory/organization.750380-Volunteer_Legal_Advocates,,"5335 Wisconsin Ave NW, Suite 440",20015,,
,,Whitman-Walker Health - Legal Services Program,Immigration Legal Services,,(202) 939-7630,https://www.whitman-walker.org/legal/legal-services/,whitman-walker.org,Washington,DC,US,immigration,immigration_advocates_network,https://www.immigrationadvocates.org/nonprofit/legaldirectory/organization.392747-WhitmanWalker_Health_Legal_Services_Program,(202) 939-7651,"1377 R Street NW, Suite 200",20009,,